sale_id;date;time;store_id;store_type;zone;surface;hypermarche;specialty_brands;open_time_int;open_to_clients_hours;open_days;foot_traffic_by_hour;daily_foot_traffic;nb_employees;employee_id;employee_profile;monthly_salary;anciennete_mois;hire_date;job_role;average_day_time_backoffice;average_day_time_frontoffice;customer_id;genre;age;favorite_brand;has_loyalty_card;customer_profile;loyalty_points_used;loyalty_points_earned;product_id;brand;category;model;color;size;price_sold;base_price;is_best_seller;total_discount_applied;discount_applied_profile;discount_value_fidelity;ajust_value_magasin;discount_val_month;%economise;hyper;open_time;year_month;CA_month
V4646899764;2024-01-13;09:03;S01;Premium;Centre-ville;50;non;['New Balance'];9,0;9h/18h;open 6/7;6;54;5;E0005;Expérimenté;2800;106;2017-07-01;Salesforce;0,05;0,95;C0017;M;40;;False;impulsif;0;0;P034;New Balance;Basketball;Zoom;Premium Black;39;166,95;166,95;False;0,0;0;0;5,0;0,0;0,0;;;2024-01;22264,43
V6959806735;2024-01-06;18:02;S01;Premium;Centre-ville;50;non;['New Balance'];9,0;9h/18h;open 6/7;6;54;5;E0005;Expérimenté;2800;106;2017-07-01;Salesforce;0,05;0,95;C0046;M;48;;True;chasseur_de_promos;0;5;P030;New Balance;Casual;Elite;Sunny Yellow;30;59,75;59,75;True;0,0;0;0;5,0;0,0;0,0;;;2024-01;22264,43
V1537195745;2024-01-12;17:32;S01;Premium;Centre-ville;50;non;['New Balance'];9,0;9h/18h;open 6/7;6;54;5;E0001;Jeune prometteur;2000;45;2022-07-17;Salesforce;0,12;0,88;C0050;F;23;;True;chasseur_de_promos;0;13;P035;New Balance;Basketball;Zoom;Pink;37;111,44999999999999;135,45;False;24,0;24;0;5,0;0,0;17,7;;;2024-01;22264,43
V9095753362;2024-01-20;17:48;S01;Premium;Centre-ville;50;non;['New Balance'];9,0;9h/18h;open 6/7;6;54;5;E0003;Jeune prometteur;2100;67;2020-09-04;Salesforce;0,13;0,87;C0138;M;36;;True;impulsif;0;5;P030;New Balance;Casual;Elite;Sunny Yellow;30;59,75;59,75;True;0,0;0;0;5,0;0,0;0,0;;;2024-01;22264,43
V9095753362;2024-01-20;17:48;S01;Premium;Centre-ville;50;;['New Balance'];;9h/18h;open 6/7;6;54;5;E0003;Jeune prometteur;2100;67;2020-09-04;Salesforce;0,13;0,87;C0138;M;36;;True;impulsif;0;5;G030;Bonnet;Bonnet;Bonnet;None;XS;20,0;20,0;False;0,0;0;0;0,0;0,0;0,0;non;9,0;2024-01;22264,43
V7771673785;2024-01-29;10:49;S01;Premium;Centre-ville;50;non;['New Balance'];9,0;9h/18h;open 6/7;6;54;5;E0005;Expérimenté;2800;106;2017-07-01;Salesforce;0,05;0,95;C0048;F;29;;True;chasseur_de_promos;0;15;P031;New Balance;Casual;Flex;Brown Bear;42;152,25;152,25;False;0,0;0;0;5,0;0,0;0,0;;;2024-01;22264,43
V5316119480;2024-01-24;13:41;S01;Premium;Centre-ville;50;non;['New Balance'];9,0;9h/18h;open 6/7;6;54;5;E0003;Jeune prometteur;2100;67;2020-09-04;Salesforce;0,13;0,87;C0262;F;55;;True;chasseur_de_promos;0;15;P010;New Balance;Running;Flex;Red Blood;42;152,25;152,25;False;0,0;0;0;5,0;0,0;0,0;;;2024-01;22264,43
V9749055564;2024-01-26;09:54;S01;Premium;Centre-ville;50;non;['New Balance'];9,0;9h/18h;open 6/7;6;54;5;E0003;Jeune prometteur;2100;67;2020-09-04;Salesforce;0,13;0,87;C0289;F;42;;True;sneakerhead;0;13;P035;New Balance;Basketball;Zoom;Pink;37;135,45;135,45;False;0,0;0;0;5,0;0,0;0,0;;;2024-01;22264,43
V6671883307;2024-01-01;17:53;S01;Premium;Centre-ville;50;non;['New Balance'];9,0;9h/18h;open 6/7;6;54;5;E0003;Jeune prometteur;2100;67;2020-09-04;Salesforce;0,13;0,87;C0016;M;37;;False;impulsif;0;0;P030;New Balance;Casual;Elite;Sunny Yellow;30;59,75;59,75;True;0,0;0;0;5,0;0,0;0,0;;;2024-01;22264,43
V6671883307;2024-01-01;17:53;S01;Premium;Centre-ville;50;;['New Balance'];;9h/18h;open 6/7;6;54;5;E0003;Jeune prometteur;2100;67;2020-09-04;Salesforce;0,13;0,87;C0016;M;37;;False;impulsif;0;0;G030;Lunettes;Lunettes;Lunettes;None;XL;40,0;40,0;False;0,0;0;0;0,0;0,0;0,0;non;9,0;2024-01;22264,43
V1519092463;2024-01-02;10:24;S01;Premium;Centre-ville;50;non;['New Balance'];9,0;9h/18h;open 6/7;6;54;5;E0001;Jeune prometteur;2000;45;2022-07-17;Salesforce;0,12;0,88;C0077;F;61;;True;impulsif;0;16;P034;New Balance;Basketball;Zoom;Premium Black;39;133,95;166,95;False;33,0;33;0;5,0;0,0;19,8;;;2024-01;22264,43
V4821153630;2024-01-30;18:31;S01;Premium;Centre-ville;50;non;['New Balance'];9,0;9h/18h;open 6/7;6;54;5;E0005;Expérimenté;2800;106;2017-07-01;Salesforce;0,05;0,95;C0081;M;34;;False;chasseur_de_promos;0;0;P030;New Balance;Casual;Elite;Sunny Yellow;30;59,75;59,75;True;0,0;0;0;5,0;0,0;0,0;;;2024-01;22264,43
V3244197120;2024-01-29;18:47;S01;Premium;Centre-ville;50;non;['New Balance'];9,0;9h/18h;open 6/7;6;54;5;E0001;Jeune prometteur;2000;45;2022-07-17;Salesforce;0,12;0,88;C0248;M;30;;True;sneakerhead;0;5;P030;New Balance;Casual;Elite;Sunny Yellow;30;59,75;59,75;True;0,0;0;0;5,0;0,0;0,0;;;2024-01;22264,43
V4590408069;2024-01-05;14:16;S01;Premium;Centre-ville;50;non;['New Balance'];9,0;9h/18h;open 6/7;6;54;5;E0004;Blasé;2600;246;2006-01-09;Manager;0,21;0,79;C0168;M;35;;True;impulsif;0;11;P037;New Balance;Running;Elite;Premium Black;41;114,45;114,45;False;0,0;0;0;5,0;0,0;0,0;;;2024-01;22264,43
V1747527522;2024-01-03;09:16;S01;Premium;Centre-ville;50;non;['New Balance'];9,0;9h/18h;open 6/7;6;54;5;E0005;Expérimenté;2800;106;2017-07-01;Salesforce;0,05;0,95;C0055;F;68;;True;sneakerhead;0;11;P037;New Balance;Running;Elite;Premium Black;41;114,45;114,45;False;0,0;0;0;5,0;0,0;0,0;;;2024-01;22264,43
V1747527522;2024-01-03;09:16;S01;Premium;Centre-ville;50;;['New Balance'];;9h/18h;open 6/7;6;54;5;E0005;Expérimenté;2800;106;2017-07-01;Salesforce;0,05;0,95;C0055;F;68;;True;sneakerhead;0;11;G037;Tee-short;Tee-short;Tee-short;None;XL;40,0;40,0;False;0,0;0;0;0,0;0,0;0,0;non;9,0;2024-01;22264,43
V6682596246;2024-01-13;12:24;S01;Premium;Centre-ville;50;non;['New Balance'];9,0;9h/18h;open 6/7;6;54;5;E0002;Requin;2900;127;2015-10-11;Salesforce;0,05;0,95;C0217;M;34;;True;chasseur_de_promos;0;12;P035;New Balance;Basketball;Zoom;Pink;37;128,67999999999998;135,45;False;0,0;0;0;5,0;0,0;5,0;;;2024-01;22264,43
V2739494234;2024-01-06;16:00;S01;Premium;Centre-ville;50;non;['New Balance'];9,0;9h/18h;open 6/7;6;54;5;E0001;Jeune prometteur;2000;45;2022-07-17;Salesforce;0,12;0,88;C0173;M;48;;True;sneakerhead;0;5;P030;New Balance;Casual;Elite;Sunny Yellow;30;59,75;59,75;True;0,0;0;0;5,0;0,0;0,0;;;2024-01;22264,43
V4898913737;2024-01-24;16:26;S01;Premium;Centre-ville;50;non;['New Balance'];9,0;9h/18h;open 6/7;6;54;5;E0002;Requin;2900;127;2015-10-11;Salesforce;0,05;0,95;C0135;M;40;;True;impulsif;0;5;P030;New Balance;Casual;Elite;Sunny Yellow;30;59,75;59,75;True;0,0;0;0;5,0;0,0;0,0;;;2024-01;22264,43
V4898913737;2024-01-24;16:26;S01;Premium;Centre-ville;50;;['New Balance'];;9h/18h;open 6/7;6;54;5;E0002;Requin;2900;127;2015-10-11;Salesforce;0,05;0,95;C0135;M;40;;True;impulsif;0;5;G030;Bonnet;Bonnet;Bonnet;None;L;10,0;10,0;False;0,0;0;0;0,0;0,0;0,0;non;9,0;2024-01;22264,43
V3961648444;2024-01-15;16:29;S01;Premium;Centre-ville;50;non;['New Balance'];9,0;9h/18h;open 6/7;6;54;5;E0005;Expérimenté;2800;106;2017-07-01;Salesforce;0,05;0,95;C0168;M;35;;True;impulsif;0;13;P035;New Balance;Basketball;Zoom;Pink;37;135,45;135,45;False;0,0;0;0;5,0;0,0;0,0;;;2024-01;22264,43
V1099907330;2024-01-09;17:52;S01;Premium;Centre-ville;50;non;['New Balance'];9,0;9h/18h;open 6/7;6;54;5;E0003;Jeune prometteur;2100;67;2020-09-04;Salesforce;0,13;0,87;C0078;F;34;;False;impulsif;0;0;P040;New Balance;Running;Air;Deep Purple;43;145,95;145,95;False;0,0;0;0;5,0;0,0;0,0;;;2024-01;22264,43
V7850494547;2024-01-23;14:59;S01;Premium;Centre-ville;50;non;['New Balance'];9,0;9h/18h;open 6/7;6;54;5;E0002;Requin;2900;127;2015-10-11;Salesforce;0,05;0,95;C0253;F;31;;True;chasseur_de_promos;0;5;P030;New Balance;Casual;Elite;Sunny Yellow;30;59,75;59,75;True;0,0;0;0;5,0;0,0;0,0;;;2024-01;22264,43
V7850494547;2024-01-23;14:59;S01;Premium;Centre-ville;50;;['New Balance'];;9h/18h;open 6/7;6;54;5;E0002;Requin;2900;127;2015-10-11;Salesforce;0,05;0,95;C0253;F;31;;True;chasseur_de_promos;0;5;G030;Bonnet;Bonnet;Bonnet;None;S;10,0;10,0;False;0,0;0;0;0,0;0,0;0,0;non;9,0;2024-01;22264,43
V6596534904;2024-01-14;13:37;S01;Premium;Centre-ville;50;non;['New Balance'];9,0;9h/18h;open 6/7;6;54;5;E0002;Requin;2900;127;2015-10-11;Salesforce;0,05;0,95;C0280;M;50;;True;chasseur_de_promos;0;5;P030;New Balance;Casual;Elite;Sunny Yellow;30;59,75;59,75;True;0,0;0;0;5,0;0,0;0,0;;;2024-01;22264,43
V6596534904;2024-01-14;13:37;S01;Premium;Centre-ville;50;;['New Balance'];;9h/18h;open 6/7;6;54;5;E0002;Requin;2900;127;2015-10-11;Salesforce;0,05;0,95;C0280;M;50;;True;chasseur_de_promos;0;5;G030;Lunettes;Lunettes;Lunettes;None;XS;20,0;20,0;False;0,0;0;0;0,0;0,0;0,0;non;9,0;2024-01;22264,43
V6596534904;2024-01-14;13:37;S01;Premium;Centre-ville;50;;['New Balance'];;9h/18h;open 6/7;6;54;5;E0002;Requin;2900;127;2015-10-11;Salesforce;0,05;0,95;C0280;M;50;;True;chasseur_de_promos;0;5;G030;Lacets;Lacets;Lacets;None;M;40,0;40,0;False;0,0;0;0;0,0;0,0;0,0;non;9,0;2024-01;22264,43
V1032090733;2024-01-09;12:16;S01;Premium;Centre-ville;50;non;['New Balance'];9,0;9h/18h;open 6/7;6;54;5;E0002;Requin;2900;127;2015-10-11;Salesforce;0,05;0,95;C0050;F;23;;True;chasseur_de_promos;0;5;P030;New Balance;Casual;Elite;Sunny Yellow;30;59,75;59,75;True;0,0;0;0;5,0;0,0;0,0;;;2024-01;22264,43
V9629569670;2024-01-27;13:03;S01;Premium;Centre-ville;50;non;['New Balance'];9,0;9h/18h;open 6/7;6;54;5;E0004;Blasé;2600;246;2006-01-09;Manager;0,21;0,79;C0044;F;26;;True;sneakerhead;0;5;P030;New Balance;Casual;Elite;Sunny Yellow;30;59,75;59,75;True;0,0;0;0;5,0;0,0;0,0;;;2024-01;22264,43
V7307185757;2024-01-24;11:36;S01;Premium;Centre-ville;50;non;['New Balance'];9,0;9h/18h;open 6/7;6;54;5;E0002;Requin;2900;127;2015-10-11;Salesforce;0,05;0,95;C0274;M;36;;True;impulsif;30;5;P030;New Balance;Casual;Elite;Sunny Yellow;30;56,75;59,75;True;3,0;0;3;5,0;0,0;5,0;;;2024-01;22264,43
V7307185757;2024-01-24;11:36;S01;Premium;Centre-ville;50;;['New Balance'];;9h/18h;open 6/7;6;54;5;E0002;Requin;2900;127;2015-10-11;Salesforce;0,05;0,95;C0274;M;36;;True;impulsif;30;5;G030;Tee-short;Tee-short;Tee-short;None;S;30,0;30,0;False;0,0;0;0;0,0;0,0;0,0;non;9,0;2024-01;22264,43
V1952112868;2024-01-31;13:45;S01;Premium;Centre-ville;50;non;['New Balance'];9,0;9h/18h;open 6/7;6;54;5;E0005;Expérimenté;2800;106;2017-07-01;Salesforce;0,05;0,95;C0038;M;33;;True;impulsif;0;11;P037;New Balance;Running;Elite;Premium Black;41;114,45;114,45;False;0,0;0;0;5,0;0,0;0,0;;;2024-01;22264,43
V8960922251;2024-01-02;17:23;S01;Premium;Centre-ville;50;non;['New Balance'];9,0;9h/18h;open 6/7;6;54;5;E0005;Expérimenté;2800;106;2017-07-01;Salesforce;0,05;0,95;C0117;F;48;;True;impulsif;0;5;P030;New Balance;Casual;Elite;Sunny Yellow;30;59,75;59,75;True;0,0;0;0;5,0;0,0;0,0;;;2024-01;22264,43
V3912100038;2024-01-08;16:09;S01;Premium;Centre-ville;50;non;['New Balance'];9,0;9h/18h;open 6/7;6;54;5;E0003;Jeune prometteur;2100;67;2020-09-04;Salesforce;0,13;0,87;C0026;M;50;;True;sneakerhead;0;5;P030;New Balance;Casual;Elite;Sunny Yellow;30;59,75;59,75;True;0,0;0;0;5,0;0,0;0,0;;;2024-01;22264,43
V5698988977;2024-01-04;18:16;S01;Premium;Centre-ville;50;non;['New Balance'];9,0;9h/18h;open 6/7;6;54;5;E0005;Expérimenté;2800;106;2017-07-01;Salesforce;0,05;0,95;C0135;M;40;;True;impulsif;0;5;P030;New Balance;Casual;Elite;Sunny Yellow;30;59,75;59,75;True;0,0;0;0;5,0;0,0;0,0;;;2024-01;22264,43
V5698988977;2024-01-04;18:16;S01;Premium;Centre-ville;50;;['New Balance'];;9h/18h;open 6/7;6;54;5;E0005;Expérimenté;2800;106;2017-07-01;Salesforce;0,05;0,95;C0135;M;40;;True;impulsif;0;5;G030;Bonnet;Bonnet;Bonnet;None;S;40,0;40,0;False;0,0;0;0;0,0;0,0;0,0;non;9,0;2024-01;22264,43
V6092297865;2024-01-29;11:20;S01;Premium;Centre-ville;50;non;['New Balance'];9,0;9h/18h;open 6/7;6;54;5;E0003;Jeune prometteur;2100;67;2020-09-04;Salesforce;0,13;0,87;C0194;M;49;;True;chasseur_de_promos;0;14;P040;New Balance;Running;Air;Deep Purple;43;145,95;145,95;False;0,0;0;0;5,0;0,0;0,0;;;2024-01;22264,43
V1017869024;2024-01-12;09:16;S01;Premium;Centre-ville;50;non;['New Balance'];9,0;9h/18h;open 6/7;6;54;5;E0005;Expérimenté;2800;106;2017-07-01;Salesforce;0,05;0,95;C0272;M;50;;True;sneakerhead;40;5;P030;New Balance;Casual;Elite;Sunny Yellow;30;55,75;59,75;True;4,0;0;4;5,0;0,0;6,7;;;2024-01;22264,43
V6583411709;2024-01-10;16:18;S01;Premium;Centre-ville;50;non;['New Balance'];9,0;9h/18h;open 6/7;6;54;5;E0002;Requin;2900;127;2015-10-11;Salesforce;0,05;0,95;C0227;F;42;;True;chasseur_de_promos;0;5;P030;New Balance;Casual;Elite;Sunny Yellow;30;59,75;59,75;True;0,0;0;0;5,0;0,0;0,0;;;2024-01;22264,43
V5074566652;2024-01-03;13:39;S01;Premium;Centre-ville;50;non;['New Balance'];9,0;9h/18h;open 6/7;6;54;5;E0002;Requin;2900;127;2015-10-11;Salesforce;0,05;0,95;C0090;M;49;;False;impulsif;0;0;P030;New Balance;Casual;Elite;Sunny Yellow;30;59,75;59,75;True;0,0;0;0;5,0;0,0;0,0;;;2024-01;22264,43
V5074566652;2024-01-03;13:39;S01;Premium;Centre-ville;50;;['New Balance'];;9h/18h;open 6/7;6;54;5;E0002;Requin;2900;127;2015-10-11;Salesforce;0,05;0,95;C0090;M;49;;False;impulsif;0;0;G030;Bonnet;Bonnet;Bonnet;None;M;40,0;40,0;False;0,0;0;0;0,0;0,0;0,0;non;9,0;2024-01;22264,43
V5074566652;2024-01-03;13:39;S01;Premium;Centre-ville;50;;['New Balance'];;9h/18h;open 6/7;6;54;5;E0002;Requin;2900;127;2015-10-11;Salesforce;0,05;0,95;C0090;M;49;;False;impulsif;0;0;G030;Lunettes;Lunettes;Lunettes;None;XS;20,0;20,0;False;0,0;0;0;0,0;0,0;0,0;non;9,0;2024-01;22264,43
V7458333412;2024-01-26;12:20;S01;Premium;Centre-ville;50;non;['New Balance'];9,0;9h/18h;open 6/7;6;54;5;E0001;Jeune prometteur;2000;45;2022-07-17;Salesforce;0,12;0,88;C0029;M;46;;True;sneakerhead;0;5;P030;New Balance;Casual;Elite;Sunny Yellow;30;59,75;59,75;True;0,0;0;0;5,0;0,0;0,0;;;2024-01;22264,43
V1260263901;2024-01-29;10:29;S01;Premium;Centre-ville;50;non;['New Balance'];9,0;9h/18h;open 6/7;6;54;5;E0005;Expérimenté;2800;106;2017-07-01;Salesforce;0,05;0,95;C0234;F;60;;True;chasseur_de_promos;0;15;P031;New Balance;Casual;Flex;Brown Bear;42;126,25;152,25;False;26,0;26;0;5,0;0,0;17,1;;;2024-01;22264,43
V5433000362;2024-01-10;11:28;S01;Premium;Centre-ville;50;non;['New Balance'];9,0;9h/18h;open 6/7;6;54;5;E0002;Requin;2900;127;2015-10-11;Salesforce;0,05;0,95;C0297;F;48;;True;sneakerhead;0;5;P030;New Balance;Casual;Elite;Sunny Yellow;30;59,75;59,75;True;0,0;0;0;5,0;0,0;0,0;;;2024-01;22264,43
V7238986363;2024-01-16;11:20;S01;Premium;Centre-ville;50;non;['New Balance'];9,0;9h/18h;open 6/7;6;54;5;E0005;Expérimenté;2800;106;2017-07-01;Salesforce;0,05;0,95;C0215;F;39;;True;chasseur_de_promos;0;14;P040;New Balance;Running;Air;Deep Purple;43;145,95;145,95;False;0,0;0;0;5,0;0,0;0,0;;;2024-01;22264,43
V3678948224;2024-01-03;14:07;S01;Premium;Centre-ville;50;non;['New Balance'];9,0;9h/18h;open 6/7;6;54;5;E0002;Requin;2900;127;2015-10-11;Salesforce;0,05;0,95;C0292;M;37;;False;impulsif;0;0;P010;New Balance;Running;Flex;Red Blood;42;152,25;152,25;False;0,0;0;0;5,0;0,0;0,0;;;2024-01;22264,43
V6009357129;2024-01-20;17:46;S01;Premium;Centre-ville;50;non;['New Balance'];9,0;9h/18h;open 6/7;6;54;5;E0005;Expérimenté;2800;106;2017-07-01;Salesforce;0,05;0,95;C0153;F;47;;True;impulsif;20;12;P034;New Balance;Basketball;Zoom;Premium Black;39;123,20999999999998;166,95;False;2,0;0;2;5,0;0,0;26,2;;;2024-01;22264,43
V6009357129;2024-01-20;17:46;S01;Premium;Centre-ville;50;;['New Balance'];;9h/18h;open 6/7;6;54;5;E0005;Expérimenté;2800;106;2017-07-01;Salesforce;0,05;0,95;C0153;F;47;;True;impulsif;20;12;G034;Tee-short;Tee-short;Tee-short;None;L;30,0;30,0;False;0,0;0;0;0,0;0,0;0,0;non;9,0;2024-01;22264,43
V5807750411;2024-01-23;09:23;S01;Premium;Centre-ville;50;non;['New Balance'];9,0;9h/18h;open 6/7;6;54;5;E0005;Expérimenté;2800;106;2017-07-01;Salesforce;0,05;0,95;C0066;M;35;;True;impulsif;0;14;P040;New Balance;Running;Air;Deep Purple;43;145,95;145,95;False;0,0;0;0;5,0;0,0;0,0;;;2024-01;22264,43
V7059085893;2024-01-11;18:26;S01;Premium;Centre-ville;50;non;['New Balance'];9,0;9h/18h;open 6/7;6;54;5;E0003;Jeune prometteur;2100;67;2020-09-04;Salesforce;0,13;0,87;C0291;F;48;;False;chasseur_de_promos;0;0;P034;New Balance;Basketball;Zoom;Premium Black;39;158,6;166,95;False;0,0;0;0;5,0;0,0;5,0;;;2024-01;22264,43
V1284091253;2024-01-05;14:00;S01;Premium;Centre-ville;50;non;['New Balance'];9,0;9h/18h;open 6/7;6;54;5;E0002;Requin;2900;127;2015-10-11;Salesforce;0,05;0,95;C0253;F;31;;True;chasseur_de_promos;0;5;P030;New Balance;Casual;Elite;Sunny Yellow;30;59,75;59,75;True;0,0;0;0;5,0;0,0;0,0;;;2024-01;22264,43
V4444112726;2024-01-30;15:12;S01;Premium;Centre-ville;50;non;['New Balance'];9,0;9h/18h;open 6/7;6;54;5;E0002;Requin;2900;127;2015-10-11;Salesforce;0,05;0,95;C0263;M;38;;False;impulsif;0;0;P030;New Balance;Casual;Elite;Sunny Yellow;30;59,75;59,75;True;0,0;0;0;5,0;0,0;0,0;;;2024-01;22264,43
V4444112726;2024-01-30;15:12;S01;Premium;Centre-ville;50;;['New Balance'];;9h/18h;open 6/7;6;54;5;E0002;Requin;2900;127;2015-10-11;Salesforce;0,05;0,95;C0263;M;38;;False;impulsif;0;0;G030;Lacets;Lacets;Lacets;None;S;40,0;40,0;False;0,0;0;0;0,0;0,0;0,0;non;9,0;2024-01;22264,43
V3503798497;2024-01-24;10:17;S01;Premium;Centre-ville;50;non;['New Balance'];9,0;9h/18h;open 6/7;6;54;5;E0004;Blasé;2600;246;2006-01-09;Manager;0,21;0,79;C0005;F;28;;True;chasseur_de_promos;0;5;P030;New Balance;Casual;Elite;Sunny Yellow;30;48,75;59,75;True;11,0;11;0;5,0;0,0;18,4;;;2024-01;22264,43
V5807896863;2024-01-11;13:16;S01;Premium;Centre-ville;50;non;['New Balance'];9,0;9h/18h;open 6/7;6;54;5;E0001;Jeune prometteur;2000;45;2022-07-17;Salesforce;0,12;0,88;C0209;M;36;;False;impulsif;0;0;P040;New Balance;Running;Air;Deep Purple;43;145,95;145,95;False;0,0;0;0;5,0;0,0;0,0;;;2024-01;22264,43
V5914977098;2024-01-23;10:26;S01;Premium;Centre-ville;50;non;['New Balance'];9,0;9h/18h;open 6/7;6;54;5;E0003;Jeune prometteur;2100;67;2020-09-04;Salesforce;0,13;0,87;C0294;F;43;;True;sneakerhead;0;14;P040;New Balance;Running;Air;Deep Purple;43;145,95;145,95;False;0,0;0;0;5,0;0,0;0,0;;;2024-01;22264,43
V5069846236;2024-01-23;15:47;S01;Premium;Centre-ville;50;non;['New Balance'];9,0;9h/18h;open 6/7;6;54;5;E0003;Jeune prometteur;2100;67;2020-09-04;Salesforce;0,13;0,87;C0136;M;52;;True;chasseur_de_promos;10;15;P010;New Balance;Running;Flex;Red Blood;42;151,25;152,25;False;1,0;0;1;5,0;0,0;0,7;;;2024-01;22264,43
V5650358627;2024-01-17;14:24;S01;Premium;Centre-ville;50;non;['New Balance'];9,0;9h/18h;open 6/7;6;54;5;E0002;Requin;2900;127;2015-10-11;Salesforce;0,05;0,95;C0096;M;58;;False;impulsif;0;0;P030;New Balance;Casual;Elite;Sunny Yellow;30;39,75;59,75;True;20,0;20;0;5,0;0,0;33,5;;;2024-01;22264,43
V5650358627;2024-01-17;14:24;S01;Premium;Centre-ville;50;;['New Balance'];;9h/18h;open 6/7;6;54;5;E0002;Requin;2900;127;2015-10-11;Salesforce;0,05;0,95;C0096;M;58;;False;impulsif;0;0;G030;Bonnet;Bonnet;Bonnet;None;M;10,0;10,0;False;0,0;0;0;0,0;0,0;0,0;non;9,0;2024-01;22264,43
V5963458412;2024-01-18;13:59;S01;Premium;Centre-ville;50;non;['New Balance'];9,0;9h/18h;open 6/7;6;54;5;E0002;Requin;2900;127;2015-10-11;Salesforce;0,05;0,95;C0263;M;38;;False;impulsif;0;0;P034;New Balance;Basketball;Zoom;Premium Black;39;166,95;166,95;False;0,0;0;0;5,0;0,0;0,0;;;2024-01;22264,43
V1913025212;2024-01-13;13:55;S01;Premium;Centre-ville;50;non;['New Balance'];9,0;9h/18h;open 6/7;6;54;5;E0002;Requin;2900;127;2015-10-11;Salesforce;0,05;0,95;C0208;F;40;;True;sneakerhead;0;5;P030;New Balance;Casual;Elite;Sunny Yellow;30;59,75;59,75;True;0,0;0;0;5,0;0,0;0,0;;;2024-01;22264,43
V3131812117;2024-01-19;17:01;S01;Premium;Centre-ville;50;non;['New Balance'];9,0;9h/18h;open 6/7;6;54;5;E0004;Blasé;2600;246;2006-01-09;Manager;0,21;0,79;C0282;M;48;;False;sneakerhead;0;0;P040;New Balance;Running;Air;Deep Purple;43;145,95;145,95;False;0,0;0;0;5,0;0,0;0,0;;;2024-01;22264,43
V5557926173;2024-01-12;12:37;S01;Premium;Centre-ville;50;non;['New Balance'];9,0;9h/18h;open 6/7;6;54;5;E0002;Requin;2900;127;2015-10-11;Salesforce;0,05;0,95;C0093;M;33;;False;chasseur_de_promos;0;0;P030;New Balance;Casual;Elite;Sunny Yellow;30;59,75;59,75;True;0,0;0;0;5,0;0,0;0,0;;;2024-01;22264,43
V5557926173;2024-01-12;12:37;S01;Premium;Centre-ville;50;;['New Balance'];;9h/18h;open 6/7;6;54;5;E0002;Requin;2900;127;2015-10-11;Salesforce;0,05;0,95;C0093;M;33;;False;chasseur_de_promos;0;0;G030;Tee-short;Tee-short;Tee-short;None;M;30,0;30,0;False;0,0;0;0;0,0;0,0;0,0;non;9,0;2024-01;22264,43
V3213547109;2024-01-15;10:11;S01;Premium;Centre-ville;50;non;['New Balance'];9,0;9h/18h;open 6/7;6;54;5;E0003;Jeune prometteur;2100;67;2020-09-04;Salesforce;0,13;0,87;C0077;F;61;;True;impulsif;0;14;P040;New Balance;Running;Air;Deep Purple;43;145,95;145,95;False;0,0;0;0;5,0;0,0;0,0;;;2024-01;22264,43
V3213547109;2024-01-15;10:11;S01;Premium;Centre-ville;50;;['New Balance'];;9h/18h;open 6/7;6;54;5;E0003;Jeune prometteur;2100;67;2020-09-04;Salesforce;0,13;0,87;C0077;F;61;;True;impulsif;0;14;G040;Lacets;Lacets;Lacets;None;L;30,0;30,0;False;0,0;0;0;0,0;0,0;0,0;non;9,0;2024-01;22264,43
V3096474932;2024-01-20;15:46;S01;Premium;Centre-ville;50;non;['New Balance'];9,0;9h/18h;open 6/7;6;54;5;E0003;Jeune prometteur;2100;67;2020-09-04;Salesforce;0,13;0,87;C0236;M;32;;True;impulsif;0;11;P037;New Balance;Running;Elite;Premium Black;41;114,45;114,45;False;0,0;0;0;5,0;0,0;0,0;;;2024-01;22264,43
V1687866949;2024-01-26;10:33;S01;Premium;Centre-ville;50;non;['New Balance'];9,0;9h/18h;open 6/7;6;54;5;E0001;Jeune prometteur;2000;45;2022-07-17;Salesforce;0,12;0,88;C0283;M;32;;False;impulsif;0;0;P034;New Balance;Basketball;Zoom;Premium Black;39;166,95;166,95;False;0,0;0;0;5,0;0,0;0,0;;;2024-01;22264,43
V2109665531;2024-01-26;09:12;S01;Premium;Centre-ville;50;non;['New Balance'];9,0;9h/18h;open 6/7;6;54;5;E0004;Blasé;2600;246;2006-01-09;Manager;0,21;0,79;C0020;F;38;;False;impulsif;0;0;P031;New Balance;Casual;Flex;Brown Bear;42;152,25;152,25;False;0,0;0;0;5,0;0,0;0,0;;;2024-01;22264,43
V2582861066;2024-01-01;09:41;S01;Premium;Centre-ville;50;non;['New Balance'];9,0;9h/18h;open 6/7;6;54;5;E0004;Blasé;2600;246;2006-01-09;Manager;0,21;0,79;C0242;F;38;;True;impulsif;0;15;P031;New Balance;Casual;Flex;Brown Bear;42;152,25;152,25;False;0,0;0;0;5,0;0,0;0,0;;;2024-01;22264,43
V4979578504;2024-01-04;11:08;S01;Premium;Centre-ville;50;non;['New Balance'];9,0;9h/18h;open 6/7;6;54;5;E0001;Jeune prometteur;2000;45;2022-07-17;Salesforce;0,12;0,88;C0145;M;43;;True;chasseur_de_promos;0;5;P030;New Balance;Casual;Elite;Sunny Yellow;30;52,75;59,75;True;7,0;7;0;5,0;0,0;11,7;;;2024-01;22264,43
V4519914720;2024-01-20;17:49;S01;Premium;Centre-ville;50;non;['New Balance'];9,0;9h/18h;open 6/7;6;54;5;E0001;Jeune prometteur;2000;45;2022-07-17;Salesforce;0,12;0,88;C0226;F;36;;True;impulsif;0;11;P034;New Balance;Basketball;Zoom;Premium Black;39;116,85999999999999;166,95;False;0,0;0;0;5,0;0,0;30,0;;;2024-01;22264,43
V7395454675;2024-01-12;17:44;S01;Premium;Centre-ville;50;non;['New Balance'];9,0;9h/18h;open 6/7;6;54;5;E0004;Blasé;2600;246;2006-01-09;Manager;0,21;0,79;C0031;M;53;;True;sneakerhead;0;5;P030;New Balance;Casual;Elite;Sunny Yellow;30;59,75;59,75;True;0,0;0;0;5,0;0,0;0,0;;;2024-01;22264,43
V8875566456;2024-01-08;14:30;S01;Premium;Centre-ville;50;non;['New Balance'];9,0;9h/18h;open 6/7;6;54;5;E0002;Requin;2900;127;2015-10-11;Salesforce;0,05;0,95;C0089;F;32;;True;sneakerhead;0;5;P030;New Balance;Casual;Elite;Sunny Yellow;30;59,75;59,75;True;0,0;0;0;5,0;0,0;0,0;;;2024-01;22264,43
V8875566456;2024-01-08;14:30;S01;Premium;Centre-ville;50;;['New Balance'];;9h/18h;open 6/7;6;54;5;E0002;Requin;2900;127;2015-10-11;Salesforce;0,05;0,95;C0089;F;32;;True;sneakerhead;0;5;G030;Tee-short;Tee-short;Tee-short;None;S;10,0;10,0;False;0,0;0;0;0,0;0,0;0,0;non;9,0;2024-01;22264,43
V8989010772;2024-01-20;14:13;S01;Premium;Centre-ville;50;non;['New Balance'];9,0;9h/18h;open 6/7;6;54;5;E0002;Requin;2900;127;2015-10-11;Salesforce;0,05;0,95;C0050;F;23;;True;chasseur_de_promos;20;5;P030;New Balance;Casual;Elite;Sunny Yellow;30;57,75;59,75;True;2,0;0;2;5,0;0,0;3,3;;;2024-01;22264,43
V7312261060;2024-01-27;18:36;S01;Premium;Centre-ville;50;non;['New Balance'];9,0;9h/18h;open 6/7;6;54;5;E0001;Jeune prometteur;2000;45;2022-07-17;Salesforce;0,12;0,88;C0187;F;39;;True;sneakerhead;10;5;P030;New Balance;Casual;Elite;Sunny Yellow;30;58,75;59,75;True;1,0;0;1;5,0;0,0;1,7;;;2024-01;22264,43
V7518000421;2024-01-09;15:48;S01;Premium;Centre-ville;50;non;['New Balance'];9,0;9h/18h;open 6/7;6;54;5;E0002;Requin;2900;127;2015-10-11;Salesforce;0,05;0,95;C0032;F;37;;True;chasseur_de_promos;0;5;P030;New Balance;Casual;Elite;Sunny Yellow;30;48,75;59,75;True;11,0;11;0;5,0;0,0;18,4;;;2024-01;22264,43
V1911497468;2024-01-13;12:31;S01;Premium;Centre-ville;50;non;['New Balance'];9,0;9h/18h;open 6/7;6;54;5;E0004;Blasé;2600;246;2006-01-09;Manager;0,21;0,79;C0008;F;42;;True;impulsif;0;15;P031;New Balance;Casual;Flex;Brown Bear;42;152,25;152,25;False;0,0;0;0;5,0;0,0;0,0;;;2024-01;22264,43
V8470353261;2024-01-01;09:11;S01;Premium;Centre-ville;50;non;['New Balance'];9,0;9h/18h;open 6/7;6;54;5;E0001;Jeune prometteur;2000;45;2022-07-17;Salesforce;0,12;0,88;C0044;F;26;;True;sneakerhead;0;5;P030;New Balance;Casual;Elite;Sunny Yellow;30;59,75;59,75;True;0,0;0;0;5,0;0,0;0,0;;;2024-01;22264,43
V5312176068;2024-01-06;18:14;S01;Premium;Centre-ville;50;non;['New Balance'];9,0;9h/18h;open 6/7;6;54;5;E0005;Expérimenté;2800;106;2017-07-01;Salesforce;0,05;0,95;C0081;M;34;;False;chasseur_de_promos;0;0;P010;New Balance;Running;Flex;Red Blood;42;152,25;152,25;False;0,0;0;0;5,0;0,0;0,0;;;2024-01;22264,43
V4192943825;2024-01-03;09:54;S01;Premium;Centre-ville;50;non;['New Balance'];9,0;9h/18h;open 6/7;6;54;5;E0001;Jeune prometteur;2000;45;2022-07-17;Salesforce;0,12;0,88;C0046;M;48;;True;chasseur_de_promos;0;15;P031;New Balance;Casual;Flex;Brown Bear;42;152,25;152,25;False;0,0;0;0;5,0;0,0;0,0;;;2024-01;22264,43
V4192943825;2024-01-03;09:54;S01;Premium;Centre-ville;50;;['New Balance'];;9h/18h;open 6/7;6;54;5;E0001;Jeune prometteur;2000;45;2022-07-17;Salesforce;0,12;0,88;C0046;M;48;;True;chasseur_de_promos;0;15;G031;Echarpe;Echarpe;Echarpe;None;S;10,0;10,0;False;0,0;0;0;0,0;0,0;0,0;non;9,0;2024-01;22264,43
V3385101281;2024-01-25;15:56;S01;Premium;Centre-ville;50;non;['New Balance'];9,0;9h/18h;open 6/7;6;54;5;E0001;Jeune prometteur;2000;45;2022-07-17;Salesforce;0,12;0,88;C0139;M;66;;True;sneakerhead;0;5;P030;New Balance;Casual;Elite;Sunny Yellow;30;59,75;59,75;True;0,0;0;0;5,0;0,0;0,0;;;2024-01;22264,43
V3097617685;2024-01-02;17:59;S01;Premium;Centre-ville;50;non;['New Balance'];9,0;9h/18h;open 6/7;6;54;5;E0002;Requin;2900;127;2015-10-11;Salesforce;0,05;0,95;C0175;M;43;;False;impulsif;0;0;P030;New Balance;Casual;Elite;Sunny Yellow;30;59,75;59,75;True;0,0;0;0;5,0;0,0;0,0;;;2024-01;22264,43
V3097617685;2024-01-02;17:59;S01;Premium;Centre-ville;50;;['New Balance'];;9h/18h;open 6/7;6;54;5;E0002;Requin;2900;127;2015-10-11;Salesforce;0,05;0,95;C0175;M;43;;False;impulsif;0;0;G030;Tee-short;Tee-short;Tee-short;None;S;30,0;30,0;False;0,0;0;0;0,0;0,0;0,0;non;9,0;2024-01;22264,43
V7816064456;2024-01-13;18:54;S01;Premium;Centre-ville;50;non;['New Balance'];9,0;9h/18h;open 6/7;6;54;5;E0005;Expérimenté;2800;106;2017-07-01;Salesforce;0,05;0,95;C0016;M;37;;False;impulsif;0;0;P034;New Balance;Basketball;Zoom;Premium Black;39;166,95;166,95;False;0,0;0;0;5,0;0,0;0,0;;;2024-01;22264,43
V2949672112;2024-01-13;09:01;S01;Premium;Centre-ville;50;non;['New Balance'];9,0;9h/18h;open 6/7;6;54;5;E0001;Jeune prometteur;2000;45;2022-07-17;Salesforce;0,12;0,88;C0161;M;34;;False;impulsif;0;0;P030;New Balance;Casual;Elite;Sunny Yellow;30;59,75;59,75;True;0,0;0;0;5,0;0,0;0,0;;;2024-01;22264,43
V1249170567;2024-01-29;18:12;S01;Premium;Centre-ville;50;non;['New Balance'];9,0;9h/18h;open 6/7;6;54;5;E0001;Jeune prometteur;2000;45;2022-07-17;Salesforce;0,12;0,88;C0166;F;33;;True;sneakerhead;0;15;P031;New Balance;Casual;Flex;Brown Bear;42;152,25;152,25;False;0,0;0;0;5,0;0,0;0,0;;;2024-01;22264,43
V5800747484;2024-01-22;14:56;S01;Premium;Centre-ville;50;non;['New Balance'];9,0;9h/18h;open 6/7;6;54;5;E0002;Requin;2900;127;2015-10-11;Salesforce;0,05;0,95;C0125;F;42;;True;impulsif;0;5;P030;New Balance;Casual;Elite;Sunny Yellow;30;59,75;59,75;True;0,0;0;0;5,0;0,0;0,0;;;2024-01;22264,43
V5820029323;2024-01-10;17:31;S01;Premium;Centre-ville;50;non;['New Balance'];9,0;9h/18h;open 6/7;6;54;5;E0002;Requin;2900;127;2015-10-11;Salesforce;0,05;0,95;C0199;M;48;;True;chasseur_de_promos;0;5;P030;New Balance;Casual;Elite;Sunny Yellow;30;59,75;59,75;True;0,0;0;0;5,0;0,0;0,0;;;2024-01;22264,43
V5820029323;2024-01-10;17:31;S01;Premium;Centre-ville;50;;['New Balance'];;9h/18h;open 6/7;6;54;5;E0002;Requin;2900;127;2015-10-11;Salesforce;0,05;0,95;C0199;M;48;;True;chasseur_de_promos;0;5;G030;Lacets;Lacets;Lacets;None;S;30,0;30,0;False;0,0;0;0;0,0;0,0;0,0;non;9,0;2024-01;22264,43
V3204299652;2024-01-08;16:33;S01;Premium;Centre-ville;50;non;['New Balance'];9,0;9h/18h;open 6/7;6;54;5;E0002;Requin;2900;127;2015-10-11;Salesforce;0,05;0,95;C0103;F;41;;False;impulsif;0;0;P030;New Balance;Casual;Elite;Sunny Yellow;30;59,75;59,75;True;0,0;0;0;5,0;0,0;0,0;;;2024-01;22264,43
V9997722797;2024-01-22;12:51;S01;Premium;Centre-ville;50;non;['New Balance'];9,0;9h/18h;open 6/7;6;54;5;E0002;Requin;2900;127;2015-10-11;Salesforce;0,05;0,95;C0177;F;30;;False;chasseur_de_promos;0;0;P030;New Balance;Casual;Elite;Sunny Yellow;30;59,75;59,75;True;0,0;0;0;5,0;0,0;0,0;;;2024-01;22264,43
V6667652671;2024-01-24;13:49;S01;Premium;Centre-ville;50;non;['New Balance'];9,0;9h/18h;open 6/7;6;54;5;E0003;Jeune prometteur;2100;67;2020-09-04;Salesforce;0,13;0,87;C0267;M;50;;True;impulsif;0;13;P035;New Balance;Basketball;Zoom;Pink;37;101,44999999999999;135,45;False;34,0;34;0;5,0;0,0;25,1;;;2024-01;22264,43
V6667652671;2024-01-24;13:49;S01;Premium;Centre-ville;50;;['New Balance'];;9h/18h;open 6/7;6;54;5;E0003;Jeune prometteur;2100;67;2020-09-04;Salesforce;0,13;0,87;C0267;M;50;;True;impulsif;0;13;G035;Tee-short;Tee-short;Tee-short;None;XS;10,0;10,0;False;0,0;0;0;0,0;0,0;0,0;non;9,0;2024-01;22264,43
V1471218330;2024-01-25;14:36;S01;Premium;Centre-ville;50;non;['New Balance'];9,0;9h/18h;open 6/7;6;54;5;E0005;Expérimenté;2800;106;2017-07-01;Salesforce;0,05;0,95;C0197;F;29;;True;chasseur_de_promos;0;13;P035;New Balance;Basketball;Zoom;Pink;37;135,45;135,45;False;0,0;0;0;5,0;0,0;0,0;;;2024-01;22264,43
V5806719527;2024-01-29;14:21;S01;Premium;Centre-ville;50;non;['New Balance'];9,0;9h/18h;open 6/7;6;54;5;E0003;Jeune prometteur;2100;67;2020-09-04;Salesforce;0,13;0,87;C0114;F;52;;False;impulsif;0;0;P034;New Balance;Basketball;Zoom;Premium Black;39;166,95;166,95;False;0,0;0;0;5,0;0,0;0,0;;;2024-01;22264,43
V5643870608;2024-01-20;12:58;S01;Premium;Centre-ville;50;non;['New Balance'];9,0;9h/18h;open 6/7;6;54;5;E0002;Requin;2900;127;2015-10-11;Salesforce;0,05;0,95;C0087;F;63;;True;chasseur_de_promos;0;5;P030;New Balance;Casual;Elite;Sunny Yellow;30;59,75;59,75;True;0,0;0;0;5,0;0,0;0,0;;;2024-01;22264,43
V5643870608;2024-01-20;12:58;S01;Premium;Centre-ville;50;;['New Balance'];;9h/18h;open 6/7;6;54;5;E0002;Requin;2900;127;2015-10-11;Salesforce;0,05;0,95;C0087;F;63;;True;chasseur_de_promos;0;5;G030;Lunettes;Lunettes;Lunettes;None;M;10,0;10,0;False;0,0;0;0;0,0;0,0;0,0;non;9,0;2024-01;22264,43
V9701084801;2024-01-20;18:47;S01;Premium;Centre-ville;50;non;['New Balance'];9,0;9h/18h;open 6/7;6;54;5;E0003;Jeune prometteur;2100;67;2020-09-04;Salesforce;0,13;0,87;C0270;M;34;;True;sneakerhead;0;5;P030;New Balance;Casual;Elite;Sunny Yellow;30;59,75;59,75;True;0,0;0;0;5,0;0,0;0,0;;;2024-01;22264,43
V2431573917;2024-01-31;18:39;S01;Premium;Centre-ville;50;non;['New Balance'];9,0;9h/18h;open 6/7;6;54;5;E0002;Requin;2900;127;2015-10-11;Salesforce;0,05;0,95;C0066;M;35;;True;impulsif;0;11;P037;New Balance;Running;Elite;Premium Black;41;114,45;114,45;False;0,0;0;0;5,0;0,0;0,0;;;2024-01;22264,43
V1640132978;2024-01-01;15:32;S01;Premium;Centre-ville;50;non;['New Balance'];9,0;9h/18h;open 6/7;6;54;5;E0002;Requin;2900;127;2015-10-11;Salesforce;0,05;0,95;C0232;F;44;;False;impulsif;0;0;P030;New Balance;Casual;Elite;Sunny Yellow;30;59,75;59,75;True;0,0;0;0;5,0;0,0;0,0;;;2024-01;22264,43
V1640132978;2024-01-01;15:32;S01;Premium;Centre-ville;50;;['New Balance'];;9h/18h;open 6/7;6;54;5;E0002;Requin;2900;127;2015-10-11;Salesforce;0,05;0,95;C0232;F;44;;False;impulsif;0;0;G030;Bonnet;Bonnet;Bonnet;None;XL;20,0;20,0;False;0,0;0;0;0,0;0,0;0,0;non;9,0;2024-01;22264,43
V8540245743;2024-01-27;09:28;S01;Premium;Centre-ville;50;non;['New Balance'];9,0;9h/18h;open 6/7;6;54;5;E0001;Jeune prometteur;2000;45;2022-07-17;Salesforce;0,12;0,88;C0199;M;48;;True;chasseur_de_promos;0;15;P031;New Balance;Casual;Flex;Brown Bear;42;152,25;152,25;False;0,0;0;0;5,0;0,0;0,0;;;2024-01;22264,43
V7456702096;2024-01-13;14:11;S01;Premium;Centre-ville;50;non;['New Balance'];9,0;9h/18h;open 6/7;6;54;5;E0002;Requin;2900;127;2015-10-11;Salesforce;0,05;0,95;C0137;M;32;;True;sneakerhead;0;5;P030;New Balance;Casual;Elite;Sunny Yellow;30;59,75;59,75;True;0,0;0;0;5,0;0,0;0,0;;;2024-01;22264,43
V3035122896;2024-01-08;14:49;S01;Premium;Centre-ville;50;non;['New Balance'];9,0;9h/18h;open 6/7;6;54;5;E0002;Requin;2900;127;2015-10-11;Salesforce;0,05;0,95;C0283;M;32;;False;impulsif;0;0;P030;New Balance;Casual;Elite;Sunny Yellow;30;59,75;59,75;True;0,0;0;0;5,0;0,0;0,0;;;2024-01;22264,43
V6249433769;2024-01-22;12:20;S01;Premium;Centre-ville;50;non;['New Balance'];9,0;9h/18h;open 6/7;6;54;5;E0001;Jeune prometteur;2000;45;2022-07-17;Salesforce;0,12;0,88;C0077;F;61;;True;impulsif;0;15;P010;New Balance;Running;Flex;Red Blood;42;152,25;152,25;False;0,0;0;0;5,0;0,0;0,0;;;2024-01;22264,43
V3046218399;2024-01-30;13:59;S01;Premium;Centre-ville;50;non;['New Balance'];9,0;9h/18h;open 6/7;6;54;5;E0001;Jeune prometteur;2000;45;2022-07-17;Salesforce;0,12;0,88;C0239;F;38;;False;impulsif;0;0;P010;New Balance;Running;Flex;Red Blood;42;152,25;152,25;False;0,0;0;0;5,0;0,0;0,0;;;2024-01;22264,43
V3483080853;2024-01-20;15:01;S01;Premium;Centre-ville;50;non;['New Balance'];9,0;9h/18h;open 6/7;6;54;5;E0002;Requin;2900;127;2015-10-11;Salesforce;0,05;0,95;C0106;M;36;;True;sneakerhead;0;5;P030;New Balance;Casual;Elite;Sunny Yellow;30;59,75;59,75;True;0,0;0;0;5,0;0,0;0,0;;;2024-01;22264,43
V8775491499;2024-01-12;11:45;S01;Premium;Centre-ville;50;non;['New Balance'];9,0;9h/18h;open 6/7;6;54;5;E0002;Requin;2900;127;2015-10-11;Salesforce;0,05;0,95;C0095;M;45;;True;chasseur_de_promos;0;5;P030;New Balance;Casual;Elite;Sunny Yellow;30;59,75;59,75;True;0,0;0;0;5,0;0,0;0,0;;;2024-01;22264,43
V3812859991;2024-01-29;12:36;S01;Premium;Centre-ville;50;non;['New Balance'];9,0;9h/18h;open 6/7;6;54;5;E0002;Requin;2900;127;2015-10-11;Salesforce;0,05;0,95;C0266;M;25;;True;sneakerhead;40;5;P030;New Balance;Casual;Elite;Sunny Yellow;30;49,97;59,75;True;9,780000000000001;0;4;5,0;5,78;16,4;;;2024-01;22264,43
V4944936994;2024-01-31;12:33;S01;Premium;Centre-ville;50;non;['New Balance'];9,0;9h/18h;open 6/7;6;54;5;E0002;Requin;2900;127;2015-10-11;Salesforce;0,05;0,95;C0051;F;50;;True;chasseur_de_promos;0;5;P030;New Balance;Casual;Elite;Sunny Yellow;30;59,75;59,75;True;0,0;0;0;5,0;0,0;0,0;;;2024-01;22264,43
V6082601607;2024-01-10;16:38;S01;Premium;Centre-ville;50;non;['New Balance'];9,0;9h/18h;open 6/7;6;54;5;E0002;Requin;2900;127;2015-10-11;Salesforce;0,05;0,95;C0125;F;42;;True;impulsif;0;13;P035;New Balance;Basketball;Zoom;Pink;37;135,45;135,45;False;0,0;0;0;5,0;0,0;0,0;;;2024-01;22264,43
V6082601607;2024-01-10;16:38;S01;Premium;Centre-ville;50;;['New Balance'];;9h/18h;open 6/7;6;54;5;E0002;Requin;2900;127;2015-10-11;Salesforce;0,05;0,95;C0125;F;42;;True;impulsif;0;13;G035;Lunettes;Lunettes;Lunettes;None;XS;30,0;30,0;False;0,0;0;0;0,0;0,0;0,0;non;9,0;2024-01;22264,43
V6082601607;2024-01-10;16:38;S01;Premium;Centre-ville;50;;['New Balance'];;9h/18h;open 6/7;6;54;5;E0002;Requin;2900;127;2015-10-11;Salesforce;0,05;0,95;C0125;F;42;;True;impulsif;0;13;G035;Bonnet;Bonnet;Bonnet;None;XS;10,0;10,0;False;0,0;0;0;0,0;0,0;0,0;non;9,0;2024-01;22264,43
V6082601607;2024-01-10;16:38;S01;Premium;Centre-ville;50;;['New Balance'];;9h/18h;open 6/7;6;54;5;E0002;Requin;2900;127;2015-10-11;Salesforce;0,05;0,95;C0125;F;42;;True;impulsif;0;13;G035;Lunettes;Lunettes;Lunettes;None;M;20,0;20,0;False;0,0;0;0;0,0;0,0;0,0;non;9,0;2024-01;22264,43
V2645335307;2024-01-27;16:08;S01;Premium;Centre-ville;50;non;['New Balance'];9,0;9h/18h;open 6/7;6;54;5;E0002;Requin;2900;127;2015-10-11;Salesforce;0,05;0,95;C0043;F;60;;True;impulsif;0;15;P010;New Balance;Running;Flex;Red Blood;42;152,25;152,25;False;0,0;0;0;5,0;0,0;0,0;;;2024-01;22264,43
V2645335307;2024-01-27;16:08;S01;Premium;Centre-ville;50;;['New Balance'];;9h/18h;open 6/7;6;54;5;E0002;Requin;2900;127;2015-10-11;Salesforce;0,05;0,95;C0043;F;60;;True;impulsif;0;15;G010;Tee-short;Tee-short;Tee-short;None;S;30,0;30,0;False;0,0;0;0;0,0;0,0;0,0;non;9,0;2024-01;22264,43
V1473620454;2024-01-16;16:09;S01;Premium;Centre-ville;50;non;['New Balance'];9,0;9h/18h;open 6/7;6;54;5;E0002;Requin;2900;127;2015-10-11;Salesforce;0,05;0,95;C0105;M;37;;True;sneakerhead;0;13;P035;New Balance;Basketball;Zoom;Pink;37;135,45;135,45;False;0,0;0;0;5,0;0,0;0,0;;;2024-01;22264,43
V1473620454;2024-01-16;16:09;S01;Premium;Centre-ville;50;;['New Balance'];;9h/18h;open 6/7;6;54;5;E0002;Requin;2900;127;2015-10-11;Salesforce;0,05;0,95;C0105;M;37;;True;sneakerhead;0;13;G035;Lacets;Lacets;Lacets;None;L;10,0;10,0;False;0,0;0;0;0,0;0,0;0,0;non;9,0;2024-01;22264,43
V1747699549;2024-01-20;09:36;S01;Premium;Centre-ville;50;non;['New Balance'];9,0;9h/18h;open 6/7;6;54;5;E0002;Requin;2900;127;2015-10-11;Salesforce;0,05;0,95;C0021;F;46;;True;sneakerhead;0;5;P030;New Balance;Casual;Elite;Sunny Yellow;30;59,75;59,75;True;0,0;0;0;5,0;0,0;0,0;;;2024-01;22264,43
V1747699549;2024-01-20;09:36;S01;Premium;Centre-ville;50;;['New Balance'];;9h/18h;open 6/7;6;54;5;E0002;Requin;2900;127;2015-10-11;Salesforce;0,05;0,95;C0021;F;46;;True;sneakerhead;0;5;G030;Lunettes;Lunettes;Lunettes;None;XS;30,0;30,0;False;0,0;0;0;0,0;0,0;0,0;non;9,0;2024-01;22264,43
V7609889584;2024-01-27;10:49;S01;Premium;Centre-ville;50;non;['New Balance'];9,0;9h/18h;open 6/7;6;54;5;E0003;Jeune prometteur;2100;67;2020-09-04;Salesforce;0,13;0,87;C0042;F;46;;True;sneakerhead;0;5;P030;New Balance;Casual;Elite;Sunny Yellow;30;59,75;59,75;True;0,0;0;0;5,0;0,0;0,0;;;2024-01;22264,43
V6278249994;2024-01-29;14:52;S01;Premium;Centre-ville;50;non;['New Balance'];9,0;9h/18h;open 6/7;6;54;5;E0005;Expérimenté;2800;106;2017-07-01;Salesforce;0,05;0,95;C0224;F;45;;True;sneakerhead;0;14;P040;New Balance;Running;Air;Deep Purple;43;145,95;145,95;False;0,0;0;0;5,0;0,0;0,0;;;2024-01;22264,43
V6278249994;2024-01-29;14:52;S01;Premium;Centre-ville;50;;['New Balance'];;9h/18h;open 6/7;6;54;5;E0005;Expérimenté;2800;106;2017-07-01;Salesforce;0,05;0,95;C0224;F;45;;True;sneakerhead;0;14;G040;Lacets;Lacets;Lacets;None;XL;10,0;10,0;False;0,0;0;0;0,0;0,0;0,0;non;9,0;2024-01;22264,43
V1125689467;2024-01-01;16:32;S01;Premium;Centre-ville;50;non;['New Balance'];9,0;9h/18h;open 6/7;6;54;5;E0003;Jeune prometteur;2100;67;2020-09-04;Salesforce;0,13;0,87;C0036;M;36;;True;impulsif;0;15;P031;New Balance;Casual;Flex;Brown Bear;42;152,25;152,25;False;0,0;0;0;5,0;0,0;0,0;;;2024-01;22264,43
V3290521769;2024-01-04;16:54;S01;Premium;Centre-ville;50;non;['New Balance'];9,0;9h/18h;open 6/7;6;54;5;E0003;Jeune prometteur;2100;67;2020-09-04;Salesforce;0,13;0,87;C0157;M;43;;True;impulsif;0;16;P034;New Balance;Basketball;Zoom;Premium Black;39;166,95;166,95;False;0,0;0;0;5,0;0,0;0,0;;;2024-01;22264,43
V8286110653;2024-01-15;12:54;S01;Premium;Centre-ville;50;non;['New Balance'];9,0;9h/18h;open 6/7;6;54;5;E0004;Blasé;2600;246;2006-01-09;Manager;0,21;0,79;C0243;F;49;;True;impulsif;0;13;P035;New Balance;Basketball;Zoom;Pink;37;135,45;135,45;False;0,0;0;0;5,0;0,0;0,0;;;2024-01;22264,43
V3863222137;2024-01-27;09:17;S01;Premium;Centre-ville;50;non;['New Balance'];9,0;9h/18h;open 6/7;6;54;5;E0003;Jeune prometteur;2100;67;2020-09-04;Salesforce;0,13;0,87;C0265;F;39;;True;sneakerhead;0;5;P030;New Balance;Casual;Elite;Sunny Yellow;30;59,75;59,75;True;0,0;0;0;5,0;0,0;0,0;;;2024-01;22264,43
V3250066421;2024-01-22;14:11;S01;Premium;Centre-ville;50;non;['New Balance'];9,0;9h/18h;open 6/7;6;54;5;E0001;Jeune prometteur;2000;45;2022-07-17;Salesforce;0,12;0,88;C0100;F;39;;True;impulsif;0;15;P031;New Balance;Casual;Flex;Brown Bear;42;152,25;152,25;False;0,0;0;0;5,0;0,0;0,0;;;2024-01;22264,43
V1106498335;2024-01-27;15:10;S01;Premium;Centre-ville;50;non;['New Balance'];9,0;9h/18h;open 6/7;6;54;5;E0002;Requin;2900;127;2015-10-11;Salesforce;0,05;0,95;C0266;M;25;;True;sneakerhead;0;5;P030;New Balance;Casual;Elite;Sunny Yellow;30;59,75;59,75;True;0,0;0;0;5,0;0,0;0,0;;;2024-01;22264,43
V1106498335;2024-01-27;15:10;S01;Premium;Centre-ville;50;;['New Balance'];;9h/18h;open 6/7;6;54;5;E0002;Requin;2900;127;2015-10-11;Salesforce;0,05;0,95;C0266;M;25;;True;sneakerhead;0;5;G030;Tee-short;Tee-short;Tee-short;None;XL;30,0;30,0;False;0,0;0;0;0,0;0,0;0,0;non;9,0;2024-01;22264,43
V4522547975;2024-01-06;17:50;S01;Premium;Centre-ville;50;non;['New Balance'];9,0;9h/18h;open 6/7;6;54;5;E0002;Requin;2900;127;2015-10-11;Salesforce;0,05;0,95;C0029;M;46;;True;sneakerhead;0;5;P030;New Balance;Casual;Elite;Sunny Yellow;30;59,75;59,75;True;0,0;0;0;5,0;0,0;0,0;;;2024-01;22264,43
V4642331593;2024-01-31;14:02;S01;Premium;Centre-ville;50;non;['New Balance'];9,0;9h/18h;open 6/7;6;54;5;E0002;Requin;2900;127;2015-10-11;Salesforce;0,05;0,95;C0178;F;36;;False;sneakerhead;0;0;P030;New Balance;Casual;Elite;Sunny Yellow;30;59,75;59,75;True;0,0;0;0;5,0;0,0;0,0;;;2024-01;22264,43
V5618243132;2024-01-20;14:30;S01;Premium;Centre-ville;50;non;['New Balance'];9,0;9h/18h;open 6/7;6;54;5;E0001;Jeune prometteur;2000;45;2022-07-17;Salesforce;0,12;0,88;C0245;M;30;;False;chasseur_de_promos;0;0;P035;New Balance;Basketball;Zoom;Pink;37;128,67999999999998;135,45;False;0,0;0;0;5,0;0,0;5,0;;;2024-01;22264,43
V6730036213;2024-01-22;09:52;S01;Premium;Centre-ville;50;non;['New Balance'];9,0;9h/18h;open 6/7;6;54;5;E0001;Jeune prometteur;2000;45;2022-07-17;Salesforce;0,12;0,88;C0163;F;43;;True;chasseur_de_promos;20;13;P010;New Balance;Running;Flex;Red Blood;42;135,02;152,25;False;2,0;0;2;5,0;0,0;11,3;;;2024-01;22264,43
V6403053192;2024-01-06;13:44;S01;Premium;Centre-ville;50;non;['New Balance'];9,0;9h/18h;open 6/7;6;54;5;E0002;Requin;2900;127;2015-10-11;Salesforce;0,05;0,95;C0066;M;35;;True;impulsif;0;5;P030;New Balance;Casual;Elite;Sunny Yellow;30;59,75;59,75;True;0,0;0;0;5,0;0,0;0,0;;;2024-01;22264,43
V1528174792;2024-01-17;12:59;S01;Premium;Centre-ville;50;non;['New Balance'];9,0;9h/18h;open 6/7;6;54;5;E0002;Requin;2900;127;2015-10-11;Salesforce;0,05;0,95;C0127;M;28;;True;sneakerhead;0;5;P030;New Balance;Casual;Elite;Sunny Yellow;30;59,75;59,75;True;0,0;0;0;5,0;0,0;0,0;;;2024-01;22264,43
V2696484195;2024-01-24;13:54;S01;Premium;Centre-ville;50;non;['New Balance'];9,0;9h/18h;open 6/7;6;54;5;E0002;Requin;2900;127;2015-10-11;Salesforce;0,05;0,95;C0134;M;49;;False;chasseur_de_promos;0;0;P030;New Balance;Casual;Elite;Sunny Yellow;30;59,75;59,75;True;0,0;0;0;5,0;0,0;0,0;;;2024-01;22264,43
V6059324093;2024-01-15;18:55;S01;Premium;Centre-ville;50;non;['New Balance'];9,0;9h/18h;open 6/7;6;54;5;E0002;Requin;2900;127;2015-10-11;Salesforce;0,05;0,95;C0208;F;40;;True;sneakerhead;0;5;P030;New Balance;Casual;Elite;Sunny Yellow;30;59,75;59,75;True;0,0;0;0;5,0;0,0;0,0;;;2024-01;22264,43
V8373641149;2024-01-07;13:27;S01;Premium;Centre-ville;50;non;['New Balance'];9,0;9h/18h;open 6/7;6;54;5;E0005;Expérimenté;2800;106;2017-07-01;Salesforce;0,05;0,95;C0154;M;45;;True;chasseur_de_promos;0;10;P037;New Balance;Running;Elite;Premium Black;41;103,0;114,45;False;0,0;0;0;5,0;0,0;10,0;;;2024-01;22264,43
V6126124149;2024-01-05;13:49;S01;Premium;Centre-ville;50;non;['New Balance'];9,0;9h/18h;open 6/7;6;54;5;E0003;Jeune prometteur;2100;67;2020-09-04;Salesforce;0,13;0,87;C0222;M;49;;True;chasseur_de_promos;40;14;P040;New Balance;Running;Air;Deep Purple;43;141,95;145,95;False;4,0;0;4;5,0;0,0;2,7;;;2024-01;22264,43
V3955001650;2024-01-03;12:31;S01;Premium;Centre-ville;50;non;['New Balance'];9,0;9h/18h;open 6/7;6;54;5;E0003;Jeune prometteur;2100;67;2020-09-04;Salesforce;0,13;0,87;C0287;F;47;;True;impulsif;0;14;P040;New Balance;Running;Air;Deep Purple;43;145,95;145,95;False;0,0;0;0;5,0;0,0;0,0;;;2024-01;22264,43
V3955001650;2024-01-03;12:31;S01;Premium;Centre-ville;50;;['New Balance'];;9h/18h;open 6/7;6;54;5;E0003;Jeune prometteur;2100;67;2020-09-04;Salesforce;0,13;0,87;C0287;F;47;;True;impulsif;0;14;G040;Bonnet;Bonnet;Bonnet;None;XS;10,0;10,0;False;0,0;0;0;0,0;0,0;0,0;non;9,0;2024-01;22264,43
V6121607258;2024-01-03;10:04;S01;Premium;Centre-ville;50;non;['New Balance'];9,0;9h/18h;open 6/7;6;54;5;E0005;Expérimenté;2800;106;2017-07-01;Salesforce;0,05;0,95;C0136;M;52;;True;chasseur_de_promos;0;15;P031;New Balance;Casual;Flex;Brown Bear;42;152,25;152,25;False;0,0;0;0;5,0;0,0;0,0;;;2024-01;22264,43
V4042694623;2024-01-05;15:25;S01;Premium;Centre-ville;50;non;['New Balance'];9,0;9h/18h;open 6/7;6;54;5;E0001;Jeune prometteur;2000;45;2022-07-17;Salesforce;0,12;0,88;C0209;M;36;;False;impulsif;0;0;P040;New Balance;Running;Air;Deep Purple;43;145,95;145,95;False;0,0;0;0;5,0;0,0;0,0;;;2024-01;22264,43
V9940449062;2024-01-06;17:53;S01;Premium;Centre-ville;50;non;['New Balance'];9,0;9h/18h;open 6/7;6;54;5;E0003;Jeune prometteur;2100;67;2020-09-04;Salesforce;0,13;0,87;C0081;M;34;;False;chasseur_de_promos;0;0;P010;New Balance;Running;Flex;Red Blood;42;152,25;152,25;False;0,0;0;0;5,0;0,0;0,0;;;2024-01;22264,43
V6960777957;2024-01-22;13:49;S01;Premium;Centre-ville;50;non;['New Balance'];9,0;9h/18h;open 6/7;6;54;5;E0002;Requin;2900;127;2015-10-11;Salesforce;0,05;0,95;C0275;M;33;;False;chasseur_de_promos;0;0;P030;New Balance;Casual;Elite;Sunny Yellow;30;59,75;59,75;True;0,0;0;0;5,0;0,0;0,0;;;2024-01;22264,43
V4423694531;2024-01-23;13:59;S01;Premium;Centre-ville;50;non;['New Balance'];9,0;9h/18h;open 6/7;6;54;5;E0003;Jeune prometteur;2100;67;2020-09-04;Salesforce;0,13;0,87;C0032;F;37;;True;chasseur_de_promos;0;14;P040;New Balance;Running;Air;Deep Purple;43;145,95;145,95;False;0,0;0;0;5,0;0,0;0,0;;;2024-01;22264,43
V1014427898;2024-01-25;15:33;S01;Premium;Centre-ville;50;non;['New Balance'];9,0;9h/18h;open 6/7;6;54;5;E0002;Requin;2900;127;2015-10-11;Salesforce;0,05;0,95;C0024;F;39;;True;impulsif;0;5;P030;New Balance;Casual;Elite;Sunny Yellow;30;59,75;59,75;True;0,0;0;0;5,0;0,0;0,0;;;2024-01;22264,43
V1014427898;2024-01-25;15:33;S01;Premium;Centre-ville;50;;['New Balance'];;9h/18h;open 6/7;6;54;5;E0002;Requin;2900;127;2015-10-11;Salesforce;0,05;0,95;C0024;F;39;;True;impulsif;0;5;G030;Echarpe;Echarpe;Echarpe;None;XS;10,0;10,0;False;0,0;0;0;0,0;0,0;0,0;non;9,0;2024-01;22264,43
V1195421345;2024-01-25;10:30;S01;Premium;Centre-ville;50;non;['New Balance'];9,0;9h/18h;open 6/7;6;54;5;E0002;Requin;2900;127;2015-10-11;Salesforce;0,05;0,95;C0076;M;66;;True;chasseur_de_promos;0;5;P030;New Balance;Casual;Elite;Sunny Yellow;30;49,75;59,75;True;10,0;10;0;5,0;0,0;16,7;;;2024-01;22264,43
V1195421345;2024-01-25;10:30;S01;Premium;Centre-ville;50;;['New Balance'];;9h/18h;open 6/7;6;54;5;E0002;Requin;2900;127;2015-10-11;Salesforce;0,05;0,95;C0076;M;66;;True;chasseur_de_promos;0;5;G030;Lunettes;Lunettes;Lunettes;None;M;10,0;10,0;False;0,0;0;0;0,0;0,0;0,0;non;9,0;2024-01;22264,43
V7627585585;2024-01-04;11:37;S01;Premium;Centre-ville;50;non;['New Balance'];9,0;9h/18h;open 6/7;6;54;5;E0002;Requin;2900;127;2015-10-11;Salesforce;0,05;0,95;C0016;M;37;;False;impulsif;0;0;P030;New Balance;Casual;Elite;Sunny Yellow;30;59,75;59,75;True;0,0;0;0;5,0;0,0;0,0;;;2024-01;22264,43
V9597858914;2024-01-13;15:22;S01;Premium;Centre-ville;50;non;['New Balance'];9,0;9h/18h;open 6/7;6;54;5;E0005;Expérimenté;2800;106;2017-07-01;Salesforce;0,05;0,95;C0099;F;46;;False;impulsif;0;0;P031;New Balance;Casual;Flex;Brown Bear;42;152,25;152,25;False;0,0;0;0;5,0;0,0;0,0;;;2024-01;22264,43
V4872211242;2024-01-30;16:04;S01;Premium;Centre-ville;50;non;['New Balance'];9,0;9h/18h;open 6/7;6;54;5;E0005;Expérimenté;2800;106;2017-07-01;Salesforce;0,05;0,95;C0055;F;68;;True;sneakerhead;0;12;P031;New Balance;Casual;Flex;Brown Bear;42;129,41;152,25;False;0,0;0;0;5,0;0,0;15,0;;;2024-01;22264,43
V6956065020;2024-01-15;11:58;S01;Premium;Centre-ville;50;non;['New Balance'];9,0;9h/18h;open 6/7;6;54;5;E0002;Requin;2900;127;2015-10-11;Salesforce;0,05;0,95;C0161;M;34;;False;impulsif;0;0;P030;New Balance;Casual;Elite;Sunny Yellow;30;59,75;59,75;True;0,0;0;0;5,0;0,0;0,0;;;2024-01;22264,43
V5289696194;2024-01-12;17:20;S01;Premium;Centre-ville;50;non;['New Balance'];9,0;9h/18h;open 6/7;6;54;5;E0001;Jeune prometteur;2000;45;2022-07-17;Salesforce;0,12;0,88;C0044;F;26;;True;sneakerhead;0;5;P030;New Balance;Casual;Elite;Sunny Yellow;30;59,75;59,75;True;0,0;0;0;5,0;0,0;0,0;;;2024-01;22264,43
V7536689862;2024-01-15;18:11;S01;Premium;Centre-ville;50;non;['New Balance'];9,0;9h/18h;open 6/7;6;54;5;E0005;Expérimenté;2800;106;2017-07-01;Salesforce;0,05;0,95;C0032;F;37;;True;chasseur_de_promos;0;16;P034;New Balance;Basketball;Zoom;Premium Black;39;166,95;166,95;False;0,0;0;0;5,0;0,0;0,0;;;2024-01;22264,43
V7536689862;2024-01-15;18:11;S01;Premium;Centre-ville;50;;['New Balance'];;9h/18h;open 6/7;6;54;5;E0005;Expérimenté;2800;106;2017-07-01;Salesforce;0,05;0,95;C0032;F;37;;True;chasseur_de_promos;0;16;G034;Lunettes;Lunettes;Lunettes;None;S;30,0;30,0;False;0,0;0;0;0,0;0,0;0,0;non;9,0;2024-01;22264,43
V3387100227;2024-01-12;10:08;S01;Premium;Centre-ville;50;non;['New Balance'];9,0;9h/18h;open 6/7;6;54;5;E0002;Requin;2900;127;2015-10-11;Salesforce;0,05;0,95;C0108;F;39;New Balance;False;fidèle_marque;0;0;P030;New Balance;Casual;Elite;Sunny Yellow;30;55,49;59,75;True;4,26;0;0;5,0;4,26;7,1;;;2024-01;22264,43
V3387100227;2024-01-12;10:08;S01;Premium;Centre-ville;50;;['New Balance'];;9h/18h;open 6/7;6;54;5;E0002;Requin;2900;127;2015-10-11;Salesforce;0,05;0,95;C0108;F;39;New Balance;False;fidèle_marque;0;0;G030;Tee-short;Tee-short;Tee-short;None;XS;20,0;20,0;False;0,0;0;0;0,0;0,0;0,0;non;9,0;2024-01;22264,43
V3387100227;2024-01-12;10:08;S01;Premium;Centre-ville;50;;['New Balance'];;9h/18h;open 6/7;6;54;5;E0002;Requin;2900;127;2015-10-11;Salesforce;0,05;0,95;C0108;F;39;New Balance;False;fidèle_marque;0;0;G030;Lunettes;Lunettes;Lunettes;None;XL;20,0;20,0;False;0,0;0;0;0,0;0,0;0,0;non;9,0;2024-01;22264,43
V8711728065;2024-01-13;15:46;S01;Premium;Centre-ville;50;non;['New Balance'];9,0;9h/18h;open 6/7;6;54;5;E0004;Blasé;2600;246;2006-01-09;Manager;0,21;0,79;C0098;F;44;;False;impulsif;0;0;P040;New Balance;Running;Air;Deep Purple;43;145,95;145,95;False;0,0;0;0;5,0;0,0;0,0;;;2024-01;22264,43
V8711728065;2024-01-13;15:46;S01;Premium;Centre-ville;50;;['New Balance'];;9h/18h;open 6/7;6;54;5;E0004;Blasé;2600;246;2006-01-09;Manager;0,21;0,79;C0098;F;44;;False;impulsif;0;0;G040;Bonnet;Bonnet;Bonnet;None;L;30,0;30,0;False;0,0;0;0;0,0;0,0;0,0;non;9,0;2024-01;22264,43
V8711728065;2024-01-13;15:46;S01;Premium;Centre-ville;50;;['New Balance'];;9h/18h;open 6/7;6;54;5;E0004;Blasé;2600;246;2006-01-09;Manager;0,21;0,79;C0098;F;44;;False;impulsif;0;0;G040;Bonnet;Bonnet;Bonnet;None;XS;20,0;20,0;False;0,0;0;0;0,0;0,0;0,0;non;9,0;2024-01;22264,43
V3720260994;2024-01-18;18:22;S01;Premium;Centre-ville;50;non;['New Balance'];9,0;9h/18h;open 6/7;6;54;5;E0001;Jeune prometteur;2000;45;2022-07-17;Salesforce;0,12;0,88;C0138;M;36;;True;impulsif;0;15;P031;New Balance;Casual;Flex;Brown Bear;42;152,25;152,25;False;0,0;0;0;5,0;0,0;0,0;;;2024-01;22264,43
V7210633250;2024-01-24;12:36;S01;Premium;Centre-ville;50;non;['New Balance'];9,0;9h/18h;open 6/7;6;54;5;E0005;Expérimenté;2800;106;2017-07-01;Salesforce;0,05;0,95;C0044;F;26;;True;sneakerhead;0;5;P030;New Balance;Casual;Elite;Sunny Yellow;30;59,75;59,75;True;0,0;0;0;5,0;0,0;0,0;;;2024-01;22264,43
V5401395267;2024-01-23;14:05;S01;Premium;Centre-ville;50;non;['New Balance'];9,0;9h/18h;open 6/7;6;54;5;E0002;Requin;2900;127;2015-10-11;Salesforce;0,05;0,95;C0240;M;25;;True;sneakerhead;0;5;P030;New Balance;Casual;Elite;Sunny Yellow;30;59,75;59,75;True;0,0;0;0;5,0;0,0;0,0;;;2024-01;22264,43
V5086436531;2024-01-23;16:08;S01;Premium;Centre-ville;50;non;['New Balance'];9,0;9h/18h;open 6/7;6;54;5;E0002;Requin;2900;127;2015-10-11;Salesforce;0,05;0,95;C0275;M;33;;False;chasseur_de_promos;0;0;P030;New Balance;Casual;Elite;Sunny Yellow;30;59,75;59,75;True;0,0;0;0;5,0;0,0;0,0;;;2024-01;22264,43
V1237749072;2024-01-31;16:24;S01;Premium;Centre-ville;50;non;['New Balance'];9,0;9h/18h;open 6/7;6;54;5;E0003;Jeune prometteur;2100;67;2020-09-04;Salesforce;0,13;0,87;C0008;F;42;;True;impulsif;0;14;P040;New Balance;Running;Air;Deep Purple;43;145,95;145,95;False;0,0;0;0;5,0;0,0;0,0;;;2024-01;22264,43
V5643722303;2024-01-05;11:11;S01;Premium;Centre-ville;50;non;['New Balance'];9,0;9h/18h;open 6/7;6;54;5;E0002;Requin;2900;127;2015-10-11;Salesforce;0,05;0,95;C0107;F;36;;True;chasseur_de_promos;0;5;P030;New Balance;Casual;Elite;Sunny Yellow;30;59,75;59,75;True;0,0;0;0;5,0;0,0;0,0;;;2024-01;22264,43
V5643722303;2024-01-05;11:11;S01;Premium;Centre-ville;50;;['New Balance'];;9h/18h;open 6/7;6;54;5;E0002;Requin;2900;127;2015-10-11;Salesforce;0,05;0,95;C0107;F;36;;True;chasseur_de_promos;0;5;G030;Lunettes;Lunettes;Lunettes;None;S;40,0;40,0;False;0,0;0;0;0,0;0,0;0,0;non;9,0;2024-01;22264,43
V2217848375;2024-01-23;11:55;S01;Premium;Centre-ville;50;non;['New Balance'];9,0;9h/18h;open 6/7;6;54;5;E0002;Requin;2900;127;2015-10-11;Salesforce;0,05;0,95;C0091;M;30;;False;impulsif;0;0;P030;New Balance;Casual;Elite;Sunny Yellow;30;59,75;59,75;True;0,0;0;0;5,0;0,0;0,0;;;2024-01;22264,43
V2154218696;2024-01-18;18:18;S01;Premium;Centre-ville;50;non;['New Balance'];9,0;9h/18h;open 6/7;6;54;5;E0002;Requin;2900;127;2015-10-11;Salesforce;0,05;0,95;C0128;M;47;;True;sneakerhead;0;5;P030;New Balance;Casual;Elite;Sunny Yellow;30;59,75;59,75;True;0,0;0;0;5,0;0,0;0,0;;;2024-01;22264,43
V9864879432;2024-01-13;15:05;S01;Premium;Centre-ville;50;non;['New Balance'];9,0;9h/18h;open 6/7;6;54;5;E0005;Expérimenté;2800;106;2017-07-01;Salesforce;0,05;0,95;C0051;F;50;;True;chasseur_de_promos;0;15;P010;New Balance;Running;Flex;Red Blood;42;152,25;152,25;False;0,0;0;0;5,0;0,0;0,0;;;2024-01;22264,43
V9948112062;2024-01-09;15:04;S01;Premium;Centre-ville;50;non;['New Balance'];9,0;9h/18h;open 6/7;6;54;5;E0003;Jeune prometteur;2100;67;2020-09-04;Salesforce;0,13;0,87;C0018;M;36;;True;chasseur_de_promos;0;14;P040;New Balance;Running;Air;Deep Purple;43;145,95;145,95;False;0,0;0;0;5,0;0,0;0,0;;;2024-01;22264,43
V8067047620;2024-01-04;13:55;S01;Premium;Centre-ville;50;non;['New Balance'];9,0;9h/18h;open 6/7;6;54;5;E0001;Jeune prometteur;2000;45;2022-07-17;Salesforce;0,12;0,88;C0168;M;35;;True;impulsif;0;11;P037;New Balance;Running;Elite;Premium Black;41;114,45;114,45;False;0,0;0;0;5,0;0,0;0,0;;;2024-01;22264,43
V9209042873;2024-01-04;13:48;S01;Premium;Centre-ville;50;non;['New Balance'];9,0;9h/18h;open 6/7;6;54;5;E0005;Expérimenté;2800;106;2017-07-01;Salesforce;0,05;0,95;C0062;M;52;;True;sneakerhead;0;5;P030;New Balance;Casual;Elite;Sunny Yellow;30;59,75;59,75;True;0,0;0;0;5,0;0,0;0,0;;;2024-01;22264,43
V8201033165;2024-01-25;17:16;S01;Premium;Centre-ville;50;non;['New Balance'];9,0;9h/18h;open 6/7;6;54;5;E0001;Jeune prometteur;2000;45;2022-07-17;Salesforce;0,12;0,88;C0067;M;26;New Balance;True;fidèle_marque;0;10;P040;New Balance;Running;Air;Deep Purple;43;102,16999999999999;145,95;False;0,0;0;0;5,0;0,0;30,0;;;2024-01;22264,43
V1391352330;2024-01-31;14:21;S01;Premium;Centre-ville;50;non;['New Balance'];9,0;9h/18h;open 6/7;6;54;5;E0002;Requin;2900;127;2015-10-11;Salesforce;0,05;0,95;C0267;M;50;;True;impulsif;0;5;P030;New Balance;Casual;Elite;Sunny Yellow;30;59,75;59,75;True;0,0;0;0;5,0;0,0;0,0;;;2024-01;22264,43
V1391352330;2024-01-31;14:21;S01;Premium;Centre-ville;50;;['New Balance'];;9h/18h;open 6/7;6;54;5;E0002;Requin;2900;127;2015-10-11;Salesforce;0,05;0,95;C0267;M;50;;True;impulsif;0;5;G030;Tee-short;Tee-short;Tee-short;None;XL;30,0;30,0;False;0,0;0;0;0,0;0,0;0,0;non;9,0;2024-01;22264,43
V1391352330;2024-01-31;14:21;S01;Premium;Centre-ville;50;;['New Balance'];;9h/18h;open 6/7;6;54;5;E0002;Requin;2900;127;2015-10-11;Salesforce;0,05;0,95;C0267;M;50;;True;impulsif;0;5;G030;Lacets;Lacets;Lacets;None;L;10,0;10,0;False;0,0;0;0;0,0;0,0;0,0;non;9,0;2024-01;22264,43
V1391352330;2024-01-31;14:21;S01;Premium;Centre-ville;50;;['New Balance'];;9h/18h;open 6/7;6;54;5;E0002;Requin;2900;127;2015-10-11;Salesforce;0,05;0,95;C0267;M;50;;True;impulsif;0;5;G030;Echarpe;Echarpe;Echarpe;None;S;40,0;40,0;False;0,0;0;0;0,0;0,0;0,0;non;9,0;2024-01;22264,43
V4863589015;2024-01-13;18:28;S01;Premium;Centre-ville;50;non;['New Balance'];9,0;9h/18h;open 6/7;6;54;5;E0003;Jeune prometteur;2100;67;2020-09-04;Salesforce;0,13;0,87;C0123;F;31;;False;chasseur_de_promos;0;0;P030;New Balance;Casual;Elite;Sunny Yellow;30;59,75;59,75;True;0,0;0;0;5,0;0,0;0,0;;;2024-01;22264,43
V6805301872;2024-01-13;13:24;S01;Premium;Centre-ville;50;non;['New Balance'];9,0;9h/18h;open 6/7;6;54;5;E0001;Jeune prometteur;2000;45;2022-07-17;Salesforce;0,12;0,88;C0187;F;39;;True;sneakerhead;0;5;P030;New Balance;Casual;Elite;Sunny Yellow;30;59,75;59,75;True;0,0;0;0;5,0;0,0;0,0;;;2024-01;22264,43
V1525642042;2024-01-10;10:30;S01;Premium;Centre-ville;50;non;['New Balance'];9,0;9h/18h;open 6/7;6;54;5;E0005;Expérimenté;2800;106;2017-07-01;Salesforce;0,05;0,95;C0042;F;46;;True;sneakerhead;0;5;P030;New Balance;Casual;Elite;Sunny Yellow;30;33,75;59,75;True;26,0;26;0;5,0;0,0;43,5;;;2024-01;22264,43
V1806528407;2024-01-31;18:45;S01;Premium;Centre-ville;50;non;['New Balance'];9,0;9h/18h;open 6/7;6;54;5;E0004;Blasé;2600;246;2006-01-09;Manager;0,21;0,79;C0012;M;38;;False;impulsif;0;0;P035;New Balance;Basketball;Zoom;Pink;37;135,45;135,45;False;0,0;0;0;5,0;0,0;0,0;;;2024-01;22264,43
V1806528407;2024-01-31;18:45;S01;Premium;Centre-ville;50;;['New Balance'];;9h/18h;open 6/7;6;54;5;E0004;Blasé;2600;246;2006-01-09;Manager;0,21;0,79;C0012;M;38;;False;impulsif;0;0;G035;Lunettes;Lunettes;Lunettes;None;XS;40,0;40,0;False;0,0;0;0;0,0;0,0;0,0;non;9,0;2024-01;22264,43
V4394298383;2024-01-27;13:04;S01;Premium;Centre-ville;50;non;['New Balance'];9,0;9h/18h;open 6/7;6;54;5;E0003;Jeune prometteur;2100;67;2020-09-04;Salesforce;0,13;0,87;C0169;F;37;;False;chasseur_de_promos;0;0;P031;New Balance;Casual;Flex;Brown Bear;42;152,25;152,25;False;0,0;0;0;5,0;0,0;0,0;;;2024-01;22264,43
V4381310299;2024-01-13;10:21;S01;Premium;Centre-ville;50;non;['New Balance'];9,0;9h/18h;open 6/7;6;54;5;E0002;Requin;2900;127;2015-10-11;Salesforce;0,05;0,95;C0136;M;52;;True;chasseur_de_promos;10;5;P030;New Balance;Casual;Elite;Sunny Yellow;30;58,75;59,75;True;1,0;0;1;5,0;0,0;1,7;;;2024-01;22264,43
V4381310299;2024-01-13;10:21;S01;Premium;Centre-ville;50;;['New Balance'];;9h/18h;open 6/7;6;54;5;E0002;Requin;2900;127;2015-10-11;Salesforce;0,05;0,95;C0136;M;52;;True;chasseur_de_promos;10;5;G030;Tee-short;Tee-short;Tee-short;None;XL;20,0;20,0;False;0,0;0;0;0,0;0,0;0,0;non;9,0;2024-01;22264,43
V5891087824;2024-01-08;15:32;S01;Premium;Centre-ville;50;non;['New Balance'];9,0;9h/18h;open 6/7;6;54;5;E0004;Blasé;2600;246;2006-01-09;Manager;0,21;0,79;C0159;M;33;;True;chasseur_de_promos;0;11;P037;New Balance;Running;Elite;Premium Black;41;92,45;114,45;False;22,0;22;0;5,0;0,0;19,2;;;2024-01;22264,43
V5841156956;2024-01-27;13:02;S01;Premium;Centre-ville;50;non;['New Balance'];9,0;9h/18h;open 6/7;6;54;5;E0005;Expérimenté;2800;106;2017-07-01;Salesforce;0,05;0,95;C0121;M;29;;True;sneakerhead;0;5;P030;New Balance;Casual;Elite;Sunny Yellow;30;59,75;59,75;True;0,0;0;0;5,0;0,0;0,0;;;2024-01;22264,43
V7516159135;2024-01-20;14:01;S01;Premium;Centre-ville;50;non;['New Balance'];9,0;9h/18h;open 6/7;6;54;5;E0005;Expérimenté;2800;106;2017-07-01;Salesforce;0,05;0,95;C0157;M;43;;True;impulsif;0;11;P037;New Balance;Running;Elite;Premium Black;41;114,45;114,45;False;0,0;0;0;5,0;0,0;0,0;;;2024-01;22264,43
V1228144769;2024-01-06;17:58;S01;Premium;Centre-ville;50;non;['New Balance'];9,0;9h/18h;open 6/7;6;54;5;E0004;Blasé;2600;246;2006-01-09;Manager;0,21;0,79;C0100;F;39;;True;impulsif;0;13;P035;New Balance;Basketball;Zoom;Pink;37;135,45;135,45;False;0,0;0;0;5,0;0,0;0,0;;;2024-01;22264,43
V8657579514;2024-01-19;11:41;S01;Premium;Centre-ville;50;non;['New Balance'];9,0;9h/18h;open 6/7;6;54;5;E0002;Requin;2900;127;2015-10-11;Salesforce;0,05;0,95;C0269;F;37;;True;sneakerhead;0;5;P030;New Balance;Casual;Elite;Sunny Yellow;30;59,75;59,75;True;0,0;0;0;5,0;0,0;0,0;;;2024-01;22264,43
V7004209260;2024-01-11;17:24;S01;Premium;Centre-ville;50;non;['New Balance'];9,0;9h/18h;open 6/7;6;54;5;E0002;Requin;2900;127;2015-10-11;Salesforce;0,05;0,95;C0130;F;37;;False;impulsif;0;0;P030;New Balance;Casual;Elite;Sunny Yellow;30;59,75;59,75;True;0,0;0;0;5,0;0,0;0,0;;;2024-01;22264,43
V1393369616;2024-01-04;12:32;S01;Premium;Centre-ville;50;non;['New Balance'];9,0;9h/18h;open 6/7;6;54;5;E0001;Jeune prometteur;2000;45;2022-07-17;Salesforce;0,12;0,88;C0197;F;29;;True;chasseur_de_promos;0;15;P010;New Balance;Running;Flex;Red Blood;42;152,25;152,25;False;0,0;0;0;5,0;0,0;0,0;;;2024-01;22264,43
V5547784782;2024-01-04;09:10;S01;Premium;Centre-ville;50;non;['New Balance'];9,0;9h/18h;open 6/7;6;54;5;E0005;Expérimenté;2800;106;2017-07-01;Salesforce;0,05;0,95;C0148;M;36;;False;impulsif;0;0;P035;New Balance;Basketball;Zoom;Pink;37;135,45;135,45;False;0,0;0;0;5,0;0,0;0,0;;;2024-01;22264,43
V9086788924;2024-01-12;15:56;S01;Premium;Centre-ville;50;non;['New Balance'];9,0;9h/18h;open 6/7;6;54;5;E0003;Jeune prometteur;2100;67;2020-09-04;Salesforce;0,13;0,87;C0262;F;55;;True;chasseur_de_promos;0;15;P010;New Balance;Running;Flex;Red Blood;42;136,25;152,25;False;16,0;16;0;5,0;0,0;10,5;;;2024-01;22264,43
V5138291068;2024-01-16;18:10;S01;Premium;Centre-ville;50;non;['New Balance'];9,0;9h/18h;open 6/7;6;54;5;E0003;Jeune prometteur;2100;67;2020-09-04;Salesforce;0,13;0,87;C0282;M;48;;False;sneakerhead;0;0;P030;New Balance;Casual;Elite;Sunny Yellow;30;59,75;59,75;True;0,0;0;0;5,0;0,0;0,0;;;2024-01;22264,43
V5138291068;2024-01-16;18:10;S01;Premium;Centre-ville;50;;['New Balance'];;9h/18h;open 6/7;6;54;5;E0003;Jeune prometteur;2100;67;2020-09-04;Salesforce;0,13;0,87;C0282;M;48;;False;sneakerhead;0;0;G030;Tee-short;Tee-short;Tee-short;None;S;40,0;40,0;False;0,0;0;0;0,0;0,0;0,0;non;9,0;2024-01;22264,43
V4289782420;2024-01-06;17:41;S01;Premium;Centre-ville;50;non;['New Balance'];9,0;9h/18h;open 6/7;6;54;5;E0002;Requin;2900;127;2015-10-11;Salesforce;0,05;0,95;C0158;M;37;;False;impulsif;0;0;P030;New Balance;Casual;Elite;Sunny Yellow;30;59,75;59,75;True;0,0;0;0;5,0;0,0;0,0;;;2024-01;22264,43
V4300663661;2024-01-16;10:44;S01;Premium;Centre-ville;50;non;['New Balance'];9,0;9h/18h;open 6/7;6;54;5;E0002;Requin;2900;127;2015-10-11;Salesforce;0,05;0,95;C0077;F;61;;True;impulsif;0;14;P040;New Balance;Running;Air;Deep Purple;43;145,95;145,95;False;0,0;0;0;5,0;0,0;0,0;;;2024-01;22264,43
V4300663661;2024-01-16;10:44;S01;Premium;Centre-ville;50;;['New Balance'];;9h/18h;open 6/7;6;54;5;E0002;Requin;2900;127;2015-10-11;Salesforce;0,05;0,95;C0077;F;61;;True;impulsif;0;14;G040;Lunettes;Lunettes;Lunettes;None;S;20,0;20,0;False;0,0;0;0;0,0;0,0;0,0;non;9,0;2024-01;22264,43
V7192546606;2024-01-08;13:19;S01;Premium;Centre-ville;50;non;['New Balance'];9,0;9h/18h;open 6/7;6;54;5;E0005;Expérimenté;2800;106;2017-07-01;Salesforce;0,05;0,95;C0124;F;34;;True;sneakerhead;0;5;P030;New Balance;Casual;Elite;Sunny Yellow;30;59,75;59,75;True;0,0;0;0;5,0;0,0;0,0;;;2024-01;22264,43
V5098896879;2024-01-13;13:36;S01;Premium;Centre-ville;50;non;['New Balance'];9,0;9h/18h;open 6/7;6;54;5;E0001;Jeune prometteur;2000;45;2022-07-17;Salesforce;0,12;0,88;C0225;F;47;;False;impulsif;0;0;P040;New Balance;Running;Air;Deep Purple;43;145,95;145,95;False;0,0;0;0;5,0;0,0;0,0;;;2024-01;22264,43
V1794482694;2024-01-22;17:53;S01;Premium;Centre-ville;50;non;['New Balance'];9,0;9h/18h;open 6/7;6;54;5;E0003;Jeune prometteur;2100;67;2020-09-04;Salesforce;0,13;0,87;C0012;M;38;;False;impulsif;0;0;P031;New Balance;Casual;Flex;Brown Bear;42;106,58;152,25;False;0,0;0;0;5,0;0,0;30,0;;;2024-01;22264,43
V3749472631;2024-01-12;10:38;S01;Premium;Centre-ville;50;non;['New Balance'];9,0;9h/18h;open 6/7;6;54;5;E0005;Expérimenté;2800;106;2017-07-01;Salesforce;0,05;0,95;C0159;M;33;;True;chasseur_de_promos;0;15;P031;New Balance;Casual;Flex;Brown Bear;42;152,25;152,25;False;0,0;0;0;5,0;0,0;0,0;;;2024-01;22264,43
V3629044920;2024-01-16;14:52;S01;Premium;Centre-ville;50;non;['New Balance'];9,0;9h/18h;open 6/7;6;54;5;E0002;Requin;2900;127;2015-10-11;Salesforce;0,05;0,95;C0195;F;26;;False;chasseur_de_promos;0;0;P030;New Balance;Casual;Elite;Sunny Yellow;30;59,75;59,75;True;0,0;0;0;5,0;0,0;0,0;;;2024-01;22264,43
V3629044920;2024-01-16;14:52;S01;Premium;Centre-ville;50;;['New Balance'];;9h/18h;open 6/7;6;54;5;E0002;Requin;2900;127;2015-10-11;Salesforce;0,05;0,95;C0195;F;26;;False;chasseur_de_promos;0;0;G030;Lunettes;Lunettes;Lunettes;None;L;40,0;40,0;False;0,0;0;0;0,0;0,0;0,0;non;9,0;2024-01;22264,43
V3386315180;2024-01-06;14:55;S01;Premium;Centre-ville;50;non;['New Balance'];9,0;9h/18h;open 6/7;6;54;5;E0005;Expérimenté;2800;106;2017-07-01;Salesforce;0,05;0,95;C0053;F;40;;False;impulsif;0;0;P010;New Balance;Running;Flex;Red Blood;42;88,25;152,25;False;64,0;64;0;5,0;0,0;42,0;;;2024-01;22264,43
V4377092444;2024-01-29;13:27;S01;Premium;Centre-ville;50;non;['New Balance'];9,0;9h/18h;open 6/7;6;54;5;E0003;Jeune prometteur;2100;67;2020-09-04;Salesforce;0,13;0,87;C0060;F;25;;True;impulsif;0;16;P034;New Balance;Basketball;Zoom;Premium Black;39;85,94999999999999;166,95;False;81,0;81;0;5,0;0,0;48,5;;;2024-01;22264,43
V3878379100;2024-01-01;09:40;S01;Premium;Centre-ville;50;non;['New Balance'];9,0;9h/18h;open 6/7;6;54;5;E0001;Jeune prometteur;2000;45;2022-07-17;Salesforce;0,12;0,88;C0203;M;33;;False;impulsif;0;0;P010;New Balance;Running;Flex;Red Blood;42;152,25;152,25;False;0,0;0;0;5,0;0,0;0,0;;;2024-01;22264,43
V3878379100;2024-01-01;09:40;S01;Premium;Centre-ville;50;;['New Balance'];;9h/18h;open 6/7;6;54;5;E0001;Jeune prometteur;2000;45;2022-07-17;Salesforce;0,12;0,88;C0203;M;33;;False;impulsif;0;0;G010;Echarpe;Echarpe;Echarpe;None;XS;40,0;40,0;False;0,0;0;0;0,0;0,0;0,0;non;9,0;2024-01;22264,43
V7234033253;2024-01-01;14:11;S01;Premium;Centre-ville;50;non;['New Balance'];9,0;9h/18h;open 6/7;6;54;5;E0005;Expérimenté;2800;106;2017-07-01;Salesforce;0,05;0,95;C0180;F;30;;True;sneakerhead;0;5;P030;New Balance;Casual;Elite;Sunny Yellow;30;59,75;59,75;True;0,0;0;0;5,0;0,0;0,0;;;2024-01;22264,43
V3112001738;2024-01-29;11:59;S01;Premium;Centre-ville;50;non;['New Balance'];9,0;9h/18h;open 6/7;6;54;5;E0002;Requin;2900;127;2015-10-11;Salesforce;0,05;0,95;C0020;F;38;;False;impulsif;0;0;P030;New Balance;Casual;Elite;Sunny Yellow;30;59,75;59,75;True;0,0;0;0;5,0;0,0;0,0;;;2024-01;22264,43
V3112001738;2024-01-29;11:59;S01;Premium;Centre-ville;50;;['New Balance'];;9h/18h;open 6/7;6;54;5;E0002;Requin;2900;127;2015-10-11;Salesforce;0,05;0,95;C0020;F;38;;False;impulsif;0;0;G030;Echarpe;Echarpe;Echarpe;None;XL;40,0;40,0;False;0,0;0;0;0,0;0,0;0,0;non;9,0;2024-01;22264,43
V2747500690;2024-01-22;14:27;S01;Premium;Centre-ville;50;non;['New Balance'];9,0;9h/18h;open 6/7;6;54;5;E0002;Requin;2900;127;2015-10-11;Salesforce;0,05;0,95;C0003;M;57;;False;impulsif;0;0;P030;New Balance;Casual;Elite;Sunny Yellow;30;40,75;59,75;True;19,0;19;0;5,0;0,0;31,8;;;2024-01;22264,43
V6729096102;2024-01-03;09:38;S01;Premium;Centre-ville;50;non;['New Balance'];9,0;9h/18h;open 6/7;6;54;5;E0002;Requin;2900;127;2015-10-11;Salesforce;0,05;0,95;C0214;F;53;;False;impulsif;0;0;P030;New Balance;Casual;Elite;Sunny Yellow;30;59,75;59,75;True;0,0;0;0;5,0;0,0;0,0;;;2024-01;22264,43
V5222450927;2024-01-02;15:35;S01;Premium;Centre-ville;50;non;['New Balance'];9,0;9h/18h;open 6/7;6;54;5;E0002;Requin;2900;127;2015-10-11;Salesforce;0,05;0,95;C0220;M;42;;True;sneakerhead;20;5;P030;New Balance;Casual;Elite;Sunny Yellow;30;57,75;59,75;True;2,0;0;2;5,0;0,0;3,3;;;2024-01;22264,43
V3392362493;2024-01-03;17:59;S01;Premium;Centre-ville;50;non;['New Balance'];9,0;9h/18h;open 6/7;6;54;5;E0003;Jeune prometteur;2100;67;2020-09-04;Salesforce;0,13;0,87;C0274;M;36;;True;impulsif;0;14;P010;New Balance;Running;Flex;Red Blood;42;144,64;152,25;False;0,0;0;0;5,0;0,0;5,0;;;2024-01;22264,43
V3392362493;2024-01-03;17:59;S01;Premium;Centre-ville;50;;['New Balance'];;9h/18h;open 6/7;6;54;5;E0003;Jeune prometteur;2100;67;2020-09-04;Salesforce;0,13;0,87;C0274;M;36;;True;impulsif;0;14;G010;Bonnet;Bonnet;Bonnet;None;M;30,0;30,0;False;0,0;0;0;0,0;0,0;0,0;non;9,0;2024-01;22264,43
V9490142373;2024-01-22;14:17;S01;Premium;Centre-ville;50;non;['New Balance'];9,0;9h/18h;open 6/7;6;54;5;E0005;Expérimenté;2800;106;2017-07-01;Salesforce;0,05;0,95;C0149;M;69;;True;sneakerhead;0;5;P030;New Balance;Casual;Elite;Sunny Yellow;30;59,75;59,75;True;0,0;0;0;5,0;0,0;0,0;;;2024-01;22264,43
V6181676343;2024-01-11;09:20;S01;Premium;Centre-ville;50;non;['New Balance'];9,0;9h/18h;open 6/7;6;54;5;E0001;Jeune prometteur;2000;45;2022-07-17;Salesforce;0,12;0,88;C0193;M;46;;True;impulsif;0;15;P031;New Balance;Casual;Flex;Brown Bear;42;152,25;152,25;False;0,0;0;0;5,0;0,0;0,0;;;2024-01;22264,43
V6627364184;2024-01-25;11:51;S01;Premium;Centre-ville;50;non;['New Balance'];9,0;9h/18h;open 6/7;6;54;5;E0002;Requin;2900;127;2015-10-11;Salesforce;0,05;0,95;C0188;F;48;;True;chasseur_de_promos;40;12;P040;New Balance;Running;Air;Deep Purple;43;120,05999999999999;145,95;False;4,0;0;4;5,0;0,0;17,7;;;2024-01;22264,43
V6938918304;2024-01-16;14:43;S01;Premium;Centre-ville;50;non;['New Balance'];9,0;9h/18h;open 6/7;6;54;5;E0001;Jeune prometteur;2000;45;2022-07-17;Salesforce;0,12;0,88;C0289;F;42;;True;sneakerhead;0;5;P030;New Balance;Casual;Elite;Sunny Yellow;30;59,75;59,75;True;0,0;0;0;5,0;0,0;0,0;;;2024-01;22264,43
V5612876154;2024-01-04;11:01;S01;Premium;Centre-ville;50;non;['New Balance'];9,0;9h/18h;open 6/7;6;54;5;E0002;Requin;2900;127;2015-10-11;Salesforce;0,05;0,95;C0164;F;38;;True;impulsif;0;5;P030;New Balance;Casual;Elite;Sunny Yellow;30;48,75;59,75;True;11,0;11;0;5,0;0,0;18,4;;;2024-01;22264,43
V5612876154;2024-01-04;11:01;S01;Premium;Centre-ville;50;;['New Balance'];;9h/18h;open 6/7;6;54;5;E0002;Requin;2900;127;2015-10-11;Salesforce;0,05;0,95;C0164;F;38;;True;impulsif;0;5;G030;Bonnet;Bonnet;Bonnet;None;S;30,0;30,0;False;0,0;0;0;0,0;0,0;0,0;non;9,0;2024-01;22264,43
V1524341336;2024-01-01;18:41;S01;Premium;Centre-ville;50;non;['New Balance'];9,0;9h/18h;open 6/7;6;54;5;E0004;Blasé;2600;246;2006-01-09;Manager;0,21;0,79;C0218;M;35;;True;sneakerhead;0;5;P030;New Balance;Casual;Elite;Sunny Yellow;30;59,75;59,75;True;0,0;0;0;5,0;0,0;0,0;;;2024-01;22264,43
V9886344288;2024-01-27;11:57;S01;Premium;Centre-ville;50;non;['New Balance'];9,0;9h/18h;open 6/7;6;54;5;E0001;Jeune prometteur;2000;45;2022-07-17;Salesforce;0,12;0,88;C0059;F;39;;False;impulsif;0;0;P037;New Balance;Running;Elite;Premium Black;41;114,45;114,45;False;0,0;0;0;5,0;0,0;0,0;;;2024-01;22264,43
V9897007801;2024-01-19;10:02;S01;Premium;Centre-ville;50;non;['New Balance'];9,0;9h/18h;open 6/7;6;54;5;E0005;Expérimenté;2800;106;2017-07-01;Salesforce;0,05;0,95;C0241;F;41;;True;chasseur_de_promos;10;14;P040;New Balance;Running;Air;Deep Purple;43;144,95;145,95;False;1,0;0;1;5,0;0,0;0,7;;;2024-01;22264,43
V5532153072;2024-01-25;15:33;S01;Premium;Centre-ville;50;non;['New Balance'];9,0;9h/18h;open 6/7;6;54;5;E0004;Blasé;2600;246;2006-01-09;Manager;0,21;0,79;C0046;M;48;;True;chasseur_de_promos;40;5;P030;New Balance;Casual;Elite;Sunny Yellow;30;55,75;59,75;True;4,0;0;4;5,0;0,0;6,7;;;2024-01;22264,43
V1298076752;2024-01-24;16:34;S01;Premium;Centre-ville;50;non;['New Balance'];9,0;9h/18h;open 6/7;6;54;5;E0002;Requin;2900;127;2015-10-11;Salesforce;0,05;0,95;C0274;M;36;;True;impulsif;0;5;P030;New Balance;Casual;Elite;Sunny Yellow;30;59,75;59,75;True;0,0;0;0;5,0;0,0;0,0;;;2024-01;22264,43
V1298076752;2024-01-24;16:34;S01;Premium;Centre-ville;50;;['New Balance'];;9h/18h;open 6/7;6;54;5;E0002;Requin;2900;127;2015-10-11;Salesforce;0,05;0,95;C0274;M;36;;True;impulsif;0;5;G030;Tee-short;Tee-short;Tee-short;None;XS;10,0;10,0;False;0,0;0;0;0,0;0,0;0,0;non;9,0;2024-01;22264,43
V8912176815;2024-01-17;16:17;S01;Premium;Centre-ville;50;non;['New Balance'];9,0;9h/18h;open 6/7;6;54;5;E0001;Jeune prometteur;2000;45;2022-07-17;Salesforce;0,12;0,88;C0300;F;45;;False;chasseur_de_promos;0;0;P040;New Balance;Running;Air;Deep Purple;43;102,16999999999999;145,95;False;0,0;0;0;5,0;0,0;30,0;;;2024-01;22264,43
V8431039134;2024-01-06;14:15;S01;Premium;Centre-ville;50;non;['New Balance'];9,0;9h/18h;open 6/7;6;54;5;E0003;Jeune prometteur;2100;67;2020-09-04;Salesforce;0,13;0,87;C0001;F;36;;True;chasseur_de_promos;10;15;P010;New Balance;Running;Flex;Red Blood;42;151,25;152,25;False;1,0;0;1;5,0;0,0;0,7;;;2024-01;22264,43
V8496395601;2024-01-06;13:40;S01;Premium;Centre-ville;50;non;['New Balance'];9,0;9h/18h;open 6/7;6;54;5;E0003;Jeune prometteur;2100;67;2020-09-04;Salesforce;0,13;0,87;C0112;F;34;;True;chasseur_de_promos;0;11;P037;New Balance;Running;Elite;Premium Black;41;114,45;114,45;False;0,0;0;0;5,0;0,0;0,0;;;2024-01;22264,43
V8582172698;2024-01-25;13:57;S01;Premium;Centre-ville;50;non;['New Balance'];9,0;9h/18h;open 6/7;6;54;5;E0001;Jeune prometteur;2000;45;2022-07-17;Salesforce;0,12;0,88;C0258;F;41;;False;impulsif;0;0;P035;New Balance;Basketball;Zoom;Pink;37;135,45;135,45;False;0,0;0;0;5,0;0,0;0,0;;;2024-01;22264,43
V2242324183;2024-01-04;14:43;S01;Premium;Centre-ville;50;non;['New Balance'];9,0;9h/18h;open 6/7;6;54;5;E0005;Expérimenté;2800;106;2017-07-01;Salesforce;0,05;0,95;C0005;F;28;;True;chasseur_de_promos;0;15;P031;New Balance;Casual;Flex;Brown Bear;42;127,25;152,25;False;25,0;25;0;5,0;0,0;16,4;;;2024-01;22264,43
V7803305404;2024-01-18;11:31;S01;Premium;Centre-ville;50;non;['New Balance'];9,0;9h/18h;open 6/7;6;54;5;E0001;Jeune prometteur;2000;45;2022-07-17;Salesforce;0,12;0,88;C0127;M;28;;True;sneakerhead;0;5;P030;New Balance;Casual;Elite;Sunny Yellow;30;59,75;59,75;True;0,0;0;0;5,0;0,0;0,0;;;2024-01;22264,43
V1651167735;2024-01-31;13:02;S01;Premium;Centre-ville;50;non;['New Balance'];9,0;9h/18h;open 6/7;6;54;5;E0005;Expérimenté;2800;106;2017-07-01;Salesforce;0,05;0,95;C0226;F;36;;True;impulsif;0;11;P037;New Balance;Running;Elite;Premium Black;41;114,45;114,45;False;0,0;0;0;5,0;0,0;0,0;;;2024-01;22264,43
V1651167735;2024-01-31;13:02;S01;Premium;Centre-ville;50;;['New Balance'];;9h/18h;open 6/7;6;54;5;E0005;Expérimenté;2800;106;2017-07-01;Salesforce;0,05;0,95;C0226;F;36;;True;impulsif;0;11;G037;Echarpe;Echarpe;Echarpe;None;L;20,0;20,0;False;0,0;0;0;0,0;0,0;0,0;non;9,0;2024-01;22264,43
V8462088575;2024-01-18;14:50;S01;Premium;Centre-ville;50;non;['New Balance'];9,0;9h/18h;open 6/7;6;54;5;E0005;Expérimenté;2800;106;2017-07-01;Salesforce;0,05;0,95;C0040;M;50;;True;chasseur_de_promos;0;5;P030;New Balance;Casual;Elite;Sunny Yellow;30;55,29;59,75;True;4,46;0;0;5,0;4,46;7,5;;;2024-01;22264,43
V9210475474;2024-01-18;09:40;S01;Premium;Centre-ville;50;non;['New Balance'];9,0;9h/18h;open 6/7;6;54;5;E0001;Jeune prometteur;2000;45;2022-07-17;Salesforce;0,12;0,88;C0049;M;42;;True;sneakerhead;0;5;P030;New Balance;Casual;Elite;Sunny Yellow;30;59,75;59,75;True;0,0;0;0;5,0;0,0;0,0;;;2024-01;22264,43
V1025266498;2024-01-19;17:03;S01;Premium;Centre-ville;50;non;['New Balance'];9,0;9h/18h;open 6/7;6;54;5;E0002;Requin;2900;127;2015-10-11;Salesforce;0,05;0,95;C0046;M;48;;True;chasseur_de_promos;0;5;P030;New Balance;Casual;Elite;Sunny Yellow;30;49,75;59,75;True;10,0;10;0;5,0;0,0;16,7;;;2024-01;22264,43
V6197156349;2024-01-01;17:25;S01;Premium;Centre-ville;50;non;['New Balance'];9,0;9h/18h;open 6/7;6;54;5;E0002;Requin;2900;127;2015-10-11;Salesforce;0,05;0,95;C0060;F;25;;True;impulsif;0;5;P030;New Balance;Casual;Elite;Sunny Yellow;30;59,75;59,75;True;0,0;0;0;5,0;0,0;0,0;;;2024-01;22264,43
V6197156349;2024-01-01;17:25;S01;Premium;Centre-ville;50;;['New Balance'];;9h/18h;open 6/7;6;54;5;E0002;Requin;2900;127;2015-10-11;Salesforce;0,05;0,95;C0060;F;25;;True;impulsif;0;5;G030;Tee-short;Tee-short;Tee-short;None;S;40,0;40,0;False;0,0;0;0;0,0;0,0;0,0;non;9,0;2024-01;22264,43
V8916468563;2024-01-01;13:21;S01;Premium;Centre-ville;50;non;['New Balance'];9,0;9h/18h;open 6/7;6;54;5;E0005;Expérimenté;2800;106;2017-07-01;Salesforce;0,05;0,95;C0240;M;25;;True;sneakerhead;0;15;P034;New Balance;Basketball;Zoom;Premium Black;39;150,25;166,95;False;0,0;0;0;5,0;0,0;10,0;;;2024-01;22264,43
V7369649236;2024-01-03;10:58;S01;Premium;Centre-ville;50;non;['New Balance'];9,0;9h/18h;open 6/7;6;54;5;E0003;Jeune prometteur;2100;67;2020-09-04;Salesforce;0,13;0,87;C0049;M;42;;True;sneakerhead;0;5;P030;New Balance;Casual;Elite;Sunny Yellow;30;59,75;59,75;True;0,0;0;0;5,0;0,0;0,0;;;2024-01;22264,43
V8885963677;2024-01-29;18:21;S01;Premium;Centre-ville;50;non;['New Balance'];9,0;9h/18h;open 6/7;6;54;5;E0002;Requin;2900;127;2015-10-11;Salesforce;0,05;0,95;C0166;F;33;;True;sneakerhead;0;5;P030;New Balance;Casual;Elite;Sunny Yellow;30;59,75;59,75;True;0,0;0;0;5,0;0,0;0,0;;;2024-01;22264,43
V8885963677;2024-01-29;18:21;S01;Premium;Centre-ville;50;;['New Balance'];;9h/18h;open 6/7;6;54;5;E0002;Requin;2900;127;2015-10-11;Salesforce;0,05;0,95;C0166;F;33;;True;sneakerhead;0;5;G030;Lunettes;Lunettes;Lunettes;None;S;10,0;10,0;False;0,0;0;0;0,0;0,0;0,0;non;9,0;2024-01;22264,43
V3807553297;2024-01-04;11:33;S01;Premium;Centre-ville;50;non;['New Balance'];9,0;9h/18h;open 6/7;6;54;5;E0001;Jeune prometteur;2000;45;2022-07-17;Salesforce;0,12;0,88;C0192;M;23;;True;chasseur_de_promos;0;16;P034;New Balance;Basketball;Zoom;Premium Black;39;166,95;166,95;False;0,0;0;0;5,0;0,0;0,0;;;2024-01;22264,43
V8391220245;2024-01-29;18:55;S01;Premium;Centre-ville;50;non;['New Balance'];9,0;9h/18h;open 6/7;6;54;5;E0002;Requin;2900;127;2015-10-11;Salesforce;0,05;0,95;C0162;M;33;;True;impulsif;0;11;P037;New Balance;Running;Elite;Premium Black;41;114,45;114,45;False;0,0;0;0;5,0;0,0;0,0;;;2024-01;22264,43
V8391220245;2024-01-29;18:55;S01;Premium;Centre-ville;50;;['New Balance'];;9h/18h;open 6/7;6;54;5;E0002;Requin;2900;127;2015-10-11;Salesforce;0,05;0,95;C0162;M;33;;True;impulsif;0;11;G037;Tee-short;Tee-short;Tee-short;None;L;40,0;40,0;False;0,0;0;0;0,0;0,0;0,0;non;9,0;2024-01;22264,43
V1111189638;2024-01-02;14:49;S01;Premium;Centre-ville;50;non;['New Balance'];9,0;9h/18h;open 6/7;6;54;5;E0004;Blasé;2600;246;2006-01-09;Manager;0,21;0,79;C0105;M;37;;True;sneakerhead;0;16;P034;New Balance;Basketball;Zoom;Premium Black;39;166,95;166,95;False;0,0;0;0;5,0;0,0;0,0;;;2024-01;22264,43
V6089786891;2024-01-16;12:39;S01;Premium;Centre-ville;50;non;['New Balance'];9,0;9h/18h;open 6/7;6;54;5;E0002;Requin;2900;127;2015-10-11;Salesforce;0,05;0,95;C0043;F;60;;True;impulsif;0;5;P030;New Balance;Casual;Elite;Sunny Yellow;30;59,75;59,75;True;0,0;0;0;5,0;0,0;0,0;;;2024-01;22264,43
V6089786891;2024-01-16;12:39;S01;Premium;Centre-ville;50;;['New Balance'];;9h/18h;open 6/7;6;54;5;E0002;Requin;2900;127;2015-10-11;Salesforce;0,05;0,95;C0043;F;60;;True;impulsif;0;5;G030;Bonnet;Bonnet;Bonnet;None;L;20,0;20,0;False;0,0;0;0;0,0;0,0;0,0;non;9,0;2024-01;22264,43
V5311201316;2024-01-30;09:03;S01;Premium;Centre-ville;50;non;['New Balance'];9,0;9h/18h;open 6/7;6;54;5;E0003;Jeune prometteur;2100;67;2020-09-04;Salesforce;0,13;0,87;C0041;F;32;;False;chasseur_de_promos;0;0;P035;New Balance;Basketball;Zoom;Pink;37;135,45;135,45;False;0,0;0;0;5,0;0,0;0,0;;;2024-01;22264,43
V6338771458;2024-01-16;11:39;S01;Premium;Centre-ville;50;non;['New Balance'];9,0;9h/18h;open 6/7;6;54;5;E0005;Expérimenté;2800;106;2017-07-01;Salesforce;0,05;0,95;C0263;M;38;;False;impulsif;0;0;P037;New Balance;Running;Elite;Premium Black;41;114,45;114,45;False;0,0;0;0;5,0;0,0;0,0;;;2024-01;22264,43
V6338771458;2024-01-16;11:39;S01;Premium;Centre-ville;50;;['New Balance'];;9h/18h;open 6/7;6;54;5;E0005;Expérimenté;2800;106;2017-07-01;Salesforce;0,05;0,95;C0263;M;38;;False;impulsif;0;0;G037;Bonnet;Bonnet;Bonnet;None;L;20,0;20,0;False;0,0;0;0;0,0;0,0;0,0;non;9,0;2024-01;22264,43
V4327192755;2024-01-24;18:51;S01;Premium;Centre-ville;50;non;['New Balance'];9,0;9h/18h;open 6/7;6;54;5;E0003;Jeune prometteur;2100;67;2020-09-04;Salesforce;0,13;0,87;C0028;M;35;;False;impulsif;0;0;P031;New Balance;Casual;Flex;Brown Bear;42;88,25;152,25;False;64,0;64;0;5,0;0,0;42,0;;;2024-01;22264,43
V5499818015;2024-01-19;12:02;S01;Premium;Centre-ville;50;non;['New Balance'];9,0;9h/18h;open 6/7;6;54;5;E0002;Requin;2900;127;2015-10-11;Salesforce;0,05;0,95;C0262;F;55;;True;chasseur_de_promos;0;5;P030;New Balance;Casual;Elite;Sunny Yellow;30;53,75;59,75;True;6,0;6;0;5,0;0,0;10,0;;;2024-01;22264,43
V5499818015;2024-01-19;12:02;S01;Premium;Centre-ville;50;;['New Balance'];;9h/18h;open 6/7;6;54;5;E0002;Requin;2900;127;2015-10-11;Salesforce;0,05;0,95;C0262;F;55;;True;chasseur_de_promos;0;5;G030;Bonnet;Bonnet;Bonnet;None;S;40,0;40,0;False;0,0;0;0;0,0;0,0;0,0;non;9,0;2024-01;22264,43
V1368447257;2024-01-19;09:49;S01;Premium;Centre-ville;50;non;['New Balance'];9,0;9h/18h;open 6/7;6;54;5;E0004;Blasé;2600;246;2006-01-09;Manager;0,21;0,79;C0294;F;43;;True;sneakerhead;0;14;P040;New Balance;Running;Air;Deep Purple;43;145,95;145,95;False;0,0;0;0;5,0;0,0;0,0;;;2024-01;22264,43
V2357074100;2024-01-26;14:51;S01;Premium;Centre-ville;50;non;['New Balance'];9,0;9h/18h;open 6/7;6;54;5;E0002;Requin;2900;127;2015-10-11;Salesforce;0,05;0,95;C0227;F;42;;True;chasseur_de_promos;0;5;P030;New Balance;Casual;Elite;Sunny Yellow;30;59,75;59,75;True;0,0;0;0;5,0;0,0;0,0;;;2024-01;22264,43
V7077998169;2024-01-18;16:49;S01;Premium;Centre-ville;50;non;['New Balance'];9,0;9h/18h;open 6/7;6;54;5;E0002;Requin;2900;127;2015-10-11;Salesforce;0,05;0,95;C0005;F;28;;True;chasseur_de_promos;0;14;P040;New Balance;Running;Air;Deep Purple;43;145,95;145,95;False;0,0;0;0;5,0;0,0;0,0;;;2024-01;22264,43
V8510350818;2024-01-11;10:09;S01;Premium;Centre-ville;50;non;['New Balance'];9,0;9h/18h;open 6/7;6;54;5;E0005;Expérimenté;2800;106;2017-07-01;Salesforce;0,05;0,95;C0245;M;30;;False;chasseur_de_promos;0;0;P010;New Balance;Running;Flex;Red Blood;42;152,25;152,25;False;0,0;0;0;5,0;0,0;0,0;;;2024-01;22264,43
V6221404770;2024-01-08;15:22;S01;Premium;Centre-ville;50;non;['New Balance'];9,0;9h/18h;open 6/7;6;54;5;E0002;Requin;2900;127;2015-10-11;Salesforce;0,05;0,95;C0113;M;63;;True;impulsif;0;5;P030;New Balance;Casual;Elite;Sunny Yellow;30;59,75;59,75;True;0,0;0;0;5,0;0,0;0,0;;;2024-01;22264,43
V9742747002;2024-02-05;13:28;S01;Premium;Centre-ville;50;non;['New Balance'];9,0;9h/18h;open 6/7;6;54;5;E0004;Blasé;2600;246;2006-01-09;Manager;0,21;0,79;C0038;M;33;;True;impulsif;10;11;P037;New Balance;Running;Elite;Premium Black;41;113,45;114,45;False;1,0;0;1;5,0;0,0;0,9;;;2024-02;23197,829999999998
V9742747002;2024-02-05;13:28;S01;Premium;Centre-ville;50;;['New Balance'];;9h/18h;open 6/7;6;54;5;E0004;Blasé;2600;246;2006-01-09;Manager;0,21;0,79;C0038;M;33;;True;impulsif;10;11;G037;Tee-short;Tee-short;Tee-short;None;L;10,0;10,0;False;0,0;0;0;0,0;0,0;0,0;non;9,0;2024-02;23197,829999999998
V2896851414;2024-02-21;13:46;S01;Premium;Centre-ville;50;non;['New Balance'];9,0;9h/18h;open 6/7;6;54;5;E0002;Requin;2900;127;2015-10-11;Salesforce;0,05;0,95;C0002;F;42;;True;chasseur_de_promos;0;5;P030;New Balance;Casual;Elite;Sunny Yellow;30;59,75;59,75;True;0,0;0;0;5,0;0,0;0,0;;;2024-02;23197,829999999998
V2896851414;2024-02-21;13:46;S01;Premium;Centre-ville;50;;['New Balance'];;9h/18h;open 6/7;6;54;5;E0002;Requin;2900;127;2015-10-11;Salesforce;0,05;0,95;C0002;F;42;;True;chasseur_de_promos;0;5;G030;Echarpe;Echarpe;Echarpe;None;XL;30,0;30,0;False;0,0;0;0;0,0;0,0;0,0;non;9,0;2024-02;23197,829999999998
V4804380041;2024-02-09;17:21;S01;Premium;Centre-ville;50;non;['New Balance'];9,0;9h/18h;open 6/7;6;54;5;E0001;Jeune prometteur;2000;45;2022-07-17;Salesforce;0,12;0,88;C0008;F;42;;True;impulsif;0;11;P037;New Balance;Running;Elite;Premium Black;41;114,45;114,45;False;0,0;0;0;5,0;0,0;0,0;;;2024-02;23197,829999999998
V7239515613;2024-02-26;14:18;S01;Premium;Centre-ville;50;non;['New Balance'];9,0;9h/18h;open 6/7;6;54;5;E0003;Jeune prometteur;2100;67;2020-09-04;Salesforce;0,13;0,87;C0242;F;38;;True;impulsif;0;14;P040;New Balance;Running;Air;Deep Purple;43;145,95;145,95;False;0,0;0;0;5,0;0,0;0,0;;;2024-02;23197,829999999998
V3288221107;2024-02-21;10:51;S01;Premium;Centre-ville;50;non;['New Balance'];9,0;9h/18h;open 6/7;6;54;5;E0002;Requin;2900;127;2015-10-11;Salesforce;0,05;0,95;C0193;M;46;;True;impulsif;0;5;P030;New Balance;Casual;Elite;Sunny Yellow;30;59,75;59,75;True;0,0;0;0;5,0;0,0;0,0;;;2024-02;23197,829999999998
V3288221107;2024-02-21;10:51;S01;Premium;Centre-ville;50;;['New Balance'];;9h/18h;open 6/7;6;54;5;E0002;Requin;2900;127;2015-10-11;Salesforce;0,05;0,95;C0193;M;46;;True;impulsif;0;5;G030;Bonnet;Bonnet;Bonnet;None;S;40,0;40,0;False;0,0;0;0;0,0;0,0;0,0;non;9,0;2024-02;23197,829999999998
V3090818667;2024-02-02;16:43;S01;Premium;Centre-ville;50;non;['New Balance'];9,0;9h/18h;open 6/7;6;54;5;E0002;Requin;2900;127;2015-10-11;Salesforce;0,05;0,95;C0017;M;40;;False;impulsif;0;0;P030;New Balance;Casual;Elite;Sunny Yellow;30;59,75;59,75;True;0,0;0;0;5,0;0,0;0,0;;;2024-02;23197,829999999998
V3090818667;2024-02-02;16:43;S01;Premium;Centre-ville;50;;['New Balance'];;9h/18h;open 6/7;6;54;5;E0002;Requin;2900;127;2015-10-11;Salesforce;0,05;0,95;C0017;M;40;;False;impulsif;0;0;G030;Tee-short;Tee-short;Tee-short;None;L;20,0;20,0;False;0,0;0;0;0,0;0,0;0,0;non;9,0;2024-02;23197,829999999998
V3090818667;2024-02-02;16:43;S01;Premium;Centre-ville;50;;['New Balance'];;9h/18h;open 6/7;6;54;5;E0002;Requin;2900;127;2015-10-11;Salesforce;0,05;0,95;C0017;M;40;;False;impulsif;0;0;G030;Echarpe;Echarpe;Echarpe;None;L;40,0;40,0;False;0,0;0;0;0,0;0,0;0,0;non;9,0;2024-02;23197,829999999998
V2998869423;2024-02-21;11:18;S01;Premium;Centre-ville;50;non;['New Balance'];9,0;9h/18h;open 6/7;6;54;5;E0002;Requin;2900;127;2015-10-11;Salesforce;0,05;0,95;C0070;F;40;;True;sneakerhead;0;5;P030;New Balance;Casual;Elite;Sunny Yellow;30;59,75;59,75;True;0,0;0;0;5,0;0,0;0,0;;;2024-02;23197,829999999998
V2998869423;2024-02-21;11:18;S01;Premium;Centre-ville;50;;['New Balance'];;9h/18h;open 6/7;6;54;5;E0002;Requin;2900;127;2015-10-11;Salesforce;0,05;0,95;C0070;F;40;;True;sneakerhead;0;5;G030;Lacets;Lacets;Lacets;None;XS;30,0;30,0;False;0,0;0;0;0,0;0,0;0,0;non;9,0;2024-02;23197,829999999998
V5141623342;2024-02-22;15:48;S01;Premium;Centre-ville;50;non;['New Balance'];9,0;9h/18h;open 6/7;6;54;5;E0005;Expérimenté;2800;106;2017-07-01;Salesforce;0,05;0,95;C0203;M;33;;False;impulsif;0;0;P040;New Balance;Running;Air;Deep Purple;43;145,95;145,95;False;0,0;0;0;5,0;0,0;0,0;;;2024-02;23197,829999999998
V5141623342;2024-02-22;15:48;S01;Premium;Centre-ville;50;;['New Balance'];;9h/18h;open 6/7;6;54;5;E0005;Expérimenté;2800;106;2017-07-01;Salesforce;0,05;0,95;C0203;M;33;;False;impulsif;0;0;G040;Lacets;Lacets;Lacets;None;S;20,0;20,0;False;0,0;0;0;0,0;0,0;0,0;non;9,0;2024-02;23197,829999999998
V1034881250;2024-02-17;14:47;S01;Premium;Centre-ville;50;non;['New Balance'];9,0;9h/18h;open 6/7;6;54;5;E0005;Expérimenté;2800;106;2017-07-01;Salesforce;0,05;0,95;C0018;M;36;;True;chasseur_de_promos;0;11;P037;New Balance;Running;Elite;Premium Black;41;114,45;114,45;False;0,0;0;0;5,0;0,0;0,0;;;2024-02;23197,829999999998
V1034881250;2024-02-17;14:47;S01;Premium;Centre-ville;50;;['New Balance'];;9h/18h;open 6/7;6;54;5;E0005;Expérimenté;2800;106;2017-07-01;Salesforce;0,05;0,95;C0018;M;36;;True;chasseur_de_promos;0;11;G037;Echarpe;Echarpe;Echarpe;None;XS;30,0;30,0;False;0,0;0;0;0,0;0,0;0,0;non;9,0;2024-02;23197,829999999998
V1342276356;2024-02-17;15:48;S01;Premium;Centre-ville;50;non;['New Balance'];9,0;9h/18h;open 6/7;6;54;5;E0002;Requin;2900;127;2015-10-11;Salesforce;0,05;0,95;C0278;F;42;;True;sneakerhead;0;5;P030;New Balance;Casual;Elite;Sunny Yellow;30;59,75;59,75;True;0,0;0;0;5,0;0,0;0,0;;;2024-02;23197,829999999998
V1342276356;2024-02-17;15:48;S01;Premium;Centre-ville;50;;['New Balance'];;9h/18h;open 6/7;6;54;5;E0002;Requin;2900;127;2015-10-11;Salesforce;0,05;0,95;C0278;F;42;;True;sneakerhead;0;5;G030;Bonnet;Bonnet;Bonnet;None;S;10,0;10,0;False;0,0;0;0;0,0;0,0;0,0;non;9,0;2024-02;23197,829999999998
V4792806609;2024-02-03;18:01;S01;Premium;Centre-ville;50;non;['New Balance'];9,0;9h/18h;open 6/7;6;54;5;E0002;Requin;2900;127;2015-10-11;Salesforce;0,05;0,95;C0155;M;60;;True;chasseur_de_promos;0;5;P030;New Balance;Casual;Elite;Sunny Yellow;30;59,75;59,75;True;0,0;0;0;5,0;0,0;0,0;;;2024-02;23197,829999999998
V2016530893;2024-02-05;14:58;S01;Premium;Centre-ville;50;non;['New Balance'];9,0;9h/18h;open 6/7;6;54;5;E0002;Requin;2900;127;2015-10-11;Salesforce;0,05;0,95;C0115;M;36;;True;chasseur_de_promos;0;5;P030;New Balance;Casual;Elite;Sunny Yellow;30;59,75;59,75;True;0,0;0;0;5,0;0,0;0,0;;;2024-02;23197,829999999998
V7363929408;2024-02-19;14:52;S01;Premium;Centre-ville;50;non;['New Balance'];9,0;9h/18h;open 6/7;6;54;5;E0002;Requin;2900;127;2015-10-11;Salesforce;0,05;0,95;C0061;M;42;;False;sneakerhead;0;0;P030;New Balance;Casual;Elite;Sunny Yellow;30;59,75;59,75;True;0,0;0;0;5,0;0,0;0,0;;;2024-02;23197,829999999998
V7104339260;2024-02-02;11:56;S01;Premium;Centre-ville;50;non;['New Balance'];9,0;9h/18h;open 6/7;6;54;5;E0004;Blasé;2600;246;2006-01-09;Manager;0,21;0,79;C0093;M;33;;False;chasseur_de_promos;0;0;P031;New Balance;Casual;Flex;Brown Bear;42;152,25;152,25;False;0,0;0;0;5,0;0,0;0,0;;;2024-02;23197,829999999998
V9144466887;2024-02-01;12:51;S01;Premium;Centre-ville;50;non;['New Balance'];9,0;9h/18h;open 6/7;6;54;5;E0002;Requin;2900;127;2015-10-11;Salesforce;0,05;0,95;C0232;F;44;;False;impulsif;0;0;P030;New Balance;Casual;Elite;Sunny Yellow;30;59,75;59,75;True;0,0;0;0;5,0;0,0;0,0;;;2024-02;23197,829999999998
V9144466887;2024-02-01;12:51;S01;Premium;Centre-ville;50;;['New Balance'];;9h/18h;open 6/7;6;54;5;E0002;Requin;2900;127;2015-10-11;Salesforce;0,05;0,95;C0232;F;44;;False;impulsif;0;0;G030;Bonnet;Bonnet;Bonnet;None;M;40,0;40,0;False;0,0;0;0;0,0;0,0;0,0;non;9,0;2024-02;23197,829999999998
V2498752310;2024-02-21;18:31;S01;Premium;Centre-ville;50;non;['New Balance'];9,0;9h/18h;open 6/7;6;54;5;E0002;Requin;2900;127;2015-10-11;Salesforce;0,05;0,95;C0290;M;37;;True;impulsif;0;5;P030;New Balance;Casual;Elite;Sunny Yellow;30;59,75;59,75;True;0,0;0;0;5,0;0,0;0,0;;;2024-02;23197,829999999998
V6370143966;2024-02-20;14:41;S01;Premium;Centre-ville;50;non;['New Balance'];9,0;9h/18h;open 6/7;6;54;5;E0002;Requin;2900;127;2015-10-11;Salesforce;0,05;0,95;C0218;M;35;;True;sneakerhead;0;5;P030;New Balance;Casual;Elite;Sunny Yellow;30;59,75;59,75;True;0,0;0;0;5,0;0,0;0,0;;;2024-02;23197,829999999998
V6395810355;2024-02-23;17:01;S01;Premium;Centre-ville;50;non;['New Balance'];9,0;9h/18h;open 6/7;6;54;5;E0002;Requin;2900;127;2015-10-11;Salesforce;0,05;0,95;C0089;F;32;;True;sneakerhead;0;5;P030;New Balance;Casual;Elite;Sunny Yellow;30;59,75;59,75;True;0,0;0;0;5,0;0,0;0,0;;;2024-02;23197,829999999998
V6395810355;2024-02-23;17:01;S01;Premium;Centre-ville;50;;['New Balance'];;9h/18h;open 6/7;6;54;5;E0002;Requin;2900;127;2015-10-11;Salesforce;0,05;0,95;C0089;F;32;;True;sneakerhead;0;5;G030;Bonnet;Bonnet;Bonnet;None;XS;20,0;20,0;False;0,0;0;0;0,0;0,0;0,0;non;9,0;2024-02;23197,829999999998
V9146091911;2024-02-19;11:29;S01;Premium;Centre-ville;50;non;['New Balance'];9,0;9h/18h;open 6/7;6;54;5;E0004;Blasé;2600;246;2006-01-09;Manager;0,21;0,79;C0260;F;54;;False;impulsif;0;0;P035;New Balance;Basketball;Zoom;Pink;37;135,45;135,45;False;0,0;0;0;5,0;0,0;0,0;;;2024-02;23197,829999999998
V4403225849;2024-02-21;10:12;S01;Premium;Centre-ville;50;non;['New Balance'];9,0;9h/18h;open 6/7;6;54;5;E0002;Requin;2900;127;2015-10-11;Salesforce;0,05;0,95;C0013;F;32;;True;impulsif;0;5;P030;New Balance;Casual;Elite;Sunny Yellow;30;59,75;59,75;True;0,0;0;0;5,0;0,0;0,0;;;2024-02;23197,829999999998
V2356222737;2024-02-07;14:11;S01;Premium;Centre-ville;50;non;['New Balance'];9,0;9h/18h;open 6/7;6;54;5;E0002;Requin;2900;127;2015-10-11;Salesforce;0,05;0,95;C0159;M;33;;True;chasseur_de_promos;0;5;P030;New Balance;Casual;Elite;Sunny Yellow;30;52,75;59,75;True;7,0;7;0;5,0;0,0;11,7;;;2024-02;23197,829999999998
V6421839197;2024-02-07;14:52;S01;Premium;Centre-ville;50;non;['New Balance'];9,0;9h/18h;open 6/7;6;54;5;E0003;Jeune prometteur;2100;67;2020-09-04;Salesforce;0,13;0,87;C0045;M;38;;False;sneakerhead;0;0;P031;New Balance;Casual;Flex;Brown Bear;42;114,19;152,25;False;38,06;0;0;5,0;38,06;25,0;;;2024-02;23197,829999999998
V2166062707;2024-02-12;14:19;S01;Premium;Centre-ville;50;non;['New Balance'];9,0;9h/18h;open 6/7;6;54;5;E0002;Requin;2900;127;2015-10-11;Salesforce;0,05;0,95;C0094;M;42;;True;sneakerhead;0;5;P030;New Balance;Casual;Elite;Sunny Yellow;30;59,75;59,75;True;0,0;0;0;5,0;0,0;0,0;;;2024-02;23197,829999999998
V1821573081;2024-02-25;12:11;S01;Premium;Centre-ville;50;non;['New Balance'];9,0;9h/18h;open 6/7;6;54;5;E0005;Expérimenté;2800;106;2017-07-01;Salesforce;0,05;0,95;C0291;F;48;;False;chasseur_de_promos;0;0;P031;New Balance;Casual;Flex;Brown Bear;42;152,25;152,25;False;0,0;0;0;5,0;0,0;0,0;;;2024-02;23197,829999999998
V5963507899;2024-02-26;10:49;S01;Premium;Centre-ville;50;non;['New Balance'];9,0;9h/18h;open 6/7;6;54;5;E0001;Jeune prometteur;2000;45;2022-07-17;Salesforce;0,12;0,88;C0062;M;52;;True;sneakerhead;0;15;P010;New Balance;Running;Flex;Red Blood;42;152,25;152,25;False;0,0;0;0;5,0;0,0;0,0;;;2024-02;23197,829999999998
V7500852821;2024-02-10;09:18;S01;Premium;Centre-ville;50;non;['New Balance'];9,0;9h/18h;open 6/7;6;54;5;E0003;Jeune prometteur;2100;67;2020-09-04;Salesforce;0,13;0,87;C0078;F;34;;False;impulsif;0;0;P010;New Balance;Running;Flex;Red Blood;42;152,25;152,25;False;0,0;0;0;5,0;0,0;0,0;;;2024-02;23197,829999999998
V7500852821;2024-02-10;09:18;S01;Premium;Centre-ville;50;;['New Balance'];;9h/18h;open 6/7;6;54;5;E0003;Jeune prometteur;2100;67;2020-09-04;Salesforce;0,13;0,87;C0078;F;34;;False;impulsif;0;0;G010;Bonnet;Bonnet;Bonnet;None;S;10,0;10,0;False;0,0;0;0;0,0;0,0;0,0;non;9,0;2024-02;23197,829999999998
V7230513233;2024-02-03;15:03;S01;Premium;Centre-ville;50;non;['New Balance'];9,0;9h/18h;open 6/7;6;54;5;E0005;Expérimenté;2800;106;2017-07-01;Salesforce;0,05;0,95;C0100;F;39;;True;impulsif;0;13;P035;New Balance;Basketball;Zoom;Pink;37;135,45;135,45;False;0,0;0;0;5,0;0,0;0,0;;;2024-02;23197,829999999998
V3371662383;2024-02-10;11:32;S01;Premium;Centre-ville;50;non;['New Balance'];9,0;9h/18h;open 6/7;6;54;5;E0002;Requin;2900;127;2015-10-11;Salesforce;0,05;0,95;C0241;F;41;;True;chasseur_de_promos;0;5;P030;New Balance;Casual;Elite;Sunny Yellow;30;59,75;59,75;True;0,0;0;0;5,0;0,0;0,0;;;2024-02;23197,829999999998
V3371662383;2024-02-10;11:32;S01;Premium;Centre-ville;50;;['New Balance'];;9h/18h;open 6/7;6;54;5;E0002;Requin;2900;127;2015-10-11;Salesforce;0,05;0,95;C0241;F;41;;True;chasseur_de_promos;0;5;G030;Lunettes;Lunettes;Lunettes;None;M;20,0;20,0;False;0,0;0;0;0,0;0,0;0,0;non;9,0;2024-02;23197,829999999998
V3371662383;2024-02-10;11:32;S01;Premium;Centre-ville;50;;['New Balance'];;9h/18h;open 6/7;6;54;5;E0002;Requin;2900;127;2015-10-11;Salesforce;0,05;0,95;C0241;F;41;;True;chasseur_de_promos;0;5;G030;Lacets;Lacets;Lacets;None;XS;20,0;20,0;False;0,0;0;0;0,0;0,0;0,0;non;9,0;2024-02;23197,829999999998
V4212884089;2024-02-08;09:10;S01;Premium;Centre-ville;50;non;['New Balance'];9,0;9h/18h;open 6/7;6;54;5;E0003;Jeune prometteur;2100;67;2020-09-04;Salesforce;0,13;0,87;C0098;F;44;;False;impulsif;0;0;P030;New Balance;Casual;Elite;Sunny Yellow;30;59,75;59,75;True;0,0;0;0;5,0;0,0;0,0;;;2024-02;23197,829999999998
V7526205248;2024-02-12;18:54;S01;Premium;Centre-ville;50;non;['New Balance'];9,0;9h/18h;open 6/7;6;54;5;E0003;Jeune prometteur;2100;67;2020-09-04;Salesforce;0,13;0,87;C0211;M;41;;True;impulsif;0;5;P030;New Balance;Casual;Elite;Sunny Yellow;30;59,75;59,75;True;0,0;0;0;5,0;0,0;0,0;;;2024-02;23197,829999999998
V8409439058;2024-02-10;16:56;S01;Premium;Centre-ville;50;non;['New Balance'];9,0;9h/18h;open 6/7;6;54;5;E0005;Expérimenté;2800;106;2017-07-01;Salesforce;0,05;0,95;C0173;M;48;;True;sneakerhead;0;5;P030;New Balance;Casual;Elite;Sunny Yellow;30;59,75;59,75;True;0,0;0;0;5,0;0,0;0,0;;;2024-02;23197,829999999998
V8409439058;2024-02-10;16:56;S01;Premium;Centre-ville;50;;['New Balance'];;9h/18h;open 6/7;6;54;5;E0005;Expérimenté;2800;106;2017-07-01;Salesforce;0,05;0,95;C0173;M;48;;True;sneakerhead;0;5;G030;Tee-short;Tee-short;Tee-short;None;XS;30,0;30,0;False;0,0;0;0;0,0;0,0;0,0;non;9,0;2024-02;23197,829999999998
V5358810377;2024-02-08;10:47;S01;Premium;Centre-ville;50;non;['New Balance'];9,0;9h/18h;open 6/7;6;54;5;E0002;Requin;2900;127;2015-10-11;Salesforce;0,05;0,95;C0153;F;47;;True;impulsif;40;5;P030;New Balance;Casual;Elite;Sunny Yellow;30;55,75;59,75;True;4,0;0;4;5,0;0,0;6,7;;;2024-02;23197,829999999998
V5358810377;2024-02-08;10:47;S01;Premium;Centre-ville;50;;['New Balance'];;9h/18h;open 6/7;6;54;5;E0002;Requin;2900;127;2015-10-11;Salesforce;0,05;0,95;C0153;F;47;;True;impulsif;40;5;G030;Bonnet;Bonnet;Bonnet;None;M;10,0;10,0;False;0,0;0;0;0,0;0,0;0,0;non;9,0;2024-02;23197,829999999998
V2429295546;2024-02-15;12:59;S01;Premium;Centre-ville;50;non;['New Balance'];9,0;9h/18h;open 6/7;6;54;5;E0001;Jeune prometteur;2000;45;2022-07-17;Salesforce;0,12;0,88;C0244;M;51;;False;impulsif;0;0;P037;New Balance;Running;Elite;Premium Black;41;114,45;114,45;False;0,0;0;0;5,0;0,0;0,0;;;2024-02;23197,829999999998
V9412225174;2024-02-08;15:48;S01;Premium;Centre-ville;50;non;['New Balance'];9,0;9h/18h;open 6/7;6;54;5;E0004;Blasé;2600;246;2006-01-09;Manager;0,21;0,79;C0221;M;40;;False;impulsif;0;0;P034;New Balance;Basketball;Zoom;Premium Black;39;84,94999999999999;166,95;False;82,0;82;0;5,0;0,0;49,1;;;2024-02;23197,829999999998
V4849259794;2024-02-20;16:09;S01;Premium;Centre-ville;50;non;['New Balance'];9,0;9h/18h;open 6/7;6;54;5;E0003;Jeune prometteur;2100;67;2020-09-04;Salesforce;0,13;0,87;C0265;F;39;;True;sneakerhead;0;5;P030;New Balance;Casual;Elite;Sunny Yellow;30;59,75;59,75;True;0,0;0;0;5,0;0,0;0,0;;;2024-02;23197,829999999998
V5470998703;2024-02-19;14:39;S01;Premium;Centre-ville;50;non;['New Balance'];9,0;9h/18h;open 6/7;6;54;5;E0005;Expérimenté;2800;106;2017-07-01;Salesforce;0,05;0,95;C0189;M;34;;False;chasseur_de_promos;0;0;P035;New Balance;Basketball;Zoom;Pink;37;121,91;135,45;False;13,54;0;0;5,0;13,54;10,0;;;2024-02;23197,829999999998
V6575085167;2024-02-12;10:15;S01;Premium;Centre-ville;50;non;['New Balance'];9,0;9h/18h;open 6/7;6;54;5;E0001;Jeune prometteur;2000;45;2022-07-17;Salesforce;0,12;0,88;C0032;F;37;;True;chasseur_de_promos;0;13;P035;New Balance;Basketball;Zoom;Pink;37;112,44999999999999;135,45;False;23,0;23;0;5,0;0,0;17,0;;;2024-02;23197,829999999998
V7189596720;2024-02-27;15:12;S01;Premium;Centre-ville;50;non;['New Balance'];9,0;9h/18h;open 6/7;6;54;5;E0002;Requin;2900;127;2015-10-11;Salesforce;0,05;0,95;C0036;M;36;;True;impulsif;0;5;P030;New Balance;Casual;Elite;Sunny Yellow;30;59,75;59,75;True;0,0;0;0;5,0;0,0;0,0;;;2024-02;23197,829999999998
V9420147596;2024-02-28;17:54;S01;Premium;Centre-ville;50;non;['New Balance'];9,0;9h/18h;open 6/7;6;54;5;E0005;Expérimenté;2800;106;2017-07-01;Salesforce;0,05;0,95;C0125;F;42;;True;impulsif;0;5;P030;New Balance;Casual;Elite;Sunny Yellow;30;59,75;59,75;True;0,0;0;0;5,0;0,0;0,0;;;2024-02;23197,829999999998
V9420147596;2024-02-28;17:54;S01;Premium;Centre-ville;50;;['New Balance'];;9h/18h;open 6/7;6;54;5;E0005;Expérimenté;2800;106;2017-07-01;Salesforce;0,05;0,95;C0125;F;42;;True;impulsif;0;5;G030;Lacets;Lacets;Lacets;None;S;10,0;10,0;False;0,0;0;0;0,0;0,0;0,0;non;9,0;2024-02;23197,829999999998
V8649130030;2024-02-03;10:05;S01;Premium;Centre-ville;50;non;['New Balance'];9,0;9h/18h;open 6/7;6;54;5;E0003;Jeune prometteur;2100;67;2020-09-04;Salesforce;0,13;0,87;C0169;F;37;;False;chasseur_de_promos;0;0;P035;New Balance;Basketball;Zoom;Pink;37;121,44999999999999;135,45;False;14,0;14;0;5,0;0,0;10,3;;;2024-02;23197,829999999998
V8649130030;2024-02-03;10:05;S01;Premium;Centre-ville;50;;['New Balance'];;9h/18h;open 6/7;6;54;5;E0003;Jeune prometteur;2100;67;2020-09-04;Salesforce;0,13;0,87;C0169;F;37;;False;chasseur_de_promos;0;0;G035;Bonnet;Bonnet;Bonnet;None;L;10,0;10,0;False;0,0;0;0;0,0;0,0;0,0;non;9,0;2024-02;23197,829999999998
V7885424891;2024-02-26;12:59;S01;Premium;Centre-ville;50;non;['New Balance'];9,0;9h/18h;open 6/7;6;54;5;E0002;Requin;2900;127;2015-10-11;Salesforce;0,05;0,95;C0290;M;37;;True;impulsif;0;5;P030;New Balance;Casual;Elite;Sunny Yellow;30;59,75;59,75;True;0,0;0;0;5,0;0,0;0,0;;;2024-02;23197,829999999998
V7885424891;2024-02-26;12:59;S01;Premium;Centre-ville;50;;['New Balance'];;9h/18h;open 6/7;6;54;5;E0002;Requin;2900;127;2015-10-11;Salesforce;0,05;0,95;C0290;M;37;;True;impulsif;0;5;G030;Lunettes;Lunettes;Lunettes;None;XL;40,0;40,0;False;0,0;0;0;0,0;0,0;0,0;non;9,0;2024-02;23197,829999999998
V4388941601;2024-02-04;16:37;S01;Premium;Centre-ville;50;non;['New Balance'];9,0;9h/18h;open 6/7;6;54;5;E0001;Jeune prometteur;2000;45;2022-07-17;Salesforce;0,12;0,88;C0042;F;46;;True;sneakerhead;0;5;P030;New Balance;Casual;Elite;Sunny Yellow;30;41,75;59,75;True;18,0;18;0;5,0;0,0;30,1;;;2024-02;23197,829999999998
V4388941601;2024-02-04;16:37;S01;Premium;Centre-ville;50;;['New Balance'];;9h/18h;open 6/7;6;54;5;E0001;Jeune prometteur;2000;45;2022-07-17;Salesforce;0,12;0,88;C0042;F;46;;True;sneakerhead;0;5;G030;Bonnet;Bonnet;Bonnet;None;L;30,0;30,0;False;0,0;0;0;0,0;0,0;0,0;non;9,0;2024-02;23197,829999999998
V8708805117;2024-02-21;10:42;S01;Premium;Centre-ville;50;non;['New Balance'];9,0;9h/18h;open 6/7;6;54;5;E0002;Requin;2900;127;2015-10-11;Salesforce;0,05;0,95;C0267;M;50;;True;impulsif;0;5;P030;New Balance;Casual;Elite;Sunny Yellow;30;36,75;59,75;True;23,0;23;0;5,0;0,0;38,5;;;2024-02;23197,829999999998
V8708805117;2024-02-21;10:42;S01;Premium;Centre-ville;50;;['New Balance'];;9h/18h;open 6/7;6;54;5;E0002;Requin;2900;127;2015-10-11;Salesforce;0,05;0,95;C0267;M;50;;True;impulsif;0;5;G030;Echarpe;Echarpe;Echarpe;None;XS;10,0;10,0;False;0,0;0;0;0,0;0,0;0,0;non;9,0;2024-02;23197,829999999998
V5765770801;2024-02-26;17:30;S01;Premium;Centre-ville;50;non;['New Balance'];9,0;9h/18h;open 6/7;6;54;5;E0003;Jeune prometteur;2100;67;2020-09-04;Salesforce;0,13;0,87;C0066;M;35;;True;impulsif;0;16;P034;New Balance;Basketball;Zoom;Premium Black;39;129,95;166,95;False;37,0;37;0;5,0;0,0;22,2;;;2024-02;23197,829999999998
V5765770801;2024-02-26;17:30;S01;Premium;Centre-ville;50;;['New Balance'];;9h/18h;open 6/7;6;54;5;E0003;Jeune prometteur;2100;67;2020-09-04;Salesforce;0,13;0,87;C0066;M;35;;True;impulsif;0;16;G034;Tee-short;Tee-short;Tee-short;None;XL;40,0;40,0;False;0,0;0;0;0,0;0,0;0,0;non;9,0;2024-02;23197,829999999998
V9993549809;2024-02-14;16:04;S01;Premium;Centre-ville;50;non;['New Balance'];9,0;9h/18h;open 6/7;6;54;5;E0003;Jeune prometteur;2100;67;2020-09-04;Salesforce;0,13;0,87;C0106;M;36;;True;sneakerhead;0;11;P037;New Balance;Running;Elite;Premium Black;41;66,45;114,45;False;48,0;48;0;5,0;0,0;41,9;;;2024-02;23197,829999999998
V6939880715;2024-02-14;10:25;S01;Premium;Centre-ville;50;non;['New Balance'];9,0;9h/18h;open 6/7;6;54;5;E0001;Jeune prometteur;2000;45;2022-07-17;Salesforce;0,12;0,88;C0035;M;51;;True;chasseur_de_promos;40;5;P030;New Balance;Casual;Elite;Sunny Yellow;30;55,75;59,75;True;4,0;0;4;5,0;0,0;6,7;;;2024-02;23197,829999999998
V1270914067;2024-02-16;16:04;S01;Premium;Centre-ville;50;non;['New Balance'];9,0;9h/18h;open 6/7;6;54;5;E0005;Expérimenté;2800;106;2017-07-01;Salesforce;0,05;0,95;C0222;M;49;;True;chasseur_de_promos;0;15;P031;New Balance;Casual;Flex;Brown Bear;42;152,25;152,25;False;0,0;0;0;5,0;0,0;0,0;;;2024-02;23197,829999999998
V3810047045;2024-02-23;18:48;S01;Premium;Centre-ville;50;non;['New Balance'];9,0;9h/18h;open 6/7;6;54;5;E0001;Jeune prometteur;2000;45;2022-07-17;Salesforce;0,12;0,88;C0219;F;42;;True;sneakerhead;0;5;P030;New Balance;Casual;Elite;Sunny Yellow;30;59,75;59,75;True;0,0;0;0;5,0;0,0;0,0;;;2024-02;23197,829999999998
V4777175972;2024-02-13;17:54;S01;Premium;Centre-ville;50;non;['New Balance'];9,0;9h/18h;open 6/7;6;54;5;E0003;Jeune prometteur;2100;67;2020-09-04;Salesforce;0,13;0,87;C0018;M;36;;True;chasseur_de_promos;30;15;P031;New Balance;Casual;Flex;Brown Bear;42;149,25;152,25;False;3,0;0;3;5,0;0,0;2,0;;;2024-02;23197,829999999998
V3283760422;2024-02-14;15:01;S01;Premium;Centre-ville;50;non;['New Balance'];9,0;9h/18h;open 6/7;6;54;5;E0003;Jeune prometteur;2100;67;2020-09-04;Salesforce;0,13;0,87;C0145;M;43;;True;chasseur_de_promos;0;16;P034;New Balance;Basketball;Zoom;Premium Black;39;166,95;166,95;False;0,0;0;0;5,0;0,0;0,0;;;2024-02;23197,829999999998
V1368566922;2024-02-06;09:44;S01;Premium;Centre-ville;50;non;['New Balance'];9,0;9h/18h;open 6/7;6;54;5;E0003;Jeune prometteur;2100;67;2020-09-04;Salesforce;0,13;0,87;C0199;M;48;;True;chasseur_de_promos;0;16;P034;New Balance;Basketball;Zoom;Premium Black;39;166,95;166,95;False;0,0;0;0;5,0;0,0;0,0;;;2024-02;23197,829999999998
V2600835714;2024-02-06;13:16;S01;Premium;Centre-ville;50;non;['New Balance'];9,0;9h/18h;open 6/7;6;54;5;E0002;Requin;2900;127;2015-10-11;Salesforce;0,05;0,95;C0188;F;48;;True;chasseur_de_promos;10;5;P030;New Balance;Casual;Elite;Sunny Yellow;30;58,75;59,75;True;1,0;0;1;5,0;0,0;1,7;;;2024-02;23197,829999999998
V2600835714;2024-02-06;13:16;S01;Premium;Centre-ville;50;;['New Balance'];;9h/18h;open 6/7;6;54;5;E0002;Requin;2900;127;2015-10-11;Salesforce;0,05;0,95;C0188;F;48;;True;chasseur_de_promos;10;5;G030;Bonnet;Bonnet;Bonnet;None;S;10,0;10,0;False;0,0;0;0;0,0;0,0;0,0;non;9,0;2024-02;23197,829999999998
V7258111893;2024-02-10;16:15;S01;Premium;Centre-ville;50;non;['New Balance'];9,0;9h/18h;open 6/7;6;54;5;E0002;Requin;2900;127;2015-10-11;Salesforce;0,05;0,95;C0183;M;60;;True;sneakerhead;0;5;P030;New Balance;Casual;Elite;Sunny Yellow;30;59,75;59,75;True;0,0;0;0;5,0;0,0;0,0;;;2024-02;23197,829999999998
V7258111893;2024-02-10;16:15;S01;Premium;Centre-ville;50;;['New Balance'];;9h/18h;open 6/7;6;54;5;E0002;Requin;2900;127;2015-10-11;Salesforce;0,05;0,95;C0183;M;60;;True;sneakerhead;0;5;G030;Bonnet;Bonnet;Bonnet;None;XS;20,0;20,0;False;0,0;0;0;0,0;0,0;0,0;non;9,0;2024-02;23197,829999999998
V1147059184;2024-02-20;11:58;S01;Premium;Centre-ville;50;non;['New Balance'];9,0;9h/18h;open 6/7;6;54;5;E0003;Jeune prometteur;2100;67;2020-09-04;Salesforce;0,13;0,87;C0281;F;37;;False;chasseur_de_promos;0;0;P010;New Balance;Running;Flex;Red Blood;42;152,25;152,25;False;0,0;0;0;5,0;0,0;0,0;;;2024-02;23197,829999999998
V6455261994;2024-02-26;15:31;S01;Premium;Centre-ville;50;non;['New Balance'];9,0;9h/18h;open 6/7;6;54;5;E0002;Requin;2900;127;2015-10-11;Salesforce;0,05;0,95;C0036;M;36;;True;impulsif;0;5;P030;New Balance;Casual;Elite;Sunny Yellow;30;59,75;59,75;True;0,0;0;0;5,0;0,0;0,0;;;2024-02;23197,829999999998
V6642333635;2024-02-12;17:09;S01;Premium;Centre-ville;50;non;['New Balance'];9,0;9h/18h;open 6/7;6;54;5;E0001;Jeune prometteur;2000;45;2022-07-17;Salesforce;0,12;0,88;C0294;F;43;;True;sneakerhead;0;5;P030;New Balance;Casual;Elite;Sunny Yellow;30;59,75;59,75;True;0,0;0;0;5,0;0,0;0,0;;;2024-02;23197,829999999998
V6264249077;2024-02-24;11:39;S01;Premium;Centre-ville;50;non;['New Balance'];9,0;9h/18h;open 6/7;6;54;5;E0005;Expérimenté;2800;106;2017-07-01;Salesforce;0,05;0,95;C0062;M;52;;True;sneakerhead;0;5;P030;New Balance;Casual;Elite;Sunny Yellow;30;59,75;59,75;True;0,0;0;0;5,0;0,0;0,0;;;2024-02;23197,829999999998
V4459994421;2024-02-10;16:11;S01;Premium;Centre-ville;50;non;['New Balance'];9,0;9h/18h;open 6/7;6;54;5;E0004;Blasé;2600;246;2006-01-09;Manager;0,21;0,79;C0013;F;32;;True;impulsif;0;16;P034;New Balance;Basketball;Zoom;Premium Black;39;166,95;166,95;False;0,0;0;0;5,0;0,0;0,0;;;2024-02;23197,829999999998
V4459994421;2024-02-10;16:11;S01;Premium;Centre-ville;50;;['New Balance'];;9h/18h;open 6/7;6;54;5;E0004;Blasé;2600;246;2006-01-09;Manager;0,21;0,79;C0013;F;32;;True;impulsif;0;16;G034;Lunettes;Lunettes;Lunettes;None;S;10,0;10,0;False;0,0;0;0;0,0;0,0;0,0;non;9,0;2024-02;23197,829999999998
V4459994421;2024-02-10;16:11;S01;Premium;Centre-ville;50;;['New Balance'];;9h/18h;open 6/7;6;54;5;E0004;Blasé;2600;246;2006-01-09;Manager;0,21;0,79;C0013;F;32;;True;impulsif;0;16;G034;Bonnet;Bonnet;Bonnet;None;XS;10,0;10,0;False;0,0;0;0;0,0;0,0;0,0;non;9,0;2024-02;23197,829999999998
V4459994421;2024-02-10;16:11;S01;Premium;Centre-ville;50;;['New Balance'];;9h/18h;open 6/7;6;54;5;E0004;Blasé;2600;246;2006-01-09;Manager;0,21;0,79;C0013;F;32;;True;impulsif;0;16;G034;Lunettes;Lunettes;Lunettes;None;S;20,0;20,0;False;0,0;0;0;0,0;0,0;0,0;non;9,0;2024-02;23197,829999999998
V4459994421;2024-02-10;16:11;S01;Premium;Centre-ville;50;;['New Balance'];;9h/18h;open 6/7;6;54;5;E0004;Blasé;2600;246;2006-01-09;Manager;0,21;0,79;C0013;F;32;;True;impulsif;0;16;G034;Echarpe;Echarpe;Echarpe;None;XL;40,0;40,0;False;0,0;0;0;0,0;0,0;0,0;non;9,0;2024-02;23197,829999999998
V2105691451;2024-02-03;12:28;S01;Premium;Centre-ville;50;non;['New Balance'];9,0;9h/18h;open 6/7;6;54;5;E0003;Jeune prometteur;2100;67;2020-09-04;Salesforce;0,13;0,87;C0176;F;39;;False;impulsif;0;0;P037;New Balance;Running;Elite;Premium Black;41;114,45;114,45;False;0,0;0;0;5,0;0,0;0,0;;;2024-02;23197,829999999998
V2920034688;2024-02-21;09:33;S01;Premium;Centre-ville;50;non;['New Balance'];9,0;9h/18h;open 6/7;6;54;5;E0005;Expérimenté;2800;106;2017-07-01;Salesforce;0,05;0,95;C0227;F;42;;True;chasseur_de_promos;0;11;P037;New Balance;Running;Elite;Premium Black;41;114,45;114,45;False;0,0;0;0;5,0;0,0;0,0;;;2024-02;23197,829999999998
V4119719849;2024-02-22;12:17;S01;Premium;Centre-ville;50;non;['New Balance'];9,0;9h/18h;open 6/7;6;54;5;E0001;Jeune prometteur;2000;45;2022-07-17;Salesforce;0,12;0,88;C0136;M;52;;True;chasseur_de_promos;0;13;P035;New Balance;Basketball;Zoom;Pink;37;135,45;135,45;False;0,0;0;0;5,0;0,0;0,0;;;2024-02;23197,829999999998
V2762377274;2024-02-16;18:40;S01;Premium;Centre-ville;50;non;['New Balance'];9,0;9h/18h;open 6/7;6;54;5;E0005;Expérimenté;2800;106;2017-07-01;Salesforce;0,05;0,95;C0227;F;42;;True;chasseur_de_promos;10;16;P034;New Balance;Basketball;Zoom;Premium Black;39;165,95;166,95;False;1,0;0;1;5,0;0,0;0,6;;;2024-02;23197,829999999998
V3834828411;2024-02-10;11:00;S01;Premium;Centre-ville;50;non;['New Balance'];9,0;9h/18h;open 6/7;6;54;5;E0005;Expérimenté;2800;106;2017-07-01;Salesforce;0,05;0,95;C0177;F;30;;False;chasseur_de_promos;0;0;P040;New Balance;Running;Air;Deep Purple;43;145,95;145,95;False;0,0;0;0;5,0;0,0;0,0;;;2024-02;23197,829999999998
V3834828411;2024-02-10;11:00;S01;Premium;Centre-ville;50;;['New Balance'];;9h/18h;open 6/7;6;54;5;E0005;Expérimenté;2800;106;2017-07-01;Salesforce;0,05;0,95;C0177;F;30;;False;chasseur_de_promos;0;0;G040;Lacets;Lacets;Lacets;None;XL;30,0;30,0;False;0,0;0;0;0,0;0,0;0,0;non;9,0;2024-02;23197,829999999998
V3353191559;2024-02-12;16:40;S01;Premium;Centre-ville;50;non;['New Balance'];9,0;9h/18h;open 6/7;6;54;5;E0005;Expérimenté;2800;106;2017-07-01;Salesforce;0,05;0,95;C0032;F;37;;True;chasseur_de_promos;0;11;P037;New Balance;Running;Elite;Premium Black;41;114,45;114,45;False;0,0;0;0;5,0;0,0;0,0;;;2024-02;23197,829999999998
V2689642614;2024-02-14;14:07;S01;Premium;Centre-ville;50;non;['New Balance'];9,0;9h/18h;open 6/7;6;54;5;E0005;Expérimenté;2800;106;2017-07-01;Salesforce;0,05;0,95;C0026;M;50;;True;sneakerhead;0;5;P030;New Balance;Casual;Elite;Sunny Yellow;30;59,75;59,75;True;0,0;0;0;5,0;0,0;0,0;;;2024-02;23197,829999999998
V2689642614;2024-02-14;14:07;S01;Premium;Centre-ville;50;;['New Balance'];;9h/18h;open 6/7;6;54;5;E0005;Expérimenté;2800;106;2017-07-01;Salesforce;0,05;0,95;C0026;M;50;;True;sneakerhead;0;5;G030;Tee-short;Tee-short;Tee-short;None;XS;30,0;30,0;False;0,0;0;0;0,0;0,0;0,0;non;9,0;2024-02;23197,829999999998
V5720422754;2024-02-10;17:20;S01;Premium;Centre-ville;50;non;['New Balance'];9,0;9h/18h;open 6/7;6;54;5;E0001;Jeune prometteur;2000;45;2022-07-17;Salesforce;0,12;0,88;C0180;F;30;;True;sneakerhead;0;5;P030;New Balance;Casual;Elite;Sunny Yellow;30;59,75;59,75;True;0,0;0;0;5,0;0,0;0,0;;;2024-02;23197,829999999998
V4102578519;2024-02-05;18:20;S01;Premium;Centre-ville;50;non;['New Balance'];9,0;9h/18h;open 6/7;6;54;5;E0005;Expérimenté;2800;106;2017-07-01;Salesforce;0,05;0,95;C0275;M;33;;False;chasseur_de_promos;0;0;P031;New Balance;Casual;Flex;Brown Bear;42;152,25;152,25;False;0,0;0;0;5,0;0,0;0,0;;;2024-02;23197,829999999998
V4102578519;2024-02-05;18:20;S01;Premium;Centre-ville;50;;['New Balance'];;9h/18h;open 6/7;6;54;5;E0005;Expérimenté;2800;106;2017-07-01;Salesforce;0,05;0,95;C0275;M;33;;False;chasseur_de_promos;0;0;G031;Lacets;Lacets;Lacets;None;S;10,0;10,0;False;0,0;0;0;0,0;0,0;0,0;non;9,0;2024-02;23197,829999999998
V2321962883;2024-02-15;14:57;S01;Premium;Centre-ville;50;non;['New Balance'];9,0;9h/18h;open 6/7;6;54;5;E0005;Expérimenté;2800;106;2017-07-01;Salesforce;0,05;0,95;C0127;M;28;;True;sneakerhead;30;5;P030;New Balance;Casual;Elite;Sunny Yellow;30;56,75;59,75;True;3,0;0;3;5,0;0,0;5,0;;;2024-02;23197,829999999998
V3827066773;2024-02-05;13:05;S01;Premium;Centre-ville;50;non;['New Balance'];9,0;9h/18h;open 6/7;6;54;5;E0005;Expérimenté;2800;106;2017-07-01;Salesforce;0,05;0,95;C0108;F;39;New Balance;False;fidèle_marque;0;0;P037;New Balance;Running;Elite;Premium Black;41;114,45;114,45;False;0,0;0;0;5,0;0,0;0,0;;;2024-02;23197,829999999998
V9231773151;2024-02-14;17:58;S01;Premium;Centre-ville;50;non;['New Balance'];9,0;9h/18h;open 6/7;6;54;5;E0002;Requin;2900;127;2015-10-11;Salesforce;0,05;0,95;C0167;M;46;;False;sneakerhead;0;0;P030;New Balance;Casual;Elite;Sunny Yellow;30;59,75;59,75;True;0,0;0;0;5,0;0,0;0,0;;;2024-02;23197,829999999998
V7740635549;2024-02-13;10:56;S01;Premium;Centre-ville;50;non;['New Balance'];9,0;9h/18h;open 6/7;6;54;5;E0004;Blasé;2600;246;2006-01-09;Manager;0,21;0,79;C0090;M;49;;False;impulsif;0;0;P040;New Balance;Running;Air;Deep Purple;43;131,35999999999999;145,95;False;14,59;0;0;5,0;14,59;10,0;;;2024-02;23197,829999999998
V7740635549;2024-02-13;10:56;S01;Premium;Centre-ville;50;;['New Balance'];;9h/18h;open 6/7;6;54;5;E0004;Blasé;2600;246;2006-01-09;Manager;0,21;0,79;C0090;M;49;;False;impulsif;0;0;G040;Echarpe;Echarpe;Echarpe;None;M;30,0;30,0;False;0,0;0;0;0,0;0,0;0,0;non;9,0;2024-02;23197,829999999998
V5163228000;2024-02-02;11:28;S01;Premium;Centre-ville;50;non;['New Balance'];9,0;9h/18h;open 6/7;6;54;5;E0002;Requin;2900;127;2015-10-11;Salesforce;0,05;0,95;C0077;F;61;;True;impulsif;0;5;P030;New Balance;Casual;Elite;Sunny Yellow;30;59,75;59,75;True;0,0;0;0;5,0;0,0;0,0;;;2024-02;23197,829999999998
V7793050729;2024-02-10;14:56;S01;Premium;Centre-ville;50;non;['New Balance'];9,0;9h/18h;open 6/7;6;54;5;E0002;Requin;2900;127;2015-10-11;Salesforce;0,05;0,95;C0179;F;29;;True;impulsif;0;5;P030;New Balance;Casual;Elite;Sunny Yellow;30;59,75;59,75;True;0,0;0;0;5,0;0,0;0,0;;;2024-02;23197,829999999998
V5005364256;2024-02-10;09:49;S01;Premium;Centre-ville;50;non;['New Balance'];9,0;9h/18h;open 6/7;6;54;5;E0001;Jeune prometteur;2000;45;2022-07-17;Salesforce;0,12;0,88;C0300;F;45;;False;chasseur_de_promos;0;0;P037;New Balance;Running;Elite;Premium Black;41;100,45;114,45;False;14,0;14;0;5,0;0,0;12,2;;;2024-02;23197,829999999998
V3780583408;2024-02-10;12:07;S01;Premium;Centre-ville;50;non;['New Balance'];9,0;9h/18h;open 6/7;6;54;5;E0003;Jeune prometteur;2100;67;2020-09-04;Salesforce;0,13;0,87;C0260;F;54;;False;impulsif;0;0;P010;New Balance;Running;Flex;Red Blood;42;152,25;152,25;False;0,0;0;0;5,0;0,0;0,0;;;2024-02;23197,829999999998
V1576502249;2024-02-24;14:23;S01;Premium;Centre-ville;50;non;['New Balance'];9,0;9h/18h;open 6/7;6;54;5;E0003;Jeune prometteur;2100;67;2020-09-04;Salesforce;0,13;0,87;C0154;M;45;;True;chasseur_de_promos;0;12;P031;New Balance;Casual;Flex;Brown Bear;42;121,8;152,25;False;30,45;0;0;5,0;30,45;20,0;;;2024-02;23197,829999999998
V9578302447;2024-02-24;14:49;S01;Premium;Centre-ville;50;non;['New Balance'];9,0;9h/18h;open 6/7;6;54;5;E0003;Jeune prometteur;2100;67;2020-09-04;Salesforce;0,13;0,87;C0093;M;33;;False;chasseur_de_promos;0;0;P030;New Balance;Casual;Elite;Sunny Yellow;30;59,75;59,75;True;0,0;0;0;5,0;0,0;0,0;;;2024-02;23197,829999999998
V9595068042;2024-02-17;15:17;S01;Premium;Centre-ville;50;non;['New Balance'];9,0;9h/18h;open 6/7;6;54;5;E0003;Jeune prometteur;2100;67;2020-09-04;Salesforce;0,13;0,87;C0110;F;43;;False;chasseur_de_promos;0;0;P034;New Balance;Basketball;Zoom;Premium Black;39;166,95;166,95;False;0,0;0;0;5,0;0,0;0,0;;;2024-02;23197,829999999998
V2551183096;2024-02-08;16:10;S01;Premium;Centre-ville;50;non;['New Balance'];9,0;9h/18h;open 6/7;6;54;5;E0004;Blasé;2600;246;2006-01-09;Manager;0,21;0,79;C0283;M;32;;False;impulsif;0;0;P010;New Balance;Running;Flex;Red Blood;42;152,25;152,25;False;0,0;0;0;5,0;0,0;0,0;;;2024-02;23197,829999999998
V8762604975;2024-02-12;11:30;S01;Premium;Centre-ville;50;non;['New Balance'];9,0;9h/18h;open 6/7;6;54;5;E0004;Blasé;2600;246;2006-01-09;Manager;0,21;0,79;C0049;M;42;;True;sneakerhead;0;5;P030;New Balance;Casual;Elite;Sunny Yellow;30;59,75;59,75;True;0,0;0;0;5,0;0,0;0,0;;;2024-02;23197,829999999998
V3748263171;2024-02-09;09:16;S01;Premium;Centre-ville;50;non;['New Balance'];9,0;9h/18h;open 6/7;6;54;5;E0005;Expérimenté;2800;106;2017-07-01;Salesforce;0,05;0,95;C0079;M;38;;False;impulsif;0;0;P030;New Balance;Casual;Elite;Sunny Yellow;30;59,75;59,75;True;0,0;0;0;5,0;0,0;0,0;;;2024-02;23197,829999999998
V6089443109;2024-02-09;14:53;S01;Premium;Centre-ville;50;non;['New Balance'];9,0;9h/18h;open 6/7;6;54;5;E0002;Requin;2900;127;2015-10-11;Salesforce;0,05;0,95;C0135;M;40;;True;impulsif;0;14;P040;New Balance;Running;Air;Deep Purple;43;145,95;145,95;False;0,0;0;0;5,0;0,0;0,0;;;2024-02;23197,829999999998
V2159084039;2024-02-23;18:26;S01;Premium;Centre-ville;50;non;['New Balance'];9,0;9h/18h;open 6/7;6;54;5;E0004;Blasé;2600;246;2006-01-09;Manager;0,21;0,79;C0243;F;49;;True;impulsif;0;14;P040;New Balance;Running;Air;Deep Purple;43;112,94999999999999;145,95;False;33,0;33;0;5,0;0,0;22,6;;;2024-02;23197,829999999998
V8828595097;2024-02-09;10:44;S01;Premium;Centre-ville;50;non;['New Balance'];9,0;9h/18h;open 6/7;6;54;5;E0003;Jeune prometteur;2100;67;2020-09-04;Salesforce;0,13;0,87;C0176;F;39;;False;impulsif;0;0;P031;New Balance;Casual;Flex;Brown Bear;42;152,25;152,25;False;0,0;0;0;5,0;0,0;0,0;;;2024-02;23197,829999999998
V8828595097;2024-02-09;10:44;S01;Premium;Centre-ville;50;;['New Balance'];;9h/18h;open 6/7;6;54;5;E0003;Jeune prometteur;2100;67;2020-09-04;Salesforce;0,13;0,87;C0176;F;39;;False;impulsif;0;0;G031;Bonnet;Bonnet;Bonnet;None;XL;20,0;20,0;False;0,0;0;0;0,0;0,0;0,0;non;9,0;2024-02;23197,829999999998
V9855747607;2024-02-15;11:03;S01;Premium;Centre-ville;50;non;['New Balance'];9,0;9h/18h;open 6/7;6;54;5;E0005;Expérimenté;2800;106;2017-07-01;Salesforce;0,05;0,95;C0070;F;40;;True;sneakerhead;0;5;P030;New Balance;Casual;Elite;Sunny Yellow;30;59,75;59,75;True;0,0;0;0;5,0;0,0;0,0;;;2024-02;23197,829999999998
V6215420474;2024-02-09;10:52;S01;Premium;Centre-ville;50;non;['New Balance'];9,0;9h/18h;open 6/7;6;54;5;E0002;Requin;2900;127;2015-10-11;Salesforce;0,05;0,95;C0024;F;39;;True;impulsif;0;16;P034;New Balance;Basketball;Zoom;Premium Black;39;166,95;166,95;False;0,0;0;0;5,0;0,0;0,0;;;2024-02;23197,829999999998
V7370958626;2024-02-03;18:50;S01;Premium;Centre-ville;50;non;['New Balance'];9,0;9h/18h;open 6/7;6;54;5;E0004;Blasé;2600;246;2006-01-09;Manager;0,21;0,79;C0054;M;33;;False;impulsif;0;0;P040;New Balance;Running;Air;Deep Purple;43;99,94999999999999;145,95;False;46,0;46;0;5,0;0,0;31,5;;;2024-02;23197,829999999998
V7370958626;2024-02-03;18:50;S01;Premium;Centre-ville;50;;['New Balance'];;9h/18h;open 6/7;6;54;5;E0004;Blasé;2600;246;2006-01-09;Manager;0,21;0,79;C0054;M;33;;False;impulsif;0;0;G040;Echarpe;Echarpe;Echarpe;None;S;30,0;30,0;False;0,0;0;0;0,0;0,0;0,0;non;9,0;2024-02;23197,829999999998
V7315854569;2024-02-28;16:23;S01;Premium;Centre-ville;50;non;['New Balance'];9,0;9h/18h;open 6/7;6;54;5;E0005;Expérimenté;2800;106;2017-07-01;Salesforce;0,05;0,95;C0145;M;43;;True;chasseur_de_promos;40;16;P034;New Balance;Basketball;Zoom;Premium Black;39;162,95;166,95;False;4,0;0;4;5,0;0,0;2,4;;;2024-02;23197,829999999998
V2243083596;2024-02-21;13:19;S01;Premium;Centre-ville;50;non;['New Balance'];9,0;9h/18h;open 6/7;6;54;5;E0002;Requin;2900;127;2015-10-11;Salesforce;0,05;0,95;C0196;M;45;;False;impulsif;0;0;P030;New Balance;Casual;Elite;Sunny Yellow;30;59,75;59,75;True;0,0;0;0;5,0;0,0;0,0;;;2024-02;23197,829999999998
V4056442451;2024-02-06;17:03;S01;Premium;Centre-ville;50;non;['New Balance'];9,0;9h/18h;open 6/7;6;54;5;E0003;Jeune prometteur;2100;67;2020-09-04;Salesforce;0,13;0,87;C0155;M;60;;True;chasseur_de_promos;0;13;P035;New Balance;Basketball;Zoom;Pink;37;135,45;135,45;False;0,0;0;0;5,0;0,0;0,0;;;2024-02;23197,829999999998
V4056442451;2024-02-06;17:03;S01;Premium;Centre-ville;50;;['New Balance'];;9h/18h;open 6/7;6;54;5;E0003;Jeune prometteur;2100;67;2020-09-04;Salesforce;0,13;0,87;C0155;M;60;;True;chasseur_de_promos;0;13;G035;Lunettes;Lunettes;Lunettes;None;XS;40,0;40,0;False;0,0;0;0;0,0;0,0;0,0;non;9,0;2024-02;23197,829999999998
V9150141368;2024-02-23;13:27;S01;Premium;Centre-ville;50;non;['New Balance'];9,0;9h/18h;open 6/7;6;54;5;E0002;Requin;2900;127;2015-10-11;Salesforce;0,05;0,95;C0159;M;33;;True;chasseur_de_promos;0;5;P030;New Balance;Casual;Elite;Sunny Yellow;30;59,75;59,75;True;0,0;0;0;5,0;0,0;0,0;;;2024-02;23197,829999999998
V6792066713;2024-02-16;15:45;S01;Premium;Centre-ville;50;non;['New Balance'];9,0;9h/18h;open 6/7;6;54;5;E0003;Jeune prometteur;2100;67;2020-09-04;Salesforce;0,13;0,87;C0051;F;50;;True;chasseur_de_promos;40;14;P040;New Balance;Running;Air;Deep Purple;43;141,95;145,95;False;4,0;0;4;5,0;0,0;2,7;;;2024-02;23197,829999999998
V4834213385;2024-02-22;09:39;S01;Premium;Centre-ville;50;non;['New Balance'];9,0;9h/18h;open 6/7;6;54;5;E0001;Jeune prometteur;2000;45;2022-07-17;Salesforce;0,12;0,88;C0236;M;32;;True;impulsif;0;14;P040;New Balance;Running;Air;Deep Purple;43;145,95;145,95;False;0,0;0;0;5,0;0,0;0,0;;;2024-02;23197,829999999998
V9757119522;2024-02-16;11:14;S01;Premium;Centre-ville;50;non;['New Balance'];9,0;9h/18h;open 6/7;6;54;5;E0005;Expérimenté;2800;106;2017-07-01;Salesforce;0,05;0,95;C0253;F;31;;True;chasseur_de_promos;0;10;P040;New Balance;Running;Air;Deep Purple;43;109,45999999999998;145,95;False;36,49;0;0;5,0;36,49;25,0;;;2024-02;23197,829999999998
V6873598839;2024-02-14;14:51;S01;Premium;Centre-ville;50;non;['New Balance'];9,0;9h/18h;open 6/7;6;54;5;E0003;Jeune prometteur;2100;67;2020-09-04;Salesforce;0,13;0,87;C0051;F;50;;True;chasseur_de_promos;0;13;P035;New Balance;Basketball;Zoom;Pink;37;111,44999999999999;135,45;False;24,0;24;0;5,0;0,0;17,7;;;2024-02;23197,829999999998
V6873598839;2024-02-14;14:51;S01;Premium;Centre-ville;50;;['New Balance'];;9h/18h;open 6/7;6;54;5;E0003;Jeune prometteur;2100;67;2020-09-04;Salesforce;0,13;0,87;C0051;F;50;;True;chasseur_de_promos;0;13;G035;Lunettes;Lunettes;Lunettes;None;XS;30,0;30,0;False;0,0;0;0;0,0;0,0;0,0;non;9,0;2024-02;23197,829999999998
V9464031022;2024-02-05;10:01;S01;Premium;Centre-ville;50;non;['New Balance'];9,0;9h/18h;open 6/7;6;54;5;E0003;Jeune prometteur;2100;67;2020-09-04;Salesforce;0,13;0,87;C0265;F;39;;True;sneakerhead;0;5;P030;New Balance;Casual;Elite;Sunny Yellow;30;59,75;59,75;True;0,0;0;0;5,0;0,0;0,0;;;2024-02;23197,829999999998
V3214356289;2024-02-24;12:30;S01;Premium;Centre-ville;50;non;['New Balance'];9,0;9h/18h;open 6/7;6;54;5;E0002;Requin;2900;127;2015-10-11;Salesforce;0,05;0,95;C0123;F;31;;False;chasseur_de_promos;0;0;P031;New Balance;Casual;Flex;Brown Bear;42;152,25;152,25;False;0,0;0;0;5,0;0,0;0,0;;;2024-02;23197,829999999998
V3214356289;2024-02-24;12:30;S01;Premium;Centre-ville;50;;['New Balance'];;9h/18h;open 6/7;6;54;5;E0002;Requin;2900;127;2015-10-11;Salesforce;0,05;0,95;C0123;F;31;;False;chasseur_de_promos;0;0;G031;Tee-short;Tee-short;Tee-short;None;XL;10,0;10,0;False;0,0;0;0;0,0;0,0;0,0;non;9,0;2024-02;23197,829999999998
V9668339365;2024-02-14;11:19;S01;Premium;Centre-ville;50;non;['New Balance'];9,0;9h/18h;open 6/7;6;54;5;E0001;Jeune prometteur;2000;45;2022-07-17;Salesforce;0,12;0,88;C0135;M;40;;True;impulsif;0;15;P031;New Balance;Casual;Flex;Brown Bear;42;152,25;152,25;False;0,0;0;0;5,0;0,0;0,0;;;2024-02;23197,829999999998
V7760422544;2024-02-01;17:27;S01;Premium;Centre-ville;50;non;['New Balance'];9,0;9h/18h;open 6/7;6;54;5;E0004;Blasé;2600;246;2006-01-09;Manager;0,21;0,79;C0233;F;33;;True;sneakerhead;0;5;P030;New Balance;Casual;Elite;Sunny Yellow;30;59,75;59,75;True;0,0;0;0;5,0;0,0;0,0;;;2024-02;23197,829999999998
V9735872937;2024-02-27;18:03;S01;Premium;Centre-ville;50;non;['New Balance'];9,0;9h/18h;open 6/7;6;54;5;E0003;Jeune prometteur;2100;67;2020-09-04;Salesforce;0,13;0,87;C0237;M;39;;True;chasseur_de_promos;0;14;P040;New Balance;Running;Air;Deep Purple;43;145,95;145,95;False;0,0;0;0;5,0;0,0;0,0;;;2024-02;23197,829999999998
V6471811250;2024-02-22;15:25;S01;Premium;Centre-ville;50;non;['New Balance'];9,0;9h/18h;open 6/7;6;54;5;E0002;Requin;2900;127;2015-10-11;Salesforce;0,05;0,95;C0189;M;34;;False;chasseur_de_promos;0;0;P030;New Balance;Casual;Elite;Sunny Yellow;30;59,75;59,75;True;0,0;0;0;5,0;0,0;0,0;;;2024-02;23197,829999999998
V6471811250;2024-02-22;15:25;S01;Premium;Centre-ville;50;;['New Balance'];;9h/18h;open 6/7;6;54;5;E0002;Requin;2900;127;2015-10-11;Salesforce;0,05;0,95;C0189;M;34;;False;chasseur_de_promos;0;0;G030;Tee-short;Tee-short;Tee-short;None;M;10,0;10,0;False;0,0;0;0;0,0;0,0;0,0;non;9,0;2024-02;23197,829999999998
V3795134212;2024-02-13;18:42;S01;Premium;Centre-ville;50;non;['New Balance'];9,0;9h/18h;open 6/7;6;54;5;E0003;Jeune prometteur;2100;67;2020-09-04;Salesforce;0,13;0,87;C0074;F;31;;True;chasseur_de_promos;0;15;P031;New Balance;Casual;Flex;Brown Bear;42;152,25;152,25;False;0,0;0;0;5,0;0,0;0,0;;;2024-02;23197,829999999998
V4032816794;2024-02-07;16:36;S01;Premium;Centre-ville;50;non;['New Balance'];9,0;9h/18h;open 6/7;6;54;5;E0002;Requin;2900;127;2015-10-11;Salesforce;0,05;0,95;C0172;F;52;;True;chasseur_de_promos;0;5;P030;New Balance;Casual;Elite;Sunny Yellow;30;59,75;59,75;True;0,0;0;0;5,0;0,0;0,0;;;2024-02;23197,829999999998
V3722196906;2024-02-06;17:17;S01;Premium;Centre-ville;50;non;['New Balance'];9,0;9h/18h;open 6/7;6;54;5;E0001;Jeune prometteur;2000;45;2022-07-17;Salesforce;0,12;0,88;C0047;M;62;;True;sneakerhead;0;13;P035;New Balance;Basketball;Zoom;Pink;37;135,45;135,45;False;0,0;0;0;5,0;0,0;0,0;;;2024-02;23197,829999999998
V9762487743;2024-02-03;15:22;S01;Premium;Centre-ville;50;non;['New Balance'];9,0;9h/18h;open 6/7;6;54;5;E0002;Requin;2900;127;2015-10-11;Salesforce;0,05;0,95;C0050;F;23;;True;chasseur_de_promos;0;5;P030;New Balance;Casual;Elite;Sunny Yellow;30;53,75;59,75;True;6,0;6;0;5,0;0,0;10,0;;;2024-02;23197,829999999998
V9762487743;2024-02-03;15:22;S01;Premium;Centre-ville;50;;['New Balance'];;9h/18h;open 6/7;6;54;5;E0002;Requin;2900;127;2015-10-11;Salesforce;0,05;0,95;C0050;F;23;;True;chasseur_de_promos;0;5;G030;Lunettes;Lunettes;Lunettes;None;S;30,0;30,0;False;0,0;0;0;0,0;0,0;0,0;non;9,0;2024-02;23197,829999999998
V7171186178;2024-02-24;13:57;S01;Premium;Centre-ville;50;non;['New Balance'];9,0;9h/18h;open 6/7;6;54;5;E0001;Jeune prometteur;2000;45;2022-07-17;Salesforce;0,12;0,88;C0075;M;48;;False;chasseur_de_promos;0;0;P010;New Balance;Running;Flex;Red Blood;42;127,25;152,25;False;25,0;25;0;5,0;0,0;16,4;;;2024-02;23197,829999999998
V4476282010;2024-02-05;13:04;S01;Premium;Centre-ville;50;non;['New Balance'];9,0;9h/18h;open 6/7;6;54;5;E0004;Blasé;2600;246;2006-01-09;Manager;0,21;0,79;C0003;M;57;;False;impulsif;0;0;P010;New Balance;Running;Flex;Red Blood;42;114,19;152,25;False;38,06;0;0;5,0;38,06;25,0;;;2024-02;23197,829999999998
V2866443579;2024-02-16;11:34;S01;Premium;Centre-ville;50;non;['New Balance'];9,0;9h/18h;open 6/7;6;54;5;E0004;Blasé;2600;246;2006-01-09;Manager;0,21;0,79;C0281;F;37;;False;chasseur_de_promos;0;0;P030;New Balance;Casual;Elite;Sunny Yellow;30;59,75;59,75;True;0,0;0;0;5,0;0,0;0,0;;;2024-02;23197,829999999998
V2866443579;2024-02-16;11:34;S01;Premium;Centre-ville;50;;['New Balance'];;9h/18h;open 6/7;6;54;5;E0004;Blasé;2600;246;2006-01-09;Manager;0,21;0,79;C0281;F;37;;False;chasseur_de_promos;0;0;G030;Lacets;Lacets;Lacets;None;XL;10,0;10,0;False;0,0;0;0;0,0;0,0;0,0;non;9,0;2024-02;23197,829999999998
V8976659176;2024-02-10;09:49;S01;Premium;Centre-ville;50;non;['New Balance'];9,0;9h/18h;open 6/7;6;54;5;E0001;Jeune prometteur;2000;45;2022-07-17;Salesforce;0,12;0,88;C0207;M;54;;True;chasseur_de_promos;10;5;P030;New Balance;Casual;Elite;Sunny Yellow;30;58,75;59,75;True;1,0;0;1;5,0;0,0;1,7;;;2024-02;23197,829999999998
V3911771784;2024-02-10;09:20;S01;Premium;Centre-ville;50;non;['New Balance'];9,0;9h/18h;open 6/7;6;54;5;E0002;Requin;2900;127;2015-10-11;Salesforce;0,05;0,95;C0179;F;29;;True;impulsif;0;5;P030;New Balance;Casual;Elite;Sunny Yellow;30;59,75;59,75;True;0,0;0;0;5,0;0,0;0,0;;;2024-02;23197,829999999998
V7451807860;2024-02-03;09:02;S01;Premium;Centre-ville;50;non;['New Balance'];9,0;9h/18h;open 6/7;6;54;5;E0003;Jeune prometteur;2100;67;2020-09-04;Salesforce;0,13;0,87;C0062;M;52;;True;sneakerhead;0;9;P037;New Balance;Running;Elite;Premium Black;41;97,28;114,45;False;17,17;0;0;5,0;17,17;15,0;;;2024-02;23197,829999999998
V9509313738;2024-02-03;16:09;S01;Premium;Centre-ville;50;non;['New Balance'];9,0;9h/18h;open 6/7;6;54;5;E0005;Expérimenté;2800;106;2017-07-01;Salesforce;0,05;0,95;C0185;M;30;;False;impulsif;0;0;P010;New Balance;Running;Flex;Red Blood;42;152,25;152,25;False;0,0;0;0;5,0;0,0;0,0;;;2024-02;23197,829999999998
V5661944925;2024-02-03;18:44;S01;Premium;Centre-ville;50;non;['New Balance'];9,0;9h/18h;open 6/7;6;54;5;E0005;Expérimenté;2800;106;2017-07-01;Salesforce;0,05;0,95;C0035;M;51;;True;chasseur_de_promos;0;16;P034;New Balance;Basketball;Zoom;Premium Black;39;166,95;166,95;False;0,0;0;0;5,0;0,0;0,0;;;2024-02;23197,829999999998
V2525900132;2024-02-28;18:11;S01;Premium;Centre-ville;50;non;['New Balance'];9,0;9h/18h;open 6/7;6;54;5;E0002;Requin;2900;127;2015-10-11;Salesforce;0,05;0,95;C0167;M;46;;False;sneakerhead;0;0;P030;New Balance;Casual;Elite;Sunny Yellow;30;59,75;59,75;True;0,0;0;0;5,0;0,0;0,0;;;2024-02;23197,829999999998
V2525900132;2024-02-28;18:11;S01;Premium;Centre-ville;50;;['New Balance'];;9h/18h;open 6/7;6;54;5;E0002;Requin;2900;127;2015-10-11;Salesforce;0,05;0,95;C0167;M;46;;False;sneakerhead;0;0;G030;Tee-short;Tee-short;Tee-short;None;XL;10,0;10,0;False;0,0;0;0;0,0;0,0;0,0;non;9,0;2024-02;23197,829999999998
V6729370973;2024-02-20;16:44;S01;Premium;Centre-ville;50;non;['New Balance'];9,0;9h/18h;open 6/7;6;54;5;E0004;Blasé;2600;246;2006-01-09;Manager;0,21;0,79;C0070;F;40;;True;sneakerhead;0;5;P030;New Balance;Casual;Elite;Sunny Yellow;30;59,75;59,75;True;0,0;0;0;5,0;0,0;0,0;;;2024-02;23197,829999999998
V5032867983;2024-02-06;15:19;S01;Premium;Centre-ville;50;non;['New Balance'];9,0;9h/18h;open 6/7;6;54;5;E0004;Blasé;2600;246;2006-01-09;Manager;0,21;0,79;C0173;M;48;;True;sneakerhead;0;5;P030;New Balance;Casual;Elite;Sunny Yellow;30;46,75;59,75;True;13,0;13;0;5,0;0,0;21,8;;;2024-02;23197,829999999998
V5032867983;2024-02-06;15:19;S01;Premium;Centre-ville;50;;['New Balance'];;9h/18h;open 6/7;6;54;5;E0004;Blasé;2600;246;2006-01-09;Manager;0,21;0,79;C0173;M;48;;True;sneakerhead;0;5;G030;Echarpe;Echarpe;Echarpe;None;L;40,0;40,0;False;0,0;0;0;0,0;0,0;0,0;non;9,0;2024-02;23197,829999999998
V1052771472;2024-02-28;14:45;S01;Premium;Centre-ville;50;non;['New Balance'];9,0;9h/18h;open 6/7;6;54;5;E0005;Expérimenté;2800;106;2017-07-01;Salesforce;0,05;0,95;C0168;M;35;;True;impulsif;0;15;P010;New Balance;Running;Flex;Red Blood;42;152,25;152,25;False;0,0;0;0;5,0;0,0;0,0;;;2024-02;23197,829999999998
V8878594115;2024-02-26;10:50;S01;Premium;Centre-ville;50;non;['New Balance'];9,0;9h/18h;open 6/7;6;54;5;E0001;Jeune prometteur;2000;45;2022-07-17;Salesforce;0,12;0,88;C0031;M;53;;True;sneakerhead;0;5;P030;New Balance;Casual;Elite;Sunny Yellow;30;59,75;59,75;True;0,0;0;0;5,0;0,0;0,0;;;2024-02;23197,829999999998
V6736005914;2024-02-29;17:20;S01;Premium;Centre-ville;50;non;['New Balance'];9,0;9h/18h;open 6/7;6;54;5;E0005;Expérimenté;2800;106;2017-07-01;Salesforce;0,05;0,95;C0138;M;36;;True;impulsif;0;16;P034;New Balance;Basketball;Zoom;Premium Black;39;166,95;166,95;False;0,0;0;0;5,0;0,0;0,0;;;2024-02;23197,829999999998
V6736005914;2024-02-29;17:20;S01;Premium;Centre-ville;50;;['New Balance'];;9h/18h;open 6/7;6;54;5;E0005;Expérimenté;2800;106;2017-07-01;Salesforce;0,05;0,95;C0138;M;36;;True;impulsif;0;16;G034;Lacets;Lacets;Lacets;None;L;20,0;20,0;False;0,0;0;0;0,0;0,0;0,0;non;9,0;2024-02;23197,829999999998
V1039887315;2024-02-14;09:02;S01;Premium;Centre-ville;50;non;['New Balance'];9,0;9h/18h;open 6/7;6;54;5;E0004;Blasé;2600;246;2006-01-09;Manager;0,21;0,79;C0118;F;25;;True;sneakerhead;40;5;P030;New Balance;Casual;Elite;Sunny Yellow;30;55,75;59,75;True;4,0;0;4;5,0;0,0;6,7;;;2024-02;23197,829999999998
V4681442353;2024-02-24;18:25;S01;Premium;Centre-ville;50;non;['New Balance'];9,0;9h/18h;open 6/7;6;54;5;E0001;Jeune prometteur;2000;45;2022-07-17;Salesforce;0,12;0,88;C0289;F;42;;True;sneakerhead;0;5;P030;New Balance;Casual;Elite;Sunny Yellow;30;59,75;59,75;True;0,0;0;0;5,0;0,0;0,0;;;2024-02;23197,829999999998
V8982793872;2024-02-17;10:29;S01;Premium;Centre-ville;50;non;['New Balance'];9,0;9h/18h;open 6/7;6;54;5;E0002;Requin;2900;127;2015-10-11;Salesforce;0,05;0,95;C0293;F;31;;False;impulsif;0;0;P030;New Balance;Casual;Elite;Sunny Yellow;30;59,75;59,75;True;0,0;0;0;5,0;0,0;0,0;;;2024-02;23197,829999999998
V8982793872;2024-02-17;10:29;S01;Premium;Centre-ville;50;;['New Balance'];;9h/18h;open 6/7;6;54;5;E0002;Requin;2900;127;2015-10-11;Salesforce;0,05;0,95;C0293;F;31;;False;impulsif;0;0;G030;Echarpe;Echarpe;Echarpe;None;M;10,0;10,0;False;0,0;0;0;0,0;0,0;0,0;non;9,0;2024-02;23197,829999999998
V8982793872;2024-02-17;10:29;S01;Premium;Centre-ville;50;;['New Balance'];;9h/18h;open 6/7;6;54;5;E0002;Requin;2900;127;2015-10-11;Salesforce;0,05;0,95;C0293;F;31;;False;impulsif;0;0;G030;Lunettes;Lunettes;Lunettes;None;S;20,0;20,0;False;0,0;0;0;0,0;0,0;0,0;non;9,0;2024-02;23197,829999999998
V7217629814;2024-02-05;10:21;S01;Premium;Centre-ville;50;non;['New Balance'];9,0;9h/18h;open 6/7;6;54;5;E0001;Jeune prometteur;2000;45;2022-07-17;Salesforce;0,12;0,88;C0017;M;40;;False;impulsif;0;0;P035;New Balance;Basketball;Zoom;Pink;37;135,45;135,45;False;0,0;0;0;5,0;0,0;0,0;;;2024-02;23197,829999999998
V5412156366;2024-02-02;11:33;S01;Premium;Centre-ville;50;non;['New Balance'];9,0;9h/18h;open 6/7;6;54;5;E0003;Jeune prometteur;2100;67;2020-09-04;Salesforce;0,13;0,87;C0148;M;36;;False;impulsif;0;0;P031;New Balance;Casual;Flex;Brown Bear;42;152,25;152,25;False;0,0;0;0;5,0;0,0;0,0;;;2024-02;23197,829999999998
V5412156366;2024-02-02;11:33;S01;Premium;Centre-ville;50;;['New Balance'];;9h/18h;open 6/7;6;54;5;E0003;Jeune prometteur;2100;67;2020-09-04;Salesforce;0,13;0,87;C0148;M;36;;False;impulsif;0;0;G031;Lunettes;Lunettes;Lunettes;None;L;40,0;40,0;False;0,0;0;0;0,0;0,0;0,0;non;9,0;2024-02;23197,829999999998
V4106246131;2024-02-20;10:32;S01;Premium;Centre-ville;50;non;['New Balance'];9,0;9h/18h;open 6/7;6;54;5;E0002;Requin;2900;127;2015-10-11;Salesforce;0,05;0,95;C0006;M;44;New Balance;True;fidèle_marque;0;5;P030;New Balance;Casual;Elite;Sunny Yellow;30;59,75;59,75;True;0,0;0;0;5,0;0,0;0,0;;;2024-02;23197,829999999998
V4106246131;2024-02-20;10:32;S01;Premium;Centre-ville;50;;['New Balance'];;9h/18h;open 6/7;6;54;5;E0002;Requin;2900;127;2015-10-11;Salesforce;0,05;0,95;C0006;M;44;New Balance;True;fidèle_marque;0;5;G030;Tee-short;Tee-short;Tee-short;None;S;10,0;10,0;False;0,0;0;0;0,0;0,0;0,0;non;9,0;2024-02;23197,829999999998
V4106246131;2024-02-20;10:32;S01;Premium;Centre-ville;50;;['New Balance'];;9h/18h;open 6/7;6;54;5;E0002;Requin;2900;127;2015-10-11;Salesforce;0,05;0,95;C0006;M;44;New Balance;True;fidèle_marque;0;5;G030;Tee-short;Tee-short;Tee-short;None;S;10,0;10,0;False;0,0;0;0;0,0;0,0;0,0;non;9,0;2024-02;23197,829999999998
V1417874533;2024-02-11;17:25;S01;Premium;Centre-ville;50;non;['New Balance'];9,0;9h/18h;open 6/7;6;54;5;E0005;Expérimenté;2800;106;2017-07-01;Salesforce;0,05;0,95;C0233;F;33;;True;sneakerhead;0;5;P030;New Balance;Casual;Elite;Sunny Yellow;30;59,75;59,75;True;0,0;0;0;5,0;0,0;0,0;;;2024-02;23197,829999999998
V5397821609;2024-02-20;13:24;S01;Premium;Centre-ville;50;non;['New Balance'];9,0;9h/18h;open 6/7;6;54;5;E0001;Jeune prometteur;2000;45;2022-07-17;Salesforce;0,12;0,88;C0051;F;50;;True;chasseur_de_promos;0;15;P031;New Balance;Casual;Flex;Brown Bear;42;152,25;152,25;False;0,0;0;0;5,0;0,0;0,0;;;2024-02;23197,829999999998
V9828192363;2024-02-05;16:59;S01;Premium;Centre-ville;50;non;['New Balance'];9,0;9h/18h;open 6/7;6;54;5;E0001;Jeune prometteur;2000;45;2022-07-17;Salesforce;0,12;0,88;C0289;F;42;;True;sneakerhead;0;5;P030;New Balance;Casual;Elite;Sunny Yellow;30;59,75;59,75;True;0,0;0;0;5,0;0,0;0,0;;;2024-02;23197,829999999998
V5394853115;2024-02-24;10:18;S01;Premium;Centre-ville;50;non;['New Balance'];9,0;9h/18h;open 6/7;6;54;5;E0002;Requin;2900;127;2015-10-11;Salesforce;0,05;0,95;C0110;F;43;;False;chasseur_de_promos;0;0;P030;New Balance;Casual;Elite;Sunny Yellow;30;53,75;59,75;True;6,0;6;0;5,0;0,0;10,0;;;2024-02;23197,829999999998
V5394853115;2024-02-24;10:18;S01;Premium;Centre-ville;50;;['New Balance'];;9h/18h;open 6/7;6;54;5;E0002;Requin;2900;127;2015-10-11;Salesforce;0,05;0,95;C0110;F;43;;False;chasseur_de_promos;0;0;G030;Lacets;Lacets;Lacets;None;L;10,0;10,0;False;0,0;0;0;0,0;0,0;0,0;non;9,0;2024-02;23197,829999999998
V5394853115;2024-02-24;10:18;S01;Premium;Centre-ville;50;;['New Balance'];;9h/18h;open 6/7;6;54;5;E0002;Requin;2900;127;2015-10-11;Salesforce;0,05;0,95;C0110;F;43;;False;chasseur_de_promos;0;0;G030;Tee-short;Tee-short;Tee-short;None;S;30,0;30,0;False;0,0;0;0;0,0;0,0;0,0;non;9,0;2024-02;23197,829999999998
V2565705096;2024-02-08;14:08;S01;Premium;Centre-ville;50;non;['New Balance'];9,0;9h/18h;open 6/7;6;54;5;E0002;Requin;2900;127;2015-10-11;Salesforce;0,05;0,95;C0015;F;34;New Balance;True;fidèle_marque;0;5;P030;New Balance;Casual;Elite;Sunny Yellow;30;59,75;59,75;True;0,0;0;0;5,0;0,0;0,0;;;2024-02;23197,829999999998
V1086015298;2024-02-12;13:59;S01;Premium;Centre-ville;50;non;['New Balance'];9,0;9h/18h;open 6/7;6;54;5;E0002;Requin;2900;127;2015-10-11;Salesforce;0,05;0,95;C0294;F;43;;True;sneakerhead;0;5;P030;New Balance;Casual;Elite;Sunny Yellow;30;59,75;59,75;True;0,0;0;0;5,0;0,0;0,0;;;2024-02;23197,829999999998
V1623082231;2024-02-15;17:11;S01;Premium;Centre-ville;50;non;['New Balance'];9,0;9h/18h;open 6/7;6;54;5;E0004;Blasé;2600;246;2006-01-09;Manager;0,21;0,79;C0123;F;31;;False;chasseur_de_promos;0;0;P031;New Balance;Casual;Flex;Brown Bear;42;152,25;152,25;False;0,0;0;0;5,0;0,0;0,0;;;2024-02;23197,829999999998
V3318513841;2024-02-21;10:30;S01;Premium;Centre-ville;50;non;['New Balance'];9,0;9h/18h;open 6/7;6;54;5;E0005;Expérimenté;2800;106;2017-07-01;Salesforce;0,05;0,95;C0124;F;34;;True;sneakerhead;0;5;P030;New Balance;Casual;Elite;Sunny Yellow;30;59,75;59,75;True;0,0;0;0;5,0;0,0;0,0;;;2024-02;23197,829999999998
V1058967812;2024-02-03;09:21;S01;Premium;Centre-ville;50;non;['New Balance'];9,0;9h/18h;open 6/7;6;54;5;E0005;Expérimenté;2800;106;2017-07-01;Salesforce;0,05;0,95;C0111;M;39;;False;impulsif;0;0;P040;New Balance;Running;Air;Deep Purple;43;145,95;145,95;False;0,0;0;0;5,0;0,0;0,0;;;2024-02;23197,829999999998
V1058967812;2024-02-03;09:21;S01;Premium;Centre-ville;50;;['New Balance'];;9h/18h;open 6/7;6;54;5;E0005;Expérimenté;2800;106;2017-07-01;Salesforce;0,05;0,95;C0111;M;39;;False;impulsif;0;0;G040;Tee-short;Tee-short;Tee-short;None;XS;40,0;40,0;False;0,0;0;0;0,0;0,0;0,0;non;9,0;2024-02;23197,829999999998
V1058967812;2024-02-03;09:21;S01;Premium;Centre-ville;50;;['New Balance'];;9h/18h;open 6/7;6;54;5;E0005;Expérimenté;2800;106;2017-07-01;Salesforce;0,05;0,95;C0111;M;39;;False;impulsif;0;0;G040;Bonnet;Bonnet;Bonnet;None;XS;10,0;10,0;False;0,0;0;0;0,0;0,0;0,0;non;9,0;2024-02;23197,829999999998
V6382651503;2024-02-12;18:49;S01;Premium;Centre-ville;50;non;['New Balance'];9,0;9h/18h;open 6/7;6;54;5;E0005;Expérimenté;2800;106;2017-07-01;Salesforce;0,05;0,95;C0215;F;39;;True;chasseur_de_promos;0;13;P035;New Balance;Basketball;Zoom;Pink;37;135,45;135,45;False;0,0;0;0;5,0;0,0;0,0;;;2024-02;23197,829999999998
V9194886217;2024-02-08;11:01;S01;Premium;Centre-ville;50;non;['New Balance'];9,0;9h/18h;open 6/7;6;54;5;E0002;Requin;2900;127;2015-10-11;Salesforce;0,05;0,95;C0059;F;39;;False;impulsif;0;0;P030;New Balance;Casual;Elite;Sunny Yellow;30;59,75;59,75;True;0,0;0;0;5,0;0,0;0,0;;;2024-02;23197,829999999998
V9194886217;2024-02-08;11:01;S01;Premium;Centre-ville;50;;['New Balance'];;9h/18h;open 6/7;6;54;5;E0002;Requin;2900;127;2015-10-11;Salesforce;0,05;0,95;C0059;F;39;;False;impulsif;0;0;G030;Lacets;Lacets;Lacets;None;S;20,0;20,0;False;0,0;0;0;0,0;0,0;0,0;non;9,0;2024-02;23197,829999999998
V5135315739;2024-02-09;10:41;S01;Premium;Centre-ville;50;non;['New Balance'];9,0;9h/18h;open 6/7;6;54;5;E0002;Requin;2900;127;2015-10-11;Salesforce;0,05;0,95;C0060;F;25;;True;impulsif;0;13;P035;New Balance;Basketball;Zoom;Pink;37;135,45;135,45;False;0,0;0;0;5,0;0,0;0,0;;;2024-02;23197,829999999998
V5135315739;2024-02-09;10:41;S01;Premium;Centre-ville;50;;['New Balance'];;9h/18h;open 6/7;6;54;5;E0002;Requin;2900;127;2015-10-11;Salesforce;0,05;0,95;C0060;F;25;;True;impulsif;0;13;G035;Tee-short;Tee-short;Tee-short;None;M;40,0;40,0;False;0,0;0;0;0,0;0,0;0,0;non;9,0;2024-02;23197,829999999998
V2150691263;2024-02-28;13:37;S01;Premium;Centre-ville;50;non;['New Balance'];9,0;9h/18h;open 6/7;6;54;5;E0005;Expérimenté;2800;106;2017-07-01;Salesforce;0,05;0,95;C0046;M;48;;True;chasseur_de_promos;0;13;P035;New Balance;Basketball;Zoom;Pink;37;117,44999999999999;135,45;False;18,0;18;0;5,0;0,0;13,3;;;2024-02;23197,829999999998
V3248088267;2024-02-27;13:24;S01;Premium;Centre-ville;50;non;['New Balance'];9,0;9h/18h;open 6/7;6;54;5;E0003;Jeune prometteur;2100;67;2020-09-04;Salesforce;0,13;0,87;C0223;F;41;;False;sneakerhead;0;0;P030;New Balance;Casual;Elite;Sunny Yellow;30;59,75;59,75;True;0,0;0;0;5,0;0,0;0,0;;;2024-02;23197,829999999998
V4851184192;2024-02-24;10:36;S01;Premium;Centre-ville;50;non;['New Balance'];9,0;9h/18h;open 6/7;6;54;5;E0001;Jeune prometteur;2000;45;2022-07-17;Salesforce;0,12;0,88;C0010;M;37;New Balance;True;fidèle_marque;0;11;P037;New Balance;Running;Elite;Premium Black;41;114,45;114,45;False;0,0;0;0;5,0;0,0;0,0;;;2024-02;23197,829999999998
V1748609238;2024-02-10;18:51;S01;Premium;Centre-ville;50;non;['New Balance'];9,0;9h/18h;open 6/7;6;54;5;E0003;Jeune prometteur;2100;67;2020-09-04;Salesforce;0,13;0,87;C0017;M;40;;False;impulsif;0;0;P040;New Balance;Running;Air;Deep Purple;43;121,94999999999999;145,95;False;24,0;24;0;5,0;0,0;16,4;;;2024-02;23197,829999999998
V6533055529;2024-02-20;11:12;S01;Premium;Centre-ville;50;non;['New Balance'];9,0;9h/18h;open 6/7;6;54;5;E0005;Expérimenté;2800;106;2017-07-01;Salesforce;0,05;0,95;C0146;F;40;;True;impulsif;0;13;P035;New Balance;Basketball;Zoom;Pink;37;135,45;135,45;False;0,0;0;0;5,0;0,0;0,0;;;2024-02;23197,829999999998
V2373845680;2024-02-13;10:50;S01;Premium;Centre-ville;50;non;['New Balance'];9,0;9h/18h;open 6/7;6;54;5;E0001;Jeune prometteur;2000;45;2022-07-17;Salesforce;0,12;0,88;C0244;M;51;;False;impulsif;0;0;P034;New Balance;Basketball;Zoom;Premium Black;39;114,94999999999999;166,95;False;52,0;52;0;5,0;0,0;31,1;;;2024-02;23197,829999999998
V5035970577;2024-02-10;12:37;S01;Premium;Centre-ville;50;non;['New Balance'];9,0;9h/18h;open 6/7;6;54;5;E0004;Blasé;2600;246;2006-01-09;Manager;0,21;0,79;C0062;M;52;;True;sneakerhead;0;5;P030;New Balance;Casual;Elite;Sunny Yellow;30;59,75;59,75;True;0,0;0;0;5,0;0,0;0,0;;;2024-02;23197,829999999998
V8388502879;2024-02-02;15:38;S01;Premium;Centre-ville;50;non;['New Balance'];9,0;9h/18h;open 6/7;6;54;5;E0003;Jeune prometteur;2100;67;2020-09-04;Salesforce;0,13;0,87;C0022;M;34;;True;sneakerhead;0;5;P030;New Balance;Casual;Elite;Sunny Yellow;30;59,75;59,75;True;0,0;0;0;5,0;0,0;0,0;;;2024-02;23197,829999999998
V1450281445;2024-02-01;10:57;S01;Premium;Centre-ville;50;non;['New Balance'];9,0;9h/18h;open 6/7;6;54;5;E0001;Jeune prometteur;2000;45;2022-07-17;Salesforce;0,12;0,88;C0137;M;32;;True;sneakerhead;0;5;P030;New Balance;Casual;Elite;Sunny Yellow;30;59,75;59,75;True;0,0;0;0;5,0;0,0;0,0;;;2024-02;23197,829999999998
V7636990980;2024-02-14;16:35;S01;Premium;Centre-ville;50;non;['New Balance'];9,0;9h/18h;open 6/7;6;54;5;E0003;Jeune prometteur;2100;67;2020-09-04;Salesforce;0,13;0,87;C0083;F;54;;False;impulsif;0;0;P031;New Balance;Casual;Flex;Brown Bear;42;115,25;152,25;False;37,0;37;0;5,0;0,0;24,3;;;2024-02;23197,829999999998
V5981921986;2024-02-17;11:15;S01;Premium;Centre-ville;50;non;['New Balance'];9,0;9h/18h;open 6/7;6;54;5;E0002;Requin;2900;127;2015-10-11;Salesforce;0,05;0,95;C0091;M;30;;False;impulsif;0;0;P030;New Balance;Casual;Elite;Sunny Yellow;30;59,75;59,75;True;0,0;0;0;5,0;0,0;0,0;;;2024-02;23197,829999999998
V5981921986;2024-02-17;11:15;S01;Premium;Centre-ville;50;;['New Balance'];;9h/18h;open 6/7;6;54;5;E0002;Requin;2900;127;2015-10-11;Salesforce;0,05;0,95;C0091;M;30;;False;impulsif;0;0;G030;Bonnet;Bonnet;Bonnet;None;L;40,0;40,0;False;0,0;0;0;0,0;0,0;0,0;non;9,0;2024-02;23197,829999999998
V8582049103;2024-02-03;10:37;S01;Premium;Centre-ville;50;non;['New Balance'];9,0;9h/18h;open 6/7;6;54;5;E0001;Jeune prometteur;2000;45;2022-07-17;Salesforce;0,12;0,88;C0009;F;45;;True;chasseur_de_promos;30;15;P010;New Balance;Running;Flex;Red Blood;42;149,25;152,25;False;3,0;0;3;5,0;0,0;2,0;;;2024-02;23197,829999999998
V4916475096;2024-02-15;12:19;S01;Premium;Centre-ville;50;non;['New Balance'];9,0;9h/18h;open 6/7;6;54;5;E0002;Requin;2900;127;2015-10-11;Salesforce;0,05;0,95;C0031;M;53;;True;sneakerhead;0;5;P030;New Balance;Casual;Elite;Sunny Yellow;30;59,75;59,75;True;0,0;0;0;5,0;0,0;0,0;;;2024-02;23197,829999999998
V8905379966;2024-02-09;11:56;S01;Premium;Centre-ville;50;non;['New Balance'];9,0;9h/18h;open 6/7;6;54;5;E0001;Jeune prometteur;2000;45;2022-07-17;Salesforce;0,12;0,88;C0032;F;37;;True;chasseur_de_promos;0;13;P035;New Balance;Basketball;Zoom;Pink;37;112,44999999999999;135,45;False;23,0;23;0;5,0;0,0;17,0;;;2024-02;23197,829999999998
V7350731543;2024-02-10;15:51;S01;Premium;Centre-ville;50;non;['New Balance'];9,0;9h/18h;open 6/7;6;54;5;E0005;Expérimenté;2800;106;2017-07-01;Salesforce;0,05;0,95;C0008;F;42;;True;impulsif;0;15;P010;New Balance;Running;Flex;Red Blood;42;152,25;152,25;False;0,0;0;0;5,0;0,0;0,0;;;2024-02;23197,829999999998
V5803473690;2024-02-20;17:32;S01;Premium;Centre-ville;50;non;['New Balance'];9,0;9h/18h;open 6/7;6;54;5;E0003;Jeune prometteur;2100;67;2020-09-04;Salesforce;0,13;0,87;C0153;F;47;;True;impulsif;0;13;P035;New Balance;Basketball;Zoom;Pink;37;135,45;135,45;False;0,0;0;0;5,0;0,0;0,0;;;2024-02;23197,829999999998
V5803473690;2024-02-20;17:32;S01;Premium;Centre-ville;50;;['New Balance'];;9h/18h;open 6/7;6;54;5;E0003;Jeune prometteur;2100;67;2020-09-04;Salesforce;0,13;0,87;C0153;F;47;;True;impulsif;0;13;G035;Bonnet;Bonnet;Bonnet;None;M;30,0;30,0;False;0,0;0;0;0,0;0,0;0,0;non;9,0;2024-02;23197,829999999998
V1373409397;2024-02-24;17:23;S01;Premium;Centre-ville;50;non;['New Balance'];9,0;9h/18h;open 6/7;6;54;5;E0005;Expérimenté;2800;106;2017-07-01;Salesforce;0,05;0,95;C0160;M;50;;True;sneakerhead;0;5;P030;New Balance;Casual;Elite;Sunny Yellow;30;59,75;59,75;True;0,0;0;0;5,0;0,0;0,0;;;2024-02;23197,829999999998
V1377845519;2024-02-22;10:14;S01;Premium;Centre-ville;50;non;['New Balance'];9,0;9h/18h;open 6/7;6;54;5;E0003;Jeune prometteur;2100;67;2020-09-04;Salesforce;0,13;0,87;C0169;F;37;;False;chasseur_de_promos;0;0;P030;New Balance;Casual;Elite;Sunny Yellow;30;59,75;59,75;True;0,0;0;0;5,0;0,0;0,0;;;2024-02;23197,829999999998
V9162260313;2024-02-15;12:38;S01;Premium;Centre-ville;50;non;['New Balance'];9,0;9h/18h;open 6/7;6;54;5;E0002;Requin;2900;127;2015-10-11;Salesforce;0,05;0,95;C0053;F;40;;False;impulsif;0;0;P031;New Balance;Casual;Flex;Brown Bear;42;101,25;152,25;False;51,0;51;0;5,0;0,0;33,5;;;2024-02;23197,829999999998
V5754974983;2024-02-16;15:59;S01;Premium;Centre-ville;50;non;['New Balance'];9,0;9h/18h;open 6/7;6;54;5;E0005;Expérimenté;2800;106;2017-07-01;Salesforce;0,05;0,95;C0032;F;37;;True;chasseur_de_promos;0;15;P031;New Balance;Casual;Flex;Brown Bear;42;129,25;152,25;False;23,0;23;0;5,0;0,0;15,1;;;2024-02;23197,829999999998
V6410218200;2024-02-14;10:06;S01;Premium;Centre-ville;50;non;['New Balance'];9,0;9h/18h;open 6/7;6;54;5;E0002;Requin;2900;127;2015-10-11;Salesforce;0,05;0,95;C0026;M;50;;True;sneakerhead;0;5;P030;New Balance;Casual;Elite;Sunny Yellow;30;59,75;59,75;True;0,0;0;0;5,0;0,0;0,0;;;2024-02;23197,829999999998
V6410218200;2024-02-14;10:06;S01;Premium;Centre-ville;50;;['New Balance'];;9h/18h;open 6/7;6;54;5;E0002;Requin;2900;127;2015-10-11;Salesforce;0,05;0,95;C0026;M;50;;True;sneakerhead;0;5;G030;Lacets;Lacets;Lacets;None;XS;40,0;40,0;False;0,0;0;0;0,0;0,0;0,0;non;9,0;2024-02;23197,829999999998
V7283730950;2024-02-17;13:39;S01;Premium;Centre-ville;50;non;['New Balance'];9,0;9h/18h;open 6/7;6;54;5;E0002;Requin;2900;127;2015-10-11;Salesforce;0,05;0,95;C0023;M;35;;False;impulsif;0;0;P030;New Balance;Casual;Elite;Sunny Yellow;30;59,75;59,75;True;0,0;0;0;5,0;0,0;0,0;;;2024-02;23197,829999999998
V8798454437;2024-02-03;16:27;S01;Premium;Centre-ville;50;non;['New Balance'];9,0;9h/18h;open 6/7;6;54;5;E0004;Blasé;2600;246;2006-01-09;Manager;0,21;0,79;C0021;F;46;;True;sneakerhead;0;5;P030;New Balance;Casual;Elite;Sunny Yellow;30;59,75;59,75;True;0,0;0;0;5,0;0,0;0,0;;;2024-02;23197,829999999998
V7758349822;2024-02-27;14:01;S01;Premium;Centre-ville;50;non;['New Balance'];9,0;9h/18h;open 6/7;6;54;5;E0002;Requin;2900;127;2015-10-11;Salesforce;0,05;0,95;C0176;F;39;;False;impulsif;0;0;P030;New Balance;Casual;Elite;Sunny Yellow;30;59,75;59,75;True;0,0;0;0;5,0;0,0;0,0;;;2024-02;23197,829999999998
V7758349822;2024-02-27;14:01;S01;Premium;Centre-ville;50;;['New Balance'];;9h/18h;open 6/7;6;54;5;E0002;Requin;2900;127;2015-10-11;Salesforce;0,05;0,95;C0176;F;39;;False;impulsif;0;0;G030;Tee-short;Tee-short;Tee-short;None;XS;20,0;20,0;False;0,0;0;0;0,0;0,0;0,0;non;9,0;2024-02;23197,829999999998
V1307639887;2024-02-09;12:39;S01;Premium;Centre-ville;50;non;['New Balance'];9,0;9h/18h;open 6/7;6;54;5;E0004;Blasé;2600;246;2006-01-09;Manager;0,21;0,79;C0006;M;44;New Balance;True;fidèle_marque;0;15;P031;New Balance;Casual;Flex;Brown Bear;42;152,25;152,25;False;0,0;0;0;5,0;0,0;0,0;;;2024-02;23197,829999999998
V7035831545;2024-02-16;17:54;S01;Premium;Centre-ville;50;non;['New Balance'];9,0;9h/18h;open 6/7;6;54;5;E0003;Jeune prometteur;2100;67;2020-09-04;Salesforce;0,13;0,87;C0121;M;29;;True;sneakerhead;0;11;P037;New Balance;Running;Elite;Premium Black;41;114,45;114,45;False;0,0;0;0;5,0;0,0;0,0;;;2024-02;23197,829999999998
V7514855412;2024-02-20;13:04;S01;Premium;Centre-ville;50;non;['New Balance'];9,0;9h/18h;open 6/7;6;54;5;E0005;Expérimenté;2800;106;2017-07-01;Salesforce;0,05;0,95;C0079;M;38;;False;impulsif;0;0;P031;New Balance;Casual;Flex;Brown Bear;42;78,25;152,25;False;74,0;74;0;5,0;0,0;48,6;;;2024-02;23197,829999999998
V4676128055;2024-02-06;13:10;S01;Premium;Centre-ville;50;non;['New Balance'];9,0;9h/18h;open 6/7;6;54;5;E0002;Requin;2900;127;2015-10-11;Salesforce;0,05;0,95;C0017;M;40;;False;impulsif;0;0;P030;New Balance;Casual;Elite;Sunny Yellow;30;59,75;59,75;True;0,0;0;0;5,0;0,0;0,0;;;2024-02;23197,829999999998
V2744226032;2024-02-05;12:21;S01;Premium;Centre-ville;50;non;['New Balance'];9,0;9h/18h;open 6/7;6;54;5;E0004;Blasé;2600;246;2006-01-09;Manager;0,21;0,79;C0143;F;40;;True;sneakerhead;0;5;P030;New Balance;Casual;Elite;Sunny Yellow;30;59,75;59,75;True;0,0;0;0;5,0;0,0;0,0;;;2024-02;23197,829999999998
V1645180391;2024-02-08;13:58;S01;Premium;Centre-ville;50;non;['New Balance'];9,0;9h/18h;open 6/7;6;54;5;E0004;Blasé;2600;246;2006-01-09;Manager;0,21;0,79;C0127;M;28;;True;sneakerhead;0;5;P030;New Balance;Casual;Elite;Sunny Yellow;30;59,75;59,75;True;0,0;0;0;5,0;0,0;0,0;;;2024-02;23197,829999999998
V7930652600;2024-02-03;09:43;S01;Premium;Centre-ville;50;non;['New Balance'];9,0;9h/18h;open 6/7;6;54;5;E0002;Requin;2900;127;2015-10-11;Salesforce;0,05;0,95;C0193;M;46;;True;impulsif;0;5;P030;New Balance;Casual;Elite;Sunny Yellow;30;59,75;59,75;True;0,0;0;0;5,0;0,0;0,0;;;2024-02;23197,829999999998
V2656475920;2024-02-27;11:55;S01;Premium;Centre-ville;50;non;['New Balance'];9,0;9h/18h;open 6/7;6;54;5;E0005;Expérimenté;2800;106;2017-07-01;Salesforce;0,05;0,95;C0281;F;37;;False;chasseur_de_promos;0;0;P037;New Balance;Running;Elite;Premium Black;41;114,45;114,45;False;0,0;0;0;5,0;0,0;0,0;;;2024-02;23197,829999999998
V3224859520;2024-02-26;13:28;S01;Premium;Centre-ville;50;non;['New Balance'];9,0;9h/18h;open 6/7;6;54;5;E0005;Expérimenté;2800;106;2017-07-01;Salesforce;0,05;0,95;C0175;M;43;;False;impulsif;0;0;P040;New Balance;Running;Air;Deep Purple;43;145,95;145,95;False;0,0;0;0;5,0;0,0;0,0;;;2024-02;23197,829999999998
V2369093420;2024-02-06;17:40;S01;Premium;Centre-ville;50;non;['New Balance'];9,0;9h/18h;open 6/7;6;54;5;E0004;Blasé;2600;246;2006-01-09;Manager;0,21;0,79;C0009;F;45;;True;chasseur_de_promos;0;16;P034;New Balance;Basketball;Zoom;Premium Black;39;137,95;166,95;False;29,0;29;0;5,0;0,0;17,4;;;2024-02;23197,829999999998
V1593190393;2024-02-26;13:43;S01;Premium;Centre-ville;50;non;['New Balance'];9,0;9h/18h;open 6/7;6;54;5;E0004;Blasé;2600;246;2006-01-09;Manager;0,21;0,79;C0076;M;66;;True;chasseur_de_promos;20;5;P030;New Balance;Casual;Elite;Sunny Yellow;30;57,75;59,75;True;2,0;0;2;5,0;0,0;3,3;;;2024-02;23197,829999999998
V5551347550;2024-02-13;18:04;S01;Premium;Centre-ville;50;non;['New Balance'];9,0;9h/18h;open 6/7;6;54;5;E0002;Requin;2900;127;2015-10-11;Salesforce;0,05;0,95;C0009;F;45;;True;chasseur_de_promos;10;15;P010;New Balance;Running;Flex;Red Blood;42;151,25;152,25;False;1,0;0;1;5,0;0,0;0,7;;;2024-02;23197,829999999998
V5551347550;2024-02-13;18:04;S01;Premium;Centre-ville;50;;['New Balance'];;9h/18h;open 6/7;6;54;5;E0002;Requin;2900;127;2015-10-11;Salesforce;0,05;0,95;C0009;F;45;;True;chasseur_de_promos;10;15;G010;Lacets;Lacets;Lacets;None;XL;10,0;10,0;False;0,0;0;0;0,0;0,0;0,0;non;9,0;2024-02;23197,829999999998
V1946775374;2024-02-23;17:38;S01;Premium;Centre-ville;50;non;['New Balance'];9,0;9h/18h;open 6/7;6;54;5;E0005;Expérimenté;2800;106;2017-07-01;Salesforce;0,05;0,95;C0272;M;50;;True;sneakerhead;0;5;P030;New Balance;Casual;Elite;Sunny Yellow;30;59,75;59,75;True;0,0;0;0;5,0;0,0;0,0;;;2024-02;23197,829999999998
V2653889504;2024-02-08;09:53;S01;Premium;Centre-ville;50;non;['New Balance'];9,0;9h/18h;open 6/7;6;54;5;E0005;Expérimenté;2800;106;2017-07-01;Salesforce;0,05;0,95;C0218;M;35;;True;sneakerhead;0;5;P030;New Balance;Casual;Elite;Sunny Yellow;30;59,75;59,75;True;0,0;0;0;5,0;0,0;0,0;;;2024-02;23197,829999999998
V8226402474;2024-02-17;14:14;S01;Premium;Centre-ville;50;non;['New Balance'];9,0;9h/18h;open 6/7;6;54;5;E0002;Requin;2900;127;2015-10-11;Salesforce;0,05;0,95;C0117;F;48;;True;impulsif;10;5;P030;New Balance;Casual;Elite;Sunny Yellow;30;58,75;59,75;True;1,0;0;1;5,0;0,0;1,7;;;2024-02;23197,829999999998
V8226402474;2024-02-17;14:14;S01;Premium;Centre-ville;50;;['New Balance'];;9h/18h;open 6/7;6;54;5;E0002;Requin;2900;127;2015-10-11;Salesforce;0,05;0,95;C0117;F;48;;True;impulsif;10;5;G030;Bonnet;Bonnet;Bonnet;None;XL;10,0;10,0;False;0,0;0;0;0,0;0,0;0,0;non;9,0;2024-02;23197,829999999998
V7108107652;2024-02-17;15:28;S01;Premium;Centre-ville;50;non;['New Balance'];9,0;9h/18h;open 6/7;6;54;5;E0005;Expérimenté;2800;106;2017-07-01;Salesforce;0,05;0,95;C0010;M;37;New Balance;True;fidèle_marque;0;11;P037;New Balance;Running;Elite;Premium Black;41;114,45;114,45;False;0,0;0;0;5,0;0,0;0,0;;;2024-02;23197,829999999998
V6141378528;2024-02-22;13:57;S01;Premium;Centre-ville;50;non;['New Balance'];9,0;9h/18h;open 6/7;6;54;5;E0004;Blasé;2600;246;2006-01-09;Manager;0,21;0,79;C0188;F;48;;True;chasseur_de_promos;0;5;P030;New Balance;Casual;Elite;Sunny Yellow;30;59,75;59,75;True;0,0;0;0;5,0;0,0;0,0;;;2024-02;23197,829999999998
V9617790385;2024-02-10;11:21;S01;Premium;Centre-ville;50;non;['New Balance'];9,0;9h/18h;open 6/7;6;54;5;E0004;Blasé;2600;246;2006-01-09;Manager;0,21;0,79;C0143;F;40;;True;sneakerhead;0;5;P030;New Balance;Casual;Elite;Sunny Yellow;30;44,75;59,75;True;15,0;15;0;5,0;0,0;25,1;;;2024-02;23197,829999999998
V7108964817;2024-02-17;11:00;S01;Premium;Centre-ville;50;non;['New Balance'];9,0;9h/18h;open 6/7;6;54;5;E0003;Jeune prometteur;2100;67;2020-09-04;Salesforce;0,13;0,87;C0214;F;53;;False;impulsif;0;0;P034;New Balance;Basketball;Zoom;Premium Black;39;166,95;166,95;False;0,0;0;0;5,0;0,0;0,0;;;2024-02;23197,829999999998
V5933213876;2024-02-13;17:03;S01;Premium;Centre-ville;50;non;['New Balance'];9,0;9h/18h;open 6/7;6;54;5;E0002;Requin;2900;127;2015-10-11;Salesforce;0,05;0,95;C0128;M;47;;True;sneakerhead;0;5;P030;New Balance;Casual;Elite;Sunny Yellow;30;59,75;59,75;True;0,0;0;0;5,0;0,0;0,0;;;2024-02;23197,829999999998
V5933213876;2024-02-13;17:03;S01;Premium;Centre-ville;50;;['New Balance'];;9h/18h;open 6/7;6;54;5;E0002;Requin;2900;127;2015-10-11;Salesforce;0,05;0,95;C0128;M;47;;True;sneakerhead;0;5;G030;Echarpe;Echarpe;Echarpe;None;L;20,0;20,0;False;0,0;0;0;0,0;0,0;0,0;non;9,0;2024-02;23197,829999999998
V7433576001;2024-02-24;17:01;S01;Premium;Centre-ville;50;non;['New Balance'];9,0;9h/18h;open 6/7;6;54;5;E0004;Blasé;2600;246;2006-01-09;Manager;0,21;0,79;C0100;F;39;;True;impulsif;0;11;P037;New Balance;Running;Elite;Premium Black;41;114,45;114,45;False;0,0;0;0;5,0;0,0;0,0;;;2024-02;23197,829999999998
V2980704918;2024-02-09;17:10;S01;Premium;Centre-ville;50;non;['New Balance'];9,0;9h/18h;open 6/7;6;54;5;E0001;Jeune prometteur;2000;45;2022-07-17;Salesforce;0,12;0,88;C0056;M;29;;True;impulsif;30;11;P037;New Balance;Running;Elite;Premium Black;41;111,45;114,45;False;3,0;0;3;5,0;0,0;2,6;;;2024-02;23197,829999999998
V6352100238;2024-02-27;13:51;S01;Premium;Centre-ville;50;non;['New Balance'];9,0;9h/18h;open 6/7;6;54;5;E0002;Requin;2900;127;2015-10-11;Salesforce;0,05;0,95;C0164;F;38;;True;impulsif;0;5;P030;New Balance;Casual;Elite;Sunny Yellow;30;59,75;59,75;True;0,0;0;0;5,0;0,0;0,0;;;2024-02;23197,829999999998
V4940637670;2024-02-20;18:14;S01;Premium;Centre-ville;50;non;['New Balance'];9,0;9h/18h;open 6/7;6;54;5;E0002;Requin;2900;127;2015-10-11;Salesforce;0,05;0,95;C0051;F;50;;True;chasseur_de_promos;30;5;P030;New Balance;Casual;Elite;Sunny Yellow;30;56,75;59,75;True;3,0;0;3;5,0;0,0;5,0;;;2024-02;23197,829999999998
V8556644923;2024-02-10;17:31;S01;Premium;Centre-ville;50;non;['New Balance'];9,0;9h/18h;open 6/7;6;54;5;E0005;Expérimenté;2800;106;2017-07-01;Salesforce;0,05;0,95;C0011;M;46;;False;impulsif;0;0;P037;New Balance;Running;Elite;Premium Black;41;114,45;114,45;False;0,0;0;0;5,0;0,0;0,0;;;2024-02;23197,829999999998
V9515569487;2024-02-23;14:11;S01;Premium;Centre-ville;50;non;['New Balance'];9,0;9h/18h;open 6/7;6;54;5;E0001;Jeune prometteur;2000;45;2022-07-17;Salesforce;0,12;0,88;C0189;M;34;;False;chasseur_de_promos;0;0;P037;New Balance;Running;Elite;Premium Black;41;114,45;114,45;False;0,0;0;0;5,0;0,0;0,0;;;2024-02;23197,829999999998
V6846155006;2024-02-03;09:32;S01;Premium;Centre-ville;50;non;['New Balance'];9,0;9h/18h;open 6/7;6;54;5;E0002;Requin;2900;127;2015-10-11;Salesforce;0,05;0,95;C0010;M;37;New Balance;True;fidèle_marque;0;5;P030;New Balance;Casual;Elite;Sunny Yellow;30;59,75;59,75;True;0,0;0;0;5,0;0,0;0,0;;;2024-02;23197,829999999998
V4424023934;2024-02-12;09:12;S01;Premium;Centre-ville;50;non;['New Balance'];9,0;9h/18h;open 6/7;6;54;5;E0005;Expérimenté;2800;106;2017-07-01;Salesforce;0,05;0,95;C0198;F;49;;True;sneakerhead;0;13;P035;New Balance;Basketball;Zoom;Pink;37;135,45;135,45;False;0,0;0;0;5,0;0,0;0,0;;;2024-02;23197,829999999998
V4424023934;2024-02-12;09:12;S01;Premium;Centre-ville;50;;['New Balance'];;9h/18h;open 6/7;6;54;5;E0005;Expérimenté;2800;106;2017-07-01;Salesforce;0,05;0,95;C0198;F;49;;True;sneakerhead;0;13;G035;Tee-short;Tee-short;Tee-short;None;M;10,0;10,0;False;0,0;0;0;0,0;0,0;0,0;non;9,0;2024-02;23197,829999999998
V2301127686;2024-02-15;14:16;S01;Premium;Centre-ville;50;non;['New Balance'];9,0;9h/18h;open 6/7;6;54;5;E0002;Requin;2900;127;2015-10-11;Salesforce;0,05;0,95;C0278;F;42;;True;sneakerhead;0;5;P030;New Balance;Casual;Elite;Sunny Yellow;30;59,75;59,75;True;0,0;0;0;5,0;0,0;0,0;;;2024-02;23197,829999999998
V7599411700;2024-02-10;13:43;S01;Premium;Centre-ville;50;non;['New Balance'];9,0;9h/18h;open 6/7;6;54;5;E0001;Jeune prometteur;2000;45;2022-07-17;Salesforce;0,12;0,88;C0207;M;54;;True;chasseur_de_promos;0;5;P030;New Balance;Casual;Elite;Sunny Yellow;30;59,75;59,75;True;0,0;0;0;5,0;0,0;0,0;;;2024-02;23197,829999999998
V4619521266;2024-02-19;13:56;S01;Premium;Centre-ville;50;non;['New Balance'];9,0;9h/18h;open 6/7;6;54;5;E0004;Blasé;2600;246;2006-01-09;Manager;0,21;0,79;C0134;M;49;;False;chasseur_de_promos;0;0;P037;New Balance;Running;Elite;Premium Black;41;97,45;114,45;False;17,0;17;0;5,0;0,0;14,9;;;2024-02;23197,829999999998
V5206126959;2024-02-23;18:49;S01;Premium;Centre-ville;50;non;['New Balance'];9,0;9h/18h;open 6/7;6;54;5;E0001;Jeune prometteur;2000;45;2022-07-17;Salesforce;0,12;0,88;C0282;M;48;;False;sneakerhead;0;0;P030;New Balance;Casual;Elite;Sunny Yellow;30;59,75;59,75;True;0,0;0;0;5,0;0,0;0,0;;;2024-02;23197,829999999998
V6916975683;2024-02-06;09:49;S01;Premium;Centre-ville;50;non;['New Balance'];9,0;9h/18h;open 6/7;6;54;5;E0005;Expérimenté;2800;106;2017-07-01;Salesforce;0,05;0,95;C0110;F;43;;False;chasseur_de_promos;0;0;P037;New Balance;Running;Elite;Premium Black;41;97,28;114,45;False;17,17;0;0;5,0;17,17;15,0;;;2024-02;23197,829999999998
V1319482725;2024-02-10;09:25;S01;Premium;Centre-ville;50;non;['New Balance'];9,0;9h/18h;open 6/7;6;54;5;E0005;Expérimenté;2800;106;2017-07-01;Salesforce;0,05;0,95;C0079;M;38;;False;impulsif;0;0;P030;New Balance;Casual;Elite;Sunny Yellow;30;59,75;59,75;True;0,0;0;0;5,0;0,0;0,0;;;2024-02;23197,829999999998
V4503665833;2024-02-08;16:47;S01;Premium;Centre-ville;50;non;['New Balance'];9,0;9h/18h;open 6/7;6;54;5;E0002;Requin;2900;127;2015-10-11;Salesforce;0,05;0,95;C0159;M;33;;True;chasseur_de_promos;10;5;P030;New Balance;Casual;Elite;Sunny Yellow;30;58,75;59,75;True;1,0;0;1;5,0;0,0;1,7;;;2024-02;23197,829999999998
V4503665833;2024-02-08;16:47;S01;Premium;Centre-ville;50;;['New Balance'];;9h/18h;open 6/7;6;54;5;E0002;Requin;2900;127;2015-10-11;Salesforce;0,05;0,95;C0159;M;33;;True;chasseur_de_promos;10;5;G030;Lacets;Lacets;Lacets;None;L;10,0;10,0;False;0,0;0;0;0,0;0,0;0,0;non;9,0;2024-02;23197,829999999998
V4762747734;2024-02-24;09:30;S01;Premium;Centre-ville;50;non;['New Balance'];9,0;9h/18h;open 6/7;6;54;5;E0002;Requin;2900;127;2015-10-11;Salesforce;0,05;0,95;C0265;F;39;;True;sneakerhead;0;5;P030;New Balance;Casual;Elite;Sunny Yellow;30;59,75;59,75;True;0,0;0;0;5,0;0,0;0,0;;;2024-02;23197,829999999998
V6452901185;2024-02-23;13:07;S01;Premium;Centre-ville;50;non;['New Balance'];9,0;9h/18h;open 6/7;6;54;5;E0002;Requin;2900;127;2015-10-11;Salesforce;0,05;0,95;C0222;M;49;;True;chasseur_de_promos;0;5;P030;New Balance;Casual;Elite;Sunny Yellow;30;59,75;59,75;True;0,0;0;0;5,0;0,0;0,0;;;2024-02;23197,829999999998
V4136413190;2024-02-17;13:45;S01;Premium;Centre-ville;50;non;['New Balance'];9,0;9h/18h;open 6/7;6;54;5;E0002;Requin;2900;127;2015-10-11;Salesforce;0,05;0,95;C0043;F;60;;True;impulsif;0;5;P030;New Balance;Casual;Elite;Sunny Yellow;30;59,75;59,75;True;0,0;0;0;5,0;0,0;0,0;;;2024-02;23197,829999999998
V4136413190;2024-02-17;13:45;S01;Premium;Centre-ville;50;;['New Balance'];;9h/18h;open 6/7;6;54;5;E0002;Requin;2900;127;2015-10-11;Salesforce;0,05;0,95;C0043;F;60;;True;impulsif;0;5;G030;Lunettes;Lunettes;Lunettes;None;L;20,0;20,0;False;0,0;0;0;0,0;0,0;0,0;non;9,0;2024-02;23197,829999999998
V4136413190;2024-02-17;13:45;S01;Premium;Centre-ville;50;;['New Balance'];;9h/18h;open 6/7;6;54;5;E0002;Requin;2900;127;2015-10-11;Salesforce;0,05;0,95;C0043;F;60;;True;impulsif;0;5;G030;Echarpe;Echarpe;Echarpe;None;L;30,0;30,0;False;0,0;0;0;0,0;0,0;0,0;non;9,0;2024-02;23197,829999999998
V1697386499;2024-02-28;15:47;S01;Premium;Centre-ville;50;non;['New Balance'];9,0;9h/18h;open 6/7;6;54;5;E0005;Expérimenté;2800;106;2017-07-01;Salesforce;0,05;0,95;C0134;M;49;;False;chasseur_de_promos;0;0;P040;New Balance;Running;Air;Deep Purple;43;145,95;145,95;False;0,0;0;0;5,0;0,0;0,0;;;2024-02;23197,829999999998
V8548439648;2024-02-19;18:32;S01;Premium;Centre-ville;50;non;['New Balance'];9,0;9h/18h;open 6/7;6;54;5;E0002;Requin;2900;127;2015-10-11;Salesforce;0,05;0,95;C0059;F;39;;False;impulsif;0;0;P030;New Balance;Casual;Elite;Sunny Yellow;30;59,75;59,75;True;0,0;0;0;5,0;0,0;0,0;;;2024-02;23197,829999999998
V8548439648;2024-02-19;18:32;S01;Premium;Centre-ville;50;;['New Balance'];;9h/18h;open 6/7;6;54;5;E0002;Requin;2900;127;2015-10-11;Salesforce;0,05;0,95;C0059;F;39;;False;impulsif;0;0;G030;Tee-short;Tee-short;Tee-short;None;M;30,0;30,0;False;0,0;0;0;0,0;0,0;0,0;non;9,0;2024-02;23197,829999999998
V9521726615;2024-02-20;12:37;S01;Premium;Centre-ville;50;non;['New Balance'];9,0;9h/18h;open 6/7;6;54;5;E0002;Requin;2900;127;2015-10-11;Salesforce;0,05;0,95;C0257;M;38;;True;sneakerhead;0;5;P030;New Balance;Casual;Elite;Sunny Yellow;30;59,75;59,75;True;0,0;0;0;5,0;0,0;0,0;;;2024-02;23197,829999999998
V3148079659;2024-02-13;15:51;S01;Premium;Centre-ville;50;non;['New Balance'];9,0;9h/18h;open 6/7;6;54;5;E0005;Expérimenté;2800;106;2017-07-01;Salesforce;0,05;0,95;C0187;F;39;;True;sneakerhead;0;5;P030;New Balance;Casual;Elite;Sunny Yellow;30;59,75;59,75;True;0,0;0;0;5,0;0,0;0,0;;;2024-02;23197,829999999998
V4002488785;2024-02-07;12:11;S01;Premium;Centre-ville;50;non;['New Balance'];9,0;9h/18h;open 6/7;6;54;5;E0002;Requin;2900;127;2015-10-11;Salesforce;0,05;0,95;C0187;F;39;;True;sneakerhead;0;5;P030;New Balance;Casual;Elite;Sunny Yellow;30;56,55;59,75;True;3,2;0;0;5,0;3,2;5,4;;;2024-02;23197,829999999998
V9400096152;2024-02-08;13:05;S01;Premium;Centre-ville;50;non;['New Balance'];9,0;9h/18h;open 6/7;6;54;5;E0005;Expérimenté;2800;106;2017-07-01;Salesforce;0,05;0,95;C0185;M;30;;False;impulsif;0;0;P031;New Balance;Casual;Flex;Brown Bear;42;152,25;152,25;False;0,0;0;0;5,0;0,0;0,0;;;2024-02;23197,829999999998
V5625091346;2024-02-20;17:46;S01;Premium;Centre-ville;50;non;['New Balance'];9,0;9h/18h;open 6/7;6;54;5;E0003;Jeune prometteur;2100;67;2020-09-04;Salesforce;0,13;0,87;C0235;F;45;;False;impulsif;0;0;P030;New Balance;Casual;Elite;Sunny Yellow;30;59,75;59,75;True;0,0;0;0;5,0;0,0;0,0;;;2024-02;23197,829999999998
V4569293277;2024-02-27;17:30;S01;Premium;Centre-ville;50;non;['New Balance'];9,0;9h/18h;open 6/7;6;54;5;E0005;Expérimenté;2800;106;2017-07-01;Salesforce;0,05;0,95;C0298;F;22;;True;chasseur_de_promos;0;13;P035;New Balance;Basketball;Zoom;Pink;37;135,45;135,45;False;0,0;0;0;5,0;0,0;0,0;;;2024-02;23197,829999999998
V3327103961;2024-02-12;09:38;S01;Premium;Centre-ville;50;non;['New Balance'];9,0;9h/18h;open 6/7;6;54;5;E0001;Jeune prometteur;2000;45;2022-07-17;Salesforce;0,12;0,88;C0045;M;38;;False;sneakerhead;0;0;P030;New Balance;Casual;Elite;Sunny Yellow;30;59,75;59,75;True;0,0;0;0;5,0;0,0;0,0;;;2024-02;23197,829999999998
V2652965675;2024-02-08;17:55;S01;Premium;Centre-ville;50;non;['New Balance'];9,0;9h/18h;open 6/7;6;54;5;E0002;Requin;2900;127;2015-10-11;Salesforce;0,05;0,95;C0110;F;43;;False;chasseur_de_promos;0;0;P034;New Balance;Basketball;Zoom;Premium Black;39;166,95;166,95;False;0,0;0;0;5,0;0,0;0,0;;;2024-02;23197,829999999998
V2652965675;2024-02-08;17:55;S01;Premium;Centre-ville;50;;['New Balance'];;9h/18h;open 6/7;6;54;5;E0002;Requin;2900;127;2015-10-11;Salesforce;0,05;0,95;C0110;F;43;;False;chasseur_de_promos;0;0;G034;Bonnet;Bonnet;Bonnet;None;L;30,0;30,0;False;0,0;0;0;0,0;0,0;0,0;non;9,0;2024-02;23197,829999999998
V2652965675;2024-02-08;17:55;S01;Premium;Centre-ville;50;;['New Balance'];;9h/18h;open 6/7;6;54;5;E0002;Requin;2900;127;2015-10-11;Salesforce;0,05;0,95;C0110;F;43;;False;chasseur_de_promos;0;0;G034;Lacets;Lacets;Lacets;None;S;30,0;30,0;False;0,0;0;0;0,0;0,0;0,0;non;9,0;2024-02;23197,829999999998
V7599713582;2024-02-14;18:27;S01;Premium;Centre-ville;50;non;['New Balance'];9,0;9h/18h;open 6/7;6;54;5;E0003;Jeune prometteur;2100;67;2020-09-04;Salesforce;0,13;0,87;C0287;F;47;;True;impulsif;20;11;P037;New Balance;Running;Elite;Premium Black;41;112,45;114,45;False;2,0;0;2;5,0;0,0;1,7;;;2024-02;23197,829999999998
V8580393989;2024-02-01;12:32;S01;Premium;Centre-ville;50;non;['New Balance'];9,0;9h/18h;open 6/7;6;54;5;E0002;Requin;2900;127;2015-10-11;Salesforce;0,05;0,95;C0026;M;50;;True;sneakerhead;0;5;P030;New Balance;Casual;Elite;Sunny Yellow;30;59,75;59,75;True;0,0;0;0;5,0;0,0;0,0;;;2024-02;23197,829999999998
V6697730522;2024-02-02;17:34;S01;Premium;Centre-ville;50;non;['New Balance'];9,0;9h/18h;open 6/7;6;54;5;E0002;Requin;2900;127;2015-10-11;Salesforce;0,05;0,95;C0118;F;25;;True;sneakerhead;0;5;P030;New Balance;Casual;Elite;Sunny Yellow;30;59,75;59,75;True;0,0;0;0;5,0;0,0;0,0;;;2024-02;23197,829999999998
V5030342736;2024-02-22;11:29;S01;Premium;Centre-ville;50;non;['New Balance'];9,0;9h/18h;open 6/7;6;54;5;E0002;Requin;2900;127;2015-10-11;Salesforce;0,05;0,95;C0203;M;33;;False;impulsif;0;0;P030;New Balance;Casual;Elite;Sunny Yellow;30;59,75;59,75;True;0,0;0;0;5,0;0,0;0,0;;;2024-02;23197,829999999998
V5030342736;2024-02-22;11:29;S01;Premium;Centre-ville;50;;['New Balance'];;9h/18h;open 6/7;6;54;5;E0002;Requin;2900;127;2015-10-11;Salesforce;0,05;0,95;C0203;M;33;;False;impulsif;0;0;G030;Tee-short;Tee-short;Tee-short;None;XS;30,0;30,0;False;0,0;0;0;0,0;0,0;0,0;non;9,0;2024-02;23197,829999999998
V9585780834;2024-02-25;11:42;S01;Premium;Centre-ville;50;non;['New Balance'];9,0;9h/18h;open 6/7;6;54;5;E0002;Requin;2900;127;2015-10-11;Salesforce;0,05;0,95;C0270;M;34;;True;sneakerhead;0;5;P030;New Balance;Casual;Elite;Sunny Yellow;30;59,75;59,75;True;0,0;0;0;5,0;0,0;0,0;;;2024-02;23197,829999999998
V8278961059;2024-02-23;18:20;S01;Premium;Centre-ville;50;non;['New Balance'];9,0;9h/18h;open 6/7;6;54;5;E0004;Blasé;2600;246;2006-01-09;Manager;0,21;0,79;C0057;M;46;;True;sneakerhead;0;5;P030;New Balance;Casual;Elite;Sunny Yellow;30;59,75;59,75;True;0,0;0;0;5,0;0,0;0,0;;;2024-02;23197,829999999998
V7867819944;2024-02-19;13:06;S01;Premium;Centre-ville;50;non;['New Balance'];9,0;9h/18h;open 6/7;6;54;5;E0002;Requin;2900;127;2015-10-11;Salesforce;0,05;0,95;C0148;M;36;;False;impulsif;0;0;P030;New Balance;Casual;Elite;Sunny Yellow;30;59,75;59,75;True;0,0;0;0;5,0;0,0;0,0;;;2024-02;23197,829999999998
V2843791584;2024-02-12;13:45;S01;Premium;Centre-ville;50;non;['New Balance'];9,0;9h/18h;open 6/7;6;54;5;E0001;Jeune prometteur;2000;45;2022-07-17;Salesforce;0,12;0,88;C0233;F;33;;True;sneakerhead;0;13;P035;New Balance;Basketball;Zoom;Pink;37;135,45;135,45;False;0,0;0;0;5,0;0,0;0,0;;;2024-02;23197,829999999998
V2843791584;2024-02-12;13:45;S01;Premium;Centre-ville;50;;['New Balance'];;9h/18h;open 6/7;6;54;5;E0001;Jeune prometteur;2000;45;2022-07-17;Salesforce;0,12;0,88;C0233;F;33;;True;sneakerhead;0;13;G035;Tee-short;Tee-short;Tee-short;None;M;20,0;20,0;False;0,0;0;0;0,0;0,0;0,0;non;9,0;2024-02;23197,829999999998
V2879940381;2024-02-13;18:32;S01;Premium;Centre-ville;50;non;['New Balance'];9,0;9h/18h;open 6/7;6;54;5;E0002;Requin;2900;127;2015-10-11;Salesforce;0,05;0,95;C0290;M;37;;True;impulsif;0;5;P030;New Balance;Casual;Elite;Sunny Yellow;30;59,75;59,75;True;0,0;0;0;5,0;0,0;0,0;;;2024-02;23197,829999999998
V8059670165;2024-02-07;15:06;S01;Premium;Centre-ville;50;non;['New Balance'];9,0;9h/18h;open 6/7;6;54;5;E0004;Blasé;2600;246;2006-01-09;Manager;0,21;0,79;C0182;M;68;;True;sneakerhead;0;5;P030;New Balance;Casual;Elite;Sunny Yellow;30;59,75;59,75;True;0,0;0;0;5,0;0,0;0,0;;;2024-02;23197,829999999998
V8059670165;2024-02-07;15:06;S01;Premium;Centre-ville;50;;['New Balance'];;9h/18h;open 6/7;6;54;5;E0004;Blasé;2600;246;2006-01-09;Manager;0,21;0,79;C0182;M;68;;True;sneakerhead;0;5;G030;Lacets;Lacets;Lacets;None;S;20,0;20,0;False;0,0;0;0;0,0;0,0;0,0;non;9,0;2024-02;23197,829999999998
V4722784222;2024-02-05;13:10;S01;Premium;Centre-ville;50;non;['New Balance'];9,0;9h/18h;open 6/7;6;54;5;E0001;Jeune prometteur;2000;45;2022-07-17;Salesforce;0,12;0,88;C0217;M;34;;True;chasseur_de_promos;20;13;P035;New Balance;Basketball;Zoom;Pink;37;133,45;135,45;False;2,0;0;2;5,0;0,0;1,5;;;2024-02;23197,829999999998
V4633871565;2024-02-13;12:17;S01;Premium;Centre-ville;50;non;['New Balance'];9,0;9h/18h;open 6/7;6;54;5;E0005;Expérimenté;2800;106;2017-07-01;Salesforce;0,05;0,95;C0101;M;29;;True;sneakerhead;0;5;P030;New Balance;Casual;Elite;Sunny Yellow;30;59,75;59,75;True;0,0;0;0;5,0;0,0;0,0;;;2024-02;23197,829999999998
V4633871565;2024-02-13;12:17;S01;Premium;Centre-ville;50;;['New Balance'];;9h/18h;open 6/7;6;54;5;E0005;Expérimenté;2800;106;2017-07-01;Salesforce;0,05;0,95;C0101;M;29;;True;sneakerhead;0;5;G030;Bonnet;Bonnet;Bonnet;None;XL;30,0;30,0;False;0,0;0;0;0,0;0,0;0,0;non;9,0;2024-02;23197,829999999998
V9169661756;2024-02-12;10:29;S01;Premium;Centre-ville;50;non;['New Balance'];9,0;9h/18h;open 6/7;6;54;5;E0002;Requin;2900;127;2015-10-11;Salesforce;0,05;0,95;C0205;F;53;;True;sneakerhead;0;5;P030;New Balance;Casual;Elite;Sunny Yellow;30;59,75;59,75;True;0,0;0;0;5,0;0,0;0,0;;;2024-02;23197,829999999998
V9169661756;2024-02-12;10:29;S01;Premium;Centre-ville;50;;['New Balance'];;9h/18h;open 6/7;6;54;5;E0002;Requin;2900;127;2015-10-11;Salesforce;0,05;0,95;C0205;F;53;;True;sneakerhead;0;5;G030;Tee-short;Tee-short;Tee-short;None;S;10,0;10,0;False;0,0;0;0;0,0;0,0;0,0;non;9,0;2024-02;23197,829999999998
V9169661756;2024-02-12;10:29;S01;Premium;Centre-ville;50;;['New Balance'];;9h/18h;open 6/7;6;54;5;E0002;Requin;2900;127;2015-10-11;Salesforce;0,05;0,95;C0205;F;53;;True;sneakerhead;0;5;G030;Lacets;Lacets;Lacets;None;S;30,0;30,0;False;0,0;0;0;0,0;0,0;0,0;non;9,0;2024-02;23197,829999999998
V2246354538;2024-02-09;13:32;S01;Premium;Centre-ville;50;non;['New Balance'];9,0;9h/18h;open 6/7;6;54;5;E0002;Requin;2900;127;2015-10-11;Salesforce;0,05;0,95;C0240;M;25;;True;sneakerhead;0;5;P030;New Balance;Casual;Elite;Sunny Yellow;30;59,75;59,75;True;0,0;0;0;5,0;0,0;0,0;;;2024-02;23197,829999999998
V2592588330;2024-02-12;18:48;S01;Premium;Centre-ville;50;non;['New Balance'];9,0;9h/18h;open 6/7;6;54;5;E0005;Expérimenté;2800;106;2017-07-01;Salesforce;0,05;0,95;C0144;M;37;;True;chasseur_de_promos;0;11;P037;New Balance;Running;Elite;Premium Black;41;114,45;114,45;False;0,0;0;0;5,0;0,0;0,0;;;2024-02;23197,829999999998
V2592588330;2024-02-12;18:48;S01;Premium;Centre-ville;50;;['New Balance'];;9h/18h;open 6/7;6;54;5;E0005;Expérimenté;2800;106;2017-07-01;Salesforce;0,05;0,95;C0144;M;37;;True;chasseur_de_promos;0;11;G037;Tee-short;Tee-short;Tee-short;None;L;20,0;20,0;False;0,0;0;0;0,0;0,0;0,0;non;9,0;2024-02;23197,829999999998
V4943753596;2024-02-23;09:38;S01;Premium;Centre-ville;50;non;['New Balance'];9,0;9h/18h;open 6/7;6;54;5;E0002;Requin;2900;127;2015-10-11;Salesforce;0,05;0,95;C0105;M;37;;True;sneakerhead;0;5;P030;New Balance;Casual;Elite;Sunny Yellow;30;42,75;59,75;True;17,0;17;0;5,0;0,0;28,5;;;2024-02;23197,829999999998
V4943753596;2024-02-23;09:38;S01;Premium;Centre-ville;50;;['New Balance'];;9h/18h;open 6/7;6;54;5;E0002;Requin;2900;127;2015-10-11;Salesforce;0,05;0,95;C0105;M;37;;True;sneakerhead;0;5;G030;Tee-short;Tee-short;Tee-short;None;L;10,0;10,0;False;0,0;0;0;0,0;0,0;0,0;non;9,0;2024-02;23197,829999999998
V4465509134;2024-02-07;14:07;S01;Premium;Centre-ville;50;non;['New Balance'];9,0;9h/18h;open 6/7;6;54;5;E0002;Requin;2900;127;2015-10-11;Salesforce;0,05;0,95;C0243;F;49;;True;impulsif;0;5;P030;New Balance;Casual;Elite;Sunny Yellow;30;59,75;59,75;True;0,0;0;0;5,0;0,0;0,0;;;2024-02;23197,829999999998
V7039146530;2024-02-14;10:43;S01;Premium;Centre-ville;50;non;['New Balance'];9,0;9h/18h;open 6/7;6;54;5;E0002;Requin;2900;127;2015-10-11;Salesforce;0,05;0,95;C0143;F;40;;True;sneakerhead;0;5;P030;New Balance;Casual;Elite;Sunny Yellow;30;59,75;59,75;True;0,0;0;0;5,0;0,0;0,0;;;2024-02;23197,829999999998
V4788357802;2024-02-08;17:56;S01;Premium;Centre-ville;50;non;['New Balance'];9,0;9h/18h;open 6/7;6;54;5;E0003;Jeune prometteur;2100;67;2020-09-04;Salesforce;0,13;0,87;C0108;F;39;New Balance;False;fidèle_marque;0;0;P010;New Balance;Running;Flex;Red Blood;42;152,25;152,25;False;0,0;0;0;5,0;0,0;0,0;;;2024-02;23197,829999999998
V5578473819;2024-02-28;13:05;S01;Premium;Centre-ville;50;non;['New Balance'];9,0;9h/18h;open 6/7;6;54;5;E0003;Jeune prometteur;2100;67;2020-09-04;Salesforce;0,13;0,87;C0220;M;42;;True;sneakerhead;0;5;P030;New Balance;Casual;Elite;Sunny Yellow;30;59,75;59,75;True;0,0;0;0;5,0;0,0;0,0;;;2024-02;23197,829999999998
V1423777575;2024-02-12;10:08;S01;Premium;Centre-ville;50;non;['New Balance'];9,0;9h/18h;open 6/7;6;54;5;E0005;Expérimenté;2800;106;2017-07-01;Salesforce;0,05;0,95;C0015;F;34;New Balance;True;fidèle_marque;0;12;P034;New Balance;Basketball;Zoom;Premium Black;39;125,20999999999998;166,95;False;41,74;0;0;5,0;41,74;25,0;;;2024-02;23197,829999999998
V9385262301;2024-03-15;14:52;S01;Premium;Centre-ville;50;non;['New Balance'];9,0;9h/18h;open 6/7;6;54;5;E0003;Jeune prometteur;2100;67;2020-09-04;Salesforce;0,13;0,87;C0047;M;62;;True;sneakerhead;0;5;P030;New Balance;Casual;Elite;Sunny Yellow;30;59,75;59,75;True;0,0;0;0;5,0;0,0;0,0;;;2024-03;28533,0
V8323888757;2024-03-12;15:17;S01;Premium;Centre-ville;50;non;['New Balance'];9,0;9h/18h;open 6/7;6;54;5;E0004;Blasé;2600;246;2006-01-09;Manager;0,21;0,79;C0028;M;35;;False;impulsif;0;0;P035;New Balance;Basketball;Zoom;Pink;37;94,82;135,45;False;40,63;0;0;5,0;40,63;30,0;;;2024-03;28533,0
V8323888757;2024-03-12;15:17;S01;Premium;Centre-ville;50;;['New Balance'];;9h/18h;open 6/7;6;54;5;E0004;Blasé;2600;246;2006-01-09;Manager;0,21;0,79;C0028;M;35;;False;impulsif;0;0;G035;Lunettes;Lunettes;Lunettes;None;XL;10,0;10,0;False;0,0;0;0;0,0;0,0;0,0;non;9,0;2024-03;28533,0
V7664231155;2024-03-05;16:06;S01;Premium;Centre-ville;50;non;['New Balance'];9,0;9h/18h;open 6/7;6;54;5;E0002;Requin;2900;127;2015-10-11;Salesforce;0,05;0,95;C0197;F;29;;True;chasseur_de_promos;0;5;P030;New Balance;Casual;Elite;Sunny Yellow;30;59,75;59,75;True;0,0;0;0;5,0;0,0;0,0;;;2024-03;28533,0
V4803366176;2024-03-16;11:39;S01;Premium;Centre-ville;50;non;['New Balance'];9,0;9h/18h;open 6/7;6;54;5;E0002;Requin;2900;127;2015-10-11;Salesforce;0,05;0,95;C0233;F;33;;True;sneakerhead;0;5;P030;New Balance;Casual;Elite;Sunny Yellow;30;59,75;59,75;True;0,0;0;0;5,0;0,0;0,0;;;2024-03;28533,0
V3808980184;2024-03-14;11:33;S01;Premium;Centre-ville;50;non;['New Balance'];9,0;9h/18h;open 6/7;6;54;5;E0005;Expérimenté;2800;106;2017-07-01;Salesforce;0,05;0,95;C0154;M;45;;True;chasseur_de_promos;20;14;P040;New Balance;Running;Air;Deep Purple;43;143,95;145,95;False;2,0;0;2;5,0;0,0;1,4;;;2024-03;28533,0
V3808980184;2024-03-14;11:33;S01;Premium;Centre-ville;50;;['New Balance'];;9h/18h;open 6/7;6;54;5;E0005;Expérimenté;2800;106;2017-07-01;Salesforce;0,05;0,95;C0154;M;45;;True;chasseur_de_promos;20;14;G040;Tee-short;Tee-short;Tee-short;None;S;20,0;20,0;False;0,0;0;0;0,0;0,0;0,0;non;9,0;2024-03;28533,0
V3808980184;2024-03-14;11:33;S01;Premium;Centre-ville;50;;['New Balance'];;9h/18h;open 6/7;6;54;5;E0005;Expérimenté;2800;106;2017-07-01;Salesforce;0,05;0,95;C0154;M;45;;True;chasseur_de_promos;20;14;G040;Lunettes;Lunettes;Lunettes;None;XS;40,0;40,0;False;0,0;0;0;0,0;0,0;0,0;non;9,0;2024-03;28533,0
V7270408045;2024-03-09;15:35;S01;Premium;Centre-ville;50;non;['New Balance'];9,0;9h/18h;open 6/7;6;54;5;E0003;Jeune prometteur;2100;67;2020-09-04;Salesforce;0,13;0,87;C0135;M;40;;True;impulsif;0;16;P034;New Balance;Basketball;Zoom;Premium Black;39;166,95;166,95;False;0,0;0;0;5,0;0,0;0,0;;;2024-03;28533,0
V6715336697;2024-03-22;10:33;S01;Premium;Centre-ville;50;non;['New Balance'];9,0;9h/18h;open 6/7;6;54;5;E0005;Expérimenté;2800;106;2017-07-01;Salesforce;0,05;0,95;C0005;F;28;;True;chasseur_de_promos;0;16;P034;New Balance;Basketball;Zoom;Premium Black;39;166,95;166,95;False;0,0;0;0;5,0;0,0;0,0;;;2024-03;28533,0
V6715336697;2024-03-22;10:33;S01;Premium;Centre-ville;50;;['New Balance'];;9h/18h;open 6/7;6;54;5;E0005;Expérimenté;2800;106;2017-07-01;Salesforce;0,05;0,95;C0005;F;28;;True;chasseur_de_promos;0;16;G034;Tee-short;Tee-short;Tee-short;None;XL;30,0;30,0;False;0,0;0;0;0,0;0,0;0,0;non;9,0;2024-03;28533,0
V4037679825;2024-03-12;11:27;S01;Premium;Centre-ville;50;non;['New Balance'];9,0;9h/18h;open 6/7;6;54;5;E0005;Expérimenté;2800;106;2017-07-01;Salesforce;0,05;0,95;C0061;M;42;;False;sneakerhead;0;0;P010;New Balance;Running;Flex;Red Blood;42;129,25;152,25;False;23,0;23;0;5,0;0,0;15,1;;;2024-03;28533,0
V6238780956;2024-03-04;18:57;S01;Premium;Centre-ville;50;non;['New Balance'];9,0;9h/18h;open 6/7;6;54;5;E0003;Jeune prometteur;2100;67;2020-09-04;Salesforce;0,13;0,87;C0198;F;49;;True;sneakerhead;10;5;P030;New Balance;Casual;Elite;Sunny Yellow;30;58,75;59,75;True;1,0;0;1;5,0;0,0;1,7;;;2024-03;28533,0
V6146488325;2024-03-09;11:09;S01;Premium;Centre-ville;50;non;['New Balance'];9,0;9h/18h;open 6/7;6;54;5;E0003;Jeune prometteur;2100;67;2020-09-04;Salesforce;0,13;0,87;C0070;F;40;;True;sneakerhead;0;5;P030;New Balance;Casual;Elite;Sunny Yellow;30;59,75;59,75;True;0,0;0;0;5,0;0,0;0,0;;;2024-03;28533,0
V6591942827;2024-03-30;18:31;S01;Premium;Centre-ville;50;non;['New Balance'];9,0;9h/18h;open 6/7;6;54;5;E0005;Expérimenté;2800;106;2017-07-01;Salesforce;0,05;0,95;C0275;M;33;;False;chasseur_de_promos;0;0;P034;New Balance;Basketball;Zoom;Premium Black;39;166,95;166,95;False;0,0;0;0;5,0;0,0;0,0;;;2024-03;28533,0
V9043874075;2024-03-08;18:28;S01;Premium;Centre-ville;50;non;['New Balance'];9,0;9h/18h;open 6/7;6;54;5;E0001;Jeune prometteur;2000;45;2022-07-17;Salesforce;0,12;0,88;C0011;M;46;;False;impulsif;0;0;P031;New Balance;Casual;Flex;Brown Bear;42;152,25;152,25;False;0,0;0;0;5,0;0,0;0,0;;;2024-03;28533,0
V8467614888;2024-03-27;13:12;S01;Premium;Centre-ville;50;non;['New Balance'];9,0;9h/18h;open 6/7;6;54;5;E0004;Blasé;2600;246;2006-01-09;Manager;0,21;0,79;C0255;F;52;;False;chasseur_de_promos;0;0;P031;New Balance;Casual;Flex;Brown Bear;42;152,25;152,25;False;0,0;0;0;5,0;0,0;0,0;;;2024-03;28533,0
V3663005646;2024-03-11;16:38;S01;Premium;Centre-ville;50;non;['New Balance'];9,0;9h/18h;open 6/7;6;54;5;E0005;Expérimenté;2800;106;2017-07-01;Salesforce;0,05;0,95;C0003;M;57;;False;impulsif;0;0;P037;New Balance;Running;Elite;Premium Black;41;114,45;114,45;False;0,0;0;0;5,0;0,0;0,0;;;2024-03;28533,0
V3663005646;2024-03-11;16:38;S01;Premium;Centre-ville;50;;['New Balance'];;9h/18h;open 6/7;6;54;5;E0005;Expérimenté;2800;106;2017-07-01;Salesforce;0,05;0,95;C0003;M;57;;False;impulsif;0;0;G037;Bonnet;Bonnet;Bonnet;None;S;40,0;40,0;False;0,0;0;0;0,0;0,0;0,0;non;9,0;2024-03;28533,0
V4968051462;2024-03-18;10:38;S01;Premium;Centre-ville;50;non;['New Balance'];9,0;9h/18h;open 6/7;6;54;5;E0004;Blasé;2600;246;2006-01-09;Manager;0,21;0,79;C0222;M;49;;True;chasseur_de_promos;0;15;P031;New Balance;Casual;Flex;Brown Bear;42;152,25;152,25;False;0,0;0;0;5,0;0,0;0,0;;;2024-03;28533,0
V5233299751;2024-03-18;10:27;S01;Premium;Centre-ville;50;non;['New Balance'];9,0;9h/18h;open 6/7;6;54;5;E0005;Expérimenté;2800;106;2017-07-01;Salesforce;0,05;0,95;C0208;F;40;;True;sneakerhead;0;15;P031;New Balance;Casual;Flex;Brown Bear;42;152,25;152,25;False;0,0;0;0;5,0;0,0;0,0;;;2024-03;28533,0
V5233299751;2024-03-18;10:27;S01;Premium;Centre-ville;50;;['New Balance'];;9h/18h;open 6/7;6;54;5;E0005;Expérimenté;2800;106;2017-07-01;Salesforce;0,05;0,95;C0208;F;40;;True;sneakerhead;0;15;G031;Tee-short;Tee-short;Tee-short;None;XS;20,0;20,0;False;0,0;0;0;0,0;0,0;0,0;non;9,0;2024-03;28533,0
V8951094916;2024-03-19;17:50;S01;Premium;Centre-ville;50;non;['New Balance'];9,0;9h/18h;open 6/7;6;54;5;E0001;Jeune prometteur;2000;45;2022-07-17;Salesforce;0,12;0,88;C0174;M;37;;True;impulsif;0;15;P031;New Balance;Casual;Flex;Brown Bear;42;152,25;152,25;False;0,0;0;0;5,0;0,0;0,0;;;2024-03;28533,0
V9512061232;2024-03-12;14:31;S01;Premium;Centre-ville;50;non;['New Balance'];9,0;9h/18h;open 6/7;6;54;5;E0001;Jeune prometteur;2000;45;2022-07-17;Salesforce;0,12;0,88;C0184;F;34;;True;impulsif;0;10;P010;New Balance;Running;Flex;Red Blood;42;106,58;152,25;False;45,67;0;0;5,0;45,67;30,0;;;2024-03;28533,0
V8429050070;2024-03-25;14:57;S01;Premium;Centre-ville;50;non;['New Balance'];9,0;9h/18h;open 6/7;6;54;5;E0005;Expérimenté;2800;106;2017-07-01;Salesforce;0,05;0,95;C0278;F;42;;True;sneakerhead;0;5;P030;New Balance;Casual;Elite;Sunny Yellow;30;42,75;59,75;True;17,0;17;0;5,0;0,0;28,5;;;2024-03;28533,0
V3788671207;2024-03-30;09:53;S01;Premium;Centre-ville;50;non;['New Balance'];9,0;9h/18h;open 6/7;6;54;5;E0005;Expérimenté;2800;106;2017-07-01;Salesforce;0,05;0,95;C0136;M;52;;True;chasseur_de_promos;0;15;P031;New Balance;Casual;Flex;Brown Bear;42;152,25;152,25;False;0,0;0;0;5,0;0,0;0,0;;;2024-03;28533,0
V1174992271;2024-03-12;12:37;S01;Premium;Centre-ville;50;non;['New Balance'];9,0;9h/18h;open 6/7;6;54;5;E0002;Requin;2900;127;2015-10-11;Salesforce;0,05;0,95;C0051;F;50;;True;chasseur_de_promos;0;5;P030;New Balance;Casual;Elite;Sunny Yellow;30;59,75;59,75;True;0,0;0;0;5,0;0,0;0,0;;;2024-03;28533,0
V1174992271;2024-03-12;12:37;S01;Premium;Centre-ville;50;;['New Balance'];;9h/18h;open 6/7;6;54;5;E0002;Requin;2900;127;2015-10-11;Salesforce;0,05;0,95;C0051;F;50;;True;chasseur_de_promos;0;5;G030;Lacets;Lacets;Lacets;None;S;30,0;30,0;False;0,0;0;0;0,0;0,0;0,0;non;9,0;2024-03;28533,0
V1174992271;2024-03-12;12:37;S01;Premium;Centre-ville;50;;['New Balance'];;9h/18h;open 6/7;6;54;5;E0002;Requin;2900;127;2015-10-11;Salesforce;0,05;0,95;C0051;F;50;;True;chasseur_de_promos;0;5;G030;Lunettes;Lunettes;Lunettes;None;L;30,0;30,0;False;0,0;0;0;0,0;0,0;0,0;non;9,0;2024-03;28533,0
V5700931702;2024-03-21;10:19;S01;Premium;Centre-ville;50;non;['New Balance'];9,0;9h/18h;open 6/7;6;54;5;E0005;Expérimenté;2800;106;2017-07-01;Salesforce;0,05;0,95;C0218;M;35;;True;sneakerhead;0;11;P037;New Balance;Running;Elite;Premium Black;41;114,45;114,45;False;0,0;0;0;5,0;0,0;0,0;;;2024-03;28533,0
V5216434269;2024-03-27;13:11;S01;Premium;Centre-ville;50;non;['New Balance'];9,0;9h/18h;open 6/7;6;54;5;E0003;Jeune prometteur;2100;67;2020-09-04;Salesforce;0,13;0,87;C0063;F;59;;True;impulsif;0;13;P035;New Balance;Basketball;Zoom;Pink;37;135,45;135,45;False;0,0;0;0;5,0;0,0;0,0;;;2024-03;28533,0
V5216434269;2024-03-27;13:11;S01;Premium;Centre-ville;50;;['New Balance'];;9h/18h;open 6/7;6;54;5;E0003;Jeune prometteur;2100;67;2020-09-04;Salesforce;0,13;0,87;C0063;F;59;;True;impulsif;0;13;G035;Bonnet;Bonnet;Bonnet;None;XS;20,0;20,0;False;0,0;0;0;0,0;0,0;0,0;non;9,0;2024-03;28533,0
V3269110316;2024-03-06;14:43;S01;Premium;Centre-ville;50;non;['New Balance'];9,0;9h/18h;open 6/7;6;54;5;E0002;Requin;2900;127;2015-10-11;Salesforce;0,05;0,95;C0012;M;38;;False;impulsif;0;0;P030;New Balance;Casual;Elite;Sunny Yellow;30;35,75;59,75;True;24,0;24;0;5,0;0,0;40,2;;;2024-03;28533,0
V5789968222;2024-03-27;16:53;S01;Premium;Centre-ville;50;non;['New Balance'];9,0;9h/18h;open 6/7;6;54;5;E0003;Jeune prometteur;2100;67;2020-09-04;Salesforce;0,13;0,87;C0006;M;44;New Balance;True;fidèle_marque;0;14;P040;New Balance;Running;Air;Deep Purple;43;145,95;145,95;False;0,0;0;0;5,0;0,0;0,0;;;2024-03;28533,0
V7696436400;2024-03-18;14:16;S01;Premium;Centre-ville;50;non;['New Balance'];9,0;9h/18h;open 6/7;6;54;5;E0001;Jeune prometteur;2000;45;2022-07-17;Salesforce;0,12;0,88;C0224;F;45;;True;sneakerhead;0;5;P030;New Balance;Casual;Elite;Sunny Yellow;30;54,86;59,75;True;4,89;0;0;5,0;4,89;8,2;;;2024-03;28533,0
V5206679477;2024-03-16;14:36;S01;Premium;Centre-ville;50;non;['New Balance'];9,0;9h/18h;open 6/7;6;54;5;E0003;Jeune prometteur;2100;67;2020-09-04;Salesforce;0,13;0,87;C0010;M;37;New Balance;True;fidèle_marque;0;5;P030;New Balance;Casual;Elite;Sunny Yellow;30;59,75;59,75;True;0,0;0;0;5,0;0,0;0,0;;;2024-03;28533,0
V2886342582;2024-03-12;18:25;S01;Premium;Centre-ville;50;non;['New Balance'];9,0;9h/18h;open 6/7;6;54;5;E0001;Jeune prometteur;2000;45;2022-07-17;Salesforce;0,12;0,88;C0166;F;33;;True;sneakerhead;10;5;P030;New Balance;Casual;Elite;Sunny Yellow;30;58,75;59,75;True;1,0;0;1;5,0;0,0;1,7;;;2024-03;28533,0
V8895325893;2024-03-13;17:00;S01;Premium;Centre-ville;50;non;['New Balance'];9,0;9h/18h;open 6/7;6;54;5;E0004;Blasé;2600;246;2006-01-09;Manager;0,21;0,79;C0273;F;53;;True;sneakerhead;0;5;P030;New Balance;Casual;Elite;Sunny Yellow;30;59,75;59,75;True;0,0;0;0;5,0;0,0;0,0;;;2024-03;28533,0
V6629316253;2024-03-19;09:02;S01;Premium;Centre-ville;50;non;['New Balance'];9,0;9h/18h;open 6/7;6;54;5;E0004;Blasé;2600;246;2006-01-09;Manager;0,21;0,79;C0154;M;45;;True;chasseur_de_promos;0;13;P035;New Balance;Basketball;Zoom;Pink;37;135,45;135,45;False;0,0;0;0;5,0;0,0;0,0;;;2024-03;28533,0
V3693428221;2024-03-01;10:14;S01;Premium;Centre-ville;50;non;['New Balance'];9,0;9h/18h;open 6/7;6;54;5;E0004;Blasé;2600;246;2006-01-09;Manager;0,21;0,79;C0106;M;36;;True;sneakerhead;0;13;P035;New Balance;Basketball;Zoom;Pink;37;135,45;135,45;False;0,0;0;0;5,0;0,0;0,0;;;2024-03;28533,0
V1222981072;2024-03-28;15:00;S01;Premium;Centre-ville;50;non;['New Balance'];9,0;9h/18h;open 6/7;6;54;5;E0003;Jeune prometteur;2100;67;2020-09-04;Salesforce;0,13;0,87;C0029;M;46;;True;sneakerhead;0;5;P030;New Balance;Casual;Elite;Sunny Yellow;30;59,75;59,75;True;0,0;0;0;5,0;0,0;0,0;;;2024-03;28533,0
V9750788417;2024-03-05;18:58;S01;Premium;Centre-ville;50;non;['New Balance'];9,0;9h/18h;open 6/7;6;54;5;E0001;Jeune prometteur;2000;45;2022-07-17;Salesforce;0,12;0,88;C0223;F;41;;False;sneakerhead;0;0;P035;New Balance;Basketball;Zoom;Pink;37;135,45;135,45;False;0,0;0;0;5,0;0,0;0,0;;;2024-03;28533,0
V4348187528;2024-03-28;17:11;S01;Premium;Centre-ville;50;non;['New Balance'];9,0;9h/18h;open 6/7;6;54;5;E0003;Jeune prometteur;2100;67;2020-09-04;Salesforce;0,13;0,87;C0275;M;33;;False;chasseur_de_promos;0;0;P035;New Balance;Basketball;Zoom;Pink;37;135,45;135,45;False;0,0;0;0;5,0;0,0;0,0;;;2024-03;28533,0
V2857683488;2024-03-25;10:29;S01;Premium;Centre-ville;50;non;['New Balance'];9,0;9h/18h;open 6/7;6;54;5;E0005;Expérimenté;2800;106;2017-07-01;Salesforce;0,05;0,95;C0185;M;30;;False;impulsif;0;0;P034;New Balance;Basketball;Zoom;Premium Black;39;94,94999999999999;166,95;False;72,0;72;0;5,0;0,0;43,1;;;2024-03;28533,0
V2857683488;2024-03-25;10:29;S01;Premium;Centre-ville;50;;['New Balance'];;9h/18h;open 6/7;6;54;5;E0005;Expérimenté;2800;106;2017-07-01;Salesforce;0,05;0,95;C0185;M;30;;False;impulsif;0;0;G034;Echarpe;Echarpe;Echarpe;None;XL;10,0;10,0;False;0,0;0;0;0,0;0,0;0,0;non;9,0;2024-03;28533,0
V9240833983;2024-03-19;18:13;S01;Premium;Centre-ville;50;non;['New Balance'];9,0;9h/18h;open 6/7;6;54;5;E0005;Expérimenté;2800;106;2017-07-01;Salesforce;0,05;0,95;C0139;M;66;;True;sneakerhead;20;5;P030;New Balance;Casual;Elite;Sunny Yellow;30;57,75;59,75;True;2,0;0;2;5,0;0,0;3,3;;;2024-03;28533,0
V9429006950;2024-03-25;14:13;S01;Premium;Centre-ville;50;non;['New Balance'];9,0;9h/18h;open 6/7;6;54;5;E0001;Jeune prometteur;2000;45;2022-07-17;Salesforce;0,12;0,88;C0040;M;50;;True;chasseur_de_promos;0;10;P035;New Balance;Basketball;Zoom;Pink;37;108,35999999999999;135,45;False;27,09;0;0;5,0;27,09;20,0;;;2024-03;28533,0
V7770185511;2024-03-29;13:13;S01;Premium;Centre-ville;50;non;['New Balance'];9,0;9h/18h;open 6/7;6;54;5;E0003;Jeune prometteur;2100;67;2020-09-04;Salesforce;0,13;0,87;C0096;M;58;;False;impulsif;0;0;P040;New Balance;Running;Air;Deep Purple;43;145,95;145,95;False;0,0;0;0;5,0;0,0;0,0;;;2024-03;28533,0
V6385475948;2024-03-26;18:21;S01;Premium;Centre-ville;50;non;['New Balance'];9,0;9h/18h;open 6/7;6;54;5;E0002;Requin;2900;127;2015-10-11;Salesforce;0,05;0,95;C0063;F;59;;True;impulsif;0;5;P030;New Balance;Casual;Elite;Sunny Yellow;30;59,75;59,75;True;0,0;0;0;5,0;0,0;0,0;;;2024-03;28533,0
V7540891278;2024-03-05;12:10;S01;Premium;Centre-ville;50;non;['New Balance'];9,0;9h/18h;open 6/7;6;54;5;E0003;Jeune prometteur;2100;67;2020-09-04;Salesforce;0,13;0,87;C0185;M;30;;False;impulsif;0;0;P040;New Balance;Running;Air;Deep Purple;43;145,95;145,95;False;0,0;0;0;5,0;0,0;0,0;;;2024-03;28533,0
V8801418263;2024-03-04;10:22;S01;Premium;Centre-ville;50;non;['New Balance'];9,0;9h/18h;open 6/7;6;54;5;E0002;Requin;2900;127;2015-10-11;Salesforce;0,05;0,95;C0009;F;45;;True;chasseur_de_promos;0;5;P030;New Balance;Casual;Elite;Sunny Yellow;30;59,75;59,75;True;0,0;0;0;5,0;0,0;0,0;;;2024-03;28533,0
V5939274582;2024-03-22;09:07;S01;Premium;Centre-ville;50;non;['New Balance'];9,0;9h/18h;open 6/7;6;54;5;E0005;Expérimenté;2800;106;2017-07-01;Salesforce;0,05;0,95;C0253;F;31;;True;chasseur_de_promos;10;15;P031;New Balance;Casual;Flex;Brown Bear;42;151,25;152,25;False;1,0;0;1;5,0;0,0;0,7;;;2024-03;28533,0
V7208897701;2024-03-18;17:46;S01;Premium;Centre-ville;50;non;['New Balance'];9,0;9h/18h;open 6/7;6;54;5;E0001;Jeune prometteur;2000;45;2022-07-17;Salesforce;0,12;0,88;C0004;M;57;;False;chasseur_de_promos;0;0;P010;New Balance;Running;Flex;Red Blood;42;144,64;152,25;False;7,61;0;0;5,0;7,61;5,0;;;2024-03;28533,0
V7208897701;2024-03-18;17:46;S01;Premium;Centre-ville;50;;['New Balance'];;9h/18h;open 6/7;6;54;5;E0001;Jeune prometteur;2000;45;2022-07-17;Salesforce;0,12;0,88;C0004;M;57;;False;chasseur_de_promos;0;0;G010;Tee-short;Tee-short;Tee-short;None;M;40,0;40,0;False;0,0;0;0;0,0;0,0;0,0;non;9,0;2024-03;28533,0
V8433501805;2024-03-04;09:46;S01;Premium;Centre-ville;50;non;['New Balance'];9,0;9h/18h;open 6/7;6;54;5;E0002;Requin;2900;127;2015-10-11;Salesforce;0,05;0,95;C0297;F;48;;True;sneakerhead;20;5;P030;New Balance;Casual;Elite;Sunny Yellow;30;57,75;59,75;True;2,0;0;2;5,0;0,0;3,3;;;2024-03;28533,0
V5221763434;2024-03-29;10:15;S01;Premium;Centre-ville;50;non;['New Balance'];9,0;9h/18h;open 6/7;6;54;5;E0002;Requin;2900;127;2015-10-11;Salesforce;0,05;0,95;C0113;M;63;;True;impulsif;0;5;P030;New Balance;Casual;Elite;Sunny Yellow;30;59,75;59,75;True;0,0;0;0;5,0;0,0;0,0;;;2024-03;28533,0
V5221763434;2024-03-29;10:15;S01;Premium;Centre-ville;50;;['New Balance'];;9h/18h;open 6/7;6;54;5;E0002;Requin;2900;127;2015-10-11;Salesforce;0,05;0,95;C0113;M;63;;True;impulsif;0;5;G030;Lunettes;Lunettes;Lunettes;None;XL;40,0;40,0;False;0,0;0;0;0,0;0,0;0,0;non;9,0;2024-03;28533,0
V4036083344;2024-03-13;11:53;S01;Premium;Centre-ville;50;non;['New Balance'];9,0;9h/18h;open 6/7;6;54;5;E0005;Expérimenté;2800;106;2017-07-01;Salesforce;0,05;0,95;C0055;F;68;;True;sneakerhead;0;5;P030;New Balance;Casual;Elite;Sunny Yellow;30;59,75;59,75;True;0,0;0;0;5,0;0,0;0,0;;;2024-03;28533,0
V2894419527;2024-03-23;16:06;S01;Premium;Centre-ville;50;non;['New Balance'];9,0;9h/18h;open 6/7;6;54;5;E0003;Jeune prometteur;2100;67;2020-09-04;Salesforce;0,13;0,87;C0224;F;45;;True;sneakerhead;0;5;P030;New Balance;Casual;Elite;Sunny Yellow;30;59,75;59,75;True;0,0;0;0;5,0;0,0;0,0;;;2024-03;28533,0
V5481291065;2024-03-23;10:58;S01;Premium;Centre-ville;50;non;['New Balance'];9,0;9h/18h;open 6/7;6;54;5;E0002;Requin;2900;127;2015-10-11;Salesforce;0,05;0,95;C0099;F;46;;False;impulsif;0;0;P030;New Balance;Casual;Elite;Sunny Yellow;30;59,75;59,75;True;0,0;0;0;5,0;0,0;0,0;;;2024-03;28533,0
V6502082032;2024-03-02;11:44;S01;Premium;Centre-ville;50;non;['New Balance'];9,0;9h/18h;open 6/7;6;54;5;E0005;Expérimenté;2800;106;2017-07-01;Salesforce;0,05;0,95;C0136;M;52;;True;chasseur_de_promos;0;5;P030;New Balance;Casual;Elite;Sunny Yellow;30;59,75;59,75;True;0,0;0;0;5,0;0,0;0,0;;;2024-03;28533,0
V8808882004;2024-03-12;15:07;S01;Premium;Centre-ville;50;non;['New Balance'];9,0;9h/18h;open 6/7;6;54;5;E0004;Blasé;2600;246;2006-01-09;Manager;0,21;0,79;C0027;F;31;;True;chasseur_de_promos;0;14;P010;New Balance;Running;Flex;Red Blood;42;144,64;152,25;False;7,61;0;0;5,0;7,61;5,0;;;2024-03;28533,0
V6293768505;2024-03-04;14:55;S01;Premium;Centre-ville;50;non;['New Balance'];9,0;9h/18h;open 6/7;6;54;5;E0005;Expérimenté;2800;106;2017-07-01;Salesforce;0,05;0,95;C0180;F;30;;True;sneakerhead;0;9;P010;New Balance;Running;Flex;Red Blood;42;98,96000000000001;152,25;False;53,29;0;0;5,0;53,29;35,0;;;2024-03;28533,0
V6293768505;2024-03-04;14:55;S01;Premium;Centre-ville;50;;['New Balance'];;9h/18h;open 6/7;6;54;5;E0005;Expérimenté;2800;106;2017-07-01;Salesforce;0,05;0,95;C0180;F;30;;True;sneakerhead;0;9;G010;Lacets;Lacets;Lacets;None;L;30,0;30,0;False;0,0;0;0;0,0;0,0;0,0;non;9,0;2024-03;28533,0
V2072485548;2024-03-30;12:39;S01;Premium;Centre-ville;50;non;['New Balance'];9,0;9h/18h;open 6/7;6;54;5;E0001;Jeune prometteur;2000;45;2022-07-17;Salesforce;0,12;0,88;C0187;F;39;;True;sneakerhead;0;5;P030;New Balance;Casual;Elite;Sunny Yellow;30;59,75;59,75;True;0,0;0;0;5,0;0,0;0,0;;;2024-03;28533,0
V2982481268;2024-03-18;18:26;S01;Premium;Centre-ville;50;non;['New Balance'];9,0;9h/18h;open 6/7;6;54;5;E0001;Jeune prometteur;2000;45;2022-07-17;Salesforce;0,12;0,88;C0134;M;49;;False;chasseur_de_promos;0;0;P034;New Balance;Basketball;Zoom;Premium Black;39;166,95;166,95;False;0,0;0;0;5,0;0,0;0,0;;;2024-03;28533,0
V1749491074;2024-03-09;16:19;S01;Premium;Centre-ville;50;non;['New Balance'];9,0;9h/18h;open 6/7;6;54;5;E0001;Jeune prometteur;2000;45;2022-07-17;Salesforce;0,12;0,88;C0239;F;38;;False;impulsif;0;0;P040;New Balance;Running;Air;Deep Purple;43;145,95;145,95;False;0,0;0;0;5,0;0,0;0,0;;;2024-03;28533,0
V7448957069;2024-03-22;16:41;S01;Premium;Centre-ville;50;non;['New Balance'];9,0;9h/18h;open 6/7;6;54;5;E0004;Blasé;2600;246;2006-01-09;Manager;0,21;0,79;C0219;F;42;;True;sneakerhead;0;15;P010;New Balance;Running;Flex;Red Blood;42;152,25;152,25;False;0,0;0;0;5,0;0,0;0,0;;;2024-03;28533,0
V5489515860;2024-03-09;14:50;S01;Premium;Centre-ville;50;non;['New Balance'];9,0;9h/18h;open 6/7;6;54;5;E0002;Requin;2900;127;2015-10-11;Salesforce;0,05;0,95;C0205;F;53;;True;sneakerhead;0;5;P030;New Balance;Casual;Elite;Sunny Yellow;30;59,75;59,75;True;0,0;0;0;5,0;0,0;0,0;;;2024-03;28533,0
V5797988497;2024-03-22;14:36;S01;Premium;Centre-ville;50;non;['New Balance'];9,0;9h/18h;open 6/7;6;54;5;E0005;Expérimenté;2800;106;2017-07-01;Salesforce;0,05;0,95;C0087;F;63;;True;chasseur_de_promos;0;15;P031;New Balance;Casual;Flex;Brown Bear;42;132,25;152,25;False;20,0;20;0;5,0;0,0;13,1;;;2024-03;28533,0
V2653862150;2024-03-13;14:52;S01;Premium;Centre-ville;50;non;['New Balance'];9,0;9h/18h;open 6/7;6;54;5;E0005;Expérimenté;2800;106;2017-07-01;Salesforce;0,05;0,95;C0198;F;49;;True;sneakerhead;0;5;P030;New Balance;Casual;Elite;Sunny Yellow;30;59,75;59,75;True;0,0;0;0;5,0;0,0;0,0;;;2024-03;28533,0
V2653862150;2024-03-13;14:52;S01;Premium;Centre-ville;50;;['New Balance'];;9h/18h;open 6/7;6;54;5;E0005;Expérimenté;2800;106;2017-07-01;Salesforce;0,05;0,95;C0198;F;49;;True;sneakerhead;0;5;G030;Echarpe;Echarpe;Echarpe;None;S;30,0;30,0;False;0,0;0;0;0,0;0,0;0,0;non;9,0;2024-03;28533,0
V7891677349;2024-03-16;13:35;S01;Premium;Centre-ville;50;non;['New Balance'];9,0;9h/18h;open 6/7;6;54;5;E0005;Expérimenté;2800;106;2017-07-01;Salesforce;0,05;0,95;C0106;M;36;;True;sneakerhead;0;16;P034;New Balance;Basketball;Zoom;Premium Black;39;166,95;166,95;False;0,0;0;0;5,0;0,0;0,0;;;2024-03;28533,0
V7835430647;2024-03-20;10:39;S01;Premium;Centre-ville;50;non;['New Balance'];9,0;9h/18h;open 6/7;6;54;5;E0005;Expérimenté;2800;106;2017-07-01;Salesforce;0,05;0,95;C0232;F;44;;False;impulsif;0;0;P010;New Balance;Running;Flex;Red Blood;42;152,25;152,25;False;0,0;0;0;5,0;0,0;0,0;;;2024-03;28533,0
V9900700119;2024-03-27;17:22;S01;Premium;Centre-ville;50;non;['New Balance'];9,0;9h/18h;open 6/7;6;54;5;E0003;Jeune prometteur;2100;67;2020-09-04;Salesforce;0,13;0,87;C0174;M;37;;True;impulsif;0;5;P030;New Balance;Casual;Elite;Sunny Yellow;30;59,75;59,75;True;0,0;0;0;5,0;0,0;0,0;;;2024-03;28533,0
V7602575554;2024-03-11;14:52;S01;Premium;Centre-ville;50;non;['New Balance'];9,0;9h/18h;open 6/7;6;54;5;E0003;Jeune prometteur;2100;67;2020-09-04;Salesforce;0,13;0,87;C0017;M;40;;False;impulsif;0;0;P010;New Balance;Running;Flex;Red Blood;42;152,25;152,25;False;0,0;0;0;5,0;0,0;0,0;;;2024-03;28533,0
V7961289672;2024-03-16;09:58;S01;Premium;Centre-ville;50;non;['New Balance'];9,0;9h/18h;open 6/7;6;54;5;E0004;Blasé;2600;246;2006-01-09;Manager;0,21;0,79;C0221;M;40;;False;impulsif;0;0;P031;New Balance;Casual;Flex;Brown Bear;42;152,25;152,25;False;0,0;0;0;5,0;0,0;0,0;;;2024-03;28533,0
V4987126850;2024-03-19;15:42;S01;Premium;Centre-ville;50;non;['New Balance'];9,0;9h/18h;open 6/7;6;54;5;E0001;Jeune prometteur;2000;45;2022-07-17;Salesforce;0,12;0,88;C0156;F;30;;False;chasseur_de_promos;0;0;P034;New Balance;Basketball;Zoom;Premium Black;39;125,20999999999998;166,95;False;41,74;0;0;5,0;41,74;25,0;;;2024-03;28533,0
V4987126850;2024-03-19;15:42;S01;Premium;Centre-ville;50;;['New Balance'];;9h/18h;open 6/7;6;54;5;E0001;Jeune prometteur;2000;45;2022-07-17;Salesforce;0,12;0,88;C0156;F;30;;False;chasseur_de_promos;0;0;G034;Lacets;Lacets;Lacets;None;S;30,0;30,0;False;0,0;0;0;0,0;0,0;0,0;non;9,0;2024-03;28533,0
V7054856017;2024-03-09;15:36;S01;Premium;Centre-ville;50;non;['New Balance'];9,0;9h/18h;open 6/7;6;54;5;E0001;Jeune prometteur;2000;45;2022-07-17;Salesforce;0,12;0,88;C0064;M;29;;False;chasseur_de_promos;0;0;P034;New Balance;Basketball;Zoom;Premium Black;39;166,95;166,95;False;0,0;0;0;5,0;0,0;0,0;;;2024-03;28533,0
V2704579101;2024-03-25;17:20;S01;Premium;Centre-ville;50;non;['New Balance'];9,0;9h/18h;open 6/7;6;54;5;E0001;Jeune prometteur;2000;45;2022-07-17;Salesforce;0,12;0,88;C0175;M;43;;False;impulsif;0;0;P031;New Balance;Casual;Flex;Brown Bear;42;152,25;152,25;False;0,0;0;0;5,0;0,0;0,0;;;2024-03;28533,0
V7762798261;2024-03-07;10:12;S01;Premium;Centre-ville;50;non;['New Balance'];9,0;9h/18h;open 6/7;6;54;5;E0004;Blasé;2600;246;2006-01-09;Manager;0,21;0,79;C0105;M;37;;True;sneakerhead;0;12;P034;New Balance;Basketball;Zoom;Premium Black;39;125,20999999999998;166,95;False;41,74;0;0;5,0;41,74;25,0;;;2024-03;28533,0
V3187342552;2024-03-25;12:10;S01;Premium;Centre-ville;50;non;['New Balance'];9,0;9h/18h;open 6/7;6;54;5;E0002;Requin;2900;127;2015-10-11;Salesforce;0,05;0,95;C0035;M;51;;True;chasseur_de_promos;0;14;P040;New Balance;Running;Air;Deep Purple;43;145,95;145,95;False;0,0;0;0;5,0;0,0;0,0;;;2024-03;28533,0
V8964562235;2024-03-07;10:57;S01;Premium;Centre-ville;50;non;['New Balance'];9,0;9h/18h;open 6/7;6;54;5;E0005;Expérimenté;2800;106;2017-07-01;Salesforce;0,05;0,95;C0273;F;53;;True;sneakerhead;0;5;P030;New Balance;Casual;Elite;Sunny Yellow;30;59,75;59,75;True;0,0;0;0;5,0;0,0;0,0;;;2024-03;28533,0
V2315389038;2024-03-02;12:13;S01;Premium;Centre-ville;50;non;['New Balance'];9,0;9h/18h;open 6/7;6;54;5;E0005;Expérimenté;2800;106;2017-07-01;Salesforce;0,05;0,95;C0041;F;32;;False;chasseur_de_promos;0;0;P034;New Balance;Basketball;Zoom;Premium Black;39;166,95;166,95;False;0,0;0;0;5,0;0,0;0,0;;;2024-03;28533,0
V5187182795;2024-03-04;16:46;S01;Premium;Centre-ville;50;non;['New Balance'];9,0;9h/18h;open 6/7;6;54;5;E0003;Jeune prometteur;2100;67;2020-09-04;Salesforce;0,13;0,87;C0268;F;38;;True;sneakerhead;0;5;P030;New Balance;Casual;Elite;Sunny Yellow;30;59,75;59,75;True;0,0;0;0;5,0;0,0;0,0;;;2024-03;28533,0
V9559681924;2024-03-09;12:57;S01;Premium;Centre-ville;50;non;['New Balance'];9,0;9h/18h;open 6/7;6;54;5;E0004;Blasé;2600;246;2006-01-09;Manager;0,21;0,79;C0267;M;50;;True;impulsif;0;13;P035;New Balance;Basketball;Zoom;Pink;37;135,45;135,45;False;0,0;0;0;5,0;0,0;0,0;;;2024-03;28533,0
V1460749144;2024-03-01;14:32;S01;Premium;Centre-ville;50;non;['New Balance'];9,0;9h/18h;open 6/7;6;54;5;E0003;Jeune prometteur;2100;67;2020-09-04;Salesforce;0,13;0,87;C0164;F;38;;True;impulsif;0;11;P037;New Balance;Running;Elite;Premium Black;41;114,45;114,45;False;0,0;0;0;5,0;0,0;0,0;;;2024-03;28533,0
V5056351406;2024-03-23;14:02;S01;Premium;Centre-ville;50;non;['New Balance'];9,0;9h/18h;open 6/7;6;54;5;E0002;Requin;2900;127;2015-10-11;Salesforce;0,05;0,95;C0081;M;34;;False;chasseur_de_promos;0;0;P030;New Balance;Casual;Elite;Sunny Yellow;30;59,75;59,75;True;0,0;0;0;5,0;0,0;0,0;;;2024-03;28533,0
V8387656285;2024-03-15;18:30;S01;Premium;Centre-ville;50;non;['New Balance'];9,0;9h/18h;open 6/7;6;54;5;E0005;Expérimenté;2800;106;2017-07-01;Salesforce;0,05;0,95;C0150;F;33;;False;sneakerhead;0;0;P030;New Balance;Casual;Elite;Sunny Yellow;30;56,04;59,75;True;3,71;0;0;5,0;3,71;6,2;;;2024-03;28533,0
V7627233689;2024-03-28;12:25;S01;Premium;Centre-ville;50;non;['New Balance'];9,0;9h/18h;open 6/7;6;54;5;E0001;Jeune prometteur;2000;45;2022-07-17;Salesforce;0,12;0,88;C0278;F;42;;True;sneakerhead;0;5;P030;New Balance;Casual;Elite;Sunny Yellow;30;59,75;59,75;True;0,0;0;0;5,0;0,0;0,0;;;2024-03;28533,0
V7627233689;2024-03-28;12:25;S01;Premium;Centre-ville;50;;['New Balance'];;9h/18h;open 6/7;6;54;5;E0001;Jeune prometteur;2000;45;2022-07-17;Salesforce;0,12;0,88;C0278;F;42;;True;sneakerhead;0;5;G030;Bonnet;Bonnet;Bonnet;None;M;40,0;40,0;False;0,0;0;0;0,0;0,0;0,0;non;9,0;2024-03;28533,0
V2647607198;2024-03-30;15:43;S01;Premium;Centre-ville;50;non;['New Balance'];9,0;9h/18h;open 6/7;6;54;5;E0005;Expérimenté;2800;106;2017-07-01;Salesforce;0,05;0,95;C0289;F;42;;True;sneakerhead;30;5;P030;New Balance;Casual;Elite;Sunny Yellow;30;56,75;59,75;True;3,0;0;3;5,0;0,0;5,0;;;2024-03;28533,0
V2647607198;2024-03-30;15:43;S01;Premium;Centre-ville;50;;['New Balance'];;9h/18h;open 6/7;6;54;5;E0005;Expérimenté;2800;106;2017-07-01;Salesforce;0,05;0,95;C0289;F;42;;True;sneakerhead;30;5;G030;Tee-short;Tee-short;Tee-short;None;M;40,0;40,0;False;0,0;0;0;0,0;0,0;0,0;non;9,0;2024-03;28533,0
V3650610159;2024-03-29;11:05;S01;Premium;Centre-ville;50;non;['New Balance'];9,0;9h/18h;open 6/7;6;54;5;E0005;Expérimenté;2800;106;2017-07-01;Salesforce;0,05;0,95;C0108;F;39;New Balance;False;fidèle_marque;0;0;P040;New Balance;Running;Air;Deep Purple;43;145,95;145,95;False;0,0;0;0;5,0;0,0;0,0;;;2024-03;28533,0
V4355394860;2024-03-22;13:06;S01;Premium;Centre-ville;50;non;['New Balance'];9,0;9h/18h;open 6/7;6;54;5;E0002;Requin;2900;127;2015-10-11;Salesforce;0,05;0,95;C0257;M;38;;True;sneakerhead;0;5;P030;New Balance;Casual;Elite;Sunny Yellow;30;59,75;59,75;True;0,0;0;0;5,0;0,0;0,0;;;2024-03;28533,0
V9687253675;2024-03-07;09:37;S01;Premium;Centre-ville;50;non;['New Balance'];9,0;9h/18h;open 6/7;6;54;5;E0005;Expérimenté;2800;106;2017-07-01;Salesforce;0,05;0,95;C0202;M;39;;False;impulsif;0;0;P031;New Balance;Casual;Flex;Brown Bear;42;152,25;152,25;False;0,0;0;0;5,0;0,0;0,0;;;2024-03;28533,0
V8892441273;2024-03-21;13:38;S01;Premium;Centre-ville;50;non;['New Balance'];9,0;9h/18h;open 6/7;6;54;5;E0001;Jeune prometteur;2000;45;2022-07-17;Salesforce;0,12;0,88;C0107;F;36;;True;chasseur_de_promos;0;16;P034;New Balance;Basketball;Zoom;Premium Black;39;136,95;166,95;False;30,0;30;0;5,0;0,0;18,0;;;2024-03;28533,0
V8892441273;2024-03-21;13:38;S01;Premium;Centre-ville;50;;['New Balance'];;9h/18h;open 6/7;6;54;5;E0001;Jeune prometteur;2000;45;2022-07-17;Salesforce;0,12;0,88;C0107;F;36;;True;chasseur_de_promos;0;16;G034;Lunettes;Lunettes;Lunettes;None;S;30,0;30,0;False;0,0;0;0;0,0;0,0;0,0;non;9,0;2024-03;28533,0
V2698089089;2024-03-29;11:47;S01;Premium;Centre-ville;50;non;['New Balance'];9,0;9h/18h;open 6/7;6;54;5;E0002;Requin;2900;127;2015-10-11;Salesforce;0,05;0,95;C0113;M;63;;True;impulsif;0;5;P030;New Balance;Casual;Elite;Sunny Yellow;30;59,75;59,75;True;0,0;0;0;5,0;0,0;0,0;;;2024-03;28533,0
V9523108675;2024-03-18;17:43;S01;Premium;Centre-ville;50;non;['New Balance'];9,0;9h/18h;open 6/7;6;54;5;E0003;Jeune prometteur;2100;67;2020-09-04;Salesforce;0,13;0,87;C0143;F;40;;True;sneakerhead;0;15;P010;New Balance;Running;Flex;Red Blood;42;152,25;152,25;False;0,0;0;0;5,0;0,0;0,0;;;2024-03;28533,0
V9471360348;2024-03-01;13:22;S01;Premium;Centre-ville;50;non;['New Balance'];9,0;9h/18h;open 6/7;6;54;5;E0002;Requin;2900;127;2015-10-11;Salesforce;0,05;0,95;C0183;M;60;;True;sneakerhead;0;5;P030;New Balance;Casual;Elite;Sunny Yellow;30;32,75;59,75;True;27,0;27;0;5,0;0,0;45,2;;;2024-03;28533,0
V4287701193;2024-03-22;14:43;S01;Premium;Centre-ville;50;non;['New Balance'];9,0;9h/18h;open 6/7;6;54;5;E0005;Expérimenté;2800;106;2017-07-01;Salesforce;0,05;0,95;C0208;F;40;;True;sneakerhead;0;5;P030;New Balance;Casual;Elite;Sunny Yellow;30;59,75;59,75;True;0,0;0;0;5,0;0,0;0,0;;;2024-03;28533,0
V3702722142;2024-03-12;10:21;S01;Premium;Centre-ville;50;non;['New Balance'];9,0;9h/18h;open 6/7;6;54;5;E0001;Jeune prometteur;2000;45;2022-07-17;Salesforce;0,12;0,88;C0103;F;41;;False;impulsif;0;0;P010;New Balance;Running;Flex;Red Blood;42;109,25;152,25;False;43,0;43;0;5,0;0,0;28,2;;;2024-03;28533,0
V9093238652;2024-03-23;12:14;S01;Premium;Centre-ville;50;non;['New Balance'];9,0;9h/18h;open 6/7;6;54;5;E0002;Requin;2900;127;2015-10-11;Salesforce;0,05;0,95;C0203;M;33;;False;impulsif;0;0;P030;New Balance;Casual;Elite;Sunny Yellow;30;59,75;59,75;True;0,0;0;0;5,0;0,0;0,0;;;2024-03;28533,0
V9093238652;2024-03-23;12:14;S01;Premium;Centre-ville;50;;['New Balance'];;9h/18h;open 6/7;6;54;5;E0002;Requin;2900;127;2015-10-11;Salesforce;0,05;0,95;C0203;M;33;;False;impulsif;0;0;G030;Tee-short;Tee-short;Tee-short;None;L;20,0;20,0;False;0,0;0;0;0,0;0,0;0,0;non;9,0;2024-03;28533,0
V9093238652;2024-03-23;12:14;S01;Premium;Centre-ville;50;;['New Balance'];;9h/18h;open 6/7;6;54;5;E0002;Requin;2900;127;2015-10-11;Salesforce;0,05;0,95;C0203;M;33;;False;impulsif;0;0;G030;Lunettes;Lunettes;Lunettes;None;XL;10,0;10,0;False;0,0;0;0;0,0;0,0;0,0;non;9,0;2024-03;28533,0
V8976452637;2024-03-10;14:29;S01;Premium;Centre-ville;50;non;['New Balance'];9,0;9h/18h;open 6/7;6;54;5;E0003;Jeune prometteur;2100;67;2020-09-04;Salesforce;0,13;0,87;C0034;F;29;;False;impulsif;0;0;P034;New Balance;Basketball;Zoom;Premium Black;39;133,56;166,95;False;33,39;0;0;5,0;33,39;20,0;;;2024-03;28533,0
V8976452637;2024-03-10;14:29;S01;Premium;Centre-ville;50;;['New Balance'];;9h/18h;open 6/7;6;54;5;E0003;Jeune prometteur;2100;67;2020-09-04;Salesforce;0,13;0,87;C0034;F;29;;False;impulsif;0;0;G034;Lunettes;Lunettes;Lunettes;None;XL;10,0;10,0;False;0,0;0;0;0,0;0,0;0,0;non;9,0;2024-03;28533,0
V9036954987;2024-03-09;15:02;S01;Premium;Centre-ville;50;non;['New Balance'];9,0;9h/18h;open 6/7;6;54;5;E0002;Requin;2900;127;2015-10-11;Salesforce;0,05;0,95;C0112;F;34;;True;chasseur_de_promos;30;5;P030;New Balance;Casual;Elite;Sunny Yellow;30;56,75;59,75;True;3,0;0;3;5,0;0,0;5,0;;;2024-03;28533,0
V4588148836;2024-03-28;16:25;S01;Premium;Centre-ville;50;non;['New Balance'];9,0;9h/18h;open 6/7;6;54;5;E0002;Requin;2900;127;2015-10-11;Salesforce;0,05;0,95;C0089;F;32;;True;sneakerhead;0;5;P030;New Balance;Casual;Elite;Sunny Yellow;30;59,75;59,75;True;0,0;0;0;5,0;0,0;0,0;;;2024-03;28533,0
V1407182586;2024-03-04;13:16;S01;Premium;Centre-ville;50;non;['New Balance'];9,0;9h/18h;open 6/7;6;54;5;E0005;Expérimenté;2800;106;2017-07-01;Salesforce;0,05;0,95;C0194;M;49;;True;chasseur_de_promos;0;16;P034;New Balance;Basketball;Zoom;Premium Black;39;139,95;166,95;False;27,0;27;0;5,0;0,0;16,2;;;2024-03;28533,0
V9099919982;2024-03-27;11:21;S01;Premium;Centre-ville;50;non;['New Balance'];9,0;9h/18h;open 6/7;6;54;5;E0005;Expérimenté;2800;106;2017-07-01;Salesforce;0,05;0,95;C0178;F;36;;False;sneakerhead;0;0;P030;New Balance;Casual;Elite;Sunny Yellow;30;59,75;59,75;True;0,0;0;0;5,0;0,0;0,0;;;2024-03;28533,0
V9099919982;2024-03-27;11:21;S01;Premium;Centre-ville;50;;['New Balance'];;9h/18h;open 6/7;6;54;5;E0005;Expérimenté;2800;106;2017-07-01;Salesforce;0,05;0,95;C0178;F;36;;False;sneakerhead;0;0;G030;Bonnet;Bonnet;Bonnet;None;L;20,0;20,0;False;0,0;0;0;0,0;0,0;0,0;non;9,0;2024-03;28533,0
V5908245679;2024-03-29;13:42;S01;Premium;Centre-ville;50;non;['New Balance'];9,0;9h/18h;open 6/7;6;54;5;E0004;Blasé;2600;246;2006-01-09;Manager;0,21;0,79;C0164;F;38;;True;impulsif;0;11;P037;New Balance;Running;Elite;Premium Black;41;114,45;114,45;False;0,0;0;0;5,0;0,0;0,0;;;2024-03;28533,0
V6016874479;2024-03-02;15:07;S01;Premium;Centre-ville;50;non;['New Balance'];9,0;9h/18h;open 6/7;6;54;5;E0002;Requin;2900;127;2015-10-11;Salesforce;0,05;0,95;C0064;M;29;;False;chasseur_de_promos;0;0;P037;New Balance;Running;Elite;Premium Black;41;114,45;114,45;False;0,0;0;0;5,0;0,0;0,0;;;2024-03;28533,0
V5587936419;2024-03-08;12:09;S01;Premium;Centre-ville;50;non;['New Balance'];9,0;9h/18h;open 6/7;6;54;5;E0005;Expérimenté;2800;106;2017-07-01;Salesforce;0,05;0,95;C0179;F;29;;True;impulsif;0;16;P034;New Balance;Basketball;Zoom;Premium Black;39;166,95;166,95;False;0,0;0;0;5,0;0,0;0,0;;;2024-03;28533,0
V7914119400;2024-03-07;12:00;S01;Premium;Centre-ville;50;non;['New Balance'];9,0;9h/18h;open 6/7;6;54;5;E0001;Jeune prometteur;2000;45;2022-07-17;Salesforce;0,12;0,88;C0129;F;34;;True;sneakerhead;0;5;P030;New Balance;Casual;Elite;Sunny Yellow;30;59,75;59,75;True;0,0;0;0;5,0;0,0;0,0;;;2024-03;28533,0
V6273880929;2024-03-15;14:46;S01;Premium;Centre-ville;50;non;['New Balance'];9,0;9h/18h;open 6/7;6;54;5;E0002;Requin;2900;127;2015-10-11;Salesforce;0,05;0,95;C0192;M;23;;True;chasseur_de_promos;10;5;P030;New Balance;Casual;Elite;Sunny Yellow;30;58,75;59,75;True;1,0;0;1;5,0;0,0;1,7;;;2024-03;28533,0
V8630080585;2024-03-26;17:15;S01;Premium;Centre-ville;50;non;['New Balance'];9,0;9h/18h;open 6/7;6;54;5;E0003;Jeune prometteur;2100;67;2020-09-04;Salesforce;0,13;0,87;C0076;M;66;;True;chasseur_de_promos;0;5;P030;New Balance;Casual;Elite;Sunny Yellow;30;48,75;59,75;True;11,0;11;0;5,0;0,0;18,4;;;2024-03;28533,0
V8301921379;2024-03-11;18:18;S01;Premium;Centre-ville;50;non;['New Balance'];9,0;9h/18h;open 6/7;6;54;5;E0002;Requin;2900;127;2015-10-11;Salesforce;0,05;0,95;C0047;M;62;;True;sneakerhead;0;5;P030;New Balance;Casual;Elite;Sunny Yellow;30;59,75;59,75;True;0,0;0;0;5,0;0,0;0,0;;;2024-03;28533,0
V8301921379;2024-03-11;18:18;S01;Premium;Centre-ville;50;;['New Balance'];;9h/18h;open 6/7;6;54;5;E0002;Requin;2900;127;2015-10-11;Salesforce;0,05;0,95;C0047;M;62;;True;sneakerhead;0;5;G030;Lacets;Lacets;Lacets;None;S;10,0;10,0;False;0,0;0;0;0,0;0,0;0,0;non;9,0;2024-03;28533,0
V8301921379;2024-03-11;18:18;S01;Premium;Centre-ville;50;;['New Balance'];;9h/18h;open 6/7;6;54;5;E0002;Requin;2900;127;2015-10-11;Salesforce;0,05;0,95;C0047;M;62;;True;sneakerhead;0;5;G030;Bonnet;Bonnet;Bonnet;None;XL;10,0;10,0;False;0,0;0;0;0,0;0,0;0,0;non;9,0;2024-03;28533,0
V8301921379;2024-03-11;18:18;S01;Premium;Centre-ville;50;;['New Balance'];;9h/18h;open 6/7;6;54;5;E0002;Requin;2900;127;2015-10-11;Salesforce;0,05;0,95;C0047;M;62;;True;sneakerhead;0;5;G030;Bonnet;Bonnet;Bonnet;None;XS;10,0;10,0;False;0,0;0;0;0,0;0,0;0,0;non;9,0;2024-03;28533,0
V8301921379;2024-03-11;18:18;S01;Premium;Centre-ville;50;;['New Balance'];;9h/18h;open 6/7;6;54;5;E0002;Requin;2900;127;2015-10-11;Salesforce;0,05;0,95;C0047;M;62;;True;sneakerhead;0;5;G030;Tee-short;Tee-short;Tee-short;None;XS;10,0;10,0;False;0,0;0;0;0,0;0,0;0,0;non;9,0;2024-03;28533,0
V2945582290;2024-03-02;11:08;S01;Premium;Centre-ville;50;non;['New Balance'];9,0;9h/18h;open 6/7;6;54;5;E0001;Jeune prometteur;2000;45;2022-07-17;Salesforce;0,12;0,88;C0219;F;42;;True;sneakerhead;0;5;P030;New Balance;Casual;Elite;Sunny Yellow;30;59,75;59,75;True;0,0;0;0;5,0;0,0;0,0;;;2024-03;28533,0
V1451095962;2024-03-09;14:08;S01;Premium;Centre-ville;50;non;['New Balance'];9,0;9h/18h;open 6/7;6;54;5;E0002;Requin;2900;127;2015-10-11;Salesforce;0,05;0,95;C0223;F;41;;False;sneakerhead;0;0;P030;New Balance;Casual;Elite;Sunny Yellow;30;59,75;59,75;True;0,0;0;0;5,0;0,0;0,0;;;2024-03;28533,0
V1451095962;2024-03-09;14:08;S01;Premium;Centre-ville;50;;['New Balance'];;9h/18h;open 6/7;6;54;5;E0002;Requin;2900;127;2015-10-11;Salesforce;0,05;0,95;C0223;F;41;;False;sneakerhead;0;0;G030;Bonnet;Bonnet;Bonnet;None;XL;10,0;10,0;False;0,0;0;0;0,0;0,0;0,0;non;9,0;2024-03;28533,0
V1451095962;2024-03-09;14:08;S01;Premium;Centre-ville;50;;['New Balance'];;9h/18h;open 6/7;6;54;5;E0002;Requin;2900;127;2015-10-11;Salesforce;0,05;0,95;C0223;F;41;;False;sneakerhead;0;0;G030;Lacets;Lacets;Lacets;None;M;20,0;20,0;False;0,0;0;0;0,0;0,0;0,0;non;9,0;2024-03;28533,0
V1352713642;2024-03-28;09:23;S01;Premium;Centre-ville;50;non;['New Balance'];9,0;9h/18h;open 6/7;6;54;5;E0005;Expérimenté;2800;106;2017-07-01;Salesforce;0,05;0,95;C0241;F;41;;True;chasseur_de_promos;0;5;P030;New Balance;Casual;Elite;Sunny Yellow;30;59,75;59,75;True;0,0;0;0;5,0;0,0;0,0;;;2024-03;28533,0
V6456643343;2024-03-13;09:55;S01;Premium;Centre-ville;50;non;['New Balance'];9,0;9h/18h;open 6/7;6;54;5;E0002;Requin;2900;127;2015-10-11;Salesforce;0,05;0,95;C0199;M;48;;True;chasseur_de_promos;0;5;P030;New Balance;Casual;Elite;Sunny Yellow;30;59,75;59,75;True;0,0;0;0;5,0;0,0;0,0;;;2024-03;28533,0
V5668118834;2024-03-04;14:35;S01;Premium;Centre-ville;50;non;['New Balance'];9,0;9h/18h;open 6/7;6;54;5;E0001;Jeune prometteur;2000;45;2022-07-17;Salesforce;0,12;0,88;C0058;M;29;;True;sneakerhead;0;5;P030;New Balance;Casual;Elite;Sunny Yellow;30;59,75;59,75;True;0,0;0;0;5,0;0,0;0,0;;;2024-03;28533,0
V6803857658;2024-03-27;12:23;S01;Premium;Centre-ville;50;non;['New Balance'];9,0;9h/18h;open 6/7;6;54;5;E0002;Requin;2900;127;2015-10-11;Salesforce;0,05;0,95;C0268;F;38;;True;sneakerhead;0;5;P030;New Balance;Casual;Elite;Sunny Yellow;30;59,75;59,75;True;0,0;0;0;5,0;0,0;0,0;;;2024-03;28533,0
V5030170862;2024-03-22;12:14;S01;Premium;Centre-ville;50;non;['New Balance'];9,0;9h/18h;open 6/7;6;54;5;E0003;Jeune prometteur;2100;67;2020-09-04;Salesforce;0,13;0,87;C0267;M;50;;True;impulsif;0;5;P030;New Balance;Casual;Elite;Sunny Yellow;30;31,75;59,75;True;28,0;28;0;5,0;0,0;46,9;;;2024-03;28533,0
V5872940327;2024-03-21;18:51;S01;Premium;Centre-ville;50;non;['New Balance'];9,0;9h/18h;open 6/7;6;54;5;E0001;Jeune prometteur;2000;45;2022-07-17;Salesforce;0,12;0,88;C0282;M;48;;False;sneakerhead;0;0;P030;New Balance;Casual;Elite;Sunny Yellow;30;59,75;59,75;True;0,0;0;0;5,0;0,0;0,0;;;2024-03;28533,0
V8521699083;2024-03-14;18:52;S01;Premium;Centre-ville;50;non;['New Balance'];9,0;9h/18h;open 6/7;6;54;5;E0002;Requin;2900;127;2015-10-11;Salesforce;0,05;0,95;C0051;F;50;;True;chasseur_de_promos;0;14;P040;New Balance;Running;Air;Deep Purple;43;145,95;145,95;False;0,0;0;0;5,0;0,0;0,0;;;2024-03;28533,0
V2710297275;2024-03-14;17:28;S01;Premium;Centre-ville;50;non;['New Balance'];9,0;9h/18h;open 6/7;6;54;5;E0005;Expérimenté;2800;106;2017-07-01;Salesforce;0,05;0,95;C0144;M;37;;True;chasseur_de_promos;0;5;P030;New Balance;Casual;Elite;Sunny Yellow;30;59,75;59,75;True;0,0;0;0;5,0;0,0;0,0;;;2024-03;28533,0
V6394072852;2024-03-06;10:34;S01;Premium;Centre-ville;50;non;['New Balance'];9,0;9h/18h;open 6/7;6;54;5;E0002;Requin;2900;127;2015-10-11;Salesforce;0,05;0,95;C0166;F;33;;True;sneakerhead;0;5;P030;New Balance;Casual;Elite;Sunny Yellow;30;59,75;59,75;True;0,0;0;0;5,0;0,0;0,0;;;2024-03;28533,0
V6394072852;2024-03-06;10:34;S01;Premium;Centre-ville;50;;['New Balance'];;9h/18h;open 6/7;6;54;5;E0002;Requin;2900;127;2015-10-11;Salesforce;0,05;0,95;C0166;F;33;;True;sneakerhead;0;5;G030;Tee-short;Tee-short;Tee-short;None;L;40,0;40,0;False;0,0;0;0;0,0;0,0;0,0;non;9,0;2024-03;28533,0
V7369848810;2024-03-21;12:59;S01;Premium;Centre-ville;50;non;['New Balance'];9,0;9h/18h;open 6/7;6;54;5;E0003;Jeune prometteur;2100;67;2020-09-04;Salesforce;0,13;0,87;C0145;M;43;;True;chasseur_de_promos;0;15;P010;New Balance;Running;Flex;Red Blood;42;122,25;152,25;False;30,0;30;0;5,0;0,0;19,7;;;2024-03;28533,0
V8049817167;2024-03-23;17:09;S01;Premium;Centre-ville;50;non;['New Balance'];9,0;9h/18h;open 6/7;6;54;5;E0002;Requin;2900;127;2015-10-11;Salesforce;0,05;0,95;C0187;F;39;;True;sneakerhead;0;5;P030;New Balance;Casual;Elite;Sunny Yellow;30;59,75;59,75;True;0,0;0;0;5,0;0,0;0,0;;;2024-03;28533,0
V1478618102;2024-03-21;14:38;S01;Premium;Centre-ville;50;non;['New Balance'];9,0;9h/18h;open 6/7;6;54;5;E0005;Expérimenté;2800;106;2017-07-01;Salesforce;0,05;0,95;C0211;M;41;;True;impulsif;0;14;P040;New Balance;Running;Air;Deep Purple;43;145,95;145,95;False;0,0;0;0;5,0;0,0;0,0;;;2024-03;28533,0
V1478618102;2024-03-21;14:38;S01;Premium;Centre-ville;50;;['New Balance'];;9h/18h;open 6/7;6;54;5;E0005;Expérimenté;2800;106;2017-07-01;Salesforce;0,05;0,95;C0211;M;41;;True;impulsif;0;14;G040;Bonnet;Bonnet;Bonnet;None;L;20,0;20,0;False;0,0;0;0;0,0;0,0;0,0;non;9,0;2024-03;28533,0
V6270515511;2024-03-03;11:12;S01;Premium;Centre-ville;50;non;['New Balance'];9,0;9h/18h;open 6/7;6;54;5;E0003;Jeune prometteur;2100;67;2020-09-04;Salesforce;0,13;0,87;C0241;F;41;;True;chasseur_de_promos;0;15;P010;New Balance;Running;Flex;Red Blood;42;152,25;152,25;False;0,0;0;0;5,0;0,0;0,0;;;2024-03;28533,0
V8662544167;2024-03-01;12:02;S01;Premium;Centre-ville;50;non;['New Balance'];9,0;9h/18h;open 6/7;6;54;5;E0003;Jeune prometteur;2100;67;2020-09-04;Salesforce;0,13;0,87;C0143;F;40;;True;sneakerhead;0;5;P030;New Balance;Casual;Elite;Sunny Yellow;30;59,75;59,75;True;0,0;0;0;5,0;0,0;0,0;;;2024-03;28533,0
V8133210422;2024-03-23;18:37;S01;Premium;Centre-ville;50;non;['New Balance'];9,0;9h/18h;open 6/7;6;54;5;E0001;Jeune prometteur;2000;45;2022-07-17;Salesforce;0,12;0,88;C0160;M;50;;True;sneakerhead;0;5;P030;New Balance;Casual;Elite;Sunny Yellow;30;59,75;59,75;True;0,0;0;0;5,0;0,0;0,0;;;2024-03;28533,0
V8310376397;2024-03-21;10:56;S01;Premium;Centre-ville;50;non;['New Balance'];9,0;9h/18h;open 6/7;6;54;5;E0004;Blasé;2600;246;2006-01-09;Manager;0,21;0,79;C0176;F;39;;False;impulsif;0;0;P030;New Balance;Casual;Elite;Sunny Yellow;30;59,75;59,75;True;0,0;0;0;5,0;0,0;0,0;;;2024-03;28533,0
V4184955652;2024-03-07;15:19;S01;Premium;Centre-ville;50;non;['New Balance'];9,0;9h/18h;open 6/7;6;54;5;E0005;Expérimenté;2800;106;2017-07-01;Salesforce;0,05;0,95;C0066;M;35;;True;impulsif;0;14;P040;New Balance;Running;Air;Deep Purple;43;145,95;145,95;False;0,0;0;0;5,0;0,0;0,0;;;2024-03;28533,0
V8324875197;2024-03-25;16:40;S01;Premium;Centre-ville;50;non;['New Balance'];9,0;9h/18h;open 6/7;6;54;5;E0005;Expérimenté;2800;106;2017-07-01;Salesforce;0,05;0,95;C0057;M;46;;True;sneakerhead;0;5;P030;New Balance;Casual;Elite;Sunny Yellow;30;59,75;59,75;True;0,0;0;0;5,0;0,0;0,0;;;2024-03;28533,0
V7473664816;2024-03-16;18:50;S01;Premium;Centre-ville;50;non;['New Balance'];9,0;9h/18h;open 6/7;6;54;5;E0003;Jeune prometteur;2100;67;2020-09-04;Salesforce;0,13;0,87;C0214;F;53;;False;impulsif;0;0;P040;New Balance;Running;Air;Deep Purple;43;102,16999999999999;145,95;False;43,78;0;0;5,0;43,78;30,0;;;2024-03;28533,0
V4691137307;2024-03-22;12:58;S01;Premium;Centre-ville;50;non;['New Balance'];9,0;9h/18h;open 6/7;6;54;5;E0002;Requin;2900;127;2015-10-11;Salesforce;0,05;0,95;C0106;M;36;;True;sneakerhead;0;5;P030;New Balance;Casual;Elite;Sunny Yellow;30;59,75;59,75;True;0,0;0;0;5,0;0,0;0,0;;;2024-03;28533,0
V4691137307;2024-03-22;12:58;S01;Premium;Centre-ville;50;;['New Balance'];;9h/18h;open 6/7;6;54;5;E0002;Requin;2900;127;2015-10-11;Salesforce;0,05;0,95;C0106;M;36;;True;sneakerhead;0;5;G030;Lacets;Lacets;Lacets;None;XL;30,0;30,0;False;0,0;0;0;0,0;0,0;0,0;non;9,0;2024-03;28533,0
V3150945531;2024-03-29;13:16;S01;Premium;Centre-ville;50;non;['New Balance'];9,0;9h/18h;open 6/7;6;54;5;E0003;Jeune prometteur;2100;67;2020-09-04;Salesforce;0,13;0,87;C0099;F;46;;False;impulsif;0;0;P035;New Balance;Basketball;Zoom;Pink;37;135,45;135,45;False;0,0;0;0;5,0;0,0;0,0;;;2024-03;28533,0
V3150945531;2024-03-29;13:16;S01;Premium;Centre-ville;50;;['New Balance'];;9h/18h;open 6/7;6;54;5;E0003;Jeune prometteur;2100;67;2020-09-04;Salesforce;0,13;0,87;C0099;F;46;;False;impulsif;0;0;G035;Lacets;Lacets;Lacets;None;L;10,0;10,0;False;0,0;0;0;0,0;0,0;0,0;non;9,0;2024-03;28533,0
V3150945531;2024-03-29;13:16;S01;Premium;Centre-ville;50;;['New Balance'];;9h/18h;open 6/7;6;54;5;E0003;Jeune prometteur;2100;67;2020-09-04;Salesforce;0,13;0,87;C0099;F;46;;False;impulsif;0;0;G035;Echarpe;Echarpe;Echarpe;None;S;30,0;30,0;False;0,0;0;0;0,0;0,0;0,0;non;9,0;2024-03;28533,0
V5007679387;2024-03-23;16:14;S01;Premium;Centre-ville;50;non;['New Balance'];9,0;9h/18h;open 6/7;6;54;5;E0002;Requin;2900;127;2015-10-11;Salesforce;0,05;0,95;C0174;M;37;;True;impulsif;0;5;P030;New Balance;Casual;Elite;Sunny Yellow;30;43,75;59,75;True;16,0;16;0;5,0;0,0;26,8;;;2024-03;28533,0
V2632120116;2024-03-02;14:39;S01;Premium;Centre-ville;50;non;['New Balance'];9,0;9h/18h;open 6/7;6;54;5;E0002;Requin;2900;127;2015-10-11;Salesforce;0,05;0,95;C0130;F;37;;False;impulsif;0;0;P030;New Balance;Casual;Elite;Sunny Yellow;30;59,75;59,75;True;0,0;0;0;5,0;0,0;0,0;;;2024-03;28533,0
V1298331340;2024-03-29;16:12;S01;Premium;Centre-ville;50;non;['New Balance'];9,0;9h/18h;open 6/7;6;54;5;E0004;Blasé;2600;246;2006-01-09;Manager;0,21;0,79;C0035;M;51;;True;chasseur_de_promos;0;14;P040;New Balance;Running;Air;Deep Purple;43;127,94999999999999;145,95;False;18,0;18;0;5,0;0,0;12,3;;;2024-03;28533,0
V5327043319;2024-03-02;14:50;S01;Premium;Centre-ville;50;non;['New Balance'];9,0;9h/18h;open 6/7;6;54;5;E0003;Jeune prometteur;2100;67;2020-09-04;Salesforce;0,13;0,87;C0172;F;52;;True;chasseur_de_promos;0;13;P040;New Balance;Running;Air;Deep Purple;43;138,64999999999998;145,95;False;7,3;0;0;5,0;7,3;5,0;;;2024-03;28533,0
V9164655356;2024-03-25;11:10;S01;Premium;Centre-ville;50;non;['New Balance'];9,0;9h/18h;open 6/7;6;54;5;E0001;Jeune prometteur;2000;45;2022-07-17;Salesforce;0,12;0,88;C0178;F;36;;False;sneakerhead;0;0;P030;New Balance;Casual;Elite;Sunny Yellow;30;59,75;59,75;True;0,0;0;0;5,0;0,0;0,0;;;2024-03;28533,0
V1890044638;2024-03-06;11:03;S01;Premium;Centre-ville;50;non;['New Balance'];9,0;9h/18h;open 6/7;6;54;5;E0001;Jeune prometteur;2000;45;2022-07-17;Salesforce;0,12;0,88;C0221;M;40;;False;impulsif;0;0;P037;New Balance;Running;Elite;Premium Black;41;114,45;114,45;False;0,0;0;0;5,0;0,0;0,0;;;2024-03;28533,0
V1890044638;2024-03-06;11:03;S01;Premium;Centre-ville;50;;['New Balance'];;9h/18h;open 6/7;6;54;5;E0001;Jeune prometteur;2000;45;2022-07-17;Salesforce;0,12;0,88;C0221;M;40;;False;impulsif;0;0;G037;Bonnet;Bonnet;Bonnet;None;XL;30,0;30,0;False;0,0;0;0;0,0;0,0;0,0;non;9,0;2024-03;28533,0
V2127562849;2024-03-26;16:18;S01;Premium;Centre-ville;50;non;['New Balance'];9,0;9h/18h;open 6/7;6;54;5;E0001;Jeune prometteur;2000;45;2022-07-17;Salesforce;0,12;0,88;C0234;F;60;;True;chasseur_de_promos;0;14;P040;New Balance;Running;Air;Deep Purple;43;145,95;145,95;False;0,0;0;0;5,0;0,0;0,0;;;2024-03;28533,0
V1483691016;2024-03-08;13:40;S01;Premium;Centre-ville;50;non;['New Balance'];9,0;9h/18h;open 6/7;6;54;5;E0001;Jeune prometteur;2000;45;2022-07-17;Salesforce;0,12;0,88;C0242;F;38;;True;impulsif;0;11;P037;New Balance;Running;Elite;Premium Black;41;114,45;114,45;False;0,0;0;0;5,0;0,0;0,0;;;2024-03;28533,0
V3971830584;2024-03-23;14:46;S01;Premium;Centre-ville;50;non;['New Balance'];9,0;9h/18h;open 6/7;6;54;5;E0004;Blasé;2600;246;2006-01-09;Manager;0,21;0,79;C0294;F;43;;True;sneakerhead;0;5;P030;New Balance;Casual;Elite;Sunny Yellow;30;59,75;59,75;True;0,0;0;0;5,0;0,0;0,0;;;2024-03;28533,0
V5819668170;2024-03-11;13:41;S01;Premium;Centre-ville;50;non;['New Balance'];9,0;9h/18h;open 6/7;6;54;5;E0001;Jeune prometteur;2000;45;2022-07-17;Salesforce;0,12;0,88;C0026;M;50;;True;sneakerhead;0;14;P040;New Balance;Running;Air;Deep Purple;43;145,95;145,95;False;0,0;0;0;5,0;0,0;0,0;;;2024-03;28533,0
V8149175460;2024-03-16;13:27;S01;Premium;Centre-ville;50;non;['New Balance'];9,0;9h/18h;open 6/7;6;54;5;E0001;Jeune prometteur;2000;45;2022-07-17;Salesforce;0,12;0,88;C0205;F;53;;True;sneakerhead;0;5;P030;New Balance;Casual;Elite;Sunny Yellow;30;59,75;59,75;True;0,0;0;0;5,0;0,0;0,0;;;2024-03;28533,0
V1785894900;2024-03-01;17:51;S01;Premium;Centre-ville;50;non;['New Balance'];9,0;9h/18h;open 6/7;6;54;5;E0005;Expérimenté;2800;106;2017-07-01;Salesforce;0,05;0,95;C0291;F;48;;False;chasseur_de_promos;0;0;P034;New Balance;Basketball;Zoom;Premium Black;39;166,95;166,95;False;0,0;0;0;5,0;0,0;0,0;;;2024-03;28533,0
V1412310691;2024-03-15;18:59;S01;Premium;Centre-ville;50;non;['New Balance'];9,0;9h/18h;open 6/7;6;54;5;E0004;Blasé;2600;246;2006-01-09;Manager;0,21;0,79;C0091;M;30;;False;impulsif;0;0;P037;New Balance;Running;Elite;Premium Black;41;114,45;114,45;False;0,0;0;0;5,0;0,0;0,0;;;2024-03;28533,0
V1412310691;2024-03-15;18:59;S01;Premium;Centre-ville;50;;['New Balance'];;9h/18h;open 6/7;6;54;5;E0004;Blasé;2600;246;2006-01-09;Manager;0,21;0,79;C0091;M;30;;False;impulsif;0;0;G037;Lacets;Lacets;Lacets;None;S;40,0;40,0;False;0,0;0;0;0,0;0,0;0,0;non;9,0;2024-03;28533,0
V1412310691;2024-03-15;18:59;S01;Premium;Centre-ville;50;;['New Balance'];;9h/18h;open 6/7;6;54;5;E0004;Blasé;2600;246;2006-01-09;Manager;0,21;0,79;C0091;M;30;;False;impulsif;0;0;G037;Tee-short;Tee-short;Tee-short;None;L;10,0;10,0;False;0,0;0;0;0,0;0,0;0,0;non;9,0;2024-03;28533,0
V8370896349;2024-03-19;10:42;S01;Premium;Centre-ville;50;non;['New Balance'];9,0;9h/18h;open 6/7;6;54;5;E0005;Expérimenté;2800;106;2017-07-01;Salesforce;0,05;0,95;C0150;F;33;;False;sneakerhead;0;0;P030;New Balance;Casual;Elite;Sunny Yellow;30;41,75;59,75;True;18,0;18;0;5,0;0,0;30,1;;;2024-03;28533,0
V3859074621;2024-03-14;17:33;S01;Premium;Centre-ville;50;non;['New Balance'];9,0;9h/18h;open 6/7;6;54;5;E0003;Jeune prometteur;2100;67;2020-09-04;Salesforce;0,13;0,87;C0097;F;50;;True;impulsif;0;15;P010;New Balance;Running;Flex;Red Blood;42;152,25;152,25;False;0,0;0;0;5,0;0,0;0,0;;;2024-03;28533,0
V6870437803;2024-03-09;12:32;S01;Premium;Centre-ville;50;non;['New Balance'];9,0;9h/18h;open 6/7;6;54;5;E0002;Requin;2900;127;2015-10-11;Salesforce;0,05;0,95;C0166;F;33;;True;sneakerhead;0;5;P030;New Balance;Casual;Elite;Sunny Yellow;30;59,75;59,75;True;0,0;0;0;5,0;0,0;0,0;;;2024-03;28533,0
V1494217622;2024-03-19;12:46;S01;Premium;Centre-ville;50;non;['New Balance'];9,0;9h/18h;open 6/7;6;54;5;E0002;Requin;2900;127;2015-10-11;Salesforce;0,05;0,95;C0097;F;50;;True;impulsif;30;5;P030;New Balance;Casual;Elite;Sunny Yellow;30;56,75;59,75;True;3,0;0;3;5,0;0,0;5,0;;;2024-03;28533,0
V6158467405;2024-03-29;11:27;S01;Premium;Centre-ville;50;non;['New Balance'];9,0;9h/18h;open 6/7;6;54;5;E0002;Requin;2900;127;2015-10-11;Salesforce;0,05;0,95;C0088;F;35;;True;chasseur_de_promos;0;5;P030;New Balance;Casual;Elite;Sunny Yellow;30;59,75;59,75;True;0,0;0;0;5,0;0,0;0,0;;;2024-03;28533,0
V8150695795;2024-03-20;11:49;S01;Premium;Centre-ville;50;non;['New Balance'];9,0;9h/18h;open 6/7;6;54;5;E0002;Requin;2900;127;2015-10-11;Salesforce;0,05;0,95;C0076;M;66;;True;chasseur_de_promos;40;15;P010;New Balance;Running;Flex;Red Blood;42;148,25;152,25;False;4,0;0;4;5,0;0,0;2,6;;;2024-03;28533,0
V5219182164;2024-03-10;14:13;S01;Premium;Centre-ville;50;non;['New Balance'];9,0;9h/18h;open 6/7;6;54;5;E0001;Jeune prometteur;2000;45;2022-07-17;Salesforce;0,12;0,88;C0265;F;39;;True;sneakerhead;0;5;P030;New Balance;Casual;Elite;Sunny Yellow;30;59,75;59,75;True;0,0;0;0;5,0;0,0;0,0;;;2024-03;28533,0
V6224391757;2024-03-19;15:47;S01;Premium;Centre-ville;50;non;['New Balance'];9,0;9h/18h;open 6/7;6;54;5;E0005;Expérimenté;2800;106;2017-07-01;Salesforce;0,05;0,95;C0114;F;52;;False;impulsif;0;0;P010;New Balance;Running;Flex;Red Blood;42;152,25;152,25;False;0,0;0;0;5,0;0,0;0,0;;;2024-03;28533,0
V6018512046;2024-03-09;18:11;S01;Premium;Centre-ville;50;non;['New Balance'];9,0;9h/18h;open 6/7;6;54;5;E0002;Requin;2900;127;2015-10-11;Salesforce;0,05;0,95;C0076;M;66;;True;chasseur_de_promos;10;5;P030;New Balance;Casual;Elite;Sunny Yellow;30;58,75;59,75;True;1,0;0;1;5,0;0,0;1,7;;;2024-03;28533,0
V4325459264;2024-03-11;16:31;S01;Premium;Centre-ville;50;non;['New Balance'];9,0;9h/18h;open 6/7;6;54;5;E0005;Expérimenté;2800;106;2017-07-01;Salesforce;0,05;0,95;C0087;F;63;;True;chasseur_de_promos;10;15;P010;New Balance;Running;Flex;Red Blood;42;151,25;152,25;False;1,0;0;1;5,0;0,0;0,7;;;2024-03;28533,0
V4325459264;2024-03-11;16:31;S01;Premium;Centre-ville;50;;['New Balance'];;9h/18h;open 6/7;6;54;5;E0005;Expérimenté;2800;106;2017-07-01;Salesforce;0,05;0,95;C0087;F;63;;True;chasseur_de_promos;10;15;G010;Bonnet;Bonnet;Bonnet;None;M;30,0;30,0;False;0,0;0;0;0,0;0,0;0,0;non;9,0;2024-03;28533,0
V9425780305;2024-03-26;15:29;S01;Premium;Centre-ville;50;non;['New Balance'];9,0;9h/18h;open 6/7;6;54;5;E0003;Jeune prometteur;2100;67;2020-09-04;Salesforce;0,13;0,87;C0227;F;42;;True;chasseur_de_promos;0;15;P010;New Balance;Running;Flex;Red Blood;42;152,25;152,25;False;0,0;0;0;5,0;0,0;0,0;;;2024-03;28533,0
V1901634346;2024-03-16;09:50;S01;Premium;Centre-ville;50;non;['New Balance'];9,0;9h/18h;open 6/7;6;54;5;E0002;Requin;2900;127;2015-10-11;Salesforce;0,05;0,95;C0235;F;45;;False;impulsif;0;0;P030;New Balance;Casual;Elite;Sunny Yellow;30;59,75;59,75;True;0,0;0;0;5,0;0,0;0,0;;;2024-03;28533,0
V1901634346;2024-03-16;09:50;S01;Premium;Centre-ville;50;;['New Balance'];;9h/18h;open 6/7;6;54;5;E0002;Requin;2900;127;2015-10-11;Salesforce;0,05;0,95;C0235;F;45;;False;impulsif;0;0;G030;Bonnet;Bonnet;Bonnet;None;M;10,0;10,0;False;0,0;0;0;0,0;0,0;0,0;non;9,0;2024-03;28533,0
V1381038531;2024-03-16;18:42;S01;Premium;Centre-ville;50;non;['New Balance'];9,0;9h/18h;open 6/7;6;54;5;E0001;Jeune prometteur;2000;45;2022-07-17;Salesforce;0,12;0,88;C0055;F;68;;True;sneakerhead;0;5;P030;New Balance;Casual;Elite;Sunny Yellow;30;59,75;59,75;True;0,0;0;0;5,0;0,0;0,0;;;2024-03;28533,0
V6232945426;2024-03-29;17:58;S01;Premium;Centre-ville;50;non;['New Balance'];9,0;9h/18h;open 6/7;6;54;5;E0002;Requin;2900;127;2015-10-11;Salesforce;0,05;0,95;C0150;F;33;;False;sneakerhead;0;0;P030;New Balance;Casual;Elite;Sunny Yellow;30;59,75;59,75;True;0,0;0;0;5,0;0,0;0,0;;;2024-03;28533,0
V6232945426;2024-03-29;17:58;S01;Premium;Centre-ville;50;;['New Balance'];;9h/18h;open 6/7;6;54;5;E0002;Requin;2900;127;2015-10-11;Salesforce;0,05;0,95;C0150;F;33;;False;sneakerhead;0;0;G030;Tee-short;Tee-short;Tee-short;None;L;30,0;30,0;False;0,0;0;0;0,0;0,0;0,0;non;9,0;2024-03;28533,0
V7163665647;2024-03-13;17:49;S01;Premium;Centre-ville;50;non;['New Balance'];9,0;9h/18h;open 6/7;6;54;5;E0004;Blasé;2600;246;2006-01-09;Manager;0,21;0,79;C0028;M;35;;False;impulsif;0;0;P034;New Balance;Basketball;Zoom;Premium Black;39;118,94999999999999;166,95;False;48,0;48;0;5,0;0,0;28,8;;;2024-03;28533,0
V9594462686;2024-03-30;09:49;S01;Premium;Centre-ville;50;non;['New Balance'];9,0;9h/18h;open 6/7;6;54;5;E0004;Blasé;2600;246;2006-01-09;Manager;0,21;0,79;C0187;F;39;;True;sneakerhead;0;14;P040;New Balance;Running;Air;Deep Purple;43;145,95;145,95;False;0,0;0;0;5,0;0,0;0,0;;;2024-03;28533,0
V1491853873;2024-03-13;15:02;S01;Premium;Centre-ville;50;non;['New Balance'];9,0;9h/18h;open 6/7;6;54;5;E0002;Requin;2900;127;2015-10-11;Salesforce;0,05;0,95;C0021;F;46;;True;sneakerhead;0;5;P030;New Balance;Casual;Elite;Sunny Yellow;30;59,75;59,75;True;0,0;0;0;5,0;0,0;0,0;;;2024-03;28533,0
V5403759900;2024-03-11;13:19;S01;Premium;Centre-ville;50;non;['New Balance'];9,0;9h/18h;open 6/7;6;54;5;E0001;Jeune prometteur;2000;45;2022-07-17;Salesforce;0,12;0,88;C0187;F;39;;True;sneakerhead;30;5;P030;New Balance;Casual;Elite;Sunny Yellow;30;56,75;59,75;True;3,0;0;3;5,0;0,0;5,0;;;2024-03;28533,0
V7853231942;2024-03-22;11:20;S01;Premium;Centre-ville;50;non;['New Balance'];9,0;9h/18h;open 6/7;6;54;5;E0003;Jeune prometteur;2100;67;2020-09-04;Salesforce;0,13;0,87;C0226;F;36;;True;impulsif;0;13;P035;New Balance;Basketball;Zoom;Pink;37;135,45;135,45;False;0,0;0;0;5,0;0,0;0,0;;;2024-03;28533,0
V6204039596;2024-03-22;17:16;S01;Premium;Centre-ville;50;non;['New Balance'];9,0;9h/18h;open 6/7;6;54;5;E0002;Requin;2900;127;2015-10-11;Salesforce;0,05;0,95;C0161;M;34;;False;impulsif;0;0;P030;New Balance;Casual;Elite;Sunny Yellow;30;59,75;59,75;True;0,0;0;0;5,0;0,0;0,0;;;2024-03;28533,0
V6204039596;2024-03-22;17:16;S01;Premium;Centre-ville;50;;['New Balance'];;9h/18h;open 6/7;6;54;5;E0002;Requin;2900;127;2015-10-11;Salesforce;0,05;0,95;C0161;M;34;;False;impulsif;0;0;G030;Bonnet;Bonnet;Bonnet;None;XL;40,0;40,0;False;0,0;0;0;0,0;0,0;0,0;non;9,0;2024-03;28533,0
V6636821868;2024-03-27;14:12;S01;Premium;Centre-ville;50;non;['New Balance'];9,0;9h/18h;open 6/7;6;54;5;E0004;Blasé;2600;246;2006-01-09;Manager;0,21;0,79;C0194;M;49;;True;chasseur_de_promos;0;5;P030;New Balance;Casual;Elite;Sunny Yellow;30;59,75;59,75;True;0,0;0;0;5,0;0,0;0,0;;;2024-03;28533,0
V9878379782;2024-03-02;10:21;S01;Premium;Centre-ville;50;non;['New Balance'];9,0;9h/18h;open 6/7;6;54;5;E0002;Requin;2900;127;2015-10-11;Salesforce;0,05;0,95;C0022;M;34;;True;sneakerhead;0;5;P030;New Balance;Casual;Elite;Sunny Yellow;30;59,75;59,75;True;0,0;0;0;5,0;0,0;0,0;;;2024-03;28533,0
V4436563348;2024-03-30;11:25;S01;Premium;Centre-ville;50;non;['New Balance'];9,0;9h/18h;open 6/7;6;54;5;E0005;Expérimenté;2800;106;2017-07-01;Salesforce;0,05;0,95;C0168;M;35;;True;impulsif;0;14;P034;New Balance;Basketball;Zoom;Premium Black;39;141,91;166,95;False;25,04;0;0;5,0;25,04;15,0;;;2024-03;28533,0
V5164168600;2024-03-30;11:31;S01;Premium;Centre-ville;50;non;['New Balance'];9,0;9h/18h;open 6/7;6;54;5;E0004;Blasé;2600;246;2006-01-09;Manager;0,21;0,79;C0088;F;35;;True;chasseur_de_promos;0;11;P037;New Balance;Running;Elite;Premium Black;41;114,45;114,45;False;0,0;0;0;5,0;0,0;0,0;;;2024-03;28533,0
V5164168600;2024-03-30;11:31;S01;Premium;Centre-ville;50;;['New Balance'];;9h/18h;open 6/7;6;54;5;E0004;Blasé;2600;246;2006-01-09;Manager;0,21;0,79;C0088;F;35;;True;chasseur_de_promos;0;11;G037;Lacets;Lacets;Lacets;None;XL;10,0;10,0;False;0,0;0;0;0,0;0,0;0,0;non;9,0;2024-03;28533,0
V1451445843;2024-03-04;12:29;S01;Premium;Centre-ville;50;non;['New Balance'];9,0;9h/18h;open 6/7;6;54;5;E0004;Blasé;2600;246;2006-01-09;Manager;0,21;0,79;C0146;F;40;;True;impulsif;10;11;P037;New Balance;Running;Elite;Premium Black;41;113,45;114,45;False;1,0;0;1;5,0;0,0;0,9;;;2024-03;28533,0
V4530020997;2024-03-30;16:14;S01;Premium;Centre-ville;50;non;['New Balance'];9,0;9h/18h;open 6/7;6;54;5;E0003;Jeune prometteur;2100;67;2020-09-04;Salesforce;0,13;0,87;C0229;F;72;;True;chasseur_de_promos;0;16;P034;New Balance;Basketball;Zoom;Premium Black;39;145,95;166,95;False;21,0;21;0;5,0;0,0;12,6;;;2024-03;28533,0
V4204829980;2024-03-29;16:50;S01;Premium;Centre-ville;50;non;['New Balance'];9,0;9h/18h;open 6/7;6;54;5;E0003;Jeune prometteur;2100;67;2020-09-04;Salesforce;0,13;0,87;C0208;F;40;;True;sneakerhead;0;5;P030;New Balance;Casual;Elite;Sunny Yellow;30;36,75;59,75;True;23,0;23;0;5,0;0,0;38,5;;;2024-03;28533,0
V8724544671;2024-03-12;15:12;S01;Premium;Centre-ville;50;non;['New Balance'];9,0;9h/18h;open 6/7;6;54;5;E0005;Expérimenté;2800;106;2017-07-01;Salesforce;0,05;0,95;C0026;M;50;;True;sneakerhead;0;5;P030;New Balance;Casual;Elite;Sunny Yellow;30;59,75;59,75;True;0,0;0;0;5,0;0,0;0,0;;;2024-03;28533,0
V6250464566;2024-03-07;18:18;S01;Premium;Centre-ville;50;non;['New Balance'];9,0;9h/18h;open 6/7;6;54;5;E0005;Expérimenté;2800;106;2017-07-01;Salesforce;0,05;0,95;C0291;F;48;;False;chasseur_de_promos;0;0;P035;New Balance;Basketball;Zoom;Pink;37;135,45;135,45;False;0,0;0;0;5,0;0,0;0,0;;;2024-03;28533,0
V9661480628;2024-03-29;10:49;S01;Premium;Centre-ville;50;non;['New Balance'];9,0;9h/18h;open 6/7;6;54;5;E0005;Expérimenté;2800;106;2017-07-01;Salesforce;0,05;0,95;C0199;M;48;;True;chasseur_de_promos;0;16;P034;New Balance;Basketball;Zoom;Premium Black;39;147,95;166,95;False;19,0;19;0;5,0;0,0;11,4;;;2024-03;28533,0
V2305960776;2024-03-25;13:40;S01;Premium;Centre-ville;50;non;['New Balance'];9,0;9h/18h;open 6/7;6;54;5;E0002;Requin;2900;127;2015-10-11;Salesforce;0,05;0,95;C0108;F;39;New Balance;False;fidèle_marque;0;0;P031;New Balance;Casual;Flex;Brown Bear;42;114,19;152,25;False;38,06;0;0;5,0;38,06;25,0;;;2024-03;28533,0
V3835260065;2024-03-20;13:23;S01;Premium;Centre-ville;50;non;['New Balance'];9,0;9h/18h;open 6/7;6;54;5;E0001;Jeune prometteur;2000;45;2022-07-17;Salesforce;0,12;0,88;C0026;M;50;;True;sneakerhead;0;16;P034;New Balance;Basketball;Zoom;Premium Black;39;166,95;166,95;False;0,0;0;0;5,0;0,0;0,0;;;2024-03;28533,0
V5891541150;2024-03-22;16:25;S01;Premium;Centre-ville;50;non;['New Balance'];9,0;9h/18h;open 6/7;6;54;5;E0004;Blasé;2600;246;2006-01-09;Manager;0,21;0,79;C0282;M;48;;False;sneakerhead;0;0;P030;New Balance;Casual;Elite;Sunny Yellow;30;59,75;59,75;True;0,0;0;0;5,0;0,0;0,0;;;2024-03;28533,0
V1431339190;2024-03-12;17:08;S01;Premium;Centre-ville;50;non;['New Balance'];9,0;9h/18h;open 6/7;6;54;5;E0003;Jeune prometteur;2100;67;2020-09-04;Salesforce;0,13;0,87;C0013;F;32;;True;impulsif;0;15;P031;New Balance;Casual;Flex;Brown Bear;42;152,25;152,25;False;0,0;0;0;5,0;0,0;0,0;;;2024-03;28533,0
V1701115109;2024-03-28;09:01;S01;Premium;Centre-ville;50;non;['New Balance'];9,0;9h/18h;open 6/7;6;54;5;E0005;Expérimenté;2800;106;2017-07-01;Salesforce;0,05;0,95;C0289;F;42;;True;sneakerhead;0;5;P030;New Balance;Casual;Elite;Sunny Yellow;30;59,75;59,75;True;0,0;0;0;5,0;0,0;0,0;;;2024-03;28533,0
V6443799820;2024-03-04;09:56;S01;Premium;Centre-ville;50;non;['New Balance'];9,0;9h/18h;open 6/7;6;54;5;E0005;Expérimenté;2800;106;2017-07-01;Salesforce;0,05;0,95;C0060;F;25;;True;impulsif;10;13;P035;New Balance;Basketball;Zoom;Pink;37;134,45;135,45;False;1,0;0;1;5,0;0,0;0,7;;;2024-03;28533,0
V3341790961;2024-03-16;11:31;S01;Premium;Centre-ville;50;non;['New Balance'];9,0;9h/18h;open 6/7;6;54;5;E0001;Jeune prometteur;2000;45;2022-07-17;Salesforce;0,12;0,88;C0245;M;30;;False;chasseur_de_promos;0;0;P031;New Balance;Casual;Flex;Brown Bear;42;152,25;152,25;False;0,0;0;0;5,0;0,0;0,0;;;2024-03;28533,0
V3015844419;2024-03-26;13:09;S01;Premium;Centre-ville;50;non;['New Balance'];9,0;9h/18h;open 6/7;6;54;5;E0002;Requin;2900;127;2015-10-11;Salesforce;0,05;0,95;C0032;F;37;;True;chasseur_de_promos;0;5;P030;New Balance;Casual;Elite;Sunny Yellow;30;59,75;59,75;True;0,0;0;0;5,0;0,0;0,0;;;2024-03;28533,0
V1245546873;2024-03-20;13:42;S01;Premium;Centre-ville;50;non;['New Balance'];9,0;9h/18h;open 6/7;6;54;5;E0001;Jeune prometteur;2000;45;2022-07-17;Salesforce;0,12;0,88;C0232;F;44;;False;impulsif;0;0;P010;New Balance;Running;Flex;Red Blood;42;152,25;152,25;False;0,0;0;0;5,0;0,0;0,0;;;2024-03;28533,0
V1245546873;2024-03-20;13:42;S01;Premium;Centre-ville;50;;['New Balance'];;9h/18h;open 6/7;6;54;5;E0001;Jeune prometteur;2000;45;2022-07-17;Salesforce;0,12;0,88;C0232;F;44;;False;impulsif;0;0;G010;Lacets;Lacets;Lacets;None;M;30,0;30,0;False;0,0;0;0;0,0;0,0;0,0;non;9,0;2024-03;28533,0
V6120718818;2024-03-05;18:13;S01;Premium;Centre-ville;50;non;['New Balance'];9,0;9h/18h;open 6/7;6;54;5;E0005;Expérimenté;2800;106;2017-07-01;Salesforce;0,05;0,95;C0091;M;30;;False;impulsif;0;0;P030;New Balance;Casual;Elite;Sunny Yellow;30;59,75;59,75;True;0,0;0;0;5,0;0,0;0,0;;;2024-03;28533,0
V8729895735;2024-03-07;16:04;S01;Premium;Centre-ville;50;non;['New Balance'];9,0;9h/18h;open 6/7;6;54;5;E0001;Jeune prometteur;2000;45;2022-07-17;Salesforce;0,12;0,88;C0121;M;29;;True;sneakerhead;0;5;P030;New Balance;Casual;Elite;Sunny Yellow;30;59,75;59,75;True;0,0;0;0;5,0;0,0;0,0;;;2024-03;28533,0
V1454150506;2024-03-22;10:18;S01;Premium;Centre-ville;50;non;['New Balance'];9,0;9h/18h;open 6/7;6;54;5;E0002;Requin;2900;127;2015-10-11;Salesforce;0,05;0,95;C0223;F;41;;False;sneakerhead;0;0;P030;New Balance;Casual;Elite;Sunny Yellow;30;59,75;59,75;True;0,0;0;0;5,0;0,0;0,0;;;2024-03;28533,0
V3547564296;2024-03-25;09:50;S01;Premium;Centre-ville;50;non;['New Balance'];9,0;9h/18h;open 6/7;6;54;5;E0005;Expérimenté;2800;106;2017-07-01;Salesforce;0,05;0,95;C0280;M;50;;True;chasseur_de_promos;0;13;P035;New Balance;Basketball;Zoom;Pink;37;135,45;135,45;False;0,0;0;0;5,0;0,0;0,0;;;2024-03;28533,0
V4659185945;2024-03-28;09:36;S01;Premium;Centre-ville;50;non;['New Balance'];9,0;9h/18h;open 6/7;6;54;5;E0002;Requin;2900;127;2015-10-11;Salesforce;0,05;0,95;C0209;M;36;;False;impulsif;0;0;P030;New Balance;Casual;Elite;Sunny Yellow;30;59,75;59,75;True;0,0;0;0;5,0;0,0;0,0;;;2024-03;28533,0
V4659185945;2024-03-28;09:36;S01;Premium;Centre-ville;50;;['New Balance'];;9h/18h;open 6/7;6;54;5;E0002;Requin;2900;127;2015-10-11;Salesforce;0,05;0,95;C0209;M;36;;False;impulsif;0;0;G030;Lunettes;Lunettes;Lunettes;None;S;10,0;10,0;False;0,0;0;0;0,0;0,0;0,0;non;9,0;2024-03;28533,0
V4659185945;2024-03-28;09:36;S01;Premium;Centre-ville;50;;['New Balance'];;9h/18h;open 6/7;6;54;5;E0002;Requin;2900;127;2015-10-11;Salesforce;0,05;0,95;C0209;M;36;;False;impulsif;0;0;G030;Bonnet;Bonnet;Bonnet;None;L;40,0;40,0;False;0,0;0;0;0,0;0,0;0,0;non;9,0;2024-03;28533,0
V4659185945;2024-03-28;09:36;S01;Premium;Centre-ville;50;;['New Balance'];;9h/18h;open 6/7;6;54;5;E0002;Requin;2900;127;2015-10-11;Salesforce;0,05;0,95;C0209;M;36;;False;impulsif;0;0;G030;Tee-short;Tee-short;Tee-short;None;XS;30,0;30,0;False;0,0;0;0;0,0;0,0;0,0;non;9,0;2024-03;28533,0
V3074379784;2024-03-25;17:29;S01;Premium;Centre-ville;50;non;['New Balance'];9,0;9h/18h;open 6/7;6;54;5;E0005;Expérimenté;2800;106;2017-07-01;Salesforce;0,05;0,95;C0125;F;42;;True;impulsif;0;14;P040;New Balance;Running;Air;Deep Purple;43;145,95;145,95;False;0,0;0;0;5,0;0,0;0,0;;;2024-03;28533,0
V9142661127;2024-03-29;17:21;S01;Premium;Centre-ville;50;non;['New Balance'];9,0;9h/18h;open 6/7;6;54;5;E0005;Expérimenté;2800;106;2017-07-01;Salesforce;0,05;0,95;C0010;M;37;New Balance;True;fidèle_marque;0;15;P031;New Balance;Casual;Flex;Brown Bear;42;152,25;152,25;False;0,0;0;0;5,0;0,0;0,0;;;2024-03;28533,0
V9685134244;2024-03-09;16:09;S01;Premium;Centre-ville;50;non;['New Balance'];9,0;9h/18h;open 6/7;6;54;5;E0003;Jeune prometteur;2100;67;2020-09-04;Salesforce;0,13;0,87;C0094;M;42;;True;sneakerhead;0;5;P030;New Balance;Casual;Elite;Sunny Yellow;30;59,75;59,75;True;0,0;0;0;5,0;0,0;0,0;;;2024-03;28533,0
V3608541900;2024-03-30;09:38;S01;Premium;Centre-ville;50;non;['New Balance'];9,0;9h/18h;open 6/7;6;54;5;E0002;Requin;2900;127;2015-10-11;Salesforce;0,05;0,95;C0290;M;37;;True;impulsif;0;13;P035;New Balance;Basketball;Zoom;Pink;37;135,45;135,45;False;0,0;0;0;5,0;0,0;0,0;;;2024-03;28533,0
V1784813392;2024-03-13;12:50;S01;Premium;Centre-ville;50;non;['New Balance'];9,0;9h/18h;open 6/7;6;54;5;E0003;Jeune prometteur;2100;67;2020-09-04;Salesforce;0,13;0,87;C0058;M;29;;True;sneakerhead;0;5;P030;New Balance;Casual;Elite;Sunny Yellow;30;59,75;59,75;True;0,0;0;0;5,0;0,0;0,0;;;2024-03;28533,0
V8701658994;2024-03-21;09:22;S01;Premium;Centre-ville;50;non;['New Balance'];9,0;9h/18h;open 6/7;6;54;5;E0004;Blasé;2600;246;2006-01-09;Manager;0,21;0,79;C0114;F;52;;False;impulsif;0;0;P030;New Balance;Casual;Elite;Sunny Yellow;30;59,75;59,75;True;0,0;0;0;5,0;0,0;0,0;;;2024-03;28533,0
V5281629067;2024-03-23;13:10;S01;Premium;Centre-ville;50;non;['New Balance'];9,0;9h/18h;open 6/7;6;54;5;E0001;Jeune prometteur;2000;45;2022-07-17;Salesforce;0,12;0,88;C0022;M;34;;True;sneakerhead;0;5;P030;New Balance;Casual;Elite;Sunny Yellow;30;59,75;59,75;True;0,0;0;0;5,0;0,0;0,0;;;2024-03;28533,0
V9683222483;2024-03-07;11:42;S01;Premium;Centre-ville;50;non;['New Balance'];9,0;9h/18h;open 6/7;6;54;5;E0002;Requin;2900;127;2015-10-11;Salesforce;0,05;0,95;C0130;F;37;;False;impulsif;0;0;P030;New Balance;Casual;Elite;Sunny Yellow;30;59,75;59,75;True;0,0;0;0;5,0;0,0;0,0;;;2024-03;28533,0
V3162266736;2024-03-28;13:52;S01;Premium;Centre-ville;50;non;['New Balance'];9,0;9h/18h;open 6/7;6;54;5;E0002;Requin;2900;127;2015-10-11;Salesforce;0,05;0,95;C0208;F;40;;True;sneakerhead;0;5;P030;New Balance;Casual;Elite;Sunny Yellow;30;59,75;59,75;True;0,0;0;0;5,0;0,0;0,0;;;2024-03;28533,0
V1953374337;2024-03-02;09:41;S01;Premium;Centre-ville;50;non;['New Balance'];9,0;9h/18h;open 6/7;6;54;5;E0005;Expérimenté;2800;106;2017-07-01;Salesforce;0,05;0,95;C0100;F;39;;True;impulsif;0;15;P031;New Balance;Casual;Flex;Brown Bear;42;152,25;152,25;False;0,0;0;0;5,0;0,0;0,0;;;2024-03;28533,0
V7364736328;2024-03-26;09:18;S01;Premium;Centre-ville;50;non;['New Balance'];9,0;9h/18h;open 6/7;6;54;5;E0004;Blasé;2600;246;2006-01-09;Manager;0,21;0,79;C0225;F;47;;False;impulsif;0;0;P035;New Balance;Basketball;Zoom;Pink;37;135,45;135,45;False;0,0;0;0;5,0;0,0;0,0;;;2024-03;28533,0
V7364736328;2024-03-26;09:18;S01;Premium;Centre-ville;50;;['New Balance'];;9h/18h;open 6/7;6;54;5;E0004;Blasé;2600;246;2006-01-09;Manager;0,21;0,79;C0225;F;47;;False;impulsif;0;0;G035;Echarpe;Echarpe;Echarpe;None;M;40,0;40,0;False;0,0;0;0;0,0;0,0;0,0;non;9,0;2024-03;28533,0
V2290428908;2024-03-22;15:56;S01;Premium;Centre-ville;50;non;['New Balance'];9,0;9h/18h;open 6/7;6;54;5;E0002;Requin;2900;127;2015-10-11;Salesforce;0,05;0,95;C0103;F;41;;False;impulsif;0;0;P030;New Balance;Casual;Elite;Sunny Yellow;30;59,75;59,75;True;0,0;0;0;5,0;0,0;0,0;;;2024-03;28533,0
V1334382947;2024-03-14;18:42;S01;Premium;Centre-ville;50;non;['New Balance'];9,0;9h/18h;open 6/7;6;54;5;E0002;Requin;2900;127;2015-10-11;Salesforce;0,05;0,95;C0196;M;45;;False;impulsif;0;0;P040;New Balance;Running;Air;Deep Purple;43;145,95;145,95;False;0,0;0;0;5,0;0,0;0,0;;;2024-03;28533,0
V6145229656;2024-03-08;17:25;S01;Premium;Centre-ville;50;non;['New Balance'];9,0;9h/18h;open 6/7;6;54;5;E0003;Jeune prometteur;2100;67;2020-09-04;Salesforce;0,13;0,87;C0029;M;46;;True;sneakerhead;0;5;P030;New Balance;Casual;Elite;Sunny Yellow;30;59,75;59,75;True;0,0;0;0;5,0;0,0;0,0;;;2024-03;28533,0
V9289401298;2024-03-07;13:24;S01;Premium;Centre-ville;50;non;['New Balance'];9,0;9h/18h;open 6/7;6;54;5;E0001;Jeune prometteur;2000;45;2022-07-17;Salesforce;0,12;0,88;C0218;M;35;;True;sneakerhead;0;5;P030;New Balance;Casual;Elite;Sunny Yellow;30;56,65;59,75;True;3,1;0;0;5,0;3,1;5,2;;;2024-03;28533,0
V9114675537;2024-03-26;15:00;S01;Premium;Centre-ville;50;non;['New Balance'];9,0;9h/18h;open 6/7;6;54;5;E0004;Blasé;2600;246;2006-01-09;Manager;0,21;0,79;C0088;F;35;;True;chasseur_de_promos;0;13;P035;New Balance;Basketball;Zoom;Pink;37;135,45;135,45;False;0,0;0;0;5,0;0,0;0,0;;;2024-03;28533,0
V1667965576;2024-03-15;16:55;S01;Premium;Centre-ville;50;non;['New Balance'];9,0;9h/18h;open 6/7;6;54;5;E0002;Requin;2900;127;2015-10-11;Salesforce;0,05;0,95;C0047;M;62;;True;sneakerhead;0;5;P030;New Balance;Casual;Elite;Sunny Yellow;30;59,75;59,75;True;0,0;0;0;5,0;0,0;0,0;;;2024-03;28533,0
V5365929677;2024-03-06;11:52;S01;Premium;Centre-ville;50;non;['New Balance'];9,0;9h/18h;open 6/7;6;54;5;E0004;Blasé;2600;246;2006-01-09;Manager;0,21;0,79;C0011;M;46;;False;impulsif;0;0;P010;New Balance;Running;Flex;Red Blood;42;152,25;152,25;False;0,0;0;0;5,0;0,0;0,0;;;2024-03;28533,0
V9141124084;2024-03-14;11:54;S01;Premium;Centre-ville;50;non;['New Balance'];9,0;9h/18h;open 6/7;6;54;5;E0004;Blasé;2600;246;2006-01-09;Manager;0,21;0,79;C0046;M;48;;True;chasseur_de_promos;0;16;P034;New Balance;Basketball;Zoom;Premium Black;39;166,95;166,95;False;0,0;0;0;5,0;0,0;0,0;;;2024-03;28533,0
V7034146791;2024-03-30;09:58;S01;Premium;Centre-ville;50;non;['New Balance'];9,0;9h/18h;open 6/7;6;54;5;E0002;Requin;2900;127;2015-10-11;Salesforce;0,05;0,95;C0034;F;29;;False;impulsif;0;0;P030;New Balance;Casual;Elite;Sunny Yellow;30;59,75;59,75;True;0,0;0;0;5,0;0,0;0,0;;;2024-03;28533,0
V7034146791;2024-03-30;09:58;S01;Premium;Centre-ville;50;;['New Balance'];;9h/18h;open 6/7;6;54;5;E0002;Requin;2900;127;2015-10-11;Salesforce;0,05;0,95;C0034;F;29;;False;impulsif;0;0;G030;Lacets;Lacets;Lacets;None;S;20,0;20,0;False;0,0;0;0;0,0;0,0;0,0;non;9,0;2024-03;28533,0
V7400662186;2024-03-04;15:41;S01;Premium;Centre-ville;50;non;['New Balance'];9,0;9h/18h;open 6/7;6;54;5;E0003;Jeune prometteur;2100;67;2020-09-04;Salesforce;0,13;0,87;C0001;F;36;;True;chasseur_de_promos;0;14;P040;New Balance;Running;Air;Deep Purple;43;145,95;145,95;False;0,0;0;0;5,0;0,0;0,0;;;2024-03;28533,0
V8779646422;2024-03-11;18:04;S01;Premium;Centre-ville;50;non;['New Balance'];9,0;9h/18h;open 6/7;6;54;5;E0002;Requin;2900;127;2015-10-11;Salesforce;0,05;0,95;C0289;F;42;;True;sneakerhead;30;5;P030;New Balance;Casual;Elite;Sunny Yellow;30;56,75;59,75;True;3,0;0;3;5,0;0,0;5,0;;;2024-03;28533,0
V7721256543;2024-03-19;14:49;S01;Premium;Centre-ville;50;non;['New Balance'];9,0;9h/18h;open 6/7;6;54;5;E0002;Requin;2900;127;2015-10-11;Salesforce;0,05;0,95;C0137;M;32;;True;sneakerhead;0;5;P030;New Balance;Casual;Elite;Sunny Yellow;30;59,75;59,75;True;0,0;0;0;5,0;0,0;0,0;;;2024-03;28533,0
V3231386111;2024-03-30;11:00;S01;Premium;Centre-ville;50;non;['New Balance'];9,0;9h/18h;open 6/7;6;54;5;E0005;Expérimenté;2800;106;2017-07-01;Salesforce;0,05;0,95;C0095;M;45;;True;chasseur_de_promos;0;11;P037;New Balance;Running;Elite;Premium Black;41;114,45;114,45;False;0,0;0;0;5,0;0,0;0,0;;;2024-03;28533,0
V6109419678;2024-03-13;13:59;S01;Premium;Centre-ville;50;non;['New Balance'];9,0;9h/18h;open 6/7;6;54;5;E0005;Expérimenté;2800;106;2017-07-01;Salesforce;0,05;0,95;C0232;F;44;;False;impulsif;0;0;P010;New Balance;Running;Flex;Red Blood;42;152,25;152,25;False;0,0;0;0;5,0;0,0;0,0;;;2024-03;28533,0
V9390173431;2024-03-04;15:49;S01;Premium;Centre-ville;50;non;['New Balance'];9,0;9h/18h;open 6/7;6;54;5;E0001;Jeune prometteur;2000;45;2022-07-17;Salesforce;0,12;0,88;C0121;M;29;;True;sneakerhead;0;15;P031;New Balance;Casual;Flex;Brown Bear;42;152,25;152,25;False;0,0;0;0;5,0;0,0;0,0;;;2024-03;28533,0
V9390173431;2024-03-04;15:49;S01;Premium;Centre-ville;50;;['New Balance'];;9h/18h;open 6/7;6;54;5;E0001;Jeune prometteur;2000;45;2022-07-17;Salesforce;0,12;0,88;C0121;M;29;;True;sneakerhead;0;15;G031;Lunettes;Lunettes;Lunettes;None;XS;40,0;40,0;False;0,0;0;0;0,0;0,0;0,0;non;9,0;2024-03;28533,0
V7165304537;2024-03-12;17:03;S01;Premium;Centre-ville;50;non;['New Balance'];9,0;9h/18h;open 6/7;6;54;5;E0005;Expérimenté;2800;106;2017-07-01;Salesforce;0,05;0,95;C0189;M;34;;False;chasseur_de_promos;0;0;P034;New Balance;Basketball;Zoom;Premium Black;39;148,95;166,95;False;18,0;18;0;5,0;0,0;10,8;;;2024-03;28533,0
V3184400513;2024-03-05;09:12;S01;Premium;Centre-ville;50;non;['New Balance'];9,0;9h/18h;open 6/7;6;54;5;E0005;Expérimenté;2800;106;2017-07-01;Salesforce;0,05;0,95;C0184;F;34;;True;impulsif;0;14;P031;New Balance;Casual;Flex;Brown Bear;42;144,64;152,25;False;7,61;0;0;5,0;7,61;5,0;;;2024-03;28533,0
V3184400513;2024-03-05;09:12;S01;Premium;Centre-ville;50;;['New Balance'];;9h/18h;open 6/7;6;54;5;E0005;Expérimenté;2800;106;2017-07-01;Salesforce;0,05;0,95;C0184;F;34;;True;impulsif;0;14;G031;Lunettes;Lunettes;Lunettes;None;L;20,0;20,0;False;0,0;0;0;0,0;0,0;0,0;non;9,0;2024-03;28533,0
V8997448289;2024-03-25;16:09;S01;Premium;Centre-ville;50;non;['New Balance'];9,0;9h/18h;open 6/7;6;54;5;E0005;Expérimenté;2800;106;2017-07-01;Salesforce;0,05;0,95;C0044;F;26;;True;sneakerhead;0;5;P030;New Balance;Casual;Elite;Sunny Yellow;30;59,75;59,75;True;0,0;0;0;5,0;0,0;0,0;;;2024-03;28533,0
V8997448289;2024-03-25;16:09;S01;Premium;Centre-ville;50;;['New Balance'];;9h/18h;open 6/7;6;54;5;E0005;Expérimenté;2800;106;2017-07-01;Salesforce;0,05;0,95;C0044;F;26;;True;sneakerhead;0;5;G030;Tee-short;Tee-short;Tee-short;None;M;20,0;20,0;False;0,0;0;0;0,0;0,0;0,0;non;9,0;2024-03;28533,0
V8115989024;2024-03-02;10:24;S01;Premium;Centre-ville;50;non;['New Balance'];9,0;9h/18h;open 6/7;6;54;5;E0005;Expérimenté;2800;106;2017-07-01;Salesforce;0,05;0,95;C0017;M;40;;False;impulsif;0;0;P030;New Balance;Casual;Elite;Sunny Yellow;30;36,75;59,75;True;23,0;23;0;5,0;0,0;38,5;;;2024-03;28533,0
V8115989024;2024-03-02;10:24;S01;Premium;Centre-ville;50;;['New Balance'];;9h/18h;open 6/7;6;54;5;E0005;Expérimenté;2800;106;2017-07-01;Salesforce;0,05;0,95;C0017;M;40;;False;impulsif;0;0;G030;Lacets;Lacets;Lacets;None;XS;40,0;40,0;False;0,0;0;0;0,0;0,0;0,0;non;9,0;2024-03;28533,0
V3164787697;2024-03-08;10:19;S01;Premium;Centre-ville;50;non;['New Balance'];9,0;9h/18h;open 6/7;6;54;5;E0005;Expérimenté;2800;106;2017-07-01;Salesforce;0,05;0,95;C0042;F;46;;True;sneakerhead;0;5;P030;New Balance;Casual;Elite;Sunny Yellow;30;59,75;59,75;True;0,0;0;0;5,0;0,0;0,0;;;2024-03;28533,0
V3164787697;2024-03-08;10:19;S01;Premium;Centre-ville;50;;['New Balance'];;9h/18h;open 6/7;6;54;5;E0005;Expérimenté;2800;106;2017-07-01;Salesforce;0,05;0,95;C0042;F;46;;True;sneakerhead;0;5;G030;Bonnet;Bonnet;Bonnet;None;M;30,0;30,0;False;0,0;0;0;0,0;0,0;0,0;non;9,0;2024-03;28533,0
V3164787697;2024-03-08;10:19;S01;Premium;Centre-ville;50;;['New Balance'];;9h/18h;open 6/7;6;54;5;E0005;Expérimenté;2800;106;2017-07-01;Salesforce;0,05;0,95;C0042;F;46;;True;sneakerhead;0;5;G030;Echarpe;Echarpe;Echarpe;None;M;20,0;20,0;False;0,0;0;0;0,0;0,0;0,0;non;9,0;2024-03;28533,0
V1848677913;2024-03-10;10:31;S01;Premium;Centre-ville;50;non;['New Balance'];9,0;9h/18h;open 6/7;6;54;5;E0005;Expérimenté;2800;106;2017-07-01;Salesforce;0,05;0,95;C0240;M;25;;True;sneakerhead;0;5;P030;New Balance;Casual;Elite;Sunny Yellow;30;56,64;59,75;True;3,11;0;0;5,0;3,11;5,2;;;2024-03;28533,0
V1848677913;2024-03-10;10:31;S01;Premium;Centre-ville;50;;['New Balance'];;9h/18h;open 6/7;6;54;5;E0005;Expérimenté;2800;106;2017-07-01;Salesforce;0,05;0,95;C0240;M;25;;True;sneakerhead;0;5;G030;Tee-short;Tee-short;Tee-short;None;M;10,0;10,0;False;0,0;0;0;0,0;0,0;0,0;non;9,0;2024-03;28533,0
V5237990906;2024-03-08;14:21;S01;Premium;Centre-ville;50;non;['New Balance'];9,0;9h/18h;open 6/7;6;54;5;E0003;Jeune prometteur;2100;67;2020-09-04;Salesforce;0,13;0,87;C0097;F;50;;True;impulsif;0;5;P030;New Balance;Casual;Elite;Sunny Yellow;30;59,75;59,75;True;0,0;0;0;5,0;0,0;0,0;;;2024-03;28533,0
V3982537138;2024-03-04;17:19;S01;Premium;Centre-ville;50;non;['New Balance'];9,0;9h/18h;open 6/7;6;54;5;E0004;Blasé;2600;246;2006-01-09;Manager;0,21;0,79;C0269;F;37;;True;sneakerhead;0;5;P030;New Balance;Casual;Elite;Sunny Yellow;30;59,75;59,75;True;0,0;0;0;5,0;0,0;0,0;;;2024-03;28533,0
V5656907847;2024-03-16;12:45;S01;Premium;Centre-ville;50;non;['New Balance'];9,0;9h/18h;open 6/7;6;54;5;E0003;Jeune prometteur;2100;67;2020-09-04;Salesforce;0,13;0,87;C0200;F;53;;False;impulsif;0;0;P010;New Balance;Running;Flex;Red Blood;42;106,58;152,25;False;45,67;0;0;5,0;45,67;30,0;;;2024-03;28533,0
V5656907847;2024-03-16;12:45;S01;Premium;Centre-ville;50;;['New Balance'];;9h/18h;open 6/7;6;54;5;E0003;Jeune prometteur;2100;67;2020-09-04;Salesforce;0,13;0,87;C0200;F;53;;False;impulsif;0;0;G010;Echarpe;Echarpe;Echarpe;None;S;20,0;20,0;False;0,0;0;0;0,0;0,0;0,0;non;9,0;2024-03;28533,0
V7193651248;2024-03-30;15:13;S01;Premium;Centre-ville;50;non;['New Balance'];9,0;9h/18h;open 6/7;6;54;5;E0005;Expérimenté;2800;106;2017-07-01;Salesforce;0,05;0,95;C0122;M;44;;True;sneakerhead;10;5;P030;New Balance;Casual;Elite;Sunny Yellow;30;58,75;59,75;True;1,0;0;1;5,0;0,0;1,7;;;2024-03;28533,0
V7637029838;2024-03-14;15:28;S01;Premium;Centre-ville;50;non;['New Balance'];9,0;9h/18h;open 6/7;6;54;5;E0005;Expérimenté;2800;106;2017-07-01;Salesforce;0,05;0,95;C0103;F;41;;False;impulsif;0;0;P035;New Balance;Basketball;Zoom;Pink;37;135,45;135,45;False;0,0;0;0;5,0;0,0;0,0;;;2024-03;28533,0
V3023234620;2024-03-02;10:05;S01;Premium;Centre-ville;50;non;['New Balance'];9,0;9h/18h;open 6/7;6;54;5;E0005;Expérimenté;2800;106;2017-07-01;Salesforce;0,05;0,95;C0245;M;30;;False;chasseur_de_promos;0;0;P034;New Balance;Basketball;Zoom;Premium Black;39;166,95;166,95;False;0,0;0;0;5,0;0,0;0,0;;;2024-03;28533,0
V2957954626;2024-03-02;13:39;S01;Premium;Centre-ville;50;non;['New Balance'];9,0;9h/18h;open 6/7;6;54;5;E0005;Expérimenté;2800;106;2017-07-01;Salesforce;0,05;0,95;C0221;M;40;;False;impulsif;0;0;P010;New Balance;Running;Flex;Red Blood;42;129,41;152,25;False;22,84;0;0;5,0;22,84;15,0;;;2024-03;28533,0
V4123359343;2024-03-16;11:34;S01;Premium;Centre-ville;50;non;['New Balance'];9,0;9h/18h;open 6/7;6;54;5;E0004;Blasé;2600;246;2006-01-09;Manager;0,21;0,79;C0099;F;46;;False;impulsif;0;0;P037;New Balance;Running;Elite;Premium Black;41;97,28;114,45;False;17,17;0;0;5,0;17,17;15,0;;;2024-03;28533,0
V4123359343;2024-03-16;11:34;S01;Premium;Centre-ville;50;;['New Balance'];;9h/18h;open 6/7;6;54;5;E0004;Blasé;2600;246;2006-01-09;Manager;0,21;0,79;C0099;F;46;;False;impulsif;0;0;G037;Echarpe;Echarpe;Echarpe;None;S;10,0;10,0;False;0,0;0;0;0,0;0,0;0,0;non;9,0;2024-03;28533,0
V1564714922;2024-03-02;12:49;S01;Premium;Centre-ville;50;non;['New Balance'];9,0;9h/18h;open 6/7;6;54;5;E0005;Expérimenté;2800;106;2017-07-01;Salesforce;0,05;0,95;C0020;F;38;;False;impulsif;0;0;P035;New Balance;Basketball;Zoom;Pink;37;135,45;135,45;False;0,0;0;0;5,0;0,0;0,0;;;2024-03;28533,0
V7128918535;2024-03-12;11:18;S01;Premium;Centre-ville;50;non;['New Balance'];9,0;9h/18h;open 6/7;6;54;5;E0002;Requin;2900;127;2015-10-11;Salesforce;0,05;0,95;C0050;F;23;;True;chasseur_de_promos;0;5;P030;New Balance;Casual;Elite;Sunny Yellow;30;59,75;59,75;True;0,0;0;0;5,0;0,0;0,0;;;2024-03;28533,0
V9344272682;2024-03-13;12:50;S01;Premium;Centre-ville;50;non;['New Balance'];9,0;9h/18h;open 6/7;6;54;5;E0003;Jeune prometteur;2100;67;2020-09-04;Salesforce;0,13;0,87;C0089;F;32;;True;sneakerhead;0;11;P037;New Balance;Running;Elite;Premium Black;41;114,45;114,45;False;0,0;0;0;5,0;0,0;0,0;;;2024-03;28533,0
V1967091494;2024-03-25;18:54;S01;Premium;Centre-ville;50;non;['New Balance'];9,0;9h/18h;open 6/7;6;54;5;E0002;Requin;2900;127;2015-10-11;Salesforce;0,05;0,95;C0032;F;37;;True;chasseur_de_promos;0;13;P035;New Balance;Basketball;Zoom;Pink;37;135,45;135,45;False;0,0;0;0;5,0;0,0;0,0;;;2024-03;28533,0
V9285624588;2024-03-10;15:38;S01;Premium;Centre-ville;50;non;['New Balance'];9,0;9h/18h;open 6/7;6;54;5;E0004;Blasé;2600;246;2006-01-09;Manager;0,21;0,79;C0166;F;33;;True;sneakerhead;0;5;P030;New Balance;Casual;Elite;Sunny Yellow;30;59,75;59,75;True;0,0;0;0;5,0;0,0;0,0;;;2024-03;28533,0
V5485504835;2024-03-23;09:32;S01;Premium;Centre-ville;50;non;['New Balance'];9,0;9h/18h;open 6/7;6;54;5;E0002;Requin;2900;127;2015-10-11;Salesforce;0,05;0,95;C0177;F;30;;False;chasseur_de_promos;0;0;P030;New Balance;Casual;Elite;Sunny Yellow;30;52,75;59,75;True;7,0;7;0;5,0;0,0;11,7;;;2024-03;28533,0
V9581790223;2024-03-13;10:28;S01;Premium;Centre-ville;50;non;['New Balance'];9,0;9h/18h;open 6/7;6;54;5;E0005;Expérimenté;2800;106;2017-07-01;Salesforce;0,05;0,95;C0115;M;36;;True;chasseur_de_promos;0;13;P035;New Balance;Basketball;Zoom;Pink;37;135,45;135,45;False;0,0;0;0;5,0;0,0;0,0;;;2024-03;28533,0
V5343631307;2024-03-27;14:40;S01;Premium;Centre-ville;50;non;['New Balance'];9,0;9h/18h;open 6/7;6;54;5;E0005;Expérimenté;2800;106;2017-07-01;Salesforce;0,05;0,95;C0172;F;52;;True;chasseur_de_promos;10;16;P034;New Balance;Basketball;Zoom;Premium Black;39;165,95;166,95;False;1,0;0;1;5,0;0,0;0,6;;;2024-03;28533,0
V3023970279;2024-03-16;10:51;S01;Premium;Centre-ville;50;non;['New Balance'];9,0;9h/18h;open 6/7;6;54;5;E0001;Jeune prometteur;2000;45;2022-07-17;Salesforce;0,12;0,88;C0076;M;66;;True;chasseur_de_promos;0;13;P035;New Balance;Basketball;Zoom;Pink;37;120,44999999999999;135,45;False;15,0;15;0;5,0;0,0;11,1;;;2024-03;28533,0
V1705929433;2024-03-05;14:58;S01;Premium;Centre-ville;50;non;['New Balance'];9,0;9h/18h;open 6/7;6;54;5;E0002;Requin;2900;127;2015-10-11;Salesforce;0,05;0,95;C0219;F;42;;True;sneakerhead;0;5;P030;New Balance;Casual;Elite;Sunny Yellow;30;36,75;59,75;True;23,0;23;0;5,0;0,0;38,5;;;2024-03;28533,0
V2628768300;2024-03-30;13:01;S01;Premium;Centre-ville;50;non;['New Balance'];9,0;9h/18h;open 6/7;6;54;5;E0004;Blasé;2600;246;2006-01-09;Manager;0,21;0,79;C0018;M;36;;True;chasseur_de_promos;0;14;P040;New Balance;Running;Air;Deep Purple;43;145,95;145,95;False;0,0;0;0;5,0;0,0;0,0;;;2024-03;28533,0
V2628768300;2024-03-30;13:01;S01;Premium;Centre-ville;50;;['New Balance'];;9h/18h;open 6/7;6;54;5;E0004;Blasé;2600;246;2006-01-09;Manager;0,21;0,79;C0018;M;36;;True;chasseur_de_promos;0;14;G040;Echarpe;Echarpe;Echarpe;None;XS;20,0;20,0;False;0,0;0;0;0,0;0,0;0,0;non;9,0;2024-03;28533,0
V3584000278;2024-03-06;13:00;S01;Premium;Centre-ville;50;non;['New Balance'];9,0;9h/18h;open 6/7;6;54;5;E0005;Expérimenté;2800;106;2017-07-01;Salesforce;0,05;0,95;C0282;M;48;;False;sneakerhead;0;0;P030;New Balance;Casual;Elite;Sunny Yellow;30;59,75;59,75;True;0,0;0;0;5,0;0,0;0,0;;;2024-03;28533,0
V3206779988;2024-03-06;18:26;S01;Premium;Centre-ville;50;non;['New Balance'];9,0;9h/18h;open 6/7;6;54;5;E0002;Requin;2900;127;2015-10-11;Salesforce;0,05;0,95;C0061;M;42;;False;sneakerhead;0;0;P030;New Balance;Casual;Elite;Sunny Yellow;30;59,75;59,75;True;0,0;0;0;5,0;0,0;0,0;;;2024-03;28533,0
V3206779988;2024-03-06;18:26;S01;Premium;Centre-ville;50;;['New Balance'];;9h/18h;open 6/7;6;54;5;E0002;Requin;2900;127;2015-10-11;Salesforce;0,05;0,95;C0061;M;42;;False;sneakerhead;0;0;G030;Echarpe;Echarpe;Echarpe;None;L;20,0;20,0;False;0,0;0;0;0,0;0,0;0,0;non;9,0;2024-03;28533,0
V1356631910;2024-03-06;15:06;S01;Premium;Centre-ville;50;non;['New Balance'];9,0;9h/18h;open 6/7;6;54;5;E0004;Blasé;2600;246;2006-01-09;Manager;0,21;0,79;C0094;M;42;;True;sneakerhead;0;16;P034;New Balance;Basketball;Zoom;Premium Black;39;166,95;166,95;False;0,0;0;0;5,0;0,0;0,0;;;2024-03;28533,0
V1485472973;2024-03-15;18:29;S01;Premium;Centre-ville;50;non;['New Balance'];9,0;9h/18h;open 6/7;6;54;5;E0005;Expérimenté;2800;106;2017-07-01;Salesforce;0,05;0,95;C0078;F;34;;False;impulsif;0;0;P031;New Balance;Casual;Flex;Brown Bear;42;152,25;152,25;False;0,0;0;0;5,0;0,0;0,0;;;2024-03;28533,0
V6651757575;2024-03-09;18:26;S01;Premium;Centre-ville;50;non;['New Balance'];9,0;9h/18h;open 6/7;6;54;5;E0003;Jeune prometteur;2100;67;2020-09-04;Salesforce;0,13;0,87;C0280;M;50;;True;chasseur_de_promos;40;15;P031;New Balance;Casual;Flex;Brown Bear;42;148,25;152,25;False;4,0;0;4;5,0;0,0;2,6;;;2024-03;28533,0
V4530116381;2024-03-09;10:07;S01;Premium;Centre-ville;50;non;['New Balance'];9,0;9h/18h;open 6/7;6;54;5;E0002;Requin;2900;127;2015-10-11;Salesforce;0,05;0,95;C0094;M;42;;True;sneakerhead;0;5;P030;New Balance;Casual;Elite;Sunny Yellow;30;59,75;59,75;True;0,0;0;0;5,0;0,0;0,0;;;2024-03;28533,0
V4530116381;2024-03-09;10:07;S01;Premium;Centre-ville;50;;['New Balance'];;9h/18h;open 6/7;6;54;5;E0002;Requin;2900;127;2015-10-11;Salesforce;0,05;0,95;C0094;M;42;;True;sneakerhead;0;5;G030;Bonnet;Bonnet;Bonnet;None;XL;40,0;40,0;False;0,0;0;0;0,0;0,0;0,0;non;9,0;2024-03;28533,0
V4999027570;2024-03-02;13:32;S01;Premium;Centre-ville;50;non;['New Balance'];9,0;9h/18h;open 6/7;6;54;5;E0004;Blasé;2600;246;2006-01-09;Manager;0,21;0,79;C0048;F;29;;True;chasseur_de_promos;0;5;P030;New Balance;Casual;Elite;Sunny Yellow;30;48,75;59,75;True;11,0;11;0;5,0;0,0;18,4;;;2024-03;28533,0
V5503065864;2024-03-23;12:13;S01;Premium;Centre-ville;50;non;['New Balance'];9,0;9h/18h;open 6/7;6;54;5;E0005;Expérimenté;2800;106;2017-07-01;Salesforce;0,05;0,95;C0282;M;48;;False;sneakerhead;0;0;P030;New Balance;Casual;Elite;Sunny Yellow;30;59,75;59,75;True;0,0;0;0;5,0;0,0;0,0;;;2024-03;28533,0
V8585261352;2024-03-23;15:16;S01;Premium;Centre-ville;50;non;['New Balance'];9,0;9h/18h;open 6/7;6;54;5;E0005;Expérimenté;2800;106;2017-07-01;Salesforce;0,05;0,95;C0175;M;43;;False;impulsif;0;0;P035;New Balance;Basketball;Zoom;Pink;37;135,45;135,45;False;0,0;0;0;5,0;0,0;0,0;;;2024-03;28533,0
V8585261352;2024-03-23;15:16;S01;Premium;Centre-ville;50;;['New Balance'];;9h/18h;open 6/7;6;54;5;E0005;Expérimenté;2800;106;2017-07-01;Salesforce;0,05;0,95;C0175;M;43;;False;impulsif;0;0;G035;Bonnet;Bonnet;Bonnet;None;XL;10,0;10,0;False;0,0;0;0;0,0;0,0;0,0;non;9,0;2024-03;28533,0
V8585261352;2024-03-23;15:16;S01;Premium;Centre-ville;50;;['New Balance'];;9h/18h;open 6/7;6;54;5;E0005;Expérimenté;2800;106;2017-07-01;Salesforce;0,05;0,95;C0175;M;43;;False;impulsif;0;0;G035;Tee-short;Tee-short;Tee-short;None;L;20,0;20,0;False;0,0;0;0;0,0;0,0;0,0;non;9,0;2024-03;28533,0
V7908049722;2024-03-22;18:38;S01;Premium;Centre-ville;50;non;['New Balance'];9,0;9h/18h;open 6/7;6;54;5;E0001;Jeune prometteur;2000;45;2022-07-17;Salesforce;0,12;0,88;C0099;F;46;;False;impulsif;0;0;P031;New Balance;Casual;Flex;Brown Bear;42;103,25;152,25;False;49,0;49;0;5,0;0,0;32,2;;;2024-03;28533,0
V9484013120;2024-03-23;16:48;S01;Premium;Centre-ville;50;non;['New Balance'];9,0;9h/18h;open 6/7;6;54;5;E0003;Jeune prometteur;2100;67;2020-09-04;Salesforce;0,13;0,87;C0105;M;37;;True;sneakerhead;0;5;P030;New Balance;Casual;Elite;Sunny Yellow;30;46,75;59,75;True;13,0;13;0;5,0;0,0;21,8;;;2024-03;28533,0
V7030426095;2024-03-07;16:20;S01;Premium;Centre-ville;50;non;['New Balance'];9,0;9h/18h;open 6/7;6;54;5;E0002;Requin;2900;127;2015-10-11;Salesforce;0,05;0,95;C0204;M;36;;True;sneakerhead;0;5;P030;New Balance;Casual;Elite;Sunny Yellow;30;59,75;59,75;True;0,0;0;0;5,0;0,0;0,0;;;2024-03;28533,0
V2387075938;2024-03-23;15:12;S01;Premium;Centre-ville;50;non;['New Balance'];9,0;9h/18h;open 6/7;6;54;5;E0001;Jeune prometteur;2000;45;2022-07-17;Salesforce;0,12;0,88;C0267;M;50;;True;impulsif;0;14;P040;New Balance;Running;Air;Deep Purple;43;145,95;145,95;False;0,0;0;0;5,0;0,0;0,0;;;2024-03;28533,0
V4119688468;2024-03-28;17:04;S01;Premium;Centre-ville;50;non;['New Balance'];9,0;9h/18h;open 6/7;6;54;5;E0002;Requin;2900;127;2015-10-11;Salesforce;0,05;0,95;C0077;F;61;;True;impulsif;0;11;P037;New Balance;Running;Elite;Premium Black;41;114,45;114,45;False;0,0;0;0;5,0;0,0;0,0;;;2024-03;28533,0
V4119688468;2024-03-28;17:04;S01;Premium;Centre-ville;50;;['New Balance'];;9h/18h;open 6/7;6;54;5;E0002;Requin;2900;127;2015-10-11;Salesforce;0,05;0,95;C0077;F;61;;True;impulsif;0;11;G037;Bonnet;Bonnet;Bonnet;None;XS;20,0;20,0;False;0,0;0;0;0,0;0,0;0,0;non;9,0;2024-03;28533,0
V4693261892;2024-03-28;16:03;S01;Premium;Centre-ville;50;non;['New Balance'];9,0;9h/18h;open 6/7;6;54;5;E0005;Expérimenté;2800;106;2017-07-01;Salesforce;0,05;0,95;C0167;M;46;;False;sneakerhead;0;0;P030;New Balance;Casual;Elite;Sunny Yellow;30;59,75;59,75;True;0,0;0;0;5,0;0,0;0,0;;;2024-03;28533,0
V6709160927;2024-03-01;12:57;S01;Premium;Centre-ville;50;non;['New Balance'];9,0;9h/18h;open 6/7;6;54;5;E0002;Requin;2900;127;2015-10-11;Salesforce;0,05;0,95;C0113;M;63;;True;impulsif;0;5;P030;New Balance;Casual;Elite;Sunny Yellow;30;59,75;59,75;True;0,0;0;0;5,0;0,0;0,0;;;2024-03;28533,0
V6709160927;2024-03-01;12:57;S01;Premium;Centre-ville;50;;['New Balance'];;9h/18h;open 6/7;6;54;5;E0002;Requin;2900;127;2015-10-11;Salesforce;0,05;0,95;C0113;M;63;;True;impulsif;0;5;G030;Bonnet;Bonnet;Bonnet;None;S;30,0;30,0;False;0,0;0;0;0,0;0,0;0,0;non;9,0;2024-03;28533,0
V6709160927;2024-03-01;12:57;S01;Premium;Centre-ville;50;;['New Balance'];;9h/18h;open 6/7;6;54;5;E0002;Requin;2900;127;2015-10-11;Salesforce;0,05;0,95;C0113;M;63;;True;impulsif;0;5;G030;Lunettes;Lunettes;Lunettes;None;M;30,0;30,0;False;0,0;0;0;0,0;0,0;0,0;non;9,0;2024-03;28533,0
V3718272882;2024-03-28;16:54;S01;Premium;Centre-ville;50;non;['New Balance'];9,0;9h/18h;open 6/7;6;54;5;E0002;Requin;2900;127;2015-10-11;Salesforce;0,05;0,95;C0145;M;43;;True;chasseur_de_promos;0;5;P030;New Balance;Casual;Elite;Sunny Yellow;30;59,75;59,75;True;0,0;0;0;5,0;0,0;0,0;;;2024-03;28533,0
V1538624000;2024-03-28;11:22;S01;Premium;Centre-ville;50;non;['New Balance'];9,0;9h/18h;open 6/7;6;54;5;E0005;Expérimenté;2800;106;2017-07-01;Salesforce;0,05;0,95;C0095;M;45;;True;chasseur_de_promos;0;11;P037;New Balance;Running;Elite;Premium Black;41;114,45;114,45;False;0,0;0;0;5,0;0,0;0,0;;;2024-03;28533,0
V8472785702;2024-03-04;14:45;S01;Premium;Centre-ville;50;non;['New Balance'];9,0;9h/18h;open 6/7;6;54;5;E0003;Jeune prometteur;2100;67;2020-09-04;Salesforce;0,13;0,87;C0027;F;31;;True;chasseur_de_promos;0;14;P040;New Balance;Running;Air;Deep Purple;43;145,95;145,95;False;0,0;0;0;5,0;0,0;0,0;;;2024-03;28533,0
V5520787759;2024-03-20;18:46;S01;Premium;Centre-ville;50;non;['New Balance'];9,0;9h/18h;open 6/7;6;54;5;E0002;Requin;2900;127;2015-10-11;Salesforce;0,05;0,95;C0294;F;43;;True;sneakerhead;0;5;P030;New Balance;Casual;Elite;Sunny Yellow;30;59,75;59,75;True;0,0;0;0;5,0;0,0;0,0;;;2024-03;28533,0
V2232093777;2024-03-23;15:37;S01;Premium;Centre-ville;50;non;['New Balance'];9,0;9h/18h;open 6/7;6;54;5;E0003;Jeune prometteur;2100;67;2020-09-04;Salesforce;0,13;0,87;C0122;M;44;;True;sneakerhead;0;15;P010;New Balance;Running;Flex;Red Blood;42;152,25;152,25;False;0,0;0;0;5,0;0,0;0,0;;;2024-03;28533,0
V1849910413;2024-03-27;16:22;S01;Premium;Centre-ville;50;non;['New Balance'];9,0;9h/18h;open 6/7;6;54;5;E0002;Requin;2900;127;2015-10-11;Salesforce;0,05;0,95;C0162;M;33;;True;impulsif;0;15;P031;New Balance;Casual;Flex;Brown Bear;42;152,25;152,25;False;0,0;0;0;5,0;0,0;0,0;;;2024-03;28533,0
V1849910413;2024-03-27;16:22;S01;Premium;Centre-ville;50;;['New Balance'];;9h/18h;open 6/7;6;54;5;E0002;Requin;2900;127;2015-10-11;Salesforce;0,05;0,95;C0162;M;33;;True;impulsif;0;15;G031;Bonnet;Bonnet;Bonnet;None;XS;10,0;10,0;False;0,0;0;0;0,0;0,0;0,0;non;9,0;2024-03;28533,0
V8573116857;2024-03-09;16:00;S01;Premium;Centre-ville;50;non;['New Balance'];9,0;9h/18h;open 6/7;6;54;5;E0002;Requin;2900;127;2015-10-11;Salesforce;0,05;0,95;C0298;F;22;;True;chasseur_de_promos;0;5;P030;New Balance;Casual;Elite;Sunny Yellow;30;59,75;59,75;True;0,0;0;0;5,0;0,0;0,0;;;2024-03;28533,0
V2722934460;2024-03-23;14:58;S01;Premium;Centre-ville;50;non;['New Balance'];9,0;9h/18h;open 6/7;6;54;5;E0005;Expérimenté;2800;106;2017-07-01;Salesforce;0,05;0,95;C0278;F;42;;True;sneakerhead;0;5;P030;New Balance;Casual;Elite;Sunny Yellow;30;59,75;59,75;True;0,0;0;0;5,0;0,0;0,0;;;2024-03;28533,0
V7061807623;2024-03-20;10:38;S01;Premium;Centre-ville;50;non;['New Balance'];9,0;9h/18h;open 6/7;6;54;5;E0005;Expérimenté;2800;106;2017-07-01;Salesforce;0,05;0,95;C0144;M;37;;True;chasseur_de_promos;0;11;P037;New Balance;Running;Elite;Premium Black;41;114,45;114,45;False;0,0;0;0;5,0;0,0;0,0;;;2024-03;28533,0
V5262771883;2024-03-21;11:19;S01;Premium;Centre-ville;50;non;['New Balance'];9,0;9h/18h;open 6/7;6;54;5;E0003;Jeune prometteur;2100;67;2020-09-04;Salesforce;0,13;0,87;C0262;F;55;;True;chasseur_de_promos;0;15;P031;New Balance;Casual;Flex;Brown Bear;42;152,25;152,25;False;0,0;0;0;5,0;0,0;0,0;;;2024-03;28533,0
V1066030741;2024-03-30;09:01;S01;Premium;Centre-ville;50;non;['New Balance'];9,0;9h/18h;open 6/7;6;54;5;E0004;Blasé;2600;246;2006-01-09;Manager;0,21;0,79;C0031;M;53;;True;sneakerhead;0;5;P030;New Balance;Casual;Elite;Sunny Yellow;30;59,75;59,75;True;0,0;0;0;5,0;0,0;0,0;;;2024-03;28533,0
V5826163191;2024-03-27;13:51;S01;Premium;Centre-ville;50;non;['New Balance'];9,0;9h/18h;open 6/7;6;54;5;E0001;Jeune prometteur;2000;45;2022-07-17;Salesforce;0,12;0,88;C0066;M;35;;True;impulsif;0;13;P035;New Balance;Basketball;Zoom;Pink;37;135,45;135,45;False;0,0;0;0;5,0;0,0;0,0;;;2024-03;28533,0
V8570010770;2024-03-27;17:41;S01;Premium;Centre-ville;50;non;['New Balance'];9,0;9h/18h;open 6/7;6;54;5;E0005;Expérimenté;2800;106;2017-07-01;Salesforce;0,05;0,95;C0129;F;34;;True;sneakerhead;0;5;P030;New Balance;Casual;Elite;Sunny Yellow;30;59,75;59,75;True;0,0;0;0;5,0;0,0;0,0;;;2024-03;28533,0
V8648591297;2024-03-08;15:05;S01;Premium;Centre-ville;50;non;['New Balance'];9,0;9h/18h;open 6/7;6;54;5;E0002;Requin;2900;127;2015-10-11;Salesforce;0,05;0,95;C0124;F;34;;True;sneakerhead;0;5;P030;New Balance;Casual;Elite;Sunny Yellow;30;59,75;59,75;True;0,0;0;0;5,0;0,0;0,0;;;2024-03;28533,0
V9468735976;2024-03-18;16:23;S01;Premium;Centre-ville;50;non;['New Balance'];9,0;9h/18h;open 6/7;6;54;5;E0002;Requin;2900;127;2015-10-11;Salesforce;0,05;0,95;C0275;M;33;;False;chasseur_de_promos;0;0;P030;New Balance;Casual;Elite;Sunny Yellow;30;59,75;59,75;True;0,0;0;0;5,0;0,0;0,0;;;2024-03;28533,0
V8327992337;2024-03-08;13:30;S01;Premium;Centre-ville;50;non;['New Balance'];9,0;9h/18h;open 6/7;6;54;5;E0002;Requin;2900;127;2015-10-11;Salesforce;0,05;0,95;C0266;M;25;;True;sneakerhead;0;5;P030;New Balance;Casual;Elite;Sunny Yellow;30;32,75;59,75;True;27,0;27;0;5,0;0,0;45,2;;;2024-03;28533,0
V8327992337;2024-03-08;13:30;S01;Premium;Centre-ville;50;;['New Balance'];;9h/18h;open 6/7;6;54;5;E0002;Requin;2900;127;2015-10-11;Salesforce;0,05;0,95;C0266;M;25;;True;sneakerhead;0;5;G030;Bonnet;Bonnet;Bonnet;None;XL;20,0;20,0;False;0,0;0;0;0,0;0,0;0,0;non;9,0;2024-03;28533,0
V1046973519;2024-03-09;12:28;S01;Premium;Centre-ville;50;non;['New Balance'];9,0;9h/18h;open 6/7;6;54;5;E0001;Jeune prometteur;2000;45;2022-07-17;Salesforce;0,12;0,88;C0226;F;36;;True;impulsif;0;5;P030;New Balance;Casual;Elite;Sunny Yellow;30;59,75;59,75;True;0,0;0;0;5,0;0,0;0,0;;;2024-03;28533,0
V4747551800;2024-03-21;10:10;S01;Premium;Centre-ville;50;non;['New Balance'];9,0;9h/18h;open 6/7;6;54;5;E0004;Blasé;2600;246;2006-01-09;Manager;0,21;0,79;C0005;F;28;;True;chasseur_de_promos;0;16;P034;New Balance;Basketball;Zoom;Premium Black;39;166,95;166,95;False;0,0;0;0;5,0;0,0;0,0;;;2024-03;28533,0
V4492233052;2024-03-06;15:11;S01;Premium;Centre-ville;50;non;['New Balance'];9,0;9h/18h;open 6/7;6;54;5;E0002;Requin;2900;127;2015-10-11;Salesforce;0,05;0,95;C0009;F;45;;True;chasseur_de_promos;10;5;P030;New Balance;Casual;Elite;Sunny Yellow;30;58,75;59,75;True;1,0;0;1;5,0;0,0;1,7;;;2024-03;28533,0
V4492233052;2024-03-06;15:11;S01;Premium;Centre-ville;50;;['New Balance'];;9h/18h;open 6/7;6;54;5;E0002;Requin;2900;127;2015-10-11;Salesforce;0,05;0,95;C0009;F;45;;True;chasseur_de_promos;10;5;G030;Lacets;Lacets;Lacets;None;M;20,0;20,0;False;0,0;0;0;0,0;0,0;0,0;non;9,0;2024-03;28533,0
V2286324337;2024-03-23;11:44;S01;Premium;Centre-ville;50;non;['New Balance'];9,0;9h/18h;open 6/7;6;54;5;E0005;Expérimenté;2800;106;2017-07-01;Salesforce;0,05;0,95;C0146;F;40;;True;impulsif;0;13;P035;New Balance;Basketball;Zoom;Pink;37;135,45;135,45;False;0,0;0;0;5,0;0,0;0,0;;;2024-03;28533,0
V5026057779;2024-03-30;18:54;S01;Premium;Centre-ville;50;non;['New Balance'];9,0;9h/18h;open 6/7;6;54;5;E0002;Requin;2900;127;2015-10-11;Salesforce;0,05;0,95;C0018;M;36;;True;chasseur_de_promos;0;5;P030;New Balance;Casual;Elite;Sunny Yellow;30;59,75;59,75;True;0,0;0;0;5,0;0,0;0,0;;;2024-03;28533,0
V9457441433;2024-03-05;12:01;S01;Premium;Centre-ville;50;non;['New Balance'];9,0;9h/18h;open 6/7;6;54;5;E0005;Expérimenté;2800;106;2017-07-01;Salesforce;0,05;0,95;C0282;M;48;;False;sneakerhead;0;0;P030;New Balance;Casual;Elite;Sunny Yellow;30;59,75;59,75;True;0,0;0;0;5,0;0,0;0,0;;;2024-03;28533,0
V5964375732;2024-03-29;10:16;S01;Premium;Centre-ville;50;non;['New Balance'];9,0;9h/18h;open 6/7;6;54;5;E0002;Requin;2900;127;2015-10-11;Salesforce;0,05;0,95;C0100;F;39;;True;impulsif;0;16;P034;New Balance;Basketball;Zoom;Premium Black;39;166,95;166,95;False;0,0;0;0;5,0;0,0;0,0;;;2024-03;28533,0
V5964375732;2024-03-29;10:16;S01;Premium;Centre-ville;50;;['New Balance'];;9h/18h;open 6/7;6;54;5;E0002;Requin;2900;127;2015-10-11;Salesforce;0,05;0,95;C0100;F;39;;True;impulsif;0;16;G034;Bonnet;Bonnet;Bonnet;None;XS;30,0;30,0;False;0,0;0;0;0,0;0,0;0,0;non;9,0;2024-03;28533,0
V6433666644;2024-03-20;10:57;S01;Premium;Centre-ville;50;non;['New Balance'];9,0;9h/18h;open 6/7;6;54;5;E0002;Requin;2900;127;2015-10-11;Salesforce;0,05;0,95;C0160;M;50;;True;sneakerhead;0;15;P031;New Balance;Casual;Flex;Brown Bear;42;152,25;152,25;False;0,0;0;0;5,0;0,0;0,0;;;2024-03;28533,0
V6433666644;2024-03-20;10:57;S01;Premium;Centre-ville;50;;['New Balance'];;9h/18h;open 6/7;6;54;5;E0002;Requin;2900;127;2015-10-11;Salesforce;0,05;0,95;C0160;M;50;;True;sneakerhead;0;15;G031;Bonnet;Bonnet;Bonnet;None;XS;40,0;40,0;False;0,0;0;0;0,0;0,0;0,0;non;9,0;2024-03;28533,0
V5371129947;2024-03-27;11:30;S01;Premium;Centre-ville;50;non;['New Balance'];9,0;9h/18h;open 6/7;6;54;5;E0005;Expérimenté;2800;106;2017-07-01;Salesforce;0,05;0,95;C0028;M;35;;False;impulsif;0;0;P010;New Balance;Running;Flex;Red Blood;42;152,25;152,25;False;0,0;0;0;5,0;0,0;0,0;;;2024-03;28533,0
V1898288482;2024-04-01;18:49;S01;Premium;Centre-ville;50;non;['New Balance'];9,0;9h/18h;open 6/7;6;54;5;E0002;Requin;2900;127;2015-10-11;Salesforce;0,05;0,95;C0122;M;44;;True;sneakerhead;0;16;P034;New Balance;Basketball;Zoom;Premium Black;39;112,94999999999999;166,95;False;54,0;54;0;5,0;0,0;32,3;;;2024-04;6745,44
V4563556579;2024-04-18;15:44;S01;Premium;Centre-ville;50;non;['New Balance'];9,0;9h/18h;open 6/7;6;54;5;E0002;Requin;2900;127;2015-10-11;Salesforce;0,05;0,95;C0298;F;22;;True;chasseur_de_promos;0;5;P030;New Balance;Casual;Elite;Sunny Yellow;30;53,75;59,75;True;6,0;6;0;5,0;0,0;10,0;;;2024-04;6745,44
V8199824330;2024-04-06;12:32;S01;Premium;Centre-ville;50;non;['New Balance'];9,0;9h/18h;open 6/7;6;54;5;E0001;Jeune prometteur;2000;45;2022-07-17;Salesforce;0,12;0,88;C0169;F;37;;False;chasseur_de_promos;0;0;P030;New Balance;Casual;Elite;Sunny Yellow;30;59,75;59,75;True;0,0;0;0;5,0;0,0;0,0;;;2024-04;6745,44
V6199111495;2024-04-20;14:38;S01;Premium;Centre-ville;50;non;['New Balance'];9,0;9h/18h;open 6/7;6;54;5;E0002;Requin;2900;127;2015-10-11;Salesforce;0,05;0,95;C0083;F;54;;False;impulsif;0;0;P030;New Balance;Casual;Elite;Sunny Yellow;30;59,75;59,75;True;0,0;0;0;5,0;0,0;0,0;;;2024-04;6745,44
V6199111495;2024-04-20;14:38;S01;Premium;Centre-ville;50;;['New Balance'];;9h/18h;open 6/7;6;54;5;E0002;Requin;2900;127;2015-10-11;Salesforce;0,05;0,95;C0083;F;54;;False;impulsif;0;0;G030;Bonnet;Bonnet;Bonnet;None;XS;20,0;20,0;False;0,0;0;0;0,0;0,0;0,0;non;9,0;2024-04;6745,44
V5970888652;2024-04-20;11:58;S01;Premium;Centre-ville;50;non;['New Balance'];9,0;9h/18h;open 6/7;6;54;5;E0001;Jeune prometteur;2000;45;2022-07-17;Salesforce;0,12;0,88;C0183;M;60;;True;sneakerhead;0;5;P030;New Balance;Casual;Elite;Sunny Yellow;30;59,75;59,75;True;0,0;0;0;5,0;0,0;0,0;;;2024-04;6745,44
V3106536197;2024-04-19;18:17;S01;Premium;Centre-ville;50;non;['New Balance'];9,0;9h/18h;open 6/7;6;54;5;E0002;Requin;2900;127;2015-10-11;Salesforce;0,05;0,95;C0130;F;37;;False;impulsif;0;0;P030;New Balance;Casual;Elite;Sunny Yellow;30;59,75;59,75;True;0,0;0;0;5,0;0,0;0,0;;;2024-04;6745,44
V3106536197;2024-04-19;18:17;S01;Premium;Centre-ville;50;;['New Balance'];;9h/18h;open 6/7;6;54;5;E0002;Requin;2900;127;2015-10-11;Salesforce;0,05;0,95;C0130;F;37;;False;impulsif;0;0;G030;Lacets;Lacets;Lacets;None;XL;10,0;10,0;False;0,0;0;0;0,0;0,0;0,0;non;9,0;2024-04;6745,44
V1268856491;2024-04-15;17:54;S01;Premium;Centre-ville;50;non;['New Balance'];9,0;9h/18h;open 6/7;6;54;5;E0005;Expérimenté;2800;106;2017-07-01;Salesforce;0,05;0,95;C0187;F;39;;True;sneakerhead;0;5;P030;New Balance;Casual;Elite;Sunny Yellow;30;59,75;59,75;True;0,0;0;0;5,0;0,0;0,0;;;2024-04;6745,44
V3209238726;2024-04-12;11:04;S01;Premium;Centre-ville;50;non;['New Balance'];9,0;9h/18h;open 6/7;6;54;5;E0001;Jeune prometteur;2000;45;2022-07-17;Salesforce;0,12;0,88;C0268;F;38;;True;sneakerhead;0;16;P034;New Balance;Basketball;Zoom;Premium Black;39;166,95;166,95;False;0,0;0;0;5,0;0,0;0,0;;;2024-04;6745,44
V1976367803;2024-04-29;16:50;S01;Premium;Centre-ville;50;non;['New Balance'];9,0;9h/18h;open 6/7;6;54;5;E0005;Expérimenté;2800;106;2017-07-01;Salesforce;0,05;0,95;C0113;M;63;;True;impulsif;0;13;P035;New Balance;Basketball;Zoom;Pink;37;115,44999999999999;135,45;False;20,0;20;0;5,0;0,0;14,8;;;2024-04;6745,44
V7758267984;2024-04-27;10:57;S01;Premium;Centre-ville;50;non;['New Balance'];9,0;9h/18h;open 6/7;6;54;5;E0003;Jeune prometteur;2100;67;2020-09-04;Salesforce;0,13;0,87;C0175;M;43;;False;impulsif;0;0;P031;New Balance;Casual;Flex;Brown Bear;42;152,25;152,25;False;0,0;0;0;5,0;0,0;0,0;;;2024-04;6745,44
V7654019818;2024-04-18;16:29;S01;Premium;Centre-ville;50;non;['New Balance'];9,0;9h/18h;open 6/7;6;54;5;E0001;Jeune prometteur;2000;45;2022-07-17;Salesforce;0,12;0,88;C0106;M;36;;True;sneakerhead;0;13;P035;New Balance;Basketball;Zoom;Pink;37;135,45;135,45;False;0,0;0;0;5,0;0,0;0,0;;;2024-04;6745,44
V9026316070;2024-04-24;09:25;S01;Premium;Centre-ville;50;non;['New Balance'];9,0;9h/18h;open 6/7;6;54;5;E0001;Jeune prometteur;2000;45;2022-07-17;Salesforce;0,12;0,88;C0099;F;46;;False;impulsif;0;0;P030;New Balance;Casual;Elite;Sunny Yellow;30;59,75;59,75;True;0,0;0;0;5,0;0,0;0,0;;;2024-04;6745,44
V8729598139;2024-04-12;13:32;S01;Premium;Centre-ville;50;non;['New Balance'];9,0;9h/18h;open 6/7;6;54;5;E0001;Jeune prometteur;2000;45;2022-07-17;Salesforce;0,12;0,88;C0091;M;30;;False;impulsif;0;0;P034;New Balance;Basketball;Zoom;Premium Black;39;166,95;166,95;False;0,0;0;0;5,0;0,0;0,0;;;2024-04;6745,44
V3697404025;2024-04-05;18:20;S01;Premium;Centre-ville;50;non;['New Balance'];9,0;9h/18h;open 6/7;6;54;5;E0001;Jeune prometteur;2000;45;2022-07-17;Salesforce;0,12;0,88;C0031;M;53;;True;sneakerhead;0;13;P035;New Balance;Basketball;Zoom;Pink;37;135,45;135,45;False;0,0;0;0;5,0;0,0;0,0;;;2024-04;6745,44
V3697404025;2024-04-05;18:20;S01;Premium;Centre-ville;50;;['New Balance'];;9h/18h;open 6/7;6;54;5;E0001;Jeune prometteur;2000;45;2022-07-17;Salesforce;0,12;0,88;C0031;M;53;;True;sneakerhead;0;13;G035;Lacets;Lacets;Lacets;None;L;40,0;40,0;False;0,0;0;0;0,0;0,0;0,0;non;9,0;2024-04;6745,44
V7190023274;2024-04-25;13:22;S01;Premium;Centre-ville;50;non;['New Balance'];9,0;9h/18h;open 6/7;6;54;5;E0002;Requin;2900;127;2015-10-11;Salesforce;0,05;0,95;C0258;F;41;;False;impulsif;0;0;P030;New Balance;Casual;Elite;Sunny Yellow;30;59,75;59,75;True;0,0;0;0;5,0;0,0;0,0;;;2024-04;6745,44
V7190023274;2024-04-25;13:22;S01;Premium;Centre-ville;50;;['New Balance'];;9h/18h;open 6/7;6;54;5;E0002;Requin;2900;127;2015-10-11;Salesforce;0,05;0,95;C0258;F;41;;False;impulsif;0;0;G030;Bonnet;Bonnet;Bonnet;None;L;20,0;20,0;False;0,0;0;0;0,0;0,0;0,0;non;9,0;2024-04;6745,44
V1156310937;2024-04-27;14:32;S01;Premium;Centre-ville;50;non;['New Balance'];9,0;9h/18h;open 6/7;6;54;5;E0003;Jeune prometteur;2100;67;2020-09-04;Salesforce;0,13;0,87;C0079;M;38;;False;impulsif;0;0;P031;New Balance;Casual;Flex;Brown Bear;42;152,25;152,25;False;0,0;0;0;5,0;0,0;0,0;;;2024-04;6745,44
V1429632416;2024-04-12;13:26;S01;Premium;Centre-ville;50;non;['New Balance'];9,0;9h/18h;open 6/7;6;54;5;E0005;Expérimenté;2800;106;2017-07-01;Salesforce;0,05;0,95;C0166;F;33;;True;sneakerhead;0;15;P031;New Balance;Casual;Flex;Brown Bear;42;152,25;152,25;False;0,0;0;0;5,0;0,0;0,0;;;2024-04;6745,44
V8727987169;2024-04-05;17:35;S01;Premium;Centre-ville;50;non;['New Balance'];9,0;9h/18h;open 6/7;6;54;5;E0004;Blasé;2600;246;2006-01-09;Manager;0,21;0,79;C0256;F;48;;True;sneakerhead;0;15;P031;New Balance;Casual;Flex;Brown Bear;42;152,25;152,25;False;0,0;0;0;5,0;0,0;0,0;;;2024-04;6745,44
V9064672413;2024-04-26;18:37;S01;Premium;Centre-ville;50;non;['New Balance'];9,0;9h/18h;open 6/7;6;54;5;E0005;Expérimenté;2800;106;2017-07-01;Salesforce;0,05;0,95;C0197;F;29;;True;chasseur_de_promos;0;14;P040;New Balance;Running;Air;Deep Purple;43;145,95;145,95;False;0,0;0;0;5,0;0,0;0,0;;;2024-04;6745,44
V3007605362;2024-04-27;17:10;S01;Premium;Centre-ville;50;non;['New Balance'];9,0;9h/18h;open 6/7;6;54;5;E0002;Requin;2900;127;2015-10-11;Salesforce;0,05;0,95;C0060;F;25;;True;impulsif;20;5;P030;New Balance;Casual;Elite;Sunny Yellow;30;57,75;59,75;True;2,0;0;2;5,0;0,0;3,3;;;2024-04;6745,44
V7829242630;2024-04-16;12:09;S01;Premium;Centre-ville;50;non;['New Balance'];9,0;9h/18h;open 6/7;6;54;5;E0002;Requin;2900;127;2015-10-11;Salesforce;0,05;0,95;C0203;M;33;;False;impulsif;0;0;P030;New Balance;Casual;Elite;Sunny Yellow;30;59,75;59,75;True;0,0;0;0;5,0;0,0;0,0;;;2024-04;6745,44
V1225135848;2024-04-04;13:48;S01;Premium;Centre-ville;50;non;['New Balance'];9,0;9h/18h;open 6/7;6;54;5;E0001;Jeune prometteur;2000;45;2022-07-17;Salesforce;0,12;0,88;C0113;M;63;;True;impulsif;0;13;P035;New Balance;Basketball;Zoom;Pink;37;135,45;135,45;False;0,0;0;0;5,0;0,0;0,0;;;2024-04;6745,44
V2405301040;2024-04-25;15:16;S01;Premium;Centre-ville;50;non;['New Balance'];9,0;9h/18h;open 6/7;6;54;5;E0001;Jeune prometteur;2000;45;2022-07-17;Salesforce;0,12;0,88;C0256;F;48;;True;sneakerhead;0;5;P030;New Balance;Casual;Elite;Sunny Yellow;30;59,75;59,75;True;0,0;0;0;5,0;0,0;0,0;;;2024-04;6745,44
V8620423891;2024-04-15;18:34;S01;Premium;Centre-ville;50;non;['New Balance'];9,0;9h/18h;open 6/7;6;54;5;E0002;Requin;2900;127;2015-10-11;Salesforce;0,05;0,95;C0281;F;37;;False;chasseur_de_promos;0;0;P030;New Balance;Casual;Elite;Sunny Yellow;30;53,75;59,75;True;6,0;6;0;5,0;0,0;10,0;;;2024-04;6745,44
V6875219757;2024-04-25;13:50;S01;Premium;Centre-ville;50;non;['New Balance'];9,0;9h/18h;open 6/7;6;54;5;E0003;Jeune prometteur;2100;67;2020-09-04;Salesforce;0,13;0,87;C0083;F;54;;False;impulsif;0;0;P030;New Balance;Casual;Elite;Sunny Yellow;30;59,75;59,75;True;0,0;0;0;5,0;0,0;0,0;;;2024-04;6745,44
V3324496581;2024-04-11;12:06;S01;Premium;Centre-ville;50;non;['New Balance'];9,0;9h/18h;open 6/7;6;54;5;E0002;Requin;2900;127;2015-10-11;Salesforce;0,05;0,95;C0004;M;57;;False;chasseur_de_promos;0;0;P030;New Balance;Casual;Elite;Sunny Yellow;30;59,75;59,75;True;0,0;0;0;5,0;0,0;0,0;;;2024-04;6745,44
V3324496581;2024-04-11;12:06;S01;Premium;Centre-ville;50;;['New Balance'];;9h/18h;open 6/7;6;54;5;E0002;Requin;2900;127;2015-10-11;Salesforce;0,05;0,95;C0004;M;57;;False;chasseur_de_promos;0;0;G030;Bonnet;Bonnet;Bonnet;None;L;30,0;30,0;False;0,0;0;0;0,0;0,0;0,0;non;9,0;2024-04;6745,44
V1095308382;2024-04-09;09:47;S01;Premium;Centre-ville;50;non;['New Balance'];9,0;9h/18h;open 6/7;6;54;5;E0002;Requin;2900;127;2015-10-11;Salesforce;0,05;0,95;C0044;F;26;;True;sneakerhead;0;5;P030;New Balance;Casual;Elite;Sunny Yellow;30;54,74;59,75;True;5,01;0;0;5,0;5,01;8,4;;;2024-04;6745,44
V7760192620;2024-04-09;16:23;S01;Premium;Centre-ville;50;non;['New Balance'];9,0;9h/18h;open 6/7;6;54;5;E0002;Requin;2900;127;2015-10-11;Salesforce;0,05;0,95;C0012;M;38;;False;impulsif;0;0;P030;New Balance;Casual;Elite;Sunny Yellow;30;59,75;59,75;True;0,0;0;0;5,0;0,0;0,0;;;2024-04;6745,44
V7760192620;2024-04-09;16:23;S01;Premium;Centre-ville;50;;['New Balance'];;9h/18h;open 6/7;6;54;5;E0002;Requin;2900;127;2015-10-11;Salesforce;0,05;0,95;C0012;M;38;;False;impulsif;0;0;G030;Lacets;Lacets;Lacets;None;S;20,0;20,0;False;0,0;0;0;0,0;0,0;0,0;non;9,0;2024-04;6745,44
V7760192620;2024-04-09;16:23;S01;Premium;Centre-ville;50;;['New Balance'];;9h/18h;open 6/7;6;54;5;E0002;Requin;2900;127;2015-10-11;Salesforce;0,05;0,95;C0012;M;38;;False;impulsif;0;0;G030;Tee-short;Tee-short;Tee-short;None;L;30,0;30,0;False;0,0;0;0;0,0;0,0;0,0;non;9,0;2024-04;6745,44
V6688648309;2024-04-05;18:30;S01;Premium;Centre-ville;50;non;['New Balance'];9,0;9h/18h;open 6/7;6;54;5;E0005;Expérimenté;2800;106;2017-07-01;Salesforce;0,05;0,95;C0081;M;34;;False;chasseur_de_promos;0;0;P031;New Balance;Casual;Flex;Brown Bear;42;137,25;152,25;False;15,0;15;0;5,0;0,0;9,9;;;2024-04;6745,44
V8463805528;2024-04-13;14:05;S01;Premium;Centre-ville;50;non;['New Balance'];9,0;9h/18h;open 6/7;6;54;5;E0004;Blasé;2600;246;2006-01-09;Manager;0,21;0,79;C0220;M;42;;True;sneakerhead;40;5;P030;New Balance;Casual;Elite;Sunny Yellow;30;55,75;59,75;True;4,0;0;4;5,0;0,0;6,7;;;2024-04;6745,44
V3668075558;2024-04-22;18:51;S01;Premium;Centre-ville;50;non;['New Balance'];9,0;9h/18h;open 6/7;6;54;5;E0002;Requin;2900;127;2015-10-11;Salesforce;0,05;0,95;C0281;F;37;;False;chasseur_de_promos;0;0;P030;New Balance;Casual;Elite;Sunny Yellow;30;59,75;59,75;True;0,0;0;0;5,0;0,0;0,0;;;2024-04;6745,44
V6991307856;2024-04-12;14:49;S01;Premium;Centre-ville;50;non;['New Balance'];9,0;9h/18h;open 6/7;6;54;5;E0002;Requin;2900;127;2015-10-11;Salesforce;0,05;0,95;C0234;F;60;;True;chasseur_de_promos;0;5;P030;New Balance;Casual;Elite;Sunny Yellow;30;59,75;59,75;True;0,0;0;0;5,0;0,0;0,0;;;2024-04;6745,44
V6991307856;2024-04-12;14:49;S01;Premium;Centre-ville;50;;['New Balance'];;9h/18h;open 6/7;6;54;5;E0002;Requin;2900;127;2015-10-11;Salesforce;0,05;0,95;C0234;F;60;;True;chasseur_de_promos;0;5;G030;Echarpe;Echarpe;Echarpe;None;XS;20,0;20,0;False;0,0;0;0;0,0;0,0;0,0;non;9,0;2024-04;6745,44
V8298019920;2024-04-17;18:55;S01;Premium;Centre-ville;50;non;['New Balance'];9,0;9h/18h;open 6/7;6;54;5;E0005;Expérimenté;2800;106;2017-07-01;Salesforce;0,05;0,95;C0026;M;50;;True;sneakerhead;40;5;P030;New Balance;Casual;Elite;Sunny Yellow;30;55,75;59,75;True;4,0;0;4;5,0;0,0;6,7;;;2024-04;6745,44
V7336184722;2024-04-19;11:51;S01;Premium;Centre-ville;50;non;['New Balance'];9,0;9h/18h;open 6/7;6;54;5;E0003;Jeune prometteur;2100;67;2020-09-04;Salesforce;0,13;0,87;C0222;M;49;;True;chasseur_de_promos;0;13;P035;New Balance;Basketball;Zoom;Pink;37;135,45;135,45;False;0,0;0;0;5,0;0,0;0,0;;;2024-04;6745,44
V9245488960;2024-04-08;15:06;S01;Premium;Centre-ville;50;non;['New Balance'];9,0;9h/18h;open 6/7;6;54;5;E0002;Requin;2900;127;2015-10-11;Salesforce;0,05;0,95;C0272;M;50;;True;sneakerhead;20;5;P030;New Balance;Casual;Elite;Sunny Yellow;30;57,75;59,75;True;2,0;0;2;5,0;0,0;3,3;;;2024-04;6745,44
V9245488960;2024-04-08;15:06;S01;Premium;Centre-ville;50;;['New Balance'];;9h/18h;open 6/7;6;54;5;E0002;Requin;2900;127;2015-10-11;Salesforce;0,05;0,95;C0272;M;50;;True;sneakerhead;20;5;G030;Bonnet;Bonnet;Bonnet;None;L;30,0;30,0;False;0,0;0;0;0,0;0,0;0,0;non;9,0;2024-04;6745,44
V2448869000;2024-04-24;16:08;S01;Premium;Centre-ville;50;non;['New Balance'];9,0;9h/18h;open 6/7;6;54;5;E0001;Jeune prometteur;2000;45;2022-07-17;Salesforce;0,12;0,88;C0006;M;44;New Balance;True;fidèle_marque;0;16;P034;New Balance;Basketball;Zoom;Premium Black;39;166,95;166,95;False;0,0;0;0;5,0;0,0;0,0;;;2024-04;6745,44
V1179049397;2024-04-01;11:08;S01;Premium;Centre-ville;50;non;['New Balance'];9,0;9h/18h;open 6/7;6;54;5;E0001;Jeune prometteur;2000;45;2022-07-17;Salesforce;0,12;0,88;C0168;M;35;;True;impulsif;0;13;P035;New Balance;Basketball;Zoom;Pink;37;135,45;135,45;False;0,0;0;0;5,0;0,0;0,0;;;2024-04;6745,44
V1179049397;2024-04-01;11:08;S01;Premium;Centre-ville;50;;['New Balance'];;9h/18h;open 6/7;6;54;5;E0001;Jeune prometteur;2000;45;2022-07-17;Salesforce;0,12;0,88;C0168;M;35;;True;impulsif;0;13;G035;Lacets;Lacets;Lacets;None;M;10,0;10,0;False;0,0;0;0;0,0;0,0;0,0;non;9,0;2024-04;6745,44
V8320941040;2024-04-16;18:11;S01;Premium;Centre-ville;50;non;['New Balance'];9,0;9h/18h;open 6/7;6;54;5;E0002;Requin;2900;127;2015-10-11;Salesforce;0,05;0,95;C0008;F;42;;True;impulsif;0;5;P030;New Balance;Casual;Elite;Sunny Yellow;30;59,75;59,75;True;0,0;0;0;5,0;0,0;0,0;;;2024-04;6745,44
V1081040407;2024-04-27;11:18;S01;Premium;Centre-ville;50;non;['New Balance'];9,0;9h/18h;open 6/7;6;54;5;E0005;Expérimenté;2800;106;2017-07-01;Salesforce;0,05;0,95;C0273;F;53;;True;sneakerhead;0;5;P030;New Balance;Casual;Elite;Sunny Yellow;30;46,75;59,75;True;13,0;13;0;5,0;0,0;21,8;;;2024-04;6745,44
V4309717908;2024-04-08;15:41;S01;Premium;Centre-ville;50;non;['New Balance'];9,0;9h/18h;open 6/7;6;54;5;E0003;Jeune prometteur;2100;67;2020-09-04;Salesforce;0,13;0,87;C0027;F;31;;True;chasseur_de_promos;0;15;P031;New Balance;Casual;Flex;Brown Bear;42;152,25;152,25;False;0,0;0;0;5,0;0,0;0,0;;;2024-04;6745,44
V7187027520;2024-04-05;11:31;S01;Premium;Centre-ville;50;non;['New Balance'];9,0;9h/18h;open 6/7;6;54;5;E0004;Blasé;2600;246;2006-01-09;Manager;0,21;0,79;C0166;F;33;;True;sneakerhead;0;15;P010;New Balance;Running;Flex;Red Blood;42;152,25;152,25;False;0,0;0;0;5,0;0,0;0,0;;;2024-04;6745,44
V6252358014;2024-04-02;16:59;S01;Premium;Centre-ville;50;non;['New Balance'];9,0;9h/18h;open 6/7;6;54;5;E0001;Jeune prometteur;2000;45;2022-07-17;Salesforce;0,12;0,88;C0189;M;34;;False;chasseur_de_promos;0;0;P035;New Balance;Basketball;Zoom;Pink;37;128,67999999999998;135,45;False;6,77;0;0;5,0;6,77;5,0;;;2024-04;6745,44
V6903131445;2024-04-23;13:20;S01;Premium;Centre-ville;50;non;['New Balance'];9,0;9h/18h;open 6/7;6;54;5;E0001;Jeune prometteur;2000;45;2022-07-17;Salesforce;0,12;0,88;C0243;F;49;;True;impulsif;0;10;P035;New Balance;Basketball;Zoom;Pink;37;108,35999999999999;135,45;False;27,09;0;0;5,0;27,09;20,0;;;2024-04;6745,44
V3093382557;2024-04-27;09:09;S01;Premium;Centre-ville;50;non;['New Balance'];9,0;9h/18h;open 6/7;6;54;5;E0003;Jeune prometteur;2100;67;2020-09-04;Salesforce;0,13;0,87;C0214;F;53;;False;impulsif;0;0;P035;New Balance;Basketball;Zoom;Pink;37;135,45;135,45;False;0,0;0;0;5,0;0,0;0,0;;;2024-04;6745,44
V2530855490;2024-04-09;18:58;S01;Premium;Centre-ville;50;non;['New Balance'];9,0;9h/18h;open 6/7;6;54;5;E0005;Expérimenté;2800;106;2017-07-01;Salesforce;0,05;0,95;C0084;F;43;;False;impulsif;0;0;P037;New Balance;Running;Elite;Premium Black;41;88,45;114,45;False;26,0;26;0;5,0;0,0;22,7;;;2024-04;6745,44
V2113557870;2024-04-19;09:41;S01;Premium;Centre-ville;50;non;['New Balance'];9,0;9h/18h;open 6/7;6;54;5;E0002;Requin;2900;127;2015-10-11;Salesforce;0,05;0,95;C0003;M;57;;False;impulsif;0;0;P030;New Balance;Casual;Elite;Sunny Yellow;30;59,75;59,75;True;0,0;0;0;5,0;0,0;0,0;;;2024-04;6745,44
V2152095306;2024-04-25;13:37;S01;Premium;Centre-ville;50;non;['New Balance'];9,0;9h/18h;open 6/7;6;54;5;E0005;Expérimenté;2800;106;2017-07-01;Salesforce;0,05;0,95;C0293;F;31;;False;impulsif;0;0;P035;New Balance;Basketball;Zoom;Pink;37;121,91;135,45;False;13,54;0;0;5,0;13,54;10,0;;;2024-04;6745,44
V2152095306;2024-04-25;13:37;S01;Premium;Centre-ville;50;;['New Balance'];;9h/18h;open 6/7;6;54;5;E0005;Expérimenté;2800;106;2017-07-01;Salesforce;0,05;0,95;C0293;F;31;;False;impulsif;0;0;G035;Echarpe;Echarpe;Echarpe;None;L;20,0;20,0;False;0,0;0;0;0,0;0,0;0,0;non;9,0;2024-04;6745,44
V4622747982;2024-04-20;13:31;S01;Premium;Centre-ville;50;non;['New Balance'];9,0;9h/18h;open 6/7;6;54;5;E0002;Requin;2900;127;2015-10-11;Salesforce;0,05;0,95;C0098;F;44;;False;impulsif;0;0;P030;New Balance;Casual;Elite;Sunny Yellow;30;59,75;59,75;True;0,0;0;0;5,0;0,0;0,0;;;2024-04;6745,44
V5317072188;2024-04-02;09:18;S01;Premium;Centre-ville;50;non;['New Balance'];9,0;9h/18h;open 6/7;6;54;5;E0002;Requin;2900;127;2015-10-11;Salesforce;0,05;0,95;C0223;F;41;;False;sneakerhead;0;0;P030;New Balance;Casual;Elite;Sunny Yellow;30;56,15;59,75;True;3,6;0;0;5,0;3,6;6,0;;;2024-04;6745,44
V4041602353;2024-04-01;09:18;S01;Premium;Centre-ville;50;non;['New Balance'];9,0;9h/18h;open 6/7;6;54;5;E0005;Expérimenté;2800;106;2017-07-01;Salesforce;0,05;0,95;C0091;M;30;;False;impulsif;0;0;P034;New Balance;Basketball;Zoom;Premium Black;39;166,95;166,95;False;0,0;0;0;5,0;0,0;0,0;;;2024-04;6745,44
V1894079406;2024-04-16;15:02;S01;Premium;Centre-ville;50;non;['New Balance'];9,0;9h/18h;open 6/7;6;54;5;E0002;Requin;2900;127;2015-10-11;Salesforce;0,05;0,95;C0244;M;51;;False;impulsif;0;0;P030;New Balance;Casual;Elite;Sunny Yellow;30;59,75;59,75;True;0,0;0;0;5,0;0,0;0,0;;;2024-04;6745,44
V1894079406;2024-04-16;15:02;S01;Premium;Centre-ville;50;;['New Balance'];;9h/18h;open 6/7;6;54;5;E0002;Requin;2900;127;2015-10-11;Salesforce;0,05;0,95;C0244;M;51;;False;impulsif;0;0;G030;Lunettes;Lunettes;Lunettes;None;XL;10,0;10,0;False;0,0;0;0;0,0;0,0;0,0;non;9,0;2024-04;6745,44
V7732958658;2024-04-15;13:33;S01;Premium;Centre-ville;50;non;['New Balance'];9,0;9h/18h;open 6/7;6;54;5;E0001;Jeune prometteur;2000;45;2022-07-17;Salesforce;0,12;0,88;C0207;M;54;;True;chasseur_de_promos;0;13;P035;New Balance;Basketball;Zoom;Pink;37;135,45;135,45;False;0,0;0;0;5,0;0,0;0,0;;;2024-04;6745,44
V5267786450;2024-04-26;14:45;S01;Premium;Centre-ville;50;non;['New Balance'];9,0;9h/18h;open 6/7;6;54;5;E0005;Expérimenté;2800;106;2017-07-01;Salesforce;0,05;0,95;C0057;M;46;;True;sneakerhead;0;5;P030;New Balance;Casual;Elite;Sunny Yellow;30;55,83;59,75;True;3,92;0;0;5,0;3,92;6,6;;;2024-04;6745,44
V5267786450;2024-04-26;14:45;S01;Premium;Centre-ville;50;;['New Balance'];;9h/18h;open 6/7;6;54;5;E0005;Expérimenté;2800;106;2017-07-01;Salesforce;0,05;0,95;C0057;M;46;;True;sneakerhead;0;5;G030;Tee-short;Tee-short;Tee-short;None;L;10,0;10,0;False;0,0;0;0;0,0;0,0;0,0;non;9,0;2024-04;6745,44
V6994957195;2024-04-26;16:56;S01;Premium;Centre-ville;50;non;['New Balance'];9,0;9h/18h;open 6/7;6;54;5;E0003;Jeune prometteur;2100;67;2020-09-04;Salesforce;0,13;0,87;C0179;F;29;;True;impulsif;0;13;P034;New Balance;Basketball;Zoom;Premium Black;39;133,56;166,95;False;33,39;0;0;5,0;33,39;20,0;;;2024-04;6745,44
V6994957195;2024-04-26;16:56;S01;Premium;Centre-ville;50;;['New Balance'];;9h/18h;open 6/7;6;54;5;E0003;Jeune prometteur;2100;67;2020-09-04;Salesforce;0,13;0,87;C0179;F;29;;True;impulsif;0;13;G034;Echarpe;Echarpe;Echarpe;None;XS;40,0;40,0;False;0,0;0;0;0,0;0,0;0,0;non;9,0;2024-04;6745,44
V5129726405;2024-04-16;10:50;S01;Premium;Centre-ville;50;non;['New Balance'];9,0;9h/18h;open 6/7;6;54;5;E0001;Jeune prometteur;2000;45;2022-07-17;Salesforce;0,12;0,88;C0224;F;45;;True;sneakerhead;0;15;P010;New Balance;Running;Flex;Red Blood;42;152,25;152,25;False;0,0;0;0;5,0;0,0;0,0;;;2024-04;6745,44
V5129726405;2024-04-16;10:50;S01;Premium;Centre-ville;50;;['New Balance'];;9h/18h;open 6/7;6;54;5;E0001;Jeune prometteur;2000;45;2022-07-17;Salesforce;0,12;0,88;C0224;F;45;;True;sneakerhead;0;15;G010;Lacets;Lacets;Lacets;None;XS;20,0;20,0;False;0,0;0;0;0,0;0,0;0,0;non;9,0;2024-04;6745,44
V4351610644;2024-04-24;14:27;S01;Premium;Centre-ville;50;non;['New Balance'];9,0;9h/18h;open 6/7;6;54;5;E0001;Jeune prometteur;2000;45;2022-07-17;Salesforce;0,12;0,88;C0091;M;30;;False;impulsif;0;0;P035;New Balance;Basketball;Zoom;Pink;37;135,45;135,45;False;0,0;0;0;5,0;0,0;0,0;;;2024-04;6745,44
V8542981534;2024-04-30;09:47;S01;Premium;Centre-ville;50;non;['New Balance'];9,0;9h/18h;open 6/7;6;54;5;E0001;Jeune prometteur;2000;45;2022-07-17;Salesforce;0,12;0,88;C0121;M;29;;True;sneakerhead;10;5;P030;New Balance;Casual;Elite;Sunny Yellow;30;58,75;59,75;True;1,0;0;1;5,0;0,0;1,7;;;2024-04;6745,44
V8542981534;2024-04-30;09:47;S01;Premium;Centre-ville;50;;['New Balance'];;9h/18h;open 6/7;6;54;5;E0001;Jeune prometteur;2000;45;2022-07-17;Salesforce;0,12;0,88;C0121;M;29;;True;sneakerhead;10;5;G030;Lunettes;Lunettes;Lunettes;None;S;20,0;20,0;False;0,0;0;0;0,0;0,0;0,0;non;9,0;2024-04;6745,44
V1330230680;2024-04-24;09:34;S01;Premium;Centre-ville;50;non;['New Balance'];9,0;9h/18h;open 6/7;6;54;5;E0002;Requin;2900;127;2015-10-11;Salesforce;0,05;0,95;C0291;F;48;;False;chasseur_de_promos;0;0;P030;New Balance;Casual;Elite;Sunny Yellow;30;59,75;59,75;True;0,0;0;0;5,0;0,0;0,0;;;2024-04;6745,44
V4927219414;2024-04-15;10:00;S01;Premium;Centre-ville;50;non;['New Balance'];9,0;9h/18h;open 6/7;6;54;5;E0003;Jeune prometteur;2100;67;2020-09-04;Salesforce;0,13;0,87;C0267;M;50;;True;impulsif;30;12;P010;New Balance;Running;Flex;Red Blood;42;126,41;152,25;False;25,84;0;3;5,0;22,84;17,0;;;2024-04;6745,44
V4927219414;2024-04-15;10:00;S01;Premium;Centre-ville;50;;['New Balance'];;9h/18h;open 6/7;6;54;5;E0003;Jeune prometteur;2100;67;2020-09-04;Salesforce;0,13;0,87;C0267;M;50;;True;impulsif;30;12;G010;Echarpe;Echarpe;Echarpe;None;XS;10,0;10,0;False;0,0;0;0;0,0;0,0;0,0;non;9,0;2024-04;6745,44
V7809850438;2024-04-16;10:33;S01;Premium;Centre-ville;50;non;['New Balance'];9,0;9h/18h;open 6/7;6;54;5;E0003;Jeune prometteur;2100;67;2020-09-04;Salesforce;0,13;0,87;C0145;M;43;;True;chasseur_de_promos;0;15;P031;New Balance;Casual;Flex;Brown Bear;42;152,25;152,25;False;0,0;0;0;5,0;0,0;0,0;;;2024-04;6745,44
V3203831403;2024-04-20;14:31;S01;Premium;Centre-ville;50;non;['New Balance'];9,0;9h/18h;open 6/7;6;54;5;E0002;Requin;2900;127;2015-10-11;Salesforce;0,05;0,95;C0153;F;47;;True;impulsif;0;5;P030;New Balance;Casual;Elite;Sunny Yellow;30;59,75;59,75;True;0,0;0;0;5,0;0,0;0,0;;;2024-04;6745,44
V3203831403;2024-04-20;14:31;S01;Premium;Centre-ville;50;;['New Balance'];;9h/18h;open 6/7;6;54;5;E0002;Requin;2900;127;2015-10-11;Salesforce;0,05;0,95;C0153;F;47;;True;impulsif;0;5;G030;Lunettes;Lunettes;Lunettes;None;XS;30,0;30,0;False;0,0;0;0;0,0;0,0;0,0;non;9,0;2024-04;6745,44
V9239366891;2024-04-26;15:09;S01;Premium;Centre-ville;50;non;['New Balance'];9,0;9h/18h;open 6/7;6;54;5;E0001;Jeune prometteur;2000;45;2022-07-17;Salesforce;0,12;0,88;C0115;M;36;;True;chasseur_de_promos;0;14;P040;New Balance;Running;Air;Deep Purple;43;145,95;145,95;False;0,0;0;0;5,0;0,0;0,0;;;2024-04;6745,44
V3079843203;2024-04-03;18:48;S01;Premium;Centre-ville;50;non;['New Balance'];9,0;9h/18h;open 6/7;6;54;5;E0001;Jeune prometteur;2000;45;2022-07-17;Salesforce;0,12;0,88;C0211;M;41;;True;impulsif;20;14;P040;New Balance;Running;Air;Deep Purple;43;143,95;145,95;False;2,0;0;2;5,0;0,0;1,4;;;2024-04;6745,44
V8502974320;2024-04-13;17:33;S01;Premium;Centre-ville;50;non;['New Balance'];9,0;9h/18h;open 6/7;6;54;5;E0001;Jeune prometteur;2000;45;2022-07-17;Salesforce;0,12;0,88;C0242;F;38;;True;impulsif;0;13;P035;New Balance;Basketball;Zoom;Pink;37;75,44999999999999;135,45;False;60,0;60;0;5,0;0,0;44,3;;;2024-04;6745,44
