sale_id;date;time;store_id;store_type;zone;surface;open_to_clients_hours;open_days;foot_traffic_by_hour;employee_id;monthly_salary;hire_date;job_role;average_day_time_backoffice;average_day_time_frontoffice;customer_id;genre;age;has_loyalty_card;loyalty_points_used;loyalty_points_earned;product_id;price_sold;base_price;brand;category;model;size;color;is_best_seller
V4646899764;2024-01-13;09:03;S01;Premium;Centre-ville;50;9h/18h;open 6/7;6;E0005;2800;2017-07-01;Salesforce;0,05;0,95;C0017;M;40;False;0;0;P034;166,95;166,95;New Balance;Basketball;Zoom;39;Premium Black;False
V6959806735;2024-01-06;18:02;S01;Premium;Centre-ville;50;9h/18h;open 6/7;6;E0005;2800;2017-07-01;Salesforce;0,05;0,95;C0046;M;48;True;0;5;P030;59,75;59,75;New Balance;Casual;Elite;30;Sunny Yellow;True
V1537195745;2024-01-12;17:32;S01;Premium;Centre-ville;50;9h/18h;open 6/7;6;E0001;2000;2022-07-17;Salesforce;0,12;0,88;C0050;F;23;True;0;13;P035;111,44999999999999;135,45;New Balance;Basketball;Zoom;37;Pink;False
V9095753362;2024-01-20;17:48;S01;Premium;Centre-ville;50;9h/18h;open 6/7;6;E0003;2100;2020-09-04;Salesforce;0,13;0,87;C0138;M;36;True;0;5;P030;59,75;59,75;New Balance;Casual;Elite;30;Sunny Yellow;True
V9095753362;2024-01-20;17:48;S01;Premium;Centre-ville;50;9h/18h;open 6/7;6;E0003;2100;2020-09-04;Salesforce;0,13;0,87;C0138;M;36;True;0;5;G030;20,0;20,0;Bonnet;Bonnet;Bonnet;XS;None;False
V7771673785;2024-01-29;10:49;S01;Premium;Centre-ville;50;9h/18h;open 6/7;6;E0005;2800;2017-07-01;Salesforce;0,05;0,95;C0048;F;29;True;0;15;P031;152,25;152,25;New Balance;Casual;Flex;42;Brown Bear;False
V5316119480;2024-01-24;13:41;S01;Premium;Centre-ville;50;9h/18h;open 6/7;6;E0003;2100;2020-09-04;Salesforce;0,13;0,87;C0262;F;55;True;0;15;P010;152,25;152,25;New Balance;Running;Flex;42;Red Blood;False
V9749055564;2024-01-26;09:54;S01;Premium;Centre-ville;50;9h/18h;open 6/7;6;E0003;2100;2020-09-04;Salesforce;0,13;0,87;C0289;F;42;True;0;13;P035;135,45;135,45;New Balance;Basketball;Zoom;37;Pink;False
V6671883307;2024-01-01;17:53;S01;Premium;Centre-ville;50;9h/18h;open 6/7;6;E0003;2100;2020-09-04;Salesforce;0,13;0,87;C0016;M;37;False;0;0;P030;59,75;59,75;New Balance;Casual;Elite;30;Sunny Yellow;True
V6671883307;2024-01-01;17:53;S01;Premium;Centre-ville;50;9h/18h;open 6/7;6;E0003;2100;2020-09-04;Salesforce;0,13;0,87;C0016;M;37;False;0;0;G030;40,0;40,0;Lunettes;Lunettes;Lunettes;XL;None;False
V1519092463;2024-01-02;10:24;S01;Premium;Centre-ville;50;9h/18h;open 6/7;6;E0001;2000;2022-07-17;Salesforce;0,12;0,88;C0077;F;61;True;0;16;P034;133,95;166,95;New Balance;Basketball;Zoom;39;Premium Black;False
V4821153630;2024-01-30;18:31;S01;Premium;Centre-ville;50;9h/18h;open 6/7;6;E0005;2800;2017-07-01;Salesforce;0,05;0,95;C0081;M;34;False;0;0;P030;59,75;59,75;New Balance;Casual;Elite;30;Sunny Yellow;True
V3244197120;2024-01-29;18:47;S01;Premium;Centre-ville;50;9h/18h;open 6/7;6;E0001;2000;2022-07-17;Salesforce;0,12;0,88;C0248;M;30;True;0;5;P030;59,75;59,75;New Balance;Casual;Elite;30;Sunny Yellow;True
V4590408069;2024-01-05;14:16;S01;Premium;Centre-ville;50;9h/18h;open 6/7;6;E0004;2600;2006-01-09;Manager;0,21;0,79;C0168;M;35;True;0;11;P037;114,45;114,45;New Balance;Running;Elite;41;Premium Black;False
V1747527522;2024-01-03;09:16;S01;Premium;Centre-ville;50;9h/18h;open 6/7;6;E0005;2800;2017-07-01;Salesforce;0,05;0,95;C0055;F;68;True;0;11;P037;114,45;114,45;New Balance;Running;Elite;41;Premium Black;False
V1747527522;2024-01-03;09:16;S01;Premium;Centre-ville;50;9h/18h;open 6/7;6;E0005;2800;2017-07-01;Salesforce;0,05;0,95;C0055;F;68;True;0;11;G037;40,0;40,0;Tee-short;Tee-short;Tee-short;XL;None;False
V6682596246;2024-01-13;12:24;S01;Premium;Centre-ville;50;9h/18h;open 6/7;6;E0002;2900;2015-10-11;Salesforce;0,05;0,95;C0217;M;34;True;0;12;P035;128,67999999999998;135,45;New Balance;Basketball;Zoom;37;Pink;False
V2739494234;2024-01-06;16:00;S01;Premium;Centre-ville;50;9h/18h;open 6/7;6;E0001;2000;2022-07-17;Salesforce;0,12;0,88;C0173;M;48;True;0;5;P030;59,75;59,75;New Balance;Casual;Elite;30;Sunny Yellow;True
V4898913737;2024-01-24;16:26;S01;Premium;Centre-ville;50;9h/18h;open 6/7;6;E0002;2900;2015-10-11;Salesforce;0,05;0,95;C0135;M;40;True;0;5;P030;59,75;59,75;New Balance;Casual;Elite;30;Sunny Yellow;True
V4898913737;2024-01-24;16:26;S01;Premium;Centre-ville;50;9h/18h;open 6/7;6;E0002;2900;2015-10-11;Salesforce;0,05;0,95;C0135;M;40;True;0;5;G030;10,0;10,0;Bonnet;Bonnet;Bonnet;L;None;False
V3961648444;2024-01-15;16:29;S01;Premium;Centre-ville;50;9h/18h;open 6/7;6;E0005;2800;2017-07-01;Salesforce;0,05;0,95;C0168;M;35;True;0;13;P035;135,45;135,45;New Balance;Basketball;Zoom;37;Pink;False
V1099907330;2024-01-09;17:52;S01;Premium;Centre-ville;50;9h/18h;open 6/7;6;E0003;2100;2020-09-04;Salesforce;0,13;0,87;C0078;F;34;False;0;0;P040;145,95;145,95;New Balance;Running;Air;43;Deep Purple;False
V7850494547;2024-01-23;14:59;S01;Premium;Centre-ville;50;9h/18h;open 6/7;6;E0002;2900;2015-10-11;Salesforce;0,05;0,95;C0253;F;31;True;0;5;P030;59,75;59,75;New Balance;Casual;Elite;30;Sunny Yellow;True
V7850494547;2024-01-23;14:59;S01;Premium;Centre-ville;50;9h/18h;open 6/7;6;E0002;2900;2015-10-11;Salesforce;0,05;0,95;C0253;F;31;True;0;5;G030;10,0;10,0;Bonnet;Bonnet;Bonnet;S;None;False
V6596534904;2024-01-14;13:37;S01;Premium;Centre-ville;50;9h/18h;open 6/7;6;E0002;2900;2015-10-11;Salesforce;0,05;0,95;C0280;M;50;True;0;5;P030;59,75;59,75;New Balance;Casual;Elite;30;Sunny Yellow;True
V6596534904;2024-01-14;13:37;S01;Premium;Centre-ville;50;9h/18h;open 6/7;6;E0002;2900;2015-10-11;Salesforce;0,05;0,95;C0280;M;50;True;0;5;G030;20,0;20,0;Lunettes;Lunettes;Lunettes;XS;None;False
V6596534904;2024-01-14;13:37;S01;Premium;Centre-ville;50;9h/18h;open 6/7;6;E0002;2900;2015-10-11;Salesforce;0,05;0,95;C0280;M;50;True;0;5;G030;40,0;40,0;Lacets;Lacets;Lacets;M;None;False
V1032090733;2024-01-09;12:16;S01;Premium;Centre-ville;50;9h/18h;open 6/7;6;E0002;2900;2015-10-11;Salesforce;0,05;0,95;C0050;F;23;True;0;5;P030;59,75;59,75;New Balance;Casual;Elite;30;Sunny Yellow;True
V9629569670;2024-01-27;13:03;S01;Premium;Centre-ville;50;9h/18h;open 6/7;6;E0004;2600;2006-01-09;Manager;0,21;0,79;C0044;F;26;True;0;5;P030;59,75;59,75;New Balance;Casual;Elite;30;Sunny Yellow;True
V7307185757;2024-01-24;11:36;S01;Premium;Centre-ville;50;9h/18h;open 6/7;6;E0002;2900;2015-10-11;Salesforce;0,05;0,95;C0274;M;36;True;30;5;P030;56,75;59,75;New Balance;Casual;Elite;30;Sunny Yellow;True
V7307185757;2024-01-24;11:36;S01;Premium;Centre-ville;50;9h/18h;open 6/7;6;E0002;2900;2015-10-11;Salesforce;0,05;0,95;C0274;M;36;True;30;5;G030;30,0;30,0;Tee-short;Tee-short;Tee-short;S;None;False
V1952112868;2024-01-31;13:45;S01;Premium;Centre-ville;50;9h/18h;open 6/7;6;E0005;2800;2017-07-01;Salesforce;0,05;0,95;C0038;M;33;True;0;11;P037;114,45;114,45;New Balance;Running;Elite;41;Premium Black;False
V8960922251;2024-01-02;17:23;S01;Premium;Centre-ville;50;9h/18h;open 6/7;6;E0005;2800;2017-07-01;Salesforce;0,05;0,95;C0117;F;48;True;0;5;P030;59,75;59,75;New Balance;Casual;Elite;30;Sunny Yellow;True
V3912100038;2024-01-08;16:09;S01;Premium;Centre-ville;50;9h/18h;open 6/7;6;E0003;2100;2020-09-04;Salesforce;0,13;0,87;C0026;M;50;True;0;5;P030;59,75;59,75;New Balance;Casual;Elite;30;Sunny Yellow;True
V5698988977;2024-01-04;18:16;S01;Premium;Centre-ville;50;9h/18h;open 6/7;6;E0005;2800;2017-07-01;Salesforce;0,05;0,95;C0135;M;40;True;0;5;P030;59,75;59,75;New Balance;Casual;Elite;30;Sunny Yellow;True
V5698988977;2024-01-04;18:16;S01;Premium;Centre-ville;50;9h/18h;open 6/7;6;E0005;2800;2017-07-01;Salesforce;0,05;0,95;C0135;M;40;True;0;5;G030;40,0;40,0;Bonnet;Bonnet;Bonnet;S;None;False
V6092297865;2024-01-29;11:20;S01;Premium;Centre-ville;50;9h/18h;open 6/7;6;E0003;2100;2020-09-04;Salesforce;0,13;0,87;C0194;M;49;True;0;14;P040;145,95;145,95;New Balance;Running;Air;43;Deep Purple;False
V1017869024;2024-01-12;09:16;S01;Premium;Centre-ville;50;9h/18h;open 6/7;6;E0005;2800;2017-07-01;Salesforce;0,05;0,95;C0272;M;50;True;40;5;P030;55,75;59,75;New Balance;Casual;Elite;30;Sunny Yellow;True
V6583411709;2024-01-10;16:18;S01;Premium;Centre-ville;50;9h/18h;open 6/7;6;E0002;2900;2015-10-11;Salesforce;0,05;0,95;C0227;F;42;True;0;5;P030;59,75;59,75;New Balance;Casual;Elite;30;Sunny Yellow;True
V5074566652;2024-01-03;13:39;S01;Premium;Centre-ville;50;9h/18h;open 6/7;6;E0002;2900;2015-10-11;Salesforce;0,05;0,95;C0090;M;49;False;0;0;P030;59,75;59,75;New Balance;Casual;Elite;30;Sunny Yellow;True
V5074566652;2024-01-03;13:39;S01;Premium;Centre-ville;50;9h/18h;open 6/7;6;E0002;2900;2015-10-11;Salesforce;0,05;0,95;C0090;M;49;False;0;0;G030;40,0;40,0;Bonnet;Bonnet;Bonnet;M;None;False
V5074566652;2024-01-03;13:39;S01;Premium;Centre-ville;50;9h/18h;open 6/7;6;E0002;2900;2015-10-11;Salesforce;0,05;0,95;C0090;M;49;False;0;0;G030;20,0;20,0;Lunettes;Lunettes;Lunettes;XS;None;False
V7458333412;2024-01-26;12:20;S01;Premium;Centre-ville;50;9h/18h;open 6/7;6;E0001;2000;2022-07-17;Salesforce;0,12;0,88;C0029;M;46;True;0;5;P030;59,75;59,75;New Balance;Casual;Elite;30;Sunny Yellow;True
V1260263901;2024-01-29;10:29;S01;Premium;Centre-ville;50;9h/18h;open 6/7;6;E0005;2800;2017-07-01;Salesforce;0,05;0,95;C0234;F;60;True;0;15;P031;126,25;152,25;New Balance;Casual;Flex;42;Brown Bear;False
V5433000362;2024-01-10;11:28;S01;Premium;Centre-ville;50;9h/18h;open 6/7;6;E0002;2900;2015-10-11;Salesforce;0,05;0,95;C0297;F;48;True;0;5;P030;59,75;59,75;New Balance;Casual;Elite;30;Sunny Yellow;True
V7238986363;2024-01-16;11:20;S01;Premium;Centre-ville;50;9h/18h;open 6/7;6;E0005;2800;2017-07-01;Salesforce;0,05;0,95;C0215;F;39;True;0;14;P040;145,95;145,95;New Balance;Running;Air;43;Deep Purple;False
V3678948224;2024-01-03;14:07;S01;Premium;Centre-ville;50;9h/18h;open 6/7;6;E0002;2900;2015-10-11;Salesforce;0,05;0,95;C0292;M;37;False;0;0;P010;152,25;152,25;New Balance;Running;Flex;42;Red Blood;False
V6009357129;2024-01-20;17:46;S01;Premium;Centre-ville;50;9h/18h;open 6/7;6;E0005;2800;2017-07-01;Salesforce;0,05;0,95;C0153;F;47;True;20;12;P034;123,20999999999998;166,95;New Balance;Basketball;Zoom;39;Premium Black;False
V6009357129;2024-01-20;17:46;S01;Premium;Centre-ville;50;9h/18h;open 6/7;6;E0005;2800;2017-07-01;Salesforce;0,05;0,95;C0153;F;47;True;20;12;G034;30,0;30,0;Tee-short;Tee-short;Tee-short;L;None;False
V5807750411;2024-01-23;09:23;S01;Premium;Centre-ville;50;9h/18h;open 6/7;6;E0005;2800;2017-07-01;Salesforce;0,05;0,95;C0066;M;35;True;0;14;P040;145,95;145,95;New Balance;Running;Air;43;Deep Purple;False
V7059085893;2024-01-11;18:26;S01;Premium;Centre-ville;50;9h/18h;open 6/7;6;E0003;2100;2020-09-04;Salesforce;0,13;0,87;C0291;F;48;False;0;0;P034;158,6;166,95;New Balance;Basketball;Zoom;39;Premium Black;False
V1284091253;2024-01-05;14:00;S01;Premium;Centre-ville;50;9h/18h;open 6/7;6;E0002;2900;2015-10-11;Salesforce;0,05;0,95;C0253;F;31;True;0;5;P030;59,75;59,75;New Balance;Casual;Elite;30;Sunny Yellow;True
V4444112726;2024-01-30;15:12;S01;Premium;Centre-ville;50;9h/18h;open 6/7;6;E0002;2900;2015-10-11;Salesforce;0,05;0,95;C0263;M;38;False;0;0;P030;59,75;59,75;New Balance;Casual;Elite;30;Sunny Yellow;True
V4444112726;2024-01-30;15:12;S01;Premium;Centre-ville;50;9h/18h;open 6/7;6;E0002;2900;2015-10-11;Salesforce;0,05;0,95;C0263;M;38;False;0;0;G030;40,0;40,0;Lacets;Lacets;Lacets;S;None;False
V3503798497;2024-01-24;10:17;S01;Premium;Centre-ville;50;9h/18h;open 6/7;6;E0004;2600;2006-01-09;Manager;0,21;0,79;C0005;F;28;True;0;5;P030;48,75;59,75;New Balance;Casual;Elite;30;Sunny Yellow;True
V5807896863;2024-01-11;13:16;S01;Premium;Centre-ville;50;9h/18h;open 6/7;6;E0001;2000;2022-07-17;Salesforce;0,12;0,88;C0209;M;36;False;0;0;P040;145,95;145,95;New Balance;Running;Air;43;Deep Purple;False
V5914977098;2024-01-23;10:26;S01;Premium;Centre-ville;50;9h/18h;open 6/7;6;E0003;2100;2020-09-04;Salesforce;0,13;0,87;C0294;F;43;True;0;14;P040;145,95;145,95;New Balance;Running;Air;43;Deep Purple;False
V5069846236;2024-01-23;15:47;S01;Premium;Centre-ville;50;9h/18h;open 6/7;6;E0003;2100;2020-09-04;Salesforce;0,13;0,87;C0136;M;52;True;10;15;P010;151,25;152,25;New Balance;Running;Flex;42;Red Blood;False
V5650358627;2024-01-17;14:24;S01;Premium;Centre-ville;50;9h/18h;open 6/7;6;E0002;2900;2015-10-11;Salesforce;0,05;0,95;C0096;M;58;False;0;0;P030;39,75;59,75;New Balance;Casual;Elite;30;Sunny Yellow;True
V5650358627;2024-01-17;14:24;S01;Premium;Centre-ville;50;9h/18h;open 6/7;6;E0002;2900;2015-10-11;Salesforce;0,05;0,95;C0096;M;58;False;0;0;G030;10,0;10,0;Bonnet;Bonnet;Bonnet;M;None;False
V5963458412;2024-01-18;13:59;S01;Premium;Centre-ville;50;9h/18h;open 6/7;6;E0002;2900;2015-10-11;Salesforce;0,05;0,95;C0263;M;38;False;0;0;P034;166,95;166,95;New Balance;Basketball;Zoom;39;Premium Black;False
V1913025212;2024-01-13;13:55;S01;Premium;Centre-ville;50;9h/18h;open 6/7;6;E0002;2900;2015-10-11;Salesforce;0,05;0,95;C0208;F;40;True;0;5;P030;59,75;59,75;New Balance;Casual;Elite;30;Sunny Yellow;True
V3131812117;2024-01-19;17:01;S01;Premium;Centre-ville;50;9h/18h;open 6/7;6;E0004;2600;2006-01-09;Manager;0,21;0,79;C0282;M;48;False;0;0;P040;145,95;145,95;New Balance;Running;Air;43;Deep Purple;False
V5557926173;2024-01-12;12:37;S01;Premium;Centre-ville;50;9h/18h;open 6/7;6;E0002;2900;2015-10-11;Salesforce;0,05;0,95;C0093;M;33;False;0;0;P030;59,75;59,75;New Balance;Casual;Elite;30;Sunny Yellow;True
V5557926173;2024-01-12;12:37;S01;Premium;Centre-ville;50;9h/18h;open 6/7;6;E0002;2900;2015-10-11;Salesforce;0,05;0,95;C0093;M;33;False;0;0;G030;30,0;30,0;Tee-short;Tee-short;Tee-short;M;None;False
V3213547109;2024-01-15;10:11;S01;Premium;Centre-ville;50;9h/18h;open 6/7;6;E0003;2100;2020-09-04;Salesforce;0,13;0,87;C0077;F;61;True;0;14;P040;145,95;145,95;New Balance;Running;Air;43;Deep Purple;False
V3213547109;2024-01-15;10:11;S01;Premium;Centre-ville;50;9h/18h;open 6/7;6;E0003;2100;2020-09-04;Salesforce;0,13;0,87;C0077;F;61;True;0;14;G040;30,0;30,0;Lacets;Lacets;Lacets;L;None;False
V3096474932;2024-01-20;15:46;S01;Premium;Centre-ville;50;9h/18h;open 6/7;6;E0003;2100;2020-09-04;Salesforce;0,13;0,87;C0236;M;32;True;0;11;P037;114,45;114,45;New Balance;Running;Elite;41;Premium Black;False
V1687866949;2024-01-26;10:33;S01;Premium;Centre-ville;50;9h/18h;open 6/7;6;E0001;2000;2022-07-17;Salesforce;0,12;0,88;C0283;M;32;False;0;0;P034;166,95;166,95;New Balance;Basketball;Zoom;39;Premium Black;False
V2109665531;2024-01-26;09:12;S01;Premium;Centre-ville;50;9h/18h;open 6/7;6;E0004;2600;2006-01-09;Manager;0,21;0,79;C0020;F;38;False;0;0;P031;152,25;152,25;New Balance;Casual;Flex;42;Brown Bear;False
V2582861066;2024-01-01;09:41;S01;Premium;Centre-ville;50;9h/18h;open 6/7;6;E0004;2600;2006-01-09;Manager;0,21;0,79;C0242;F;38;True;0;15;P031;152,25;152,25;New Balance;Casual;Flex;42;Brown Bear;False
V4979578504;2024-01-04;11:08;S01;Premium;Centre-ville;50;9h/18h;open 6/7;6;E0001;2000;2022-07-17;Salesforce;0,12;0,88;C0145;M;43;True;0;5;P030;52,75;59,75;New Balance;Casual;Elite;30;Sunny Yellow;True
V4519914720;2024-01-20;17:49;S01;Premium;Centre-ville;50;9h/18h;open 6/7;6;E0001;2000;2022-07-17;Salesforce;0,12;0,88;C0226;F;36;True;0;11;P034;116,85999999999999;166,95;New Balance;Basketball;Zoom;39;Premium Black;False
V7395454675;2024-01-12;17:44;S01;Premium;Centre-ville;50;9h/18h;open 6/7;6;E0004;2600;2006-01-09;Manager;0,21;0,79;C0031;M;53;True;0;5;P030;59,75;59,75;New Balance;Casual;Elite;30;Sunny Yellow;True
V8875566456;2024-01-08;14:30;S01;Premium;Centre-ville;50;9h/18h;open 6/7;6;E0002;2900;2015-10-11;Salesforce;0,05;0,95;C0089;F;32;True;0;5;P030;59,75;59,75;New Balance;Casual;Elite;30;Sunny Yellow;True
V8875566456;2024-01-08;14:30;S01;Premium;Centre-ville;50;9h/18h;open 6/7;6;E0002;2900;2015-10-11;Salesforce;0,05;0,95;C0089;F;32;True;0;5;G030;10,0;10,0;Tee-short;Tee-short;Tee-short;S;None;False
V8989010772;2024-01-20;14:13;S01;Premium;Centre-ville;50;9h/18h;open 6/7;6;E0002;2900;2015-10-11;Salesforce;0,05;0,95;C0050;F;23;True;20;5;P030;57,75;59,75;New Balance;Casual;Elite;30;Sunny Yellow;True
V7312261060;2024-01-27;18:36;S01;Premium;Centre-ville;50;9h/18h;open 6/7;6;E0001;2000;2022-07-17;Salesforce;0,12;0,88;C0187;F;39;True;10;5;P030;58,75;59,75;New Balance;Casual;Elite;30;Sunny Yellow;True
V7518000421;2024-01-09;15:48;S01;Premium;Centre-ville;50;9h/18h;open 6/7;6;E0002;2900;2015-10-11;Salesforce;0,05;0,95;C0032;F;37;True;0;5;P030;48,75;59,75;New Balance;Casual;Elite;30;Sunny Yellow;True
V1911497468;2024-01-13;12:31;S01;Premium;Centre-ville;50;9h/18h;open 6/7;6;E0004;2600;2006-01-09;Manager;0,21;0,79;C0008;F;42;True;0;15;P031;152,25;152,25;New Balance;Casual;Flex;42;Brown Bear;False
V8470353261;2024-01-01;09:11;S01;Premium;Centre-ville;50;9h/18h;open 6/7;6;E0001;2000;2022-07-17;Salesforce;0,12;0,88;C0044;F;26;True;0;5;P030;59,75;59,75;New Balance;Casual;Elite;30;Sunny Yellow;True
V5312176068;2024-01-06;18:14;S01;Premium;Centre-ville;50;9h/18h;open 6/7;6;E0005;2800;2017-07-01;Salesforce;0,05;0,95;C0081;M;34;False;0;0;P010;152,25;152,25;New Balance;Running;Flex;42;Red Blood;False
V4192943825;2024-01-03;09:54;S01;Premium;Centre-ville;50;9h/18h;open 6/7;6;E0001;2000;2022-07-17;Salesforce;0,12;0,88;C0046;M;48;True;0;15;P031;152,25;152,25;New Balance;Casual;Flex;42;Brown Bear;False
V4192943825;2024-01-03;09:54;S01;Premium;Centre-ville;50;9h/18h;open 6/7;6;E0001;2000;2022-07-17;Salesforce;0,12;0,88;C0046;M;48;True;0;15;G031;10,0;10,0;Echarpe;Echarpe;Echarpe;S;None;False
V3385101281;2024-01-25;15:56;S01;Premium;Centre-ville;50;9h/18h;open 6/7;6;E0001;2000;2022-07-17;Salesforce;0,12;0,88;C0139;M;66;True;0;5;P030;59,75;59,75;New Balance;Casual;Elite;30;Sunny Yellow;True
V3097617685;2024-01-02;17:59;S01;Premium;Centre-ville;50;9h/18h;open 6/7;6;E0002;2900;2015-10-11;Salesforce;0,05;0,95;C0175;M;43;False;0;0;P030;59,75;59,75;New Balance;Casual;Elite;30;Sunny Yellow;True
V3097617685;2024-01-02;17:59;S01;Premium;Centre-ville;50;9h/18h;open 6/7;6;E0002;2900;2015-10-11;Salesforce;0,05;0,95;C0175;M;43;False;0;0;G030;30,0;30,0;Tee-short;Tee-short;Tee-short;S;None;False
V7816064456;2024-01-13;18:54;S01;Premium;Centre-ville;50;9h/18h;open 6/7;6;E0005;2800;2017-07-01;Salesforce;0,05;0,95;C0016;M;37;False;0;0;P034;166,95;166,95;New Balance;Basketball;Zoom;39;Premium Black;False
V2949672112;2024-01-13;09:01;S01;Premium;Centre-ville;50;9h/18h;open 6/7;6;E0001;2000;2022-07-17;Salesforce;0,12;0,88;C0161;M;34;False;0;0;P030;59,75;59,75;New Balance;Casual;Elite;30;Sunny Yellow;True
V1249170567;2024-01-29;18:12;S01;Premium;Centre-ville;50;9h/18h;open 6/7;6;E0001;2000;2022-07-17;Salesforce;0,12;0,88;C0166;F;33;True;0;15;P031;152,25;152,25;New Balance;Casual;Flex;42;Brown Bear;False
V5800747484;2024-01-22;14:56;S01;Premium;Centre-ville;50;9h/18h;open 6/7;6;E0002;2900;2015-10-11;Salesforce;0,05;0,95;C0125;F;42;True;0;5;P030;59,75;59,75;New Balance;Casual;Elite;30;Sunny Yellow;True
V5820029323;2024-01-10;17:31;S01;Premium;Centre-ville;50;9h/18h;open 6/7;6;E0002;2900;2015-10-11;Salesforce;0,05;0,95;C0199;M;48;True;0;5;P030;59,75;59,75;New Balance;Casual;Elite;30;Sunny Yellow;True
V5820029323;2024-01-10;17:31;S01;Premium;Centre-ville;50;9h/18h;open 6/7;6;E0002;2900;2015-10-11;Salesforce;0,05;0,95;C0199;M;48;True;0;5;G030;30,0;30,0;Lacets;Lacets;Lacets;S;None;False
V3204299652;2024-01-08;16:33;S01;Premium;Centre-ville;50;9h/18h;open 6/7;6;E0002;2900;2015-10-11;Salesforce;0,05;0,95;C0103;F;41;False;0;0;P030;59,75;59,75;New Balance;Casual;Elite;30;Sunny Yellow;True
V9997722797;2024-01-22;12:51;S01;Premium;Centre-ville;50;9h/18h;open 6/7;6;E0002;2900;2015-10-11;Salesforce;0,05;0,95;C0177;F;30;False;0;0;P030;59,75;59,75;New Balance;Casual;Elite;30;Sunny Yellow;True
V6667652671;2024-01-24;13:49;S01;Premium;Centre-ville;50;9h/18h;open 6/7;6;E0003;2100;2020-09-04;Salesforce;0,13;0,87;C0267;M;50;True;0;13;P035;101,44999999999999;135,45;New Balance;Basketball;Zoom;37;Pink;False
V6667652671;2024-01-24;13:49;S01;Premium;Centre-ville;50;9h/18h;open 6/7;6;E0003;2100;2020-09-04;Salesforce;0,13;0,87;C0267;M;50;True;0;13;G035;10,0;10,0;Tee-short;Tee-short;Tee-short;XS;None;False
V1471218330;2024-01-25;14:36;S01;Premium;Centre-ville;50;9h/18h;open 6/7;6;E0005;2800;2017-07-01;Salesforce;0,05;0,95;C0197;F;29;True;0;13;P035;135,45;135,45;New Balance;Basketball;Zoom;37;Pink;False
V5806719527;2024-01-29;14:21;S01;Premium;Centre-ville;50;9h/18h;open 6/7;6;E0003;2100;2020-09-04;Salesforce;0,13;0,87;C0114;F;52;False;0;0;P034;166,95;166,95;New Balance;Basketball;Zoom;39;Premium Black;False
V5643870608;2024-01-20;12:58;S01;Premium;Centre-ville;50;9h/18h;open 6/7;6;E0002;2900;2015-10-11;Salesforce;0,05;0,95;C0087;F;63;True;0;5;P030;59,75;59,75;New Balance;Casual;Elite;30;Sunny Yellow;True
V5643870608;2024-01-20;12:58;S01;Premium;Centre-ville;50;9h/18h;open 6/7;6;E0002;2900;2015-10-11;Salesforce;0,05;0,95;C0087;F;63;True;0;5;G030;10,0;10,0;Lunettes;Lunettes;Lunettes;M;None;False
V9701084801;2024-01-20;18:47;S01;Premium;Centre-ville;50;9h/18h;open 6/7;6;E0003;2100;2020-09-04;Salesforce;0,13;0,87;C0270;M;34;True;0;5;P030;59,75;59,75;New Balance;Casual;Elite;30;Sunny Yellow;True
V2431573917;2024-01-31;18:39;S01;Premium;Centre-ville;50;9h/18h;open 6/7;6;E0002;2900;2015-10-11;Salesforce;0,05;0,95;C0066;M;35;True;0;11;P037;114,45;114,45;New Balance;Running;Elite;41;Premium Black;False
V1640132978;2024-01-01;15:32;S01;Premium;Centre-ville;50;9h/18h;open 6/7;6;E0002;2900;2015-10-11;Salesforce;0,05;0,95;C0232;F;44;False;0;0;P030;59,75;59,75;New Balance;Casual;Elite;30;Sunny Yellow;True
V1640132978;2024-01-01;15:32;S01;Premium;Centre-ville;50;9h/18h;open 6/7;6;E0002;2900;2015-10-11;Salesforce;0,05;0,95;C0232;F;44;False;0;0;G030;20,0;20,0;Bonnet;Bonnet;Bonnet;XL;None;False
V8540245743;2024-01-27;09:28;S01;Premium;Centre-ville;50;9h/18h;open 6/7;6;E0001;2000;2022-07-17;Salesforce;0,12;0,88;C0199;M;48;True;0;15;P031;152,25;152,25;New Balance;Casual;Flex;42;Brown Bear;False
V7456702096;2024-01-13;14:11;S01;Premium;Centre-ville;50;9h/18h;open 6/7;6;E0002;2900;2015-10-11;Salesforce;0,05;0,95;C0137;M;32;True;0;5;P030;59,75;59,75;New Balance;Casual;Elite;30;Sunny Yellow;True
V3035122896;2024-01-08;14:49;S01;Premium;Centre-ville;50;9h/18h;open 6/7;6;E0002;2900;2015-10-11;Salesforce;0,05;0,95;C0283;M;32;False;0;0;P030;59,75;59,75;New Balance;Casual;Elite;30;Sunny Yellow;True
V6249433769;2024-01-22;12:20;S01;Premium;Centre-ville;50;9h/18h;open 6/7;6;E0001;2000;2022-07-17;Salesforce;0,12;0,88;C0077;F;61;True;0;15;P010;152,25;152,25;New Balance;Running;Flex;42;Red Blood;False
V3046218399;2024-01-30;13:59;S01;Premium;Centre-ville;50;9h/18h;open 6/7;6;E0001;2000;2022-07-17;Salesforce;0,12;0,88;C0239;F;38;False;0;0;P010;152,25;152,25;New Balance;Running;Flex;42;Red Blood;False
V3483080853;2024-01-20;15:01;S01;Premium;Centre-ville;50;9h/18h;open 6/7;6;E0002;2900;2015-10-11;Salesforce;0,05;0,95;C0106;M;36;True;0;5;P030;59,75;59,75;New Balance;Casual;Elite;30;Sunny Yellow;True
V8775491499;2024-01-12;11:45;S01;Premium;Centre-ville;50;9h/18h;open 6/7;6;E0002;2900;2015-10-11;Salesforce;0,05;0,95;C0095;M;45;True;0;5;P030;59,75;59,75;New Balance;Casual;Elite;30;Sunny Yellow;True
V3812859991;2024-01-29;12:36;S01;Premium;Centre-ville;50;9h/18h;open 6/7;6;E0002;2900;2015-10-11;Salesforce;0,05;0,95;C0266;M;25;True;40;5;P030;49,97;59,75;New Balance;Casual;Elite;30;Sunny Yellow;True
V4944936994;2024-01-31;12:33;S01;Premium;Centre-ville;50;9h/18h;open 6/7;6;E0002;2900;2015-10-11;Salesforce;0,05;0,95;C0051;F;50;True;0;5;P030;59,75;59,75;New Balance;Casual;Elite;30;Sunny Yellow;True
V6082601607;2024-01-10;16:38;S01;Premium;Centre-ville;50;9h/18h;open 6/7;6;E0002;2900;2015-10-11;Salesforce;0,05;0,95;C0125;F;42;True;0;13;P035;135,45;135,45;New Balance;Basketball;Zoom;37;Pink;False
V6082601607;2024-01-10;16:38;S01;Premium;Centre-ville;50;9h/18h;open 6/7;6;E0002;2900;2015-10-11;Salesforce;0,05;0,95;C0125;F;42;True;0;13;G035;30,0;30,0;Lunettes;Lunettes;Lunettes;XS;None;False
V6082601607;2024-01-10;16:38;S01;Premium;Centre-ville;50;9h/18h;open 6/7;6;E0002;2900;2015-10-11;Salesforce;0,05;0,95;C0125;F;42;True;0;13;G035;10,0;10,0;Bonnet;Bonnet;Bonnet;XS;None;False
V6082601607;2024-01-10;16:38;S01;Premium;Centre-ville;50;9h/18h;open 6/7;6;E0002;2900;2015-10-11;Salesforce;0,05;0,95;C0125;F;42;True;0;13;G035;20,0;20,0;Lunettes;Lunettes;Lunettes;M;None;False
V2645335307;2024-01-27;16:08;S01;Premium;Centre-ville;50;9h/18h;open 6/7;6;E0002;2900;2015-10-11;Salesforce;0,05;0,95;C0043;F;60;True;0;15;P010;152,25;152,25;New Balance;Running;Flex;42;Red Blood;False
V2645335307;2024-01-27;16:08;S01;Premium;Centre-ville;50;9h/18h;open 6/7;6;E0002;2900;2015-10-11;Salesforce;0,05;0,95;C0043;F;60;True;0;15;G010;30,0;30,0;Tee-short;Tee-short;Tee-short;S;None;False
V1473620454;2024-01-16;16:09;S01;Premium;Centre-ville;50;9h/18h;open 6/7;6;E0002;2900;2015-10-11;Salesforce;0,05;0,95;C0105;M;37;True;0;13;P035;135,45;135,45;New Balance;Basketball;Zoom;37;Pink;False
V1473620454;2024-01-16;16:09;S01;Premium;Centre-ville;50;9h/18h;open 6/7;6;E0002;2900;2015-10-11;Salesforce;0,05;0,95;C0105;M;37;True;0;13;G035;10,0;10,0;Lacets;Lacets;Lacets;L;None;False
V1747699549;2024-01-20;09:36;S01;Premium;Centre-ville;50;9h/18h;open 6/7;6;E0002;2900;2015-10-11;Salesforce;0,05;0,95;C0021;F;46;True;0;5;P030;59,75;59,75;New Balance;Casual;Elite;30;Sunny Yellow;True
V1747699549;2024-01-20;09:36;S01;Premium;Centre-ville;50;9h/18h;open 6/7;6;E0002;2900;2015-10-11;Salesforce;0,05;0,95;C0021;F;46;True;0;5;G030;30,0;30,0;Lunettes;Lunettes;Lunettes;XS;None;False
V7609889584;2024-01-27;10:49;S01;Premium;Centre-ville;50;9h/18h;open 6/7;6;E0003;2100;2020-09-04;Salesforce;0,13;0,87;C0042;F;46;True;0;5;P030;59,75;59,75;New Balance;Casual;Elite;30;Sunny Yellow;True
V6278249994;2024-01-29;14:52;S01;Premium;Centre-ville;50;9h/18h;open 6/7;6;E0005;2800;2017-07-01;Salesforce;0,05;0,95;C0224;F;45;True;0;14;P040;145,95;145,95;New Balance;Running;Air;43;Deep Purple;False
V6278249994;2024-01-29;14:52;S01;Premium;Centre-ville;50;9h/18h;open 6/7;6;E0005;2800;2017-07-01;Salesforce;0,05;0,95;C0224;F;45;True;0;14;G040;10,0;10,0;Lacets;Lacets;Lacets;XL;None;False
V1125689467;2024-01-01;16:32;S01;Premium;Centre-ville;50;9h/18h;open 6/7;6;E0003;2100;2020-09-04;Salesforce;0,13;0,87;C0036;M;36;True;0;15;P031;152,25;152,25;New Balance;Casual;Flex;42;Brown Bear;False
V3290521769;2024-01-04;16:54;S01;Premium;Centre-ville;50;9h/18h;open 6/7;6;E0003;2100;2020-09-04;Salesforce;0,13;0,87;C0157;M;43;True;0;16;P034;166,95;166,95;New Balance;Basketball;Zoom;39;Premium Black;False
V8286110653;2024-01-15;12:54;S01;Premium;Centre-ville;50;9h/18h;open 6/7;6;E0004;2600;2006-01-09;Manager;0,21;0,79;C0243;F;49;True;0;13;P035;135,45;135,45;New Balance;Basketball;Zoom;37;Pink;False
V3863222137;2024-01-27;09:17;S01;Premium;Centre-ville;50;9h/18h;open 6/7;6;E0003;2100;2020-09-04;Salesforce;0,13;0,87;C0265;F;39;True;0;5;P030;59,75;59,75;New Balance;Casual;Elite;30;Sunny Yellow;True
V3250066421;2024-01-22;14:11;S01;Premium;Centre-ville;50;9h/18h;open 6/7;6;E0001;2000;2022-07-17;Salesforce;0,12;0,88;C0100;F;39;True;0;15;P031;152,25;152,25;New Balance;Casual;Flex;42;Brown Bear;False
V1106498335;2024-01-27;15:10;S01;Premium;Centre-ville;50;9h/18h;open 6/7;6;E0002;2900;2015-10-11;Salesforce;0,05;0,95;C0266;M;25;True;0;5;P030;59,75;59,75;New Balance;Casual;Elite;30;Sunny Yellow;True
V1106498335;2024-01-27;15:10;S01;Premium;Centre-ville;50;9h/18h;open 6/7;6;E0002;2900;2015-10-11;Salesforce;0,05;0,95;C0266;M;25;True;0;5;G030;30,0;30,0;Tee-short;Tee-short;Tee-short;XL;None;False
V4522547975;2024-01-06;17:50;S01;Premium;Centre-ville;50;9h/18h;open 6/7;6;E0002;2900;2015-10-11;Salesforce;0,05;0,95;C0029;M;46;True;0;5;P030;59,75;59,75;New Balance;Casual;Elite;30;Sunny Yellow;True
V4642331593;2024-01-31;14:02;S01;Premium;Centre-ville;50;9h/18h;open 6/7;6;E0002;2900;2015-10-11;Salesforce;0,05;0,95;C0178;F;36;False;0;0;P030;59,75;59,75;New Balance;Casual;Elite;30;Sunny Yellow;True
V5618243132;2024-01-20;14:30;S01;Premium;Centre-ville;50;9h/18h;open 6/7;6;E0001;2000;2022-07-17;Salesforce;0,12;0,88;C0245;M;30;False;0;0;P035;128,67999999999998;135,45;New Balance;Basketball;Zoom;37;Pink;False
V6730036213;2024-01-22;09:52;S01;Premium;Centre-ville;50;9h/18h;open 6/7;6;E0001;2000;2022-07-17;Salesforce;0,12;0,88;C0163;F;43;True;20;13;P010;135,02;152,25;New Balance;Running;Flex;42;Red Blood;False
V6403053192;2024-01-06;13:44;S01;Premium;Centre-ville;50;9h/18h;open 6/7;6;E0002;2900;2015-10-11;Salesforce;0,05;0,95;C0066;M;35;True;0;5;P030;59,75;59,75;New Balance;Casual;Elite;30;Sunny Yellow;True
V1528174792;2024-01-17;12:59;S01;Premium;Centre-ville;50;9h/18h;open 6/7;6;E0002;2900;2015-10-11;Salesforce;0,05;0,95;C0127;M;28;True;0;5;P030;59,75;59,75;New Balance;Casual;Elite;30;Sunny Yellow;True
V2696484195;2024-01-24;13:54;S01;Premium;Centre-ville;50;9h/18h;open 6/7;6;E0002;2900;2015-10-11;Salesforce;0,05;0,95;C0134;M;49;False;0;0;P030;59,75;59,75;New Balance;Casual;Elite;30;Sunny Yellow;True
V6059324093;2024-01-15;18:55;S01;Premium;Centre-ville;50;9h/18h;open 6/7;6;E0002;2900;2015-10-11;Salesforce;0,05;0,95;C0208;F;40;True;0;5;P030;59,75;59,75;New Balance;Casual;Elite;30;Sunny Yellow;True
V8373641149;2024-01-07;13:27;S01;Premium;Centre-ville;50;9h/18h;open 6/7;6;E0005;2800;2017-07-01;Salesforce;0,05;0,95;C0154;M;45;True;0;10;P037;103,0;114,45;New Balance;Running;Elite;41;Premium Black;False
V6126124149;2024-01-05;13:49;S01;Premium;Centre-ville;50;9h/18h;open 6/7;6;E0003;2100;2020-09-04;Salesforce;0,13;0,87;C0222;M;49;True;40;14;P040;141,95;145,95;New Balance;Running;Air;43;Deep Purple;False
V3955001650;2024-01-03;12:31;S01;Premium;Centre-ville;50;9h/18h;open 6/7;6;E0003;2100;2020-09-04;Salesforce;0,13;0,87;C0287;F;47;True;0;14;P040;145,95;145,95;New Balance;Running;Air;43;Deep Purple;False
V3955001650;2024-01-03;12:31;S01;Premium;Centre-ville;50;9h/18h;open 6/7;6;E0003;2100;2020-09-04;Salesforce;0,13;0,87;C0287;F;47;True;0;14;G040;10,0;10,0;Bonnet;Bonnet;Bonnet;XS;None;False
V6121607258;2024-01-03;10:04;S01;Premium;Centre-ville;50;9h/18h;open 6/7;6;E0005;2800;2017-07-01;Salesforce;0,05;0,95;C0136;M;52;True;0;15;P031;152,25;152,25;New Balance;Casual;Flex;42;Brown Bear;False
V4042694623;2024-01-05;15:25;S01;Premium;Centre-ville;50;9h/18h;open 6/7;6;E0001;2000;2022-07-17;Salesforce;0,12;0,88;C0209;M;36;False;0;0;P040;145,95;145,95;New Balance;Running;Air;43;Deep Purple;False
V9940449062;2024-01-06;17:53;S01;Premium;Centre-ville;50;9h/18h;open 6/7;6;E0003;2100;2020-09-04;Salesforce;0,13;0,87;C0081;M;34;False;0;0;P010;152,25;152,25;New Balance;Running;Flex;42;Red Blood;False
V6960777957;2024-01-22;13:49;S01;Premium;Centre-ville;50;9h/18h;open 6/7;6;E0002;2900;2015-10-11;Salesforce;0,05;0,95;C0275;M;33;False;0;0;P030;59,75;59,75;New Balance;Casual;Elite;30;Sunny Yellow;True
V4423694531;2024-01-23;13:59;S01;Premium;Centre-ville;50;9h/18h;open 6/7;6;E0003;2100;2020-09-04;Salesforce;0,13;0,87;C0032;F;37;True;0;14;P040;145,95;145,95;New Balance;Running;Air;43;Deep Purple;False
V1014427898;2024-01-25;15:33;S01;Premium;Centre-ville;50;9h/18h;open 6/7;6;E0002;2900;2015-10-11;Salesforce;0,05;0,95;C0024;F;39;True;0;5;P030;59,75;59,75;New Balance;Casual;Elite;30;Sunny Yellow;True
V1014427898;2024-01-25;15:33;S01;Premium;Centre-ville;50;9h/18h;open 6/7;6;E0002;2900;2015-10-11;Salesforce;0,05;0,95;C0024;F;39;True;0;5;G030;10,0;10,0;Echarpe;Echarpe;Echarpe;XS;None;False
V1195421345;2024-01-25;10:30;S01;Premium;Centre-ville;50;9h/18h;open 6/7;6;E0002;2900;2015-10-11;Salesforce;0,05;0,95;C0076;M;66;True;0;5;P030;49,75;59,75;New Balance;Casual;Elite;30;Sunny Yellow;True
V1195421345;2024-01-25;10:30;S01;Premium;Centre-ville;50;9h/18h;open 6/7;6;E0002;2900;2015-10-11;Salesforce;0,05;0,95;C0076;M;66;True;0;5;G030;10,0;10,0;Lunettes;Lunettes;Lunettes;M;None;False
V7627585585;2024-01-04;11:37;S01;Premium;Centre-ville;50;9h/18h;open 6/7;6;E0002;2900;2015-10-11;Salesforce;0,05;0,95;C0016;M;37;False;0;0;P030;59,75;59,75;New Balance;Casual;Elite;30;Sunny Yellow;True
V9597858914;2024-01-13;15:22;S01;Premium;Centre-ville;50;9h/18h;open 6/7;6;E0005;2800;2017-07-01;Salesforce;0,05;0,95;C0099;F;46;False;0;0;P031;152,25;152,25;New Balance;Casual;Flex;42;Brown Bear;False
V4872211242;2024-01-30;16:04;S01;Premium;Centre-ville;50;9h/18h;open 6/7;6;E0005;2800;2017-07-01;Salesforce;0,05;0,95;C0055;F;68;True;0;12;P031;129,41;152,25;New Balance;Casual;Flex;42;Brown Bear;False
V6956065020;2024-01-15;11:58;S01;Premium;Centre-ville;50;9h/18h;open 6/7;6;E0002;2900;2015-10-11;Salesforce;0,05;0,95;C0161;M;34;False;0;0;P030;59,75;59,75;New Balance;Casual;Elite;30;Sunny Yellow;True
V5289696194;2024-01-12;17:20;S01;Premium;Centre-ville;50;9h/18h;open 6/7;6;E0001;2000;2022-07-17;Salesforce;0,12;0,88;C0044;F;26;True;0;5;P030;59,75;59,75;New Balance;Casual;Elite;30;Sunny Yellow;True
V7536689862;2024-01-15;18:11;S01;Premium;Centre-ville;50;9h/18h;open 6/7;6;E0005;2800;2017-07-01;Salesforce;0,05;0,95;C0032;F;37;True;0;16;P034;166,95;166,95;New Balance;Basketball;Zoom;39;Premium Black;False
V7536689862;2024-01-15;18:11;S01;Premium;Centre-ville;50;9h/18h;open 6/7;6;E0005;2800;2017-07-01;Salesforce;0,05;0,95;C0032;F;37;True;0;16;G034;30,0;30,0;Lunettes;Lunettes;Lunettes;S;None;False
V3387100227;2024-01-12;10:08;S01;Premium;Centre-ville;50;9h/18h;open 6/7;6;E0002;2900;2015-10-11;Salesforce;0,05;0,95;C0108;F;39;False;0;0;P030;55,49;59,75;New Balance;Casual;Elite;30;Sunny Yellow;True
V3387100227;2024-01-12;10:08;S01;Premium;Centre-ville;50;9h/18h;open 6/7;6;E0002;2900;2015-10-11;Salesforce;0,05;0,95;C0108;F;39;False;0;0;G030;20,0;20,0;Tee-short;Tee-short;Tee-short;XS;None;False
V3387100227;2024-01-12;10:08;S01;Premium;Centre-ville;50;9h/18h;open 6/7;6;E0002;2900;2015-10-11;Salesforce;0,05;0,95;C0108;F;39;False;0;0;G030;20,0;20,0;Lunettes;Lunettes;Lunettes;XL;None;False
V8711728065;2024-01-13;15:46;S01;Premium;Centre-ville;50;9h/18h;open 6/7;6;E0004;2600;2006-01-09;Manager;0,21;0,79;C0098;F;44;False;0;0;P040;145,95;145,95;New Balance;Running;Air;43;Deep Purple;False
V8711728065;2024-01-13;15:46;S01;Premium;Centre-ville;50;9h/18h;open 6/7;6;E0004;2600;2006-01-09;Manager;0,21;0,79;C0098;F;44;False;0;0;G040;30,0;30,0;Bonnet;Bonnet;Bonnet;L;None;False
V8711728065;2024-01-13;15:46;S01;Premium;Centre-ville;50;9h/18h;open 6/7;6;E0004;2600;2006-01-09;Manager;0,21;0,79;C0098;F;44;False;0;0;G040;20,0;20,0;Bonnet;Bonnet;Bonnet;XS;None;False
V3720260994;2024-01-18;18:22;S01;Premium;Centre-ville;50;9h/18h;open 6/7;6;E0001;2000;2022-07-17;Salesforce;0,12;0,88;C0138;M;36;True;0;15;P031;152,25;152,25;New Balance;Casual;Flex;42;Brown Bear;False
V7210633250;2024-01-24;12:36;S01;Premium;Centre-ville;50;9h/18h;open 6/7;6;E0005;2800;2017-07-01;Salesforce;0,05;0,95;C0044;F;26;True;0;5;P030;59,75;59,75;New Balance;Casual;Elite;30;Sunny Yellow;True
V5401395267;2024-01-23;14:05;S01;Premium;Centre-ville;50;9h/18h;open 6/7;6;E0002;2900;2015-10-11;Salesforce;0,05;0,95;C0240;M;25;True;0;5;P030;59,75;59,75;New Balance;Casual;Elite;30;Sunny Yellow;True
V5086436531;2024-01-23;16:08;S01;Premium;Centre-ville;50;9h/18h;open 6/7;6;E0002;2900;2015-10-11;Salesforce;0,05;0,95;C0275;M;33;False;0;0;P030;59,75;59,75;New Balance;Casual;Elite;30;Sunny Yellow;True
V1237749072;2024-01-31;16:24;S01;Premium;Centre-ville;50;9h/18h;open 6/7;6;E0003;2100;2020-09-04;Salesforce;0,13;0,87;C0008;F;42;True;0;14;P040;145,95;145,95;New Balance;Running;Air;43;Deep Purple;False
V5643722303;2024-01-05;11:11;S01;Premium;Centre-ville;50;9h/18h;open 6/7;6;E0002;2900;2015-10-11;Salesforce;0,05;0,95;C0107;F;36;True;0;5;P030;59,75;59,75;New Balance;Casual;Elite;30;Sunny Yellow;True
V5643722303;2024-01-05;11:11;S01;Premium;Centre-ville;50;9h/18h;open 6/7;6;E0002;2900;2015-10-11;Salesforce;0,05;0,95;C0107;F;36;True;0;5;G030;40,0;40,0;Lunettes;Lunettes;Lunettes;S;None;False
V2217848375;2024-01-23;11:55;S01;Premium;Centre-ville;50;9h/18h;open 6/7;6;E0002;2900;2015-10-11;Salesforce;0,05;0,95;C0091;M;30;False;0;0;P030;59,75;59,75;New Balance;Casual;Elite;30;Sunny Yellow;True
V2154218696;2024-01-18;18:18;S01;Premium;Centre-ville;50;9h/18h;open 6/7;6;E0002;2900;2015-10-11;Salesforce;0,05;0,95;C0128;M;47;True;0;5;P030;59,75;59,75;New Balance;Casual;Elite;30;Sunny Yellow;True
V9864879432;2024-01-13;15:05;S01;Premium;Centre-ville;50;9h/18h;open 6/7;6;E0005;2800;2017-07-01;Salesforce;0,05;0,95;C0051;F;50;True;0;15;P010;152,25;152,25;New Balance;Running;Flex;42;Red Blood;False
V9948112062;2024-01-09;15:04;S01;Premium;Centre-ville;50;9h/18h;open 6/7;6;E0003;2100;2020-09-04;Salesforce;0,13;0,87;C0018;M;36;True;0;14;P040;145,95;145,95;New Balance;Running;Air;43;Deep Purple;False
V8067047620;2024-01-04;13:55;S01;Premium;Centre-ville;50;9h/18h;open 6/7;6;E0001;2000;2022-07-17;Salesforce;0,12;0,88;C0168;M;35;True;0;11;P037;114,45;114,45;New Balance;Running;Elite;41;Premium Black;False
V9209042873;2024-01-04;13:48;S01;Premium;Centre-ville;50;9h/18h;open 6/7;6;E0005;2800;2017-07-01;Salesforce;0,05;0,95;C0062;M;52;True;0;5;P030;59,75;59,75;New Balance;Casual;Elite;30;Sunny Yellow;True
V8201033165;2024-01-25;17:16;S01;Premium;Centre-ville;50;9h/18h;open 6/7;6;E0001;2000;2022-07-17;Salesforce;0,12;0,88;C0067;M;26;True;0;10;P040;102,16999999999999;145,95;New Balance;Running;Air;43;Deep Purple;False
V1391352330;2024-01-31;14:21;S01;Premium;Centre-ville;50;9h/18h;open 6/7;6;E0002;2900;2015-10-11;Salesforce;0,05;0,95;C0267;M;50;True;0;5;P030;59,75;59,75;New Balance;Casual;Elite;30;Sunny Yellow;True
V1391352330;2024-01-31;14:21;S01;Premium;Centre-ville;50;9h/18h;open 6/7;6;E0002;2900;2015-10-11;Salesforce;0,05;0,95;C0267;M;50;True;0;5;G030;30,0;30,0;Tee-short;Tee-short;Tee-short;XL;None;False
V1391352330;2024-01-31;14:21;S01;Premium;Centre-ville;50;9h/18h;open 6/7;6;E0002;2900;2015-10-11;Salesforce;0,05;0,95;C0267;M;50;True;0;5;G030;10,0;10,0;Lacets;Lacets;Lacets;L;None;False
V1391352330;2024-01-31;14:21;S01;Premium;Centre-ville;50;9h/18h;open 6/7;6;E0002;2900;2015-10-11;Salesforce;0,05;0,95;C0267;M;50;True;0;5;G030;40,0;40,0;Echarpe;Echarpe;Echarpe;S;None;False
V4863589015;2024-01-13;18:28;S01;Premium;Centre-ville;50;9h/18h;open 6/7;6;E0003;2100;2020-09-04;Salesforce;0,13;0,87;C0123;F;31;False;0;0;P030;59,75;59,75;New Balance;Casual;Elite;30;Sunny Yellow;True
V6805301872;2024-01-13;13:24;S01;Premium;Centre-ville;50;9h/18h;open 6/7;6;E0001;2000;2022-07-17;Salesforce;0,12;0,88;C0187;F;39;True;0;5;P030;59,75;59,75;New Balance;Casual;Elite;30;Sunny Yellow;True
V1525642042;2024-01-10;10:30;S01;Premium;Centre-ville;50;9h/18h;open 6/7;6;E0005;2800;2017-07-01;Salesforce;0,05;0,95;C0042;F;46;True;0;5;P030;33,75;59,75;New Balance;Casual;Elite;30;Sunny Yellow;True
V1806528407;2024-01-31;18:45;S01;Premium;Centre-ville;50;9h/18h;open 6/7;6;E0004;2600;2006-01-09;Manager;0,21;0,79;C0012;M;38;False;0;0;P035;135,45;135,45;New Balance;Basketball;Zoom;37;Pink;False
V1806528407;2024-01-31;18:45;S01;Premium;Centre-ville;50;9h/18h;open 6/7;6;E0004;2600;2006-01-09;Manager;0,21;0,79;C0012;M;38;False;0;0;G035;40,0;40,0;Lunettes;Lunettes;Lunettes;XS;None;False
V4394298383;2024-01-27;13:04;S01;Premium;Centre-ville;50;9h/18h;open 6/7;6;E0003;2100;2020-09-04;Salesforce;0,13;0,87;C0169;F;37;False;0;0;P031;152,25;152,25;New Balance;Casual;Flex;42;Brown Bear;False
V4381310299;2024-01-13;10:21;S01;Premium;Centre-ville;50;9h/18h;open 6/7;6;E0002;2900;2015-10-11;Salesforce;0,05;0,95;C0136;M;52;True;10;5;P030;58,75;59,75;New Balance;Casual;Elite;30;Sunny Yellow;True
V4381310299;2024-01-13;10:21;S01;Premium;Centre-ville;50;9h/18h;open 6/7;6;E0002;2900;2015-10-11;Salesforce;0,05;0,95;C0136;M;52;True;10;5;G030;20,0;20,0;Tee-short;Tee-short;Tee-short;XL;None;False
V5891087824;2024-01-08;15:32;S01;Premium;Centre-ville;50;9h/18h;open 6/7;6;E0004;2600;2006-01-09;Manager;0,21;0,79;C0159;M;33;True;0;11;P037;92,45;114,45;New Balance;Running;Elite;41;Premium Black;False
V5841156956;2024-01-27;13:02;S01;Premium;Centre-ville;50;9h/18h;open 6/7;6;E0005;2800;2017-07-01;Salesforce;0,05;0,95;C0121;M;29;True;0;5;P030;59,75;59,75;New Balance;Casual;Elite;30;Sunny Yellow;True
V7516159135;2024-01-20;14:01;S01;Premium;Centre-ville;50;9h/18h;open 6/7;6;E0005;2800;2017-07-01;Salesforce;0,05;0,95;C0157;M;43;True;0;11;P037;114,45;114,45;New Balance;Running;Elite;41;Premium Black;False
V1228144769;2024-01-06;17:58;S01;Premium;Centre-ville;50;9h/18h;open 6/7;6;E0004;2600;2006-01-09;Manager;0,21;0,79;C0100;F;39;True;0;13;P035;135,45;135,45;New Balance;Basketball;Zoom;37;Pink;False
V8657579514;2024-01-19;11:41;S01;Premium;Centre-ville;50;9h/18h;open 6/7;6;E0002;2900;2015-10-11;Salesforce;0,05;0,95;C0269;F;37;True;0;5;P030;59,75;59,75;New Balance;Casual;Elite;30;Sunny Yellow;True
V7004209260;2024-01-11;17:24;S01;Premium;Centre-ville;50;9h/18h;open 6/7;6;E0002;2900;2015-10-11;Salesforce;0,05;0,95;C0130;F;37;False;0;0;P030;59,75;59,75;New Balance;Casual;Elite;30;Sunny Yellow;True
V1393369616;2024-01-04;12:32;S01;Premium;Centre-ville;50;9h/18h;open 6/7;6;E0001;2000;2022-07-17;Salesforce;0,12;0,88;C0197;F;29;True;0;15;P010;152,25;152,25;New Balance;Running;Flex;42;Red Blood;False
V5547784782;2024-01-04;09:10;S01;Premium;Centre-ville;50;9h/18h;open 6/7;6;E0005;2800;2017-07-01;Salesforce;0,05;0,95;C0148;M;36;False;0;0;P035;135,45;135,45;New Balance;Basketball;Zoom;37;Pink;False
V9086788924;2024-01-12;15:56;S01;Premium;Centre-ville;50;9h/18h;open 6/7;6;E0003;2100;2020-09-04;Salesforce;0,13;0,87;C0262;F;55;True;0;15;P010;136,25;152,25;New Balance;Running;Flex;42;Red Blood;False
V5138291068;2024-01-16;18:10;S01;Premium;Centre-ville;50;9h/18h;open 6/7;6;E0003;2100;2020-09-04;Salesforce;0,13;0,87;C0282;M;48;False;0;0;P030;59,75;59,75;New Balance;Casual;Elite;30;Sunny Yellow;True
V5138291068;2024-01-16;18:10;S01;Premium;Centre-ville;50;9h/18h;open 6/7;6;E0003;2100;2020-09-04;Salesforce;0,13;0,87;C0282;M;48;False;0;0;G030;40,0;40,0;Tee-short;Tee-short;Tee-short;S;None;False
V4289782420;2024-01-06;17:41;S01;Premium;Centre-ville;50;9h/18h;open 6/7;6;E0002;2900;2015-10-11;Salesforce;0,05;0,95;C0158;M;37;False;0;0;P030;59,75;59,75;New Balance;Casual;Elite;30;Sunny Yellow;True
V4300663661;2024-01-16;10:44;S01;Premium;Centre-ville;50;9h/18h;open 6/7;6;E0002;2900;2015-10-11;Salesforce;0,05;0,95;C0077;F;61;True;0;14;P040;145,95;145,95;New Balance;Running;Air;43;Deep Purple;False
V4300663661;2024-01-16;10:44;S01;Premium;Centre-ville;50;9h/18h;open 6/7;6;E0002;2900;2015-10-11;Salesforce;0,05;0,95;C0077;F;61;True;0;14;G040;20,0;20,0;Lunettes;Lunettes;Lunettes;S;None;False
V7192546606;2024-01-08;13:19;S01;Premium;Centre-ville;50;9h/18h;open 6/7;6;E0005;2800;2017-07-01;Salesforce;0,05;0,95;C0124;F;34;True;0;5;P030;59,75;59,75;New Balance;Casual;Elite;30;Sunny Yellow;True
V5098896879;2024-01-13;13:36;S01;Premium;Centre-ville;50;9h/18h;open 6/7;6;E0001;2000;2022-07-17;Salesforce;0,12;0,88;C0225;F;47;False;0;0;P040;145,95;145,95;New Balance;Running;Air;43;Deep Purple;False
V1794482694;2024-01-22;17:53;S01;Premium;Centre-ville;50;9h/18h;open 6/7;6;E0003;2100;2020-09-04;Salesforce;0,13;0,87;C0012;M;38;False;0;0;P031;106,58;152,25;New Balance;Casual;Flex;42;Brown Bear;False
V3749472631;2024-01-12;10:38;S01;Premium;Centre-ville;50;9h/18h;open 6/7;6;E0005;2800;2017-07-01;Salesforce;0,05;0,95;C0159;M;33;True;0;15;P031;152,25;152,25;New Balance;Casual;Flex;42;Brown Bear;False
V3629044920;2024-01-16;14:52;S01;Premium;Centre-ville;50;9h/18h;open 6/7;6;E0002;2900;2015-10-11;Salesforce;0,05;0,95;C0195;F;26;False;0;0;P030;59,75;59,75;New Balance;Casual;Elite;30;Sunny Yellow;True
V3629044920;2024-01-16;14:52;S01;Premium;Centre-ville;50;9h/18h;open 6/7;6;E0002;2900;2015-10-11;Salesforce;0,05;0,95;C0195;F;26;False;0;0;G030;40,0;40,0;Lunettes;Lunettes;Lunettes;L;None;False
V3386315180;2024-01-06;14:55;S01;Premium;Centre-ville;50;9h/18h;open 6/7;6;E0005;2800;2017-07-01;Salesforce;0,05;0,95;C0053;F;40;False;0;0;P010;88,25;152,25;New Balance;Running;Flex;42;Red Blood;False
V4377092444;2024-01-29;13:27;S01;Premium;Centre-ville;50;9h/18h;open 6/7;6;E0003;2100;2020-09-04;Salesforce;0,13;0,87;C0060;F;25;True;0;16;P034;85,94999999999999;166,95;New Balance;Basketball;Zoom;39;Premium Black;False
V3878379100;2024-01-01;09:40;S01;Premium;Centre-ville;50;9h/18h;open 6/7;6;E0001;2000;2022-07-17;Salesforce;0,12;0,88;C0203;M;33;False;0;0;P010;152,25;152,25;New Balance;Running;Flex;42;Red Blood;False
V3878379100;2024-01-01;09:40;S01;Premium;Centre-ville;50;9h/18h;open 6/7;6;E0001;2000;2022-07-17;Salesforce;0,12;0,88;C0203;M;33;False;0;0;G010;40,0;40,0;Echarpe;Echarpe;Echarpe;XS;None;False
V7234033253;2024-01-01;14:11;S01;Premium;Centre-ville;50;9h/18h;open 6/7;6;E0005;2800;2017-07-01;Salesforce;0,05;0,95;C0180;F;30;True;0;5;P030;59,75;59,75;New Balance;Casual;Elite;30;Sunny Yellow;True
V3112001738;2024-01-29;11:59;S01;Premium;Centre-ville;50;9h/18h;open 6/7;6;E0002;2900;2015-10-11;Salesforce;0,05;0,95;C0020;F;38;False;0;0;P030;59,75;59,75;New Balance;Casual;Elite;30;Sunny Yellow;True
V3112001738;2024-01-29;11:59;S01;Premium;Centre-ville;50;9h/18h;open 6/7;6;E0002;2900;2015-10-11;Salesforce;0,05;0,95;C0020;F;38;False;0;0;G030;40,0;40,0;Echarpe;Echarpe;Echarpe;XL;None;False
V2747500690;2024-01-22;14:27;S01;Premium;Centre-ville;50;9h/18h;open 6/7;6;E0002;2900;2015-10-11;Salesforce;0,05;0,95;C0003;M;57;False;0;0;P030;40,75;59,75;New Balance;Casual;Elite;30;Sunny Yellow;True
V6729096102;2024-01-03;09:38;S01;Premium;Centre-ville;50;9h/18h;open 6/7;6;E0002;2900;2015-10-11;Salesforce;0,05;0,95;C0214;F;53;False;0;0;P030;59,75;59,75;New Balance;Casual;Elite;30;Sunny Yellow;True
V5222450927;2024-01-02;15:35;S01;Premium;Centre-ville;50;9h/18h;open 6/7;6;E0002;2900;2015-10-11;Salesforce;0,05;0,95;C0220;M;42;True;20;5;P030;57,75;59,75;New Balance;Casual;Elite;30;Sunny Yellow;True
V3392362493;2024-01-03;17:59;S01;Premium;Centre-ville;50;9h/18h;open 6/7;6;E0003;2100;2020-09-04;Salesforce;0,13;0,87;C0274;M;36;True;0;14;P010;144,64;152,25;New Balance;Running;Flex;42;Red Blood;False
V3392362493;2024-01-03;17:59;S01;Premium;Centre-ville;50;9h/18h;open 6/7;6;E0003;2100;2020-09-04;Salesforce;0,13;0,87;C0274;M;36;True;0;14;G010;30,0;30,0;Bonnet;Bonnet;Bonnet;M;None;False
V9490142373;2024-01-22;14:17;S01;Premium;Centre-ville;50;9h/18h;open 6/7;6;E0005;2800;2017-07-01;Salesforce;0,05;0,95;C0149;M;69;True;0;5;P030;59,75;59,75;New Balance;Casual;Elite;30;Sunny Yellow;True
V6181676343;2024-01-11;09:20;S01;Premium;Centre-ville;50;9h/18h;open 6/7;6;E0001;2000;2022-07-17;Salesforce;0,12;0,88;C0193;M;46;True;0;15;P031;152,25;152,25;New Balance;Casual;Flex;42;Brown Bear;False
V6627364184;2024-01-25;11:51;S01;Premium;Centre-ville;50;9h/18h;open 6/7;6;E0002;2900;2015-10-11;Salesforce;0,05;0,95;C0188;F;48;True;40;12;P040;120,05999999999999;145,95;New Balance;Running;Air;43;Deep Purple;False
V6938918304;2024-01-16;14:43;S01;Premium;Centre-ville;50;9h/18h;open 6/7;6;E0001;2000;2022-07-17;Salesforce;0,12;0,88;C0289;F;42;True;0;5;P030;59,75;59,75;New Balance;Casual;Elite;30;Sunny Yellow;True
V5612876154;2024-01-04;11:01;S01;Premium;Centre-ville;50;9h/18h;open 6/7;6;E0002;2900;2015-10-11;Salesforce;0,05;0,95;C0164;F;38;True;0;5;P030;48,75;59,75;New Balance;Casual;Elite;30;Sunny Yellow;True
V5612876154;2024-01-04;11:01;S01;Premium;Centre-ville;50;9h/18h;open 6/7;6;E0002;2900;2015-10-11;Salesforce;0,05;0,95;C0164;F;38;True;0;5;G030;30,0;30,0;Bonnet;Bonnet;Bonnet;S;None;False
V1524341336;2024-01-01;18:41;S01;Premium;Centre-ville;50;9h/18h;open 6/7;6;E0004;2600;2006-01-09;Manager;0,21;0,79;C0218;M;35;True;0;5;P030;59,75;59,75;New Balance;Casual;Elite;30;Sunny Yellow;True
V9886344288;2024-01-27;11:57;S01;Premium;Centre-ville;50;9h/18h;open 6/7;6;E0001;2000;2022-07-17;Salesforce;0,12;0,88;C0059;F;39;False;0;0;P037;114,45;114,45;New Balance;Running;Elite;41;Premium Black;False
V9897007801;2024-01-19;10:02;S01;Premium;Centre-ville;50;9h/18h;open 6/7;6;E0005;2800;2017-07-01;Salesforce;0,05;0,95;C0241;F;41;True;10;14;P040;144,95;145,95;New Balance;Running;Air;43;Deep Purple;False
V5532153072;2024-01-25;15:33;S01;Premium;Centre-ville;50;9h/18h;open 6/7;6;E0004;2600;2006-01-09;Manager;0,21;0,79;C0046;M;48;True;40;5;P030;55,75;59,75;New Balance;Casual;Elite;30;Sunny Yellow;True
V1298076752;2024-01-24;16:34;S01;Premium;Centre-ville;50;9h/18h;open 6/7;6;E0002;2900;2015-10-11;Salesforce;0,05;0,95;C0274;M;36;True;0;5;P030;59,75;59,75;New Balance;Casual;Elite;30;Sunny Yellow;True
V1298076752;2024-01-24;16:34;S01;Premium;Centre-ville;50;9h/18h;open 6/7;6;E0002;2900;2015-10-11;Salesforce;0,05;0,95;C0274;M;36;True;0;5;G030;10,0;10,0;Tee-short;Tee-short;Tee-short;XS;None;False
V8912176815;2024-01-17;16:17;S01;Premium;Centre-ville;50;9h/18h;open 6/7;6;E0001;2000;2022-07-17;Salesforce;0,12;0,88;C0300;F;45;False;0;0;P040;102,16999999999999;145,95;New Balance;Running;Air;43;Deep Purple;False
V8431039134;2024-01-06;14:15;S01;Premium;Centre-ville;50;9h/18h;open 6/7;6;E0003;2100;2020-09-04;Salesforce;0,13;0,87;C0001;F;36;True;10;15;P010;151,25;152,25;New Balance;Running;Flex;42;Red Blood;False
V8496395601;2024-01-06;13:40;S01;Premium;Centre-ville;50;9h/18h;open 6/7;6;E0003;2100;2020-09-04;Salesforce;0,13;0,87;C0112;F;34;True;0;11;P037;114,45;114,45;New Balance;Running;Elite;41;Premium Black;False
V8582172698;2024-01-25;13:57;S01;Premium;Centre-ville;50;9h/18h;open 6/7;6;E0001;2000;2022-07-17;Salesforce;0,12;0,88;C0258;F;41;False;0;0;P035;135,45;135,45;New Balance;Basketball;Zoom;37;Pink;False
V2242324183;2024-01-04;14:43;S01;Premium;Centre-ville;50;9h/18h;open 6/7;6;E0005;2800;2017-07-01;Salesforce;0,05;0,95;C0005;F;28;True;0;15;P031;127,25;152,25;New Balance;Casual;Flex;42;Brown Bear;False
V7803305404;2024-01-18;11:31;S01;Premium;Centre-ville;50;9h/18h;open 6/7;6;E0001;2000;2022-07-17;Salesforce;0,12;0,88;C0127;M;28;True;0;5;P030;59,75;59,75;New Balance;Casual;Elite;30;Sunny Yellow;True
V1651167735;2024-01-31;13:02;S01;Premium;Centre-ville;50;9h/18h;open 6/7;6;E0005;2800;2017-07-01;Salesforce;0,05;0,95;C0226;F;36;True;0;11;P037;114,45;114,45;New Balance;Running;Elite;41;Premium Black;False
V1651167735;2024-01-31;13:02;S01;Premium;Centre-ville;50;9h/18h;open 6/7;6;E0005;2800;2017-07-01;Salesforce;0,05;0,95;C0226;F;36;True;0;11;G037;20,0;20,0;Echarpe;Echarpe;Echarpe;L;None;False
V8462088575;2024-01-18;14:50;S01;Premium;Centre-ville;50;9h/18h;open 6/7;6;E0005;2800;2017-07-01;Salesforce;0,05;0,95;C0040;M;50;True;0;5;P030;55,29;59,75;New Balance;Casual;Elite;30;Sunny Yellow;True
V9210475474;2024-01-18;09:40;S01;Premium;Centre-ville;50;9h/18h;open 6/7;6;E0001;2000;2022-07-17;Salesforce;0,12;0,88;C0049;M;42;True;0;5;P030;59,75;59,75;New Balance;Casual;Elite;30;Sunny Yellow;True
V1025266498;2024-01-19;17:03;S01;Premium;Centre-ville;50;9h/18h;open 6/7;6;E0002;2900;2015-10-11;Salesforce;0,05;0,95;C0046;M;48;True;0;5;P030;49,75;59,75;New Balance;Casual;Elite;30;Sunny Yellow;True
V6197156349;2024-01-01;17:25;S01;Premium;Centre-ville;50;9h/18h;open 6/7;6;E0002;2900;2015-10-11;Salesforce;0,05;0,95;C0060;F;25;True;0;5;P030;59,75;59,75;New Balance;Casual;Elite;30;Sunny Yellow;True
V6197156349;2024-01-01;17:25;S01;Premium;Centre-ville;50;9h/18h;open 6/7;6;E0002;2900;2015-10-11;Salesforce;0,05;0,95;C0060;F;25;True;0;5;G030;40,0;40,0;Tee-short;Tee-short;Tee-short;S;None;False
V8916468563;2024-01-01;13:21;S01;Premium;Centre-ville;50;9h/18h;open 6/7;6;E0005;2800;2017-07-01;Salesforce;0,05;0,95;C0240;M;25;True;0;15;P034;150,25;166,95;New Balance;Basketball;Zoom;39;Premium Black;False
V7369649236;2024-01-03;10:58;S01;Premium;Centre-ville;50;9h/18h;open 6/7;6;E0003;2100;2020-09-04;Salesforce;0,13;0,87;C0049;M;42;True;0;5;P030;59,75;59,75;New Balance;Casual;Elite;30;Sunny Yellow;True
V8885963677;2024-01-29;18:21;S01;Premium;Centre-ville;50;9h/18h;open 6/7;6;E0002;2900;2015-10-11;Salesforce;0,05;0,95;C0166;F;33;True;0;5;P030;59,75;59,75;New Balance;Casual;Elite;30;Sunny Yellow;True
V8885963677;2024-01-29;18:21;S01;Premium;Centre-ville;50;9h/18h;open 6/7;6;E0002;2900;2015-10-11;Salesforce;0,05;0,95;C0166;F;33;True;0;5;G030;10,0;10,0;Lunettes;Lunettes;Lunettes;S;None;False
V3807553297;2024-01-04;11:33;S01;Premium;Centre-ville;50;9h/18h;open 6/7;6;E0001;2000;2022-07-17;Salesforce;0,12;0,88;C0192;M;23;True;0;16;P034;166,95;166,95;New Balance;Basketball;Zoom;39;Premium Black;False
V8391220245;2024-01-29;18:55;S01;Premium;Centre-ville;50;9h/18h;open 6/7;6;E0002;2900;2015-10-11;Salesforce;0,05;0,95;C0162;M;33;True;0;11;P037;114,45;114,45;New Balance;Running;Elite;41;Premium Black;False
V8391220245;2024-01-29;18:55;S01;Premium;Centre-ville;50;9h/18h;open 6/7;6;E0002;2900;2015-10-11;Salesforce;0,05;0,95;C0162;M;33;True;0;11;G037;40,0;40,0;Tee-short;Tee-short;Tee-short;L;None;False
V1111189638;2024-01-02;14:49;S01;Premium;Centre-ville;50;9h/18h;open 6/7;6;E0004;2600;2006-01-09;Manager;0,21;0,79;C0105;M;37;True;0;16;P034;166,95;166,95;New Balance;Basketball;Zoom;39;Premium Black;False
V6089786891;2024-01-16;12:39;S01;Premium;Centre-ville;50;9h/18h;open 6/7;6;E0002;2900;2015-10-11;Salesforce;0,05;0,95;C0043;F;60;True;0;5;P030;59,75;59,75;New Balance;Casual;Elite;30;Sunny Yellow;True
V6089786891;2024-01-16;12:39;S01;Premium;Centre-ville;50;9h/18h;open 6/7;6;E0002;2900;2015-10-11;Salesforce;0,05;0,95;C0043;F;60;True;0;5;G030;20,0;20,0;Bonnet;Bonnet;Bonnet;L;None;False
V5311201316;2024-01-30;09:03;S01;Premium;Centre-ville;50;9h/18h;open 6/7;6;E0003;2100;2020-09-04;Salesforce;0,13;0,87;C0041;F;32;False;0;0;P035;135,45;135,45;New Balance;Basketball;Zoom;37;Pink;False
V6338771458;2024-01-16;11:39;S01;Premium;Centre-ville;50;9h/18h;open 6/7;6;E0005;2800;2017-07-01;Salesforce;0,05;0,95;C0263;M;38;False;0;0;P037;114,45;114,45;New Balance;Running;Elite;41;Premium Black;False
V6338771458;2024-01-16;11:39;S01;Premium;Centre-ville;50;9h/18h;open 6/7;6;E0005;2800;2017-07-01;Salesforce;0,05;0,95;C0263;M;38;False;0;0;G037;20,0;20,0;Bonnet;Bonnet;Bonnet;L;None;False
V4327192755;2024-01-24;18:51;S01;Premium;Centre-ville;50;9h/18h;open 6/7;6;E0003;2100;2020-09-04;Salesforce;0,13;0,87;C0028;M;35;False;0;0;P031;88,25;152,25;New Balance;Casual;Flex;42;Brown Bear;False
V5499818015;2024-01-19;12:02;S01;Premium;Centre-ville;50;9h/18h;open 6/7;6;E0002;2900;2015-10-11;Salesforce;0,05;0,95;C0262;F;55;True;0;5;P030;53,75;59,75;New Balance;Casual;Elite;30;Sunny Yellow;True
V5499818015;2024-01-19;12:02;S01;Premium;Centre-ville;50;9h/18h;open 6/7;6;E0002;2900;2015-10-11;Salesforce;0,05;0,95;C0262;F;55;True;0;5;G030;40,0;40,0;Bonnet;Bonnet;Bonnet;S;None;False
V1368447257;2024-01-19;09:49;S01;Premium;Centre-ville;50;9h/18h;open 6/7;6;E0004;2600;2006-01-09;Manager;0,21;0,79;C0294;F;43;True;0;14;P040;145,95;145,95;New Balance;Running;Air;43;Deep Purple;False
V2357074100;2024-01-26;14:51;S01;Premium;Centre-ville;50;9h/18h;open 6/7;6;E0002;2900;2015-10-11;Salesforce;0,05;0,95;C0227;F;42;True;0;5;P030;59,75;59,75;New Balance;Casual;Elite;30;Sunny Yellow;True
V7077998169;2024-01-18;16:49;S01;Premium;Centre-ville;50;9h/18h;open 6/7;6;E0002;2900;2015-10-11;Salesforce;0,05;0,95;C0005;F;28;True;0;14;P040;145,95;145,95;New Balance;Running;Air;43;Deep Purple;False
V8510350818;2024-01-11;10:09;S01;Premium;Centre-ville;50;9h/18h;open 6/7;6;E0005;2800;2017-07-01;Salesforce;0,05;0,95;C0245;M;30;False;0;0;P010;152,25;152,25;New Balance;Running;Flex;42;Red Blood;False
V6221404770;2024-01-08;15:22;S01;Premium;Centre-ville;50;9h/18h;open 6/7;6;E0002;2900;2015-10-11;Salesforce;0,05;0,95;C0113;M;63;True;0;5;P030;59,75;59,75;New Balance;Casual;Elite;30;Sunny Yellow;True
V9742747002;2024-02-05;13:28;S01;Premium;Centre-ville;50;9h/18h;open 6/7;6;E0004;2600;2006-01-09;Manager;0,21;0,79;C0038;M;33;True;10;11;P037;113,45;114,45;New Balance;Running;Elite;41;Premium Black;False
V9742747002;2024-02-05;13:28;S01;Premium;Centre-ville;50;9h/18h;open 6/7;6;E0004;2600;2006-01-09;Manager;0,21;0,79;C0038;M;33;True;10;11;G037;10,0;10,0;Tee-short;Tee-short;Tee-short;L;None;False
V2896851414;2024-02-21;13:46;S01;Premium;Centre-ville;50;9h/18h;open 6/7;6;E0002;2900;2015-10-11;Salesforce;0,05;0,95;C0002;F;42;True;0;5;P030;59,75;59,75;New Balance;Casual;Elite;30;Sunny Yellow;True
V2896851414;2024-02-21;13:46;S01;Premium;Centre-ville;50;9h/18h;open 6/7;6;E0002;2900;2015-10-11;Salesforce;0,05;0,95;C0002;F;42;True;0;5;G030;30,0;30,0;Echarpe;Echarpe;Echarpe;XL;None;False
V4804380041;2024-02-09;17:21;S01;Premium;Centre-ville;50;9h/18h;open 6/7;6;E0001;2000;2022-07-17;Salesforce;0,12;0,88;C0008;F;42;True;0;11;P037;114,45;114,45;New Balance;Running;Elite;41;Premium Black;False
V7239515613;2024-02-26;14:18;S01;Premium;Centre-ville;50;9h/18h;open 6/7;6;E0003;2100;2020-09-04;Salesforce;0,13;0,87;C0242;F;38;True;0;14;P040;145,95;145,95;New Balance;Running;Air;43;Deep Purple;False
V3288221107;2024-02-21;10:51;S01;Premium;Centre-ville;50;9h/18h;open 6/7;6;E0002;2900;2015-10-11;Salesforce;0,05;0,95;C0193;M;46;True;0;5;P030;59,75;59,75;New Balance;Casual;Elite;30;Sunny Yellow;True
V3288221107;2024-02-21;10:51;S01;Premium;Centre-ville;50;9h/18h;open 6/7;6;E0002;2900;2015-10-11;Salesforce;0,05;0,95;C0193;M;46;True;0;5;G030;40,0;40,0;Bonnet;Bonnet;Bonnet;S;None;False
V3090818667;2024-02-02;16:43;S01;Premium;Centre-ville;50;9h/18h;open 6/7;6;E0002;2900;2015-10-11;Salesforce;0,05;0,95;C0017;M;40;False;0;0;P030;59,75;59,75;New Balance;Casual;Elite;30;Sunny Yellow;True
V3090818667;2024-02-02;16:43;S01;Premium;Centre-ville;50;9h/18h;open 6/7;6;E0002;2900;2015-10-11;Salesforce;0,05;0,95;C0017;M;40;False;0;0;G030;20,0;20,0;Tee-short;Tee-short;Tee-short;L;None;False
V3090818667;2024-02-02;16:43;S01;Premium;Centre-ville;50;9h/18h;open 6/7;6;E0002;2900;2015-10-11;Salesforce;0,05;0,95;C0017;M;40;False;0;0;G030;40,0;40,0;Echarpe;Echarpe;Echarpe;L;None;False
V2998869423;2024-02-21;11:18;S01;Premium;Centre-ville;50;9h/18h;open 6/7;6;E0002;2900;2015-10-11;Salesforce;0,05;0,95;C0070;F;40;True;0;5;P030;59,75;59,75;New Balance;Casual;Elite;30;Sunny Yellow;True
V2998869423;2024-02-21;11:18;S01;Premium;Centre-ville;50;9h/18h;open 6/7;6;E0002;2900;2015-10-11;Salesforce;0,05;0,95;C0070;F;40;True;0;5;G030;30,0;30,0;Lacets;Lacets;Lacets;XS;None;False
V5141623342;2024-02-22;15:48;S01;Premium;Centre-ville;50;9h/18h;open 6/7;6;E0005;2800;2017-07-01;Salesforce;0,05;0,95;C0203;M;33;False;0;0;P040;145,95;145,95;New Balance;Running;Air;43;Deep Purple;False
V5141623342;2024-02-22;15:48;S01;Premium;Centre-ville;50;9h/18h;open 6/7;6;E0005;2800;2017-07-01;Salesforce;0,05;0,95;C0203;M;33;False;0;0;G040;20,0;20,0;Lacets;Lacets;Lacets;S;None;False
V1034881250;2024-02-17;14:47;S01;Premium;Centre-ville;50;9h/18h;open 6/7;6;E0005;2800;2017-07-01;Salesforce;0,05;0,95;C0018;M;36;True;0;11;P037;114,45;114,45;New Balance;Running;Elite;41;Premium Black;False
V1034881250;2024-02-17;14:47;S01;Premium;Centre-ville;50;9h/18h;open 6/7;6;E0005;2800;2017-07-01;Salesforce;0,05;0,95;C0018;M;36;True;0;11;G037;30,0;30,0;Echarpe;Echarpe;Echarpe;XS;None;False
V1342276356;2024-02-17;15:48;S01;Premium;Centre-ville;50;9h/18h;open 6/7;6;E0002;2900;2015-10-11;Salesforce;0,05;0,95;C0278;F;42;True;0;5;P030;59,75;59,75;New Balance;Casual;Elite;30;Sunny Yellow;True
V1342276356;2024-02-17;15:48;S01;Premium;Centre-ville;50;9h/18h;open 6/7;6;E0002;2900;2015-10-11;Salesforce;0,05;0,95;C0278;F;42;True;0;5;G030;10,0;10,0;Bonnet;Bonnet;Bonnet;S;None;False
V4792806609;2024-02-03;18:01;S01;Premium;Centre-ville;50;9h/18h;open 6/7;6;E0002;2900;2015-10-11;Salesforce;0,05;0,95;C0155;M;60;True;0;5;P030;59,75;59,75;New Balance;Casual;Elite;30;Sunny Yellow;True
V2016530893;2024-02-05;14:58;S01;Premium;Centre-ville;50;9h/18h;open 6/7;6;E0002;2900;2015-10-11;Salesforce;0,05;0,95;C0115;M;36;True;0;5;P030;59,75;59,75;New Balance;Casual;Elite;30;Sunny Yellow;True
V7363929408;2024-02-19;14:52;S01;Premium;Centre-ville;50;9h/18h;open 6/7;6;E0002;2900;2015-10-11;Salesforce;0,05;0,95;C0061;M;42;False;0;0;P030;59,75;59,75;New Balance;Casual;Elite;30;Sunny Yellow;True
V7104339260;2024-02-02;11:56;S01;Premium;Centre-ville;50;9h/18h;open 6/7;6;E0004;2600;2006-01-09;Manager;0,21;0,79;C0093;M;33;False;0;0;P031;152,25;152,25;New Balance;Casual;Flex;42;Brown Bear;False
V9144466887;2024-02-01;12:51;S01;Premium;Centre-ville;50;9h/18h;open 6/7;6;E0002;2900;2015-10-11;Salesforce;0,05;0,95;C0232;F;44;False;0;0;P030;59,75;59,75;New Balance;Casual;Elite;30;Sunny Yellow;True
V9144466887;2024-02-01;12:51;S01;Premium;Centre-ville;50;9h/18h;open 6/7;6;E0002;2900;2015-10-11;Salesforce;0,05;0,95;C0232;F;44;False;0;0;G030;40,0;40,0;Bonnet;Bonnet;Bonnet;M;None;False
V2498752310;2024-02-21;18:31;S01;Premium;Centre-ville;50;9h/18h;open 6/7;6;E0002;2900;2015-10-11;Salesforce;0,05;0,95;C0290;M;37;True;0;5;P030;59,75;59,75;New Balance;Casual;Elite;30;Sunny Yellow;True
V6370143966;2024-02-20;14:41;S01;Premium;Centre-ville;50;9h/18h;open 6/7;6;E0002;2900;2015-10-11;Salesforce;0,05;0,95;C0218;M;35;True;0;5;P030;59,75;59,75;New Balance;Casual;Elite;30;Sunny Yellow;True
V6395810355;2024-02-23;17:01;S01;Premium;Centre-ville;50;9h/18h;open 6/7;6;E0002;2900;2015-10-11;Salesforce;0,05;0,95;C0089;F;32;True;0;5;P030;59,75;59,75;New Balance;Casual;Elite;30;Sunny Yellow;True
V6395810355;2024-02-23;17:01;S01;Premium;Centre-ville;50;9h/18h;open 6/7;6;E0002;2900;2015-10-11;Salesforce;0,05;0,95;C0089;F;32;True;0;5;G030;20,0;20,0;Bonnet;Bonnet;Bonnet;XS;None;False
V9146091911;2024-02-19;11:29;S01;Premium;Centre-ville;50;9h/18h;open 6/7;6;E0004;2600;2006-01-09;Manager;0,21;0,79;C0260;F;54;False;0;0;P035;135,45;135,45;New Balance;Basketball;Zoom;37;Pink;False
V4403225849;2024-02-21;10:12;S01;Premium;Centre-ville;50;9h/18h;open 6/7;6;E0002;2900;2015-10-11;Salesforce;0,05;0,95;C0013;F;32;True;0;5;P030;59,75;59,75;New Balance;Casual;Elite;30;Sunny Yellow;True
V2356222737;2024-02-07;14:11;S01;Premium;Centre-ville;50;9h/18h;open 6/7;6;E0002;2900;2015-10-11;Salesforce;0,05;0,95;C0159;M;33;True;0;5;P030;52,75;59,75;New Balance;Casual;Elite;30;Sunny Yellow;True
V6421839197;2024-02-07;14:52;S01;Premium;Centre-ville;50;9h/18h;open 6/7;6;E0003;2100;2020-09-04;Salesforce;0,13;0,87;C0045;M;38;False;0;0;P031;114,19;152,25;New Balance;Casual;Flex;42;Brown Bear;False
V2166062707;2024-02-12;14:19;S01;Premium;Centre-ville;50;9h/18h;open 6/7;6;E0002;2900;2015-10-11;Salesforce;0,05;0,95;C0094;M;42;True;0;5;P030;59,75;59,75;New Balance;Casual;Elite;30;Sunny Yellow;True
V1821573081;2024-02-25;12:11;S01;Premium;Centre-ville;50;9h/18h;open 6/7;6;E0005;2800;2017-07-01;Salesforce;0,05;0,95;C0291;F;48;False;0;0;P031;152,25;152,25;New Balance;Casual;Flex;42;Brown Bear;False
V5963507899;2024-02-26;10:49;S01;Premium;Centre-ville;50;9h/18h;open 6/7;6;E0001;2000;2022-07-17;Salesforce;0,12;0,88;C0062;M;52;True;0;15;P010;152,25;152,25;New Balance;Running;Flex;42;Red Blood;False
V7500852821;2024-02-10;09:18;S01;Premium;Centre-ville;50;9h/18h;open 6/7;6;E0003;2100;2020-09-04;Salesforce;0,13;0,87;C0078;F;34;False;0;0;P010;152,25;152,25;New Balance;Running;Flex;42;Red Blood;False
V7500852821;2024-02-10;09:18;S01;Premium;Centre-ville;50;9h/18h;open 6/7;6;E0003;2100;2020-09-04;Salesforce;0,13;0,87;C0078;F;34;False;0;0;G010;10,0;10,0;Bonnet;Bonnet;Bonnet;S;None;False
V7230513233;2024-02-03;15:03;S01;Premium;Centre-ville;50;9h/18h;open 6/7;6;E0005;2800;2017-07-01;Salesforce;0,05;0,95;C0100;F;39;True;0;13;P035;135,45;135,45;New Balance;Basketball;Zoom;37;Pink;False
V3371662383;2024-02-10;11:32;S01;Premium;Centre-ville;50;9h/18h;open 6/7;6;E0002;2900;2015-10-11;Salesforce;0,05;0,95;C0241;F;41;True;0;5;P030;59,75;59,75;New Balance;Casual;Elite;30;Sunny Yellow;True
V3371662383;2024-02-10;11:32;S01;Premium;Centre-ville;50;9h/18h;open 6/7;6;E0002;2900;2015-10-11;Salesforce;0,05;0,95;C0241;F;41;True;0;5;G030;20,0;20,0;Lunettes;Lunettes;Lunettes;M;None;False
V3371662383;2024-02-10;11:32;S01;Premium;Centre-ville;50;9h/18h;open 6/7;6;E0002;2900;2015-10-11;Salesforce;0,05;0,95;C0241;F;41;True;0;5;G030;20,0;20,0;Lacets;Lacets;Lacets;XS;None;False
V4212884089;2024-02-08;09:10;S01;Premium;Centre-ville;50;9h/18h;open 6/7;6;E0003;2100;2020-09-04;Salesforce;0,13;0,87;C0098;F;44;False;0;0;P030;59,75;59,75;New Balance;Casual;Elite;30;Sunny Yellow;True
V7526205248;2024-02-12;18:54;S01;Premium;Centre-ville;50;9h/18h;open 6/7;6;E0003;2100;2020-09-04;Salesforce;0,13;0,87;C0211;M;41;True;0;5;P030;59,75;59,75;New Balance;Casual;Elite;30;Sunny Yellow;True
V8409439058;2024-02-10;16:56;S01;Premium;Centre-ville;50;9h/18h;open 6/7;6;E0005;2800;2017-07-01;Salesforce;0,05;0,95;C0173;M;48;True;0;5;P030;59,75;59,75;New Balance;Casual;Elite;30;Sunny Yellow;True
V8409439058;2024-02-10;16:56;S01;Premium;Centre-ville;50;9h/18h;open 6/7;6;E0005;2800;2017-07-01;Salesforce;0,05;0,95;C0173;M;48;True;0;5;G030;30,0;30,0;Tee-short;Tee-short;Tee-short;XS;None;False
V5358810377;2024-02-08;10:47;S01;Premium;Centre-ville;50;9h/18h;open 6/7;6;E0002;2900;2015-10-11;Salesforce;0,05;0,95;C0153;F;47;True;40;5;P030;55,75;59,75;New Balance;Casual;Elite;30;Sunny Yellow;True
V5358810377;2024-02-08;10:47;S01;Premium;Centre-ville;50;9h/18h;open 6/7;6;E0002;2900;2015-10-11;Salesforce;0,05;0,95;C0153;F;47;True;40;5;G030;10,0;10,0;Bonnet;Bonnet;Bonnet;M;None;False
V2429295546;2024-02-15;12:59;S01;Premium;Centre-ville;50;9h/18h;open 6/7;6;E0001;2000;2022-07-17;Salesforce;0,12;0,88;C0244;M;51;False;0;0;P037;114,45;114,45;New Balance;Running;Elite;41;Premium Black;False
V9412225174;2024-02-08;15:48;S01;Premium;Centre-ville;50;9h/18h;open 6/7;6;E0004;2600;2006-01-09;Manager;0,21;0,79;C0221;M;40;False;0;0;P034;84,94999999999999;166,95;New Balance;Basketball;Zoom;39;Premium Black;False
V4849259794;2024-02-20;16:09;S01;Premium;Centre-ville;50;9h/18h;open 6/7;6;E0003;2100;2020-09-04;Salesforce;0,13;0,87;C0265;F;39;True;0;5;P030;59,75;59,75;New Balance;Casual;Elite;30;Sunny Yellow;True
V5470998703;2024-02-19;14:39;S01;Premium;Centre-ville;50;9h/18h;open 6/7;6;E0005;2800;2017-07-01;Salesforce;0,05;0,95;C0189;M;34;False;0;0;P035;121,91;135,45;New Balance;Basketball;Zoom;37;Pink;False
V6575085167;2024-02-12;10:15;S01;Premium;Centre-ville;50;9h/18h;open 6/7;6;E0001;2000;2022-07-17;Salesforce;0,12;0,88;C0032;F;37;True;0;13;P035;112,44999999999999;135,45;New Balance;Basketball;Zoom;37;Pink;False
V7189596720;2024-02-27;15:12;S01;Premium;Centre-ville;50;9h/18h;open 6/7;6;E0002;2900;2015-10-11;Salesforce;0,05;0,95;C0036;M;36;True;0;5;P030;59,75;59,75;New Balance;Casual;Elite;30;Sunny Yellow;True
V9420147596;2024-02-28;17:54;S01;Premium;Centre-ville;50;9h/18h;open 6/7;6;E0005;2800;2017-07-01;Salesforce;0,05;0,95;C0125;F;42;True;0;5;P030;59,75;59,75;New Balance;Casual;Elite;30;Sunny Yellow;True
V9420147596;2024-02-28;17:54;S01;Premium;Centre-ville;50;9h/18h;open 6/7;6;E0005;2800;2017-07-01;Salesforce;0,05;0,95;C0125;F;42;True;0;5;G030;10,0;10,0;Lacets;Lacets;Lacets;S;None;False
V8649130030;2024-02-03;10:05;S01;Premium;Centre-ville;50;9h/18h;open 6/7;6;E0003;2100;2020-09-04;Salesforce;0,13;0,87;C0169;F;37;False;0;0;P035;121,44999999999999;135,45;New Balance;Basketball;Zoom;37;Pink;False
V8649130030;2024-02-03;10:05;S01;Premium;Centre-ville;50;9h/18h;open 6/7;6;E0003;2100;2020-09-04;Salesforce;0,13;0,87;C0169;F;37;False;0;0;G035;10,0;10,0;Bonnet;Bonnet;Bonnet;L;None;False
V7885424891;2024-02-26;12:59;S01;Premium;Centre-ville;50;9h/18h;open 6/7;6;E0002;2900;2015-10-11;Salesforce;0,05;0,95;C0290;M;37;True;0;5;P030;59,75;59,75;New Balance;Casual;Elite;30;Sunny Yellow;True
V7885424891;2024-02-26;12:59;S01;Premium;Centre-ville;50;9h/18h;open 6/7;6;E0002;2900;2015-10-11;Salesforce;0,05;0,95;C0290;M;37;True;0;5;G030;40,0;40,0;Lunettes;Lunettes;Lunettes;XL;None;False
V4388941601;2024-02-04;16:37;S01;Premium;Centre-ville;50;9h/18h;open 6/7;6;E0001;2000;2022-07-17;Salesforce;0,12;0,88;C0042;F;46;True;0;5;P030;41,75;59,75;New Balance;Casual;Elite;30;Sunny Yellow;True
V4388941601;2024-02-04;16:37;S01;Premium;Centre-ville;50;9h/18h;open 6/7;6;E0001;2000;2022-07-17;Salesforce;0,12;0,88;C0042;F;46;True;0;5;G030;30,0;30,0;Bonnet;Bonnet;Bonnet;L;None;False
V8708805117;2024-02-21;10:42;S01;Premium;Centre-ville;50;9h/18h;open 6/7;6;E0002;2900;2015-10-11;Salesforce;0,05;0,95;C0267;M;50;True;0;5;P030;36,75;59,75;New Balance;Casual;Elite;30;Sunny Yellow;True
V8708805117;2024-02-21;10:42;S01;Premium;Centre-ville;50;9h/18h;open 6/7;6;E0002;2900;2015-10-11;Salesforce;0,05;0,95;C0267;M;50;True;0;5;G030;10,0;10,0;Echarpe;Echarpe;Echarpe;XS;None;False
V5765770801;2024-02-26;17:30;S01;Premium;Centre-ville;50;9h/18h;open 6/7;6;E0003;2100;2020-09-04;Salesforce;0,13;0,87;C0066;M;35;True;0;16;P034;129,95;166,95;New Balance;Basketball;Zoom;39;Premium Black;False
V5765770801;2024-02-26;17:30;S01;Premium;Centre-ville;50;9h/18h;open 6/7;6;E0003;2100;2020-09-04;Salesforce;0,13;0,87;C0066;M;35;True;0;16;G034;40,0;40,0;Tee-short;Tee-short;Tee-short;XL;None;False
V9993549809;2024-02-14;16:04;S01;Premium;Centre-ville;50;9h/18h;open 6/7;6;E0003;2100;2020-09-04;Salesforce;0,13;0,87;C0106;M;36;True;0;11;P037;66,45;114,45;New Balance;Running;Elite;41;Premium Black;False
V6939880715;2024-02-14;10:25;S01;Premium;Centre-ville;50;9h/18h;open 6/7;6;E0001;2000;2022-07-17;Salesforce;0,12;0,88;C0035;M;51;True;40;5;P030;55,75;59,75;New Balance;Casual;Elite;30;Sunny Yellow;True
V1270914067;2024-02-16;16:04;S01;Premium;Centre-ville;50;9h/18h;open 6/7;6;E0005;2800;2017-07-01;Salesforce;0,05;0,95;C0222;M;49;True;0;15;P031;152,25;152,25;New Balance;Casual;Flex;42;Brown Bear;False
V3810047045;2024-02-23;18:48;S01;Premium;Centre-ville;50;9h/18h;open 6/7;6;E0001;2000;2022-07-17;Salesforce;0,12;0,88;C0219;F;42;True;0;5;P030;59,75;59,75;New Balance;Casual;Elite;30;Sunny Yellow;True
V4777175972;2024-02-13;17:54;S01;Premium;Centre-ville;50;9h/18h;open 6/7;6;E0003;2100;2020-09-04;Salesforce;0,13;0,87;C0018;M;36;True;30;15;P031;149,25;152,25;New Balance;Casual;Flex;42;Brown Bear;False
V3283760422;2024-02-14;15:01;S01;Premium;Centre-ville;50;9h/18h;open 6/7;6;E0003;2100;2020-09-04;Salesforce;0,13;0,87;C0145;M;43;True;0;16;P034;166,95;166,95;New Balance;Basketball;Zoom;39;Premium Black;False
V1368566922;2024-02-06;09:44;S01;Premium;Centre-ville;50;9h/18h;open 6/7;6;E0003;2100;2020-09-04;Salesforce;0,13;0,87;C0199;M;48;True;0;16;P034;166,95;166,95;New Balance;Basketball;Zoom;39;Premium Black;False
V2600835714;2024-02-06;13:16;S01;Premium;Centre-ville;50;9h/18h;open 6/7;6;E0002;2900;2015-10-11;Salesforce;0,05;0,95;C0188;F;48;True;10;5;P030;58,75;59,75;New Balance;Casual;Elite;30;Sunny Yellow;True
V2600835714;2024-02-06;13:16;S01;Premium;Centre-ville;50;9h/18h;open 6/7;6;E0002;2900;2015-10-11;Salesforce;0,05;0,95;C0188;F;48;True;10;5;G030;10,0;10,0;Bonnet;Bonnet;Bonnet;S;None;False
V7258111893;2024-02-10;16:15;S01;Premium;Centre-ville;50;9h/18h;open 6/7;6;E0002;2900;2015-10-11;Salesforce;0,05;0,95;C0183;M;60;True;0;5;P030;59,75;59,75;New Balance;Casual;Elite;30;Sunny Yellow;True
V7258111893;2024-02-10;16:15;S01;Premium;Centre-ville;50;9h/18h;open 6/7;6;E0002;2900;2015-10-11;Salesforce;0,05;0,95;C0183;M;60;True;0;5;G030;20,0;20,0;Bonnet;Bonnet;Bonnet;XS;None;False
V1147059184;2024-02-20;11:58;S01;Premium;Centre-ville;50;9h/18h;open 6/7;6;E0003;2100;2020-09-04;Salesforce;0,13;0,87;C0281;F;37;False;0;0;P010;152,25;152,25;New Balance;Running;Flex;42;Red Blood;False
V6455261994;2024-02-26;15:31;S01;Premium;Centre-ville;50;9h/18h;open 6/7;6;E0002;2900;2015-10-11;Salesforce;0,05;0,95;C0036;M;36;True;0;5;P030;59,75;59,75;New Balance;Casual;Elite;30;Sunny Yellow;True
V6642333635;2024-02-12;17:09;S01;Premium;Centre-ville;50;9h/18h;open 6/7;6;E0001;2000;2022-07-17;Salesforce;0,12;0,88;C0294;F;43;True;0;5;P030;59,75;59,75;New Balance;Casual;Elite;30;Sunny Yellow;True
V6264249077;2024-02-24;11:39;S01;Premium;Centre-ville;50;9h/18h;open 6/7;6;E0005;2800;2017-07-01;Salesforce;0,05;0,95;C0062;M;52;True;0;5;P030;59,75;59,75;New Balance;Casual;Elite;30;Sunny Yellow;True
V4459994421;2024-02-10;16:11;S01;Premium;Centre-ville;50;9h/18h;open 6/7;6;E0004;2600;2006-01-09;Manager;0,21;0,79;C0013;F;32;True;0;16;P034;166,95;166,95;New Balance;Basketball;Zoom;39;Premium Black;False
V4459994421;2024-02-10;16:11;S01;Premium;Centre-ville;50;9h/18h;open 6/7;6;E0004;2600;2006-01-09;Manager;0,21;0,79;C0013;F;32;True;0;16;G034;10,0;10,0;Lunettes;Lunettes;Lunettes;S;None;False
V4459994421;2024-02-10;16:11;S01;Premium;Centre-ville;50;9h/18h;open 6/7;6;E0004;2600;2006-01-09;Manager;0,21;0,79;C0013;F;32;True;0;16;G034;10,0;10,0;Bonnet;Bonnet;Bonnet;XS;None;False
V4459994421;2024-02-10;16:11;S01;Premium;Centre-ville;50;9h/18h;open 6/7;6;E0004;2600;2006-01-09;Manager;0,21;0,79;C0013;F;32;True;0;16;G034;20,0;20,0;Lunettes;Lunettes;Lunettes;S;None;False
V4459994421;2024-02-10;16:11;S01;Premium;Centre-ville;50;9h/18h;open 6/7;6;E0004;2600;2006-01-09;Manager;0,21;0,79;C0013;F;32;True;0;16;G034;40,0;40,0;Echarpe;Echarpe;Echarpe;XL;None;False
V2105691451;2024-02-03;12:28;S01;Premium;Centre-ville;50;9h/18h;open 6/7;6;E0003;2100;2020-09-04;Salesforce;0,13;0,87;C0176;F;39;False;0;0;P037;114,45;114,45;New Balance;Running;Elite;41;Premium Black;False
V2920034688;2024-02-21;09:33;S01;Premium;Centre-ville;50;9h/18h;open 6/7;6;E0005;2800;2017-07-01;Salesforce;0,05;0,95;C0227;F;42;True;0;11;P037;114,45;114,45;New Balance;Running;Elite;41;Premium Black;False
V4119719849;2024-02-22;12:17;S01;Premium;Centre-ville;50;9h/18h;open 6/7;6;E0001;2000;2022-07-17;Salesforce;0,12;0,88;C0136;M;52;True;0;13;P035;135,45;135,45;New Balance;Basketball;Zoom;37;Pink;False
V2762377274;2024-02-16;18:40;S01;Premium;Centre-ville;50;9h/18h;open 6/7;6;E0005;2800;2017-07-01;Salesforce;0,05;0,95;C0227;F;42;True;10;16;P034;165,95;166,95;New Balance;Basketball;Zoom;39;Premium Black;False
V3834828411;2024-02-10;11:00;S01;Premium;Centre-ville;50;9h/18h;open 6/7;6;E0005;2800;2017-07-01;Salesforce;0,05;0,95;C0177;F;30;False;0;0;P040;145,95;145,95;New Balance;Running;Air;43;Deep Purple;False
V3834828411;2024-02-10;11:00;S01;Premium;Centre-ville;50;9h/18h;open 6/7;6;E0005;2800;2017-07-01;Salesforce;0,05;0,95;C0177;F;30;False;0;0;G040;30,0;30,0;Lacets;Lacets;Lacets;XL;None;False
V3353191559;2024-02-12;16:40;S01;Premium;Centre-ville;50;9h/18h;open 6/7;6;E0005;2800;2017-07-01;Salesforce;0,05;0,95;C0032;F;37;True;0;11;P037;114,45;114,45;New Balance;Running;Elite;41;Premium Black;False
V2689642614;2024-02-14;14:07;S01;Premium;Centre-ville;50;9h/18h;open 6/7;6;E0005;2800;2017-07-01;Salesforce;0,05;0,95;C0026;M;50;True;0;5;P030;59,75;59,75;New Balance;Casual;Elite;30;Sunny Yellow;True
V2689642614;2024-02-14;14:07;S01;Premium;Centre-ville;50;9h/18h;open 6/7;6;E0005;2800;2017-07-01;Salesforce;0,05;0,95;C0026;M;50;True;0;5;G030;30,0;30,0;Tee-short;Tee-short;Tee-short;XS;None;False
V5720422754;2024-02-10;17:20;S01;Premium;Centre-ville;50;9h/18h;open 6/7;6;E0001;2000;2022-07-17;Salesforce;0,12;0,88;C0180;F;30;True;0;5;P030;59,75;59,75;New Balance;Casual;Elite;30;Sunny Yellow;True
V4102578519;2024-02-05;18:20;S01;Premium;Centre-ville;50;9h/18h;open 6/7;6;E0005;2800;2017-07-01;Salesforce;0,05;0,95;C0275;M;33;False;0;0;P031;152,25;152,25;New Balance;Casual;Flex;42;Brown Bear;False
V4102578519;2024-02-05;18:20;S01;Premium;Centre-ville;50;9h/18h;open 6/7;6;E0005;2800;2017-07-01;Salesforce;0,05;0,95;C0275;M;33;False;0;0;G031;10,0;10,0;Lacets;Lacets;Lacets;S;None;False
V2321962883;2024-02-15;14:57;S01;Premium;Centre-ville;50;9h/18h;open 6/7;6;E0005;2800;2017-07-01;Salesforce;0,05;0,95;C0127;M;28;True;30;5;P030;56,75;59,75;New Balance;Casual;Elite;30;Sunny Yellow;True
V3827066773;2024-02-05;13:05;S01;Premium;Centre-ville;50;9h/18h;open 6/7;6;E0005;2800;2017-07-01;Salesforce;0,05;0,95;C0108;F;39;False;0;0;P037;114,45;114,45;New Balance;Running;Elite;41;Premium Black;False
V9231773151;2024-02-14;17:58;S01;Premium;Centre-ville;50;9h/18h;open 6/7;6;E0002;2900;2015-10-11;Salesforce;0,05;0,95;C0167;M;46;False;0;0;P030;59,75;59,75;New Balance;Casual;Elite;30;Sunny Yellow;True
V7740635549;2024-02-13;10:56;S01;Premium;Centre-ville;50;9h/18h;open 6/7;6;E0004;2600;2006-01-09;Manager;0,21;0,79;C0090;M;49;False;0;0;P040;131,35999999999999;145,95;New Balance;Running;Air;43;Deep Purple;False
V7740635549;2024-02-13;10:56;S01;Premium;Centre-ville;50;9h/18h;open 6/7;6;E0004;2600;2006-01-09;Manager;0,21;0,79;C0090;M;49;False;0;0;G040;30,0;30,0;Echarpe;Echarpe;Echarpe;M;None;False
V5163228000;2024-02-02;11:28;S01;Premium;Centre-ville;50;9h/18h;open 6/7;6;E0002;2900;2015-10-11;Salesforce;0,05;0,95;C0077;F;61;True;0;5;P030;59,75;59,75;New Balance;Casual;Elite;30;Sunny Yellow;True
V7793050729;2024-02-10;14:56;S01;Premium;Centre-ville;50;9h/18h;open 6/7;6;E0002;2900;2015-10-11;Salesforce;0,05;0,95;C0179;F;29;True;0;5;P030;59,75;59,75;New Balance;Casual;Elite;30;Sunny Yellow;True
V5005364256;2024-02-10;09:49;S01;Premium;Centre-ville;50;9h/18h;open 6/7;6;E0001;2000;2022-07-17;Salesforce;0,12;0,88;C0300;F;45;False;0;0;P037;100,45;114,45;New Balance;Running;Elite;41;Premium Black;False
V3780583408;2024-02-10;12:07;S01;Premium;Centre-ville;50;9h/18h;open 6/7;6;E0003;2100;2020-09-04;Salesforce;0,13;0,87;C0260;F;54;False;0;0;P010;152,25;152,25;New Balance;Running;Flex;42;Red Blood;False
V1576502249;2024-02-24;14:23;S01;Premium;Centre-ville;50;9h/18h;open 6/7;6;E0003;2100;2020-09-04;Salesforce;0,13;0,87;C0154;M;45;True;0;12;P031;121,8;152,25;New Balance;Casual;Flex;42;Brown Bear;False
V9578302447;2024-02-24;14:49;S01;Premium;Centre-ville;50;9h/18h;open 6/7;6;E0003;2100;2020-09-04;Salesforce;0,13;0,87;C0093;M;33;False;0;0;P030;59,75;59,75;New Balance;Casual;Elite;30;Sunny Yellow;True
V9595068042;2024-02-17;15:17;S01;Premium;Centre-ville;50;9h/18h;open 6/7;6;E0003;2100;2020-09-04;Salesforce;0,13;0,87;C0110;F;43;False;0;0;P034;166,95;166,95;New Balance;Basketball;Zoom;39;Premium Black;False
V2551183096;2024-02-08;16:10;S01;Premium;Centre-ville;50;9h/18h;open 6/7;6;E0004;2600;2006-01-09;Manager;0,21;0,79;C0283;M;32;False;0;0;P010;152,25;152,25;New Balance;Running;Flex;42;Red Blood;False
V8762604975;2024-02-12;11:30;S01;Premium;Centre-ville;50;9h/18h;open 6/7;6;E0004;2600;2006-01-09;Manager;0,21;0,79;C0049;M;42;True;0;5;P030;59,75;59,75;New Balance;Casual;Elite;30;Sunny Yellow;True
V3748263171;2024-02-09;09:16;S01;Premium;Centre-ville;50;9h/18h;open 6/7;6;E0005;2800;2017-07-01;Salesforce;0,05;0,95;C0079;M;38;False;0;0;P030;59,75;59,75;New Balance;Casual;Elite;30;Sunny Yellow;True
V6089443109;2024-02-09;14:53;S01;Premium;Centre-ville;50;9h/18h;open 6/7;6;E0002;2900;2015-10-11;Salesforce;0,05;0,95;C0135;M;40;True;0;14;P040;145,95;145,95;New Balance;Running;Air;43;Deep Purple;False
V2159084039;2024-02-23;18:26;S01;Premium;Centre-ville;50;9h/18h;open 6/7;6;E0004;2600;2006-01-09;Manager;0,21;0,79;C0243;F;49;True;0;14;P040;112,94999999999999;145,95;New Balance;Running;Air;43;Deep Purple;False
V8828595097;2024-02-09;10:44;S01;Premium;Centre-ville;50;9h/18h;open 6/7;6;E0003;2100;2020-09-04;Salesforce;0,13;0,87;C0176;F;39;False;0;0;P031;152,25;152,25;New Balance;Casual;Flex;42;Brown Bear;False
V8828595097;2024-02-09;10:44;S01;Premium;Centre-ville;50;9h/18h;open 6/7;6;E0003;2100;2020-09-04;Salesforce;0,13;0,87;C0176;F;39;False;0;0;G031;20,0;20,0;Bonnet;Bonnet;Bonnet;XL;None;False
V9855747607;2024-02-15;11:03;S01;Premium;Centre-ville;50;9h/18h;open 6/7;6;E0005;2800;2017-07-01;Salesforce;0,05;0,95;C0070;F;40;True;0;5;P030;59,75;59,75;New Balance;Casual;Elite;30;Sunny Yellow;True
V6215420474;2024-02-09;10:52;S01;Premium;Centre-ville;50;9h/18h;open 6/7;6;E0002;2900;2015-10-11;Salesforce;0,05;0,95;C0024;F;39;True;0;16;P034;166,95;166,95;New Balance;Basketball;Zoom;39;Premium Black;False
V7370958626;2024-02-03;18:50;S01;Premium;Centre-ville;50;9h/18h;open 6/7;6;E0004;2600;2006-01-09;Manager;0,21;0,79;C0054;M;33;False;0;0;P040;99,94999999999999;145,95;New Balance;Running;Air;43;Deep Purple;False
V7370958626;2024-02-03;18:50;S01;Premium;Centre-ville;50;9h/18h;open 6/7;6;E0004;2600;2006-01-09;Manager;0,21;0,79;C0054;M;33;False;0;0;G040;30,0;30,0;Echarpe;Echarpe;Echarpe;S;None;False
V7315854569;2024-02-28;16:23;S01;Premium;Centre-ville;50;9h/18h;open 6/7;6;E0005;2800;2017-07-01;Salesforce;0,05;0,95;C0145;M;43;True;40;16;P034;162,95;166,95;New Balance;Basketball;Zoom;39;Premium Black;False
V2243083596;2024-02-21;13:19;S01;Premium;Centre-ville;50;9h/18h;open 6/7;6;E0002;2900;2015-10-11;Salesforce;0,05;0,95;C0196;M;45;False;0;0;P030;59,75;59,75;New Balance;Casual;Elite;30;Sunny Yellow;True
V4056442451;2024-02-06;17:03;S01;Premium;Centre-ville;50;9h/18h;open 6/7;6;E0003;2100;2020-09-04;Salesforce;0,13;0,87;C0155;M;60;True;0;13;P035;135,45;135,45;New Balance;Basketball;Zoom;37;Pink;False
V4056442451;2024-02-06;17:03;S01;Premium;Centre-ville;50;9h/18h;open 6/7;6;E0003;2100;2020-09-04;Salesforce;0,13;0,87;C0155;M;60;True;0;13;G035;40,0;40,0;Lunettes;Lunettes;Lunettes;XS;None;False
V9150141368;2024-02-23;13:27;S01;Premium;Centre-ville;50;9h/18h;open 6/7;6;E0002;2900;2015-10-11;Salesforce;0,05;0,95;C0159;M;33;True;0;5;P030;59,75;59,75;New Balance;Casual;Elite;30;Sunny Yellow;True
V6792066713;2024-02-16;15:45;S01;Premium;Centre-ville;50;9h/18h;open 6/7;6;E0003;2100;2020-09-04;Salesforce;0,13;0,87;C0051;F;50;True;40;14;P040;141,95;145,95;New Balance;Running;Air;43;Deep Purple;False
V4834213385;2024-02-22;09:39;S01;Premium;Centre-ville;50;9h/18h;open 6/7;6;E0001;2000;2022-07-17;Salesforce;0,12;0,88;C0236;M;32;True;0;14;P040;145,95;145,95;New Balance;Running;Air;43;Deep Purple;False
V9757119522;2024-02-16;11:14;S01;Premium;Centre-ville;50;9h/18h;open 6/7;6;E0005;2800;2017-07-01;Salesforce;0,05;0,95;C0253;F;31;True;0;10;P040;109,45999999999998;145,95;New Balance;Running;Air;43;Deep Purple;False
V6873598839;2024-02-14;14:51;S01;Premium;Centre-ville;50;9h/18h;open 6/7;6;E0003;2100;2020-09-04;Salesforce;0,13;0,87;C0051;F;50;True;0;13;P035;111,44999999999999;135,45;New Balance;Basketball;Zoom;37;Pink;False
V6873598839;2024-02-14;14:51;S01;Premium;Centre-ville;50;9h/18h;open 6/7;6;E0003;2100;2020-09-04;Salesforce;0,13;0,87;C0051;F;50;True;0;13;G035;30,0;30,0;Lunettes;Lunettes;Lunettes;XS;None;False
V9464031022;2024-02-05;10:01;S01;Premium;Centre-ville;50;9h/18h;open 6/7;6;E0003;2100;2020-09-04;Salesforce;0,13;0,87;C0265;F;39;True;0;5;P030;59,75;59,75;New Balance;Casual;Elite;30;Sunny Yellow;True
V3214356289;2024-02-24;12:30;S01;Premium;Centre-ville;50;9h/18h;open 6/7;6;E0002;2900;2015-10-11;Salesforce;0,05;0,95;C0123;F;31;False;0;0;P031;152,25;152,25;New Balance;Casual;Flex;42;Brown Bear;False
V3214356289;2024-02-24;12:30;S01;Premium;Centre-ville;50;9h/18h;open 6/7;6;E0002;2900;2015-10-11;Salesforce;0,05;0,95;C0123;F;31;False;0;0;G031;10,0;10,0;Tee-short;Tee-short;Tee-short;XL;None;False
V9668339365;2024-02-14;11:19;S01;Premium;Centre-ville;50;9h/18h;open 6/7;6;E0001;2000;2022-07-17;Salesforce;0,12;0,88;C0135;M;40;True;0;15;P031;152,25;152,25;New Balance;Casual;Flex;42;Brown Bear;False
V7760422544;2024-02-01;17:27;S01;Premium;Centre-ville;50;9h/18h;open 6/7;6;E0004;2600;2006-01-09;Manager;0,21;0,79;C0233;F;33;True;0;5;P030;59,75;59,75;New Balance;Casual;Elite;30;Sunny Yellow;True
V9735872937;2024-02-27;18:03;S01;Premium;Centre-ville;50;9h/18h;open 6/7;6;E0003;2100;2020-09-04;Salesforce;0,13;0,87;C0237;M;39;True;0;14;P040;145,95;145,95;New Balance;Running;Air;43;Deep Purple;False
V6471811250;2024-02-22;15:25;S01;Premium;Centre-ville;50;9h/18h;open 6/7;6;E0002;2900;2015-10-11;Salesforce;0,05;0,95;C0189;M;34;False;0;0;P030;59,75;59,75;New Balance;Casual;Elite;30;Sunny Yellow;True
V6471811250;2024-02-22;15:25;S01;Premium;Centre-ville;50;9h/18h;open 6/7;6;E0002;2900;2015-10-11;Salesforce;0,05;0,95;C0189;M;34;False;0;0;G030;10,0;10,0;Tee-short;Tee-short;Tee-short;M;None;False
V3795134212;2024-02-13;18:42;S01;Premium;Centre-ville;50;9h/18h;open 6/7;6;E0003;2100;2020-09-04;Salesforce;0,13;0,87;C0074;F;31;True;0;15;P031;152,25;152,25;New Balance;Casual;Flex;42;Brown Bear;False
V4032816794;2024-02-07;16:36;S01;Premium;Centre-ville;50;9h/18h;open 6/7;6;E0002;2900;2015-10-11;Salesforce;0,05;0,95;C0172;F;52;True;0;5;P030;59,75;59,75;New Balance;Casual;Elite;30;Sunny Yellow;True
V3722196906;2024-02-06;17:17;S01;Premium;Centre-ville;50;9h/18h;open 6/7;6;E0001;2000;2022-07-17;Salesforce;0,12;0,88;C0047;M;62;True;0;13;P035;135,45;135,45;New Balance;Basketball;Zoom;37;Pink;False
V9762487743;2024-02-03;15:22;S01;Premium;Centre-ville;50;9h/18h;open 6/7;6;E0002;2900;2015-10-11;Salesforce;0,05;0,95;C0050;F;23;True;0;5;P030;53,75;59,75;New Balance;Casual;Elite;30;Sunny Yellow;True
V9762487743;2024-02-03;15:22;S01;Premium;Centre-ville;50;9h/18h;open 6/7;6;E0002;2900;2015-10-11;Salesforce;0,05;0,95;C0050;F;23;True;0;5;G030;30,0;30,0;Lunettes;Lunettes;Lunettes;S;None;False
V7171186178;2024-02-24;13:57;S01;Premium;Centre-ville;50;9h/18h;open 6/7;6;E0001;2000;2022-07-17;Salesforce;0,12;0,88;C0075;M;48;False;0;0;P010;127,25;152,25;New Balance;Running;Flex;42;Red Blood;False
V4476282010;2024-02-05;13:04;S01;Premium;Centre-ville;50;9h/18h;open 6/7;6;E0004;2600;2006-01-09;Manager;0,21;0,79;C0003;M;57;False;0;0;P010;114,19;152,25;New Balance;Running;Flex;42;Red Blood;False
V2866443579;2024-02-16;11:34;S01;Premium;Centre-ville;50;9h/18h;open 6/7;6;E0004;2600;2006-01-09;Manager;0,21;0,79;C0281;F;37;False;0;0;P030;59,75;59,75;New Balance;Casual;Elite;30;Sunny Yellow;True
V2866443579;2024-02-16;11:34;S01;Premium;Centre-ville;50;9h/18h;open 6/7;6;E0004;2600;2006-01-09;Manager;0,21;0,79;C0281;F;37;False;0;0;G030;10,0;10,0;Lacets;Lacets;Lacets;XL;None;False
V8976659176;2024-02-10;09:49;S01;Premium;Centre-ville;50;9h/18h;open 6/7;6;E0001;2000;2022-07-17;Salesforce;0,12;0,88;C0207;M;54;True;10;5;P030;58,75;59,75;New Balance;Casual;Elite;30;Sunny Yellow;True
V3911771784;2024-02-10;09:20;S01;Premium;Centre-ville;50;9h/18h;open 6/7;6;E0002;2900;2015-10-11;Salesforce;0,05;0,95;C0179;F;29;True;0;5;P030;59,75;59,75;New Balance;Casual;Elite;30;Sunny Yellow;True
V7451807860;2024-02-03;09:02;S01;Premium;Centre-ville;50;9h/18h;open 6/7;6;E0003;2100;2020-09-04;Salesforce;0,13;0,87;C0062;M;52;True;0;9;P037;97,28;114,45;New Balance;Running;Elite;41;Premium Black;False
V9509313738;2024-02-03;16:09;S01;Premium;Centre-ville;50;9h/18h;open 6/7;6;E0005;2800;2017-07-01;Salesforce;0,05;0,95;C0185;M;30;False;0;0;P010;152,25;152,25;New Balance;Running;Flex;42;Red Blood;False
V5661944925;2024-02-03;18:44;S01;Premium;Centre-ville;50;9h/18h;open 6/7;6;E0005;2800;2017-07-01;Salesforce;0,05;0,95;C0035;M;51;True;0;16;P034;166,95;166,95;New Balance;Basketball;Zoom;39;Premium Black;False
V2525900132;2024-02-28;18:11;S01;Premium;Centre-ville;50;9h/18h;open 6/7;6;E0002;2900;2015-10-11;Salesforce;0,05;0,95;C0167;M;46;False;0;0;P030;59,75;59,75;New Balance;Casual;Elite;30;Sunny Yellow;True
V2525900132;2024-02-28;18:11;S01;Premium;Centre-ville;50;9h/18h;open 6/7;6;E0002;2900;2015-10-11;Salesforce;0,05;0,95;C0167;M;46;False;0;0;G030;10,0;10,0;Tee-short;Tee-short;Tee-short;XL;None;False
V6729370973;2024-02-20;16:44;S01;Premium;Centre-ville;50;9h/18h;open 6/7;6;E0004;2600;2006-01-09;Manager;0,21;0,79;C0070;F;40;True;0;5;P030;59,75;59,75;New Balance;Casual;Elite;30;Sunny Yellow;True
V5032867983;2024-02-06;15:19;S01;Premium;Centre-ville;50;9h/18h;open 6/7;6;E0004;2600;2006-01-09;Manager;0,21;0,79;C0173;M;48;True;0;5;P030;46,75;59,75;New Balance;Casual;Elite;30;Sunny Yellow;True
V5032867983;2024-02-06;15:19;S01;Premium;Centre-ville;50;9h/18h;open 6/7;6;E0004;2600;2006-01-09;Manager;0,21;0,79;C0173;M;48;True;0;5;G030;40,0;40,0;Echarpe;Echarpe;Echarpe;L;None;False
V1052771472;2024-02-28;14:45;S01;Premium;Centre-ville;50;9h/18h;open 6/7;6;E0005;2800;2017-07-01;Salesforce;0,05;0,95;C0168;M;35;True;0;15;P010;152,25;152,25;New Balance;Running;Flex;42;Red Blood;False
V8878594115;2024-02-26;10:50;S01;Premium;Centre-ville;50;9h/18h;open 6/7;6;E0001;2000;2022-07-17;Salesforce;0,12;0,88;C0031;M;53;True;0;5;P030;59,75;59,75;New Balance;Casual;Elite;30;Sunny Yellow;True
V6736005914;2024-02-29;17:20;S01;Premium;Centre-ville;50;9h/18h;open 6/7;6;E0005;2800;2017-07-01;Salesforce;0,05;0,95;C0138;M;36;True;0;16;P034;166,95;166,95;New Balance;Basketball;Zoom;39;Premium Black;False
V6736005914;2024-02-29;17:20;S01;Premium;Centre-ville;50;9h/18h;open 6/7;6;E0005;2800;2017-07-01;Salesforce;0,05;0,95;C0138;M;36;True;0;16;G034;20,0;20,0;Lacets;Lacets;Lacets;L;None;False
V1039887315;2024-02-14;09:02;S01;Premium;Centre-ville;50;9h/18h;open 6/7;6;E0004;2600;2006-01-09;Manager;0,21;0,79;C0118;F;25;True;40;5;P030;55,75;59,75;New Balance;Casual;Elite;30;Sunny Yellow;True
V4681442353;2024-02-24;18:25;S01;Premium;Centre-ville;50;9h/18h;open 6/7;6;E0001;2000;2022-07-17;Salesforce;0,12;0,88;C0289;F;42;True;0;5;P030;59,75;59,75;New Balance;Casual;Elite;30;Sunny Yellow;True
V8982793872;2024-02-17;10:29;S01;Premium;Centre-ville;50;9h/18h;open 6/7;6;E0002;2900;2015-10-11;Salesforce;0,05;0,95;C0293;F;31;False;0;0;P030;59,75;59,75;New Balance;Casual;Elite;30;Sunny Yellow;True
V8982793872;2024-02-17;10:29;S01;Premium;Centre-ville;50;9h/18h;open 6/7;6;E0002;2900;2015-10-11;Salesforce;0,05;0,95;C0293;F;31;False;0;0;G030;10,0;10,0;Echarpe;Echarpe;Echarpe;M;None;False
V8982793872;2024-02-17;10:29;S01;Premium;Centre-ville;50;9h/18h;open 6/7;6;E0002;2900;2015-10-11;Salesforce;0,05;0,95;C0293;F;31;False;0;0;G030;20,0;20,0;Lunettes;Lunettes;Lunettes;S;None;False
V7217629814;2024-02-05;10:21;S01;Premium;Centre-ville;50;9h/18h;open 6/7;6;E0001;2000;2022-07-17;Salesforce;0,12;0,88;C0017;M;40;False;0;0;P035;135,45;135,45;New Balance;Basketball;Zoom;37;Pink;False
V5412156366;2024-02-02;11:33;S01;Premium;Centre-ville;50;9h/18h;open 6/7;6;E0003;2100;2020-09-04;Salesforce;0,13;0,87;C0148;M;36;False;0;0;P031;152,25;152,25;New Balance;Casual;Flex;42;Brown Bear;False
V5412156366;2024-02-02;11:33;S01;Premium;Centre-ville;50;9h/18h;open 6/7;6;E0003;2100;2020-09-04;Salesforce;0,13;0,87;C0148;M;36;False;0;0;G031;40,0;40,0;Lunettes;Lunettes;Lunettes;L;None;False
V4106246131;2024-02-20;10:32;S01;Premium;Centre-ville;50;9h/18h;open 6/7;6;E0002;2900;2015-10-11;Salesforce;0,05;0,95;C0006;M;44;True;0;5;P030;59,75;59,75;New Balance;Casual;Elite;30;Sunny Yellow;True
V4106246131;2024-02-20;10:32;S01;Premium;Centre-ville;50;9h/18h;open 6/7;6;E0002;2900;2015-10-11;Salesforce;0,05;0,95;C0006;M;44;True;0;5;G030;10,0;10,0;Tee-short;Tee-short;Tee-short;S;None;False
V4106246131;2024-02-20;10:32;S01;Premium;Centre-ville;50;9h/18h;open 6/7;6;E0002;2900;2015-10-11;Salesforce;0,05;0,95;C0006;M;44;True;0;5;G030;10,0;10,0;Tee-short;Tee-short;Tee-short;S;None;False
V1417874533;2024-02-11;17:25;S01;Premium;Centre-ville;50;9h/18h;open 6/7;6;E0005;2800;2017-07-01;Salesforce;0,05;0,95;C0233;F;33;True;0;5;P030;59,75;59,75;New Balance;Casual;Elite;30;Sunny Yellow;True
V5397821609;2024-02-20;13:24;S01;Premium;Centre-ville;50;9h/18h;open 6/7;6;E0001;2000;2022-07-17;Salesforce;0,12;0,88;C0051;F;50;True;0;15;P031;152,25;152,25;New Balance;Casual;Flex;42;Brown Bear;False
V9828192363;2024-02-05;16:59;S01;Premium;Centre-ville;50;9h/18h;open 6/7;6;E0001;2000;2022-07-17;Salesforce;0,12;0,88;C0289;F;42;True;0;5;P030;59,75;59,75;New Balance;Casual;Elite;30;Sunny Yellow;True
V5394853115;2024-02-24;10:18;S01;Premium;Centre-ville;50;9h/18h;open 6/7;6;E0002;2900;2015-10-11;Salesforce;0,05;0,95;C0110;F;43;False;0;0;P030;53,75;59,75;New Balance;Casual;Elite;30;Sunny Yellow;True
V5394853115;2024-02-24;10:18;S01;Premium;Centre-ville;50;9h/18h;open 6/7;6;E0002;2900;2015-10-11;Salesforce;0,05;0,95;C0110;F;43;False;0;0;G030;10,0;10,0;Lacets;Lacets;Lacets;L;None;False
V5394853115;2024-02-24;10:18;S01;Premium;Centre-ville;50;9h/18h;open 6/7;6;E0002;2900;2015-10-11;Salesforce;0,05;0,95;C0110;F;43;False;0;0;G030;30,0;30,0;Tee-short;Tee-short;Tee-short;S;None;False
V2565705096;2024-02-08;14:08;S01;Premium;Centre-ville;50;9h/18h;open 6/7;6;E0002;2900;2015-10-11;Salesforce;0,05;0,95;C0015;F;34;True;0;5;P030;59,75;59,75;New Balance;Casual;Elite;30;Sunny Yellow;True
V1086015298;2024-02-12;13:59;S01;Premium;Centre-ville;50;9h/18h;open 6/7;6;E0002;2900;2015-10-11;Salesforce;0,05;0,95;C0294;F;43;True;0;5;P030;59,75;59,75;New Balance;Casual;Elite;30;Sunny Yellow;True
V1623082231;2024-02-15;17:11;S01;Premium;Centre-ville;50;9h/18h;open 6/7;6;E0004;2600;2006-01-09;Manager;0,21;0,79;C0123;F;31;False;0;0;P031;152,25;152,25;New Balance;Casual;Flex;42;Brown Bear;False
V3318513841;2024-02-21;10:30;S01;Premium;Centre-ville;50;9h/18h;open 6/7;6;E0005;2800;2017-07-01;Salesforce;0,05;0,95;C0124;F;34;True;0;5;P030;59,75;59,75;New Balance;Casual;Elite;30;Sunny Yellow;True
V1058967812;2024-02-03;09:21;S01;Premium;Centre-ville;50;9h/18h;open 6/7;6;E0005;2800;2017-07-01;Salesforce;0,05;0,95;C0111;M;39;False;0;0;P040;145,95;145,95;New Balance;Running;Air;43;Deep Purple;False
V1058967812;2024-02-03;09:21;S01;Premium;Centre-ville;50;9h/18h;open 6/7;6;E0005;2800;2017-07-01;Salesforce;0,05;0,95;C0111;M;39;False;0;0;G040;40,0;40,0;Tee-short;Tee-short;Tee-short;XS;None;False
V1058967812;2024-02-03;09:21;S01;Premium;Centre-ville;50;9h/18h;open 6/7;6;E0005;2800;2017-07-01;Salesforce;0,05;0,95;C0111;M;39;False;0;0;G040;10,0;10,0;Bonnet;Bonnet;Bonnet;XS;None;False
V6382651503;2024-02-12;18:49;S01;Premium;Centre-ville;50;9h/18h;open 6/7;6;E0005;2800;2017-07-01;Salesforce;0,05;0,95;C0215;F;39;True;0;13;P035;135,45;135,45;New Balance;Basketball;Zoom;37;Pink;False
V9194886217;2024-02-08;11:01;S01;Premium;Centre-ville;50;9h/18h;open 6/7;6;E0002;2900;2015-10-11;Salesforce;0,05;0,95;C0059;F;39;False;0;0;P030;59,75;59,75;New Balance;Casual;Elite;30;Sunny Yellow;True
V9194886217;2024-02-08;11:01;S01;Premium;Centre-ville;50;9h/18h;open 6/7;6;E0002;2900;2015-10-11;Salesforce;0,05;0,95;C0059;F;39;False;0;0;G030;20,0;20,0;Lacets;Lacets;Lacets;S;None;False
V5135315739;2024-02-09;10:41;S01;Premium;Centre-ville;50;9h/18h;open 6/7;6;E0002;2900;2015-10-11;Salesforce;0,05;0,95;C0060;F;25;True;0;13;P035;135,45;135,45;New Balance;Basketball;Zoom;37;Pink;False
V5135315739;2024-02-09;10:41;S01;Premium;Centre-ville;50;9h/18h;open 6/7;6;E0002;2900;2015-10-11;Salesforce;0,05;0,95;C0060;F;25;True;0;13;G035;40,0;40,0;Tee-short;Tee-short;Tee-short;M;None;False
V2150691263;2024-02-28;13:37;S01;Premium;Centre-ville;50;9h/18h;open 6/7;6;E0005;2800;2017-07-01;Salesforce;0,05;0,95;C0046;M;48;True;0;13;P035;117,44999999999999;135,45;New Balance;Basketball;Zoom;37;Pink;False
V3248088267;2024-02-27;13:24;S01;Premium;Centre-ville;50;9h/18h;open 6/7;6;E0003;2100;2020-09-04;Salesforce;0,13;0,87;C0223;F;41;False;0;0;P030;59,75;59,75;New Balance;Casual;Elite;30;Sunny Yellow;True
V4851184192;2024-02-24;10:36;S01;Premium;Centre-ville;50;9h/18h;open 6/7;6;E0001;2000;2022-07-17;Salesforce;0,12;0,88;C0010;M;37;True;0;11;P037;114,45;114,45;New Balance;Running;Elite;41;Premium Black;False
V1748609238;2024-02-10;18:51;S01;Premium;Centre-ville;50;9h/18h;open 6/7;6;E0003;2100;2020-09-04;Salesforce;0,13;0,87;C0017;M;40;False;0;0;P040;121,94999999999999;145,95;New Balance;Running;Air;43;Deep Purple;False
V6533055529;2024-02-20;11:12;S01;Premium;Centre-ville;50;9h/18h;open 6/7;6;E0005;2800;2017-07-01;Salesforce;0,05;0,95;C0146;F;40;True;0;13;P035;135,45;135,45;New Balance;Basketball;Zoom;37;Pink;False
V2373845680;2024-02-13;10:50;S01;Premium;Centre-ville;50;9h/18h;open 6/7;6;E0001;2000;2022-07-17;Salesforce;0,12;0,88;C0244;M;51;False;0;0;P034;114,94999999999999;166,95;New Balance;Basketball;Zoom;39;Premium Black;False
V5035970577;2024-02-10;12:37;S01;Premium;Centre-ville;50;9h/18h;open 6/7;6;E0004;2600;2006-01-09;Manager;0,21;0,79;C0062;M;52;True;0;5;P030;59,75;59,75;New Balance;Casual;Elite;30;Sunny Yellow;True
V8388502879;2024-02-02;15:38;S01;Premium;Centre-ville;50;9h/18h;open 6/7;6;E0003;2100;2020-09-04;Salesforce;0,13;0,87;C0022;M;34;True;0;5;P030;59,75;59,75;New Balance;Casual;Elite;30;Sunny Yellow;True
V1450281445;2024-02-01;10:57;S01;Premium;Centre-ville;50;9h/18h;open 6/7;6;E0001;2000;2022-07-17;Salesforce;0,12;0,88;C0137;M;32;True;0;5;P030;59,75;59,75;New Balance;Casual;Elite;30;Sunny Yellow;True
V7636990980;2024-02-14;16:35;S01;Premium;Centre-ville;50;9h/18h;open 6/7;6;E0003;2100;2020-09-04;Salesforce;0,13;0,87;C0083;F;54;False;0;0;P031;115,25;152,25;New Balance;Casual;Flex;42;Brown Bear;False
V5981921986;2024-02-17;11:15;S01;Premium;Centre-ville;50;9h/18h;open 6/7;6;E0002;2900;2015-10-11;Salesforce;0,05;0,95;C0091;M;30;False;0;0;P030;59,75;59,75;New Balance;Casual;Elite;30;Sunny Yellow;True
V5981921986;2024-02-17;11:15;S01;Premium;Centre-ville;50;9h/18h;open 6/7;6;E0002;2900;2015-10-11;Salesforce;0,05;0,95;C0091;M;30;False;0;0;G030;40,0;40,0;Bonnet;Bonnet;Bonnet;L;None;False
V8582049103;2024-02-03;10:37;S01;Premium;Centre-ville;50;9h/18h;open 6/7;6;E0001;2000;2022-07-17;Salesforce;0,12;0,88;C0009;F;45;True;30;15;P010;149,25;152,25;New Balance;Running;Flex;42;Red Blood;False
V4916475096;2024-02-15;12:19;S01;Premium;Centre-ville;50;9h/18h;open 6/7;6;E0002;2900;2015-10-11;Salesforce;0,05;0,95;C0031;M;53;True;0;5;P030;59,75;59,75;New Balance;Casual;Elite;30;Sunny Yellow;True
V8905379966;2024-02-09;11:56;S01;Premium;Centre-ville;50;9h/18h;open 6/7;6;E0001;2000;2022-07-17;Salesforce;0,12;0,88;C0032;F;37;True;0;13;P035;112,44999999999999;135,45;New Balance;Basketball;Zoom;37;Pink;False
V7350731543;2024-02-10;15:51;S01;Premium;Centre-ville;50;9h/18h;open 6/7;6;E0005;2800;2017-07-01;Salesforce;0,05;0,95;C0008;F;42;True;0;15;P010;152,25;152,25;New Balance;Running;Flex;42;Red Blood;False
V5803473690;2024-02-20;17:32;S01;Premium;Centre-ville;50;9h/18h;open 6/7;6;E0003;2100;2020-09-04;Salesforce;0,13;0,87;C0153;F;47;True;0;13;P035;135,45;135,45;New Balance;Basketball;Zoom;37;Pink;False
V5803473690;2024-02-20;17:32;S01;Premium;Centre-ville;50;9h/18h;open 6/7;6;E0003;2100;2020-09-04;Salesforce;0,13;0,87;C0153;F;47;True;0;13;G035;30,0;30,0;Bonnet;Bonnet;Bonnet;M;None;False
V1373409397;2024-02-24;17:23;S01;Premium;Centre-ville;50;9h/18h;open 6/7;6;E0005;2800;2017-07-01;Salesforce;0,05;0,95;C0160;M;50;True;0;5;P030;59,75;59,75;New Balance;Casual;Elite;30;Sunny Yellow;True
V1377845519;2024-02-22;10:14;S01;Premium;Centre-ville;50;9h/18h;open 6/7;6;E0003;2100;2020-09-04;Salesforce;0,13;0,87;C0169;F;37;False;0;0;P030;59,75;59,75;New Balance;Casual;Elite;30;Sunny Yellow;True
V9162260313;2024-02-15;12:38;S01;Premium;Centre-ville;50;9h/18h;open 6/7;6;E0002;2900;2015-10-11;Salesforce;0,05;0,95;C0053;F;40;False;0;0;P031;101,25;152,25;New Balance;Casual;Flex;42;Brown Bear;False
V5754974983;2024-02-16;15:59;S01;Premium;Centre-ville;50;9h/18h;open 6/7;6;E0005;2800;2017-07-01;Salesforce;0,05;0,95;C0032;F;37;True;0;15;P031;129,25;152,25;New Balance;Casual;Flex;42;Brown Bear;False
V6410218200;2024-02-14;10:06;S01;Premium;Centre-ville;50;9h/18h;open 6/7;6;E0002;2900;2015-10-11;Salesforce;0,05;0,95;C0026;M;50;True;0;5;P030;59,75;59,75;New Balance;Casual;Elite;30;Sunny Yellow;True
V6410218200;2024-02-14;10:06;S01;Premium;Centre-ville;50;9h/18h;open 6/7;6;E0002;2900;2015-10-11;Salesforce;0,05;0,95;C0026;M;50;True;0;5;G030;40,0;40,0;Lacets;Lacets;Lacets;XS;None;False
V7283730950;2024-02-17;13:39;S01;Premium;Centre-ville;50;9h/18h;open 6/7;6;E0002;2900;2015-10-11;Salesforce;0,05;0,95;C0023;M;35;False;0;0;P030;59,75;59,75;New Balance;Casual;Elite;30;Sunny Yellow;True
V8798454437;2024-02-03;16:27;S01;Premium;Centre-ville;50;9h/18h;open 6/7;6;E0004;2600;2006-01-09;Manager;0,21;0,79;C0021;F;46;True;0;5;P030;59,75;59,75;New Balance;Casual;Elite;30;Sunny Yellow;True
V7758349822;2024-02-27;14:01;S01;Premium;Centre-ville;50;9h/18h;open 6/7;6;E0002;2900;2015-10-11;Salesforce;0,05;0,95;C0176;F;39;False;0;0;P030;59,75;59,75;New Balance;Casual;Elite;30;Sunny Yellow;True
V7758349822;2024-02-27;14:01;S01;Premium;Centre-ville;50;9h/18h;open 6/7;6;E0002;2900;2015-10-11;Salesforce;0,05;0,95;C0176;F;39;False;0;0;G030;20,0;20,0;Tee-short;Tee-short;Tee-short;XS;None;False
V1307639887;2024-02-09;12:39;S01;Premium;Centre-ville;50;9h/18h;open 6/7;6;E0004;2600;2006-01-09;Manager;0,21;0,79;C0006;M;44;True;0;15;P031;152,25;152,25;New Balance;Casual;Flex;42;Brown Bear;False
V7035831545;2024-02-16;17:54;S01;Premium;Centre-ville;50;9h/18h;open 6/7;6;E0003;2100;2020-09-04;Salesforce;0,13;0,87;C0121;M;29;True;0;11;P037;114,45;114,45;New Balance;Running;Elite;41;Premium Black;False
V7514855412;2024-02-20;13:04;S01;Premium;Centre-ville;50;9h/18h;open 6/7;6;E0005;2800;2017-07-01;Salesforce;0,05;0,95;C0079;M;38;False;0;0;P031;78,25;152,25;New Balance;Casual;Flex;42;Brown Bear;False
V4676128055;2024-02-06;13:10;S01;Premium;Centre-ville;50;9h/18h;open 6/7;6;E0002;2900;2015-10-11;Salesforce;0,05;0,95;C0017;M;40;False;0;0;P030;59,75;59,75;New Balance;Casual;Elite;30;Sunny Yellow;True
V2744226032;2024-02-05;12:21;S01;Premium;Centre-ville;50;9h/18h;open 6/7;6;E0004;2600;2006-01-09;Manager;0,21;0,79;C0143;F;40;True;0;5;P030;59,75;59,75;New Balance;Casual;Elite;30;Sunny Yellow;True
V1645180391;2024-02-08;13:58;S01;Premium;Centre-ville;50;9h/18h;open 6/7;6;E0004;2600;2006-01-09;Manager;0,21;0,79;C0127;M;28;True;0;5;P030;59,75;59,75;New Balance;Casual;Elite;30;Sunny Yellow;True
V7930652600;2024-02-03;09:43;S01;Premium;Centre-ville;50;9h/18h;open 6/7;6;E0002;2900;2015-10-11;Salesforce;0,05;0,95;C0193;M;46;True;0;5;P030;59,75;59,75;New Balance;Casual;Elite;30;Sunny Yellow;True
V2656475920;2024-02-27;11:55;S01;Premium;Centre-ville;50;9h/18h;open 6/7;6;E0005;2800;2017-07-01;Salesforce;0,05;0,95;C0281;F;37;False;0;0;P037;114,45;114,45;New Balance;Running;Elite;41;Premium Black;False
V3224859520;2024-02-26;13:28;S01;Premium;Centre-ville;50;9h/18h;open 6/7;6;E0005;2800;2017-07-01;Salesforce;0,05;0,95;C0175;M;43;False;0;0;P040;145,95;145,95;New Balance;Running;Air;43;Deep Purple;False
V2369093420;2024-02-06;17:40;S01;Premium;Centre-ville;50;9h/18h;open 6/7;6;E0004;2600;2006-01-09;Manager;0,21;0,79;C0009;F;45;True;0;16;P034;137,95;166,95;New Balance;Basketball;Zoom;39;Premium Black;False
V1593190393;2024-02-26;13:43;S01;Premium;Centre-ville;50;9h/18h;open 6/7;6;E0004;2600;2006-01-09;Manager;0,21;0,79;C0076;M;66;True;20;5;P030;57,75;59,75;New Balance;Casual;Elite;30;Sunny Yellow;True
V5551347550;2024-02-13;18:04;S01;Premium;Centre-ville;50;9h/18h;open 6/7;6;E0002;2900;2015-10-11;Salesforce;0,05;0,95;C0009;F;45;True;10;15;P010;151,25;152,25;New Balance;Running;Flex;42;Red Blood;False
V5551347550;2024-02-13;18:04;S01;Premium;Centre-ville;50;9h/18h;open 6/7;6;E0002;2900;2015-10-11;Salesforce;0,05;0,95;C0009;F;45;True;10;15;G010;10,0;10,0;Lacets;Lacets;Lacets;XL;None;False
V1946775374;2024-02-23;17:38;S01;Premium;Centre-ville;50;9h/18h;open 6/7;6;E0005;2800;2017-07-01;Salesforce;0,05;0,95;C0272;M;50;True;0;5;P030;59,75;59,75;New Balance;Casual;Elite;30;Sunny Yellow;True
V2653889504;2024-02-08;09:53;S01;Premium;Centre-ville;50;9h/18h;open 6/7;6;E0005;2800;2017-07-01;Salesforce;0,05;0,95;C0218;M;35;True;0;5;P030;59,75;59,75;New Balance;Casual;Elite;30;Sunny Yellow;True
V8226402474;2024-02-17;14:14;S01;Premium;Centre-ville;50;9h/18h;open 6/7;6;E0002;2900;2015-10-11;Salesforce;0,05;0,95;C0117;F;48;True;10;5;P030;58,75;59,75;New Balance;Casual;Elite;30;Sunny Yellow;True
V8226402474;2024-02-17;14:14;S01;Premium;Centre-ville;50;9h/18h;open 6/7;6;E0002;2900;2015-10-11;Salesforce;0,05;0,95;C0117;F;48;True;10;5;G030;10,0;10,0;Bonnet;Bonnet;Bonnet;XL;None;False
V7108107652;2024-02-17;15:28;S01;Premium;Centre-ville;50;9h/18h;open 6/7;6;E0005;2800;2017-07-01;Salesforce;0,05;0,95;C0010;M;37;True;0;11;P037;114,45;114,45;New Balance;Running;Elite;41;Premium Black;False
V6141378528;2024-02-22;13:57;S01;Premium;Centre-ville;50;9h/18h;open 6/7;6;E0004;2600;2006-01-09;Manager;0,21;0,79;C0188;F;48;True;0;5;P030;59,75;59,75;New Balance;Casual;Elite;30;Sunny Yellow;True
V9617790385;2024-02-10;11:21;S01;Premium;Centre-ville;50;9h/18h;open 6/7;6;E0004;2600;2006-01-09;Manager;0,21;0,79;C0143;F;40;True;0;5;P030;44,75;59,75;New Balance;Casual;Elite;30;Sunny Yellow;True
V7108964817;2024-02-17;11:00;S01;Premium;Centre-ville;50;9h/18h;open 6/7;6;E0003;2100;2020-09-04;Salesforce;0,13;0,87;C0214;F;53;False;0;0;P034;166,95;166,95;New Balance;Basketball;Zoom;39;Premium Black;False
V5933213876;2024-02-13;17:03;S01;Premium;Centre-ville;50;9h/18h;open 6/7;6;E0002;2900;2015-10-11;Salesforce;0,05;0,95;C0128;M;47;True;0;5;P030;59,75;59,75;New Balance;Casual;Elite;30;Sunny Yellow;True
V5933213876;2024-02-13;17:03;S01;Premium;Centre-ville;50;9h/18h;open 6/7;6;E0002;2900;2015-10-11;Salesforce;0,05;0,95;C0128;M;47;True;0;5;G030;20,0;20,0;Echarpe;Echarpe;Echarpe;L;None;False
V7433576001;2024-02-24;17:01;S01;Premium;Centre-ville;50;9h/18h;open 6/7;6;E0004;2600;2006-01-09;Manager;0,21;0,79;C0100;F;39;True;0;11;P037;114,45;114,45;New Balance;Running;Elite;41;Premium Black;False
V2980704918;2024-02-09;17:10;S01;Premium;Centre-ville;50;9h/18h;open 6/7;6;E0001;2000;2022-07-17;Salesforce;0,12;0,88;C0056;M;29;True;30;11;P037;111,45;114,45;New Balance;Running;Elite;41;Premium Black;False
V6352100238;2024-02-27;13:51;S01;Premium;Centre-ville;50;9h/18h;open 6/7;6;E0002;2900;2015-10-11;Salesforce;0,05;0,95;C0164;F;38;True;0;5;P030;59,75;59,75;New Balance;Casual;Elite;30;Sunny Yellow;True
V4940637670;2024-02-20;18:14;S01;Premium;Centre-ville;50;9h/18h;open 6/7;6;E0002;2900;2015-10-11;Salesforce;0,05;0,95;C0051;F;50;True;30;5;P030;56,75;59,75;New Balance;Casual;Elite;30;Sunny Yellow;True
V8556644923;2024-02-10;17:31;S01;Premium;Centre-ville;50;9h/18h;open 6/7;6;E0005;2800;2017-07-01;Salesforce;0,05;0,95;C0011;M;46;False;0;0;P037;114,45;114,45;New Balance;Running;Elite;41;Premium Black;False
V9515569487;2024-02-23;14:11;S01;Premium;Centre-ville;50;9h/18h;open 6/7;6;E0001;2000;2022-07-17;Salesforce;0,12;0,88;C0189;M;34;False;0;0;P037;114,45;114,45;New Balance;Running;Elite;41;Premium Black;False
V6846155006;2024-02-03;09:32;S01;Premium;Centre-ville;50;9h/18h;open 6/7;6;E0002;2900;2015-10-11;Salesforce;0,05;0,95;C0010;M;37;True;0;5;P030;59,75;59,75;New Balance;Casual;Elite;30;Sunny Yellow;True
V4424023934;2024-02-12;09:12;S01;Premium;Centre-ville;50;9h/18h;open 6/7;6;E0005;2800;2017-07-01;Salesforce;0,05;0,95;C0198;F;49;True;0;13;P035;135,45;135,45;New Balance;Basketball;Zoom;37;Pink;False
V4424023934;2024-02-12;09:12;S01;Premium;Centre-ville;50;9h/18h;open 6/7;6;E0005;2800;2017-07-01;Salesforce;0,05;0,95;C0198;F;49;True;0;13;G035;10,0;10,0;Tee-short;Tee-short;Tee-short;M;None;False
V2301127686;2024-02-15;14:16;S01;Premium;Centre-ville;50;9h/18h;open 6/7;6;E0002;2900;2015-10-11;Salesforce;0,05;0,95;C0278;F;42;True;0;5;P030;59,75;59,75;New Balance;Casual;Elite;30;Sunny Yellow;True
V7599411700;2024-02-10;13:43;S01;Premium;Centre-ville;50;9h/18h;open 6/7;6;E0001;2000;2022-07-17;Salesforce;0,12;0,88;C0207;M;54;True;0;5;P030;59,75;59,75;New Balance;Casual;Elite;30;Sunny Yellow;True
V4619521266;2024-02-19;13:56;S01;Premium;Centre-ville;50;9h/18h;open 6/7;6;E0004;2600;2006-01-09;Manager;0,21;0,79;C0134;M;49;False;0;0;P037;97,45;114,45;New Balance;Running;Elite;41;Premium Black;False
V5206126959;2024-02-23;18:49;S01;Premium;Centre-ville;50;9h/18h;open 6/7;6;E0001;2000;2022-07-17;Salesforce;0,12;0,88;C0282;M;48;False;0;0;P030;59,75;59,75;New Balance;Casual;Elite;30;Sunny Yellow;True
V6916975683;2024-02-06;09:49;S01;Premium;Centre-ville;50;9h/18h;open 6/7;6;E0005;2800;2017-07-01;Salesforce;0,05;0,95;C0110;F;43;False;0;0;P037;97,28;114,45;New Balance;Running;Elite;41;Premium Black;False
V1319482725;2024-02-10;09:25;S01;Premium;Centre-ville;50;9h/18h;open 6/7;6;E0005;2800;2017-07-01;Salesforce;0,05;0,95;C0079;M;38;False;0;0;P030;59,75;59,75;New Balance;Casual;Elite;30;Sunny Yellow;True
V4503665833;2024-02-08;16:47;S01;Premium;Centre-ville;50;9h/18h;open 6/7;6;E0002;2900;2015-10-11;Salesforce;0,05;0,95;C0159;M;33;True;10;5;P030;58,75;59,75;New Balance;Casual;Elite;30;Sunny Yellow;True
V4503665833;2024-02-08;16:47;S01;Premium;Centre-ville;50;9h/18h;open 6/7;6;E0002;2900;2015-10-11;Salesforce;0,05;0,95;C0159;M;33;True;10;5;G030;10,0;10,0;Lacets;Lacets;Lacets;L;None;False
V4762747734;2024-02-24;09:30;S01;Premium;Centre-ville;50;9h/18h;open 6/7;6;E0002;2900;2015-10-11;Salesforce;0,05;0,95;C0265;F;39;True;0;5;P030;59,75;59,75;New Balance;Casual;Elite;30;Sunny Yellow;True
V6452901185;2024-02-23;13:07;S01;Premium;Centre-ville;50;9h/18h;open 6/7;6;E0002;2900;2015-10-11;Salesforce;0,05;0,95;C0222;M;49;True;0;5;P030;59,75;59,75;New Balance;Casual;Elite;30;Sunny Yellow;True
V4136413190;2024-02-17;13:45;S01;Premium;Centre-ville;50;9h/18h;open 6/7;6;E0002;2900;2015-10-11;Salesforce;0,05;0,95;C0043;F;60;True;0;5;P030;59,75;59,75;New Balance;Casual;Elite;30;Sunny Yellow;True
V4136413190;2024-02-17;13:45;S01;Premium;Centre-ville;50;9h/18h;open 6/7;6;E0002;2900;2015-10-11;Salesforce;0,05;0,95;C0043;F;60;True;0;5;G030;20,0;20,0;Lunettes;Lunettes;Lunettes;L;None;False
V4136413190;2024-02-17;13:45;S01;Premium;Centre-ville;50;9h/18h;open 6/7;6;E0002;2900;2015-10-11;Salesforce;0,05;0,95;C0043;F;60;True;0;5;G030;30,0;30,0;Echarpe;Echarpe;Echarpe;L;None;False
V1697386499;2024-02-28;15:47;S01;Premium;Centre-ville;50;9h/18h;open 6/7;6;E0005;2800;2017-07-01;Salesforce;0,05;0,95;C0134;M;49;False;0;0;P040;145,95;145,95;New Balance;Running;Air;43;Deep Purple;False
V8548439648;2024-02-19;18:32;S01;Premium;Centre-ville;50;9h/18h;open 6/7;6;E0002;2900;2015-10-11;Salesforce;0,05;0,95;C0059;F;39;False;0;0;P030;59,75;59,75;New Balance;Casual;Elite;30;Sunny Yellow;True
V8548439648;2024-02-19;18:32;S01;Premium;Centre-ville;50;9h/18h;open 6/7;6;E0002;2900;2015-10-11;Salesforce;0,05;0,95;C0059;F;39;False;0;0;G030;30,0;30,0;Tee-short;Tee-short;Tee-short;M;None;False
V9521726615;2024-02-20;12:37;S01;Premium;Centre-ville;50;9h/18h;open 6/7;6;E0002;2900;2015-10-11;Salesforce;0,05;0,95;C0257;M;38;True;0;5;P030;59,75;59,75;New Balance;Casual;Elite;30;Sunny Yellow;True
V3148079659;2024-02-13;15:51;S01;Premium;Centre-ville;50;9h/18h;open 6/7;6;E0005;2800;2017-07-01;Salesforce;0,05;0,95;C0187;F;39;True;0;5;P030;59,75;59,75;New Balance;Casual;Elite;30;Sunny Yellow;True
V4002488785;2024-02-07;12:11;S01;Premium;Centre-ville;50;9h/18h;open 6/7;6;E0002;2900;2015-10-11;Salesforce;0,05;0,95;C0187;F;39;True;0;5;P030;56,55;59,75;New Balance;Casual;Elite;30;Sunny Yellow;True
V9400096152;2024-02-08;13:05;S01;Premium;Centre-ville;50;9h/18h;open 6/7;6;E0005;2800;2017-07-01;Salesforce;0,05;0,95;C0185;M;30;False;0;0;P031;152,25;152,25;New Balance;Casual;Flex;42;Brown Bear;False
V5625091346;2024-02-20;17:46;S01;Premium;Centre-ville;50;9h/18h;open 6/7;6;E0003;2100;2020-09-04;Salesforce;0,13;0,87;C0235;F;45;False;0;0;P030;59,75;59,75;New Balance;Casual;Elite;30;Sunny Yellow;True
V4569293277;2024-02-27;17:30;S01;Premium;Centre-ville;50;9h/18h;open 6/7;6;E0005;2800;2017-07-01;Salesforce;0,05;0,95;C0298;F;22;True;0;13;P035;135,45;135,45;New Balance;Basketball;Zoom;37;Pink;False
V3327103961;2024-02-12;09:38;S01;Premium;Centre-ville;50;9h/18h;open 6/7;6;E0001;2000;2022-07-17;Salesforce;0,12;0,88;C0045;M;38;False;0;0;P030;59,75;59,75;New Balance;Casual;Elite;30;Sunny Yellow;True
V2652965675;2024-02-08;17:55;S01;Premium;Centre-ville;50;9h/18h;open 6/7;6;E0002;2900;2015-10-11;Salesforce;0,05;0,95;C0110;F;43;False;0;0;P034;166,95;166,95;New Balance;Basketball;Zoom;39;Premium Black;False
V2652965675;2024-02-08;17:55;S01;Premium;Centre-ville;50;9h/18h;open 6/7;6;E0002;2900;2015-10-11;Salesforce;0,05;0,95;C0110;F;43;False;0;0;G034;30,0;30,0;Bonnet;Bonnet;Bonnet;L;None;False
V2652965675;2024-02-08;17:55;S01;Premium;Centre-ville;50;9h/18h;open 6/7;6;E0002;2900;2015-10-11;Salesforce;0,05;0,95;C0110;F;43;False;0;0;G034;30,0;30,0;Lacets;Lacets;Lacets;S;None;False
V7599713582;2024-02-14;18:27;S01;Premium;Centre-ville;50;9h/18h;open 6/7;6;E0003;2100;2020-09-04;Salesforce;0,13;0,87;C0287;F;47;True;20;11;P037;112,45;114,45;New Balance;Running;Elite;41;Premium Black;False
V8580393989;2024-02-01;12:32;S01;Premium;Centre-ville;50;9h/18h;open 6/7;6;E0002;2900;2015-10-11;Salesforce;0,05;0,95;C0026;M;50;True;0;5;P030;59,75;59,75;New Balance;Casual;Elite;30;Sunny Yellow;True
V6697730522;2024-02-02;17:34;S01;Premium;Centre-ville;50;9h/18h;open 6/7;6;E0002;2900;2015-10-11;Salesforce;0,05;0,95;C0118;F;25;True;0;5;P030;59,75;59,75;New Balance;Casual;Elite;30;Sunny Yellow;True
V5030342736;2024-02-22;11:29;S01;Premium;Centre-ville;50;9h/18h;open 6/7;6;E0002;2900;2015-10-11;Salesforce;0,05;0,95;C0203;M;33;False;0;0;P030;59,75;59,75;New Balance;Casual;Elite;30;Sunny Yellow;True
V5030342736;2024-02-22;11:29;S01;Premium;Centre-ville;50;9h/18h;open 6/7;6;E0002;2900;2015-10-11;Salesforce;0,05;0,95;C0203;M;33;False;0;0;G030;30,0;30,0;Tee-short;Tee-short;Tee-short;XS;None;False
V9585780834;2024-02-25;11:42;S01;Premium;Centre-ville;50;9h/18h;open 6/7;6;E0002;2900;2015-10-11;Salesforce;0,05;0,95;C0270;M;34;True;0;5;P030;59,75;59,75;New Balance;Casual;Elite;30;Sunny Yellow;True
V8278961059;2024-02-23;18:20;S01;Premium;Centre-ville;50;9h/18h;open 6/7;6;E0004;2600;2006-01-09;Manager;0,21;0,79;C0057;M;46;True;0;5;P030;59,75;59,75;New Balance;Casual;Elite;30;Sunny Yellow;True
V7867819944;2024-02-19;13:06;S01;Premium;Centre-ville;50;9h/18h;open 6/7;6;E0002;2900;2015-10-11;Salesforce;0,05;0,95;C0148;M;36;False;0;0;P030;59,75;59,75;New Balance;Casual;Elite;30;Sunny Yellow;True
V2843791584;2024-02-12;13:45;S01;Premium;Centre-ville;50;9h/18h;open 6/7;6;E0001;2000;2022-07-17;Salesforce;0,12;0,88;C0233;F;33;True;0;13;P035;135,45;135,45;New Balance;Basketball;Zoom;37;Pink;False
V2843791584;2024-02-12;13:45;S01;Premium;Centre-ville;50;9h/18h;open 6/7;6;E0001;2000;2022-07-17;Salesforce;0,12;0,88;C0233;F;33;True;0;13;G035;20,0;20,0;Tee-short;Tee-short;Tee-short;M;None;False
V2879940381;2024-02-13;18:32;S01;Premium;Centre-ville;50;9h/18h;open 6/7;6;E0002;2900;2015-10-11;Salesforce;0,05;0,95;C0290;M;37;True;0;5;P030;59,75;59,75;New Balance;Casual;Elite;30;Sunny Yellow;True
V8059670165;2024-02-07;15:06;S01;Premium;Centre-ville;50;9h/18h;open 6/7;6;E0004;2600;2006-01-09;Manager;0,21;0,79;C0182;M;68;True;0;5;P030;59,75;59,75;New Balance;Casual;Elite;30;Sunny Yellow;True
V8059670165;2024-02-07;15:06;S01;Premium;Centre-ville;50;9h/18h;open 6/7;6;E0004;2600;2006-01-09;Manager;0,21;0,79;C0182;M;68;True;0;5;G030;20,0;20,0;Lacets;Lacets;Lacets;S;None;False
V4722784222;2024-02-05;13:10;S01;Premium;Centre-ville;50;9h/18h;open 6/7;6;E0001;2000;2022-07-17;Salesforce;0,12;0,88;C0217;M;34;True;20;13;P035;133,45;135,45;New Balance;Basketball;Zoom;37;Pink;False
V4633871565;2024-02-13;12:17;S01;Premium;Centre-ville;50;9h/18h;open 6/7;6;E0005;2800;2017-07-01;Salesforce;0,05;0,95;C0101;M;29;True;0;5;P030;59,75;59,75;New Balance;Casual;Elite;30;Sunny Yellow;True
V4633871565;2024-02-13;12:17;S01;Premium;Centre-ville;50;9h/18h;open 6/7;6;E0005;2800;2017-07-01;Salesforce;0,05;0,95;C0101;M;29;True;0;5;G030;30,0;30,0;Bonnet;Bonnet;Bonnet;XL;None;False
V9169661756;2024-02-12;10:29;S01;Premium;Centre-ville;50;9h/18h;open 6/7;6;E0002;2900;2015-10-11;Salesforce;0,05;0,95;C0205;F;53;True;0;5;P030;59,75;59,75;New Balance;Casual;Elite;30;Sunny Yellow;True
V9169661756;2024-02-12;10:29;S01;Premium;Centre-ville;50;9h/18h;open 6/7;6;E0002;2900;2015-10-11;Salesforce;0,05;0,95;C0205;F;53;True;0;5;G030;10,0;10,0;Tee-short;Tee-short;Tee-short;S;None;False
V9169661756;2024-02-12;10:29;S01;Premium;Centre-ville;50;9h/18h;open 6/7;6;E0002;2900;2015-10-11;Salesforce;0,05;0,95;C0205;F;53;True;0;5;G030;30,0;30,0;Lacets;Lacets;Lacets;S;None;False
V2246354538;2024-02-09;13:32;S01;Premium;Centre-ville;50;9h/18h;open 6/7;6;E0002;2900;2015-10-11;Salesforce;0,05;0,95;C0240;M;25;True;0;5;P030;59,75;59,75;New Balance;Casual;Elite;30;Sunny Yellow;True
V2592588330;2024-02-12;18:48;S01;Premium;Centre-ville;50;9h/18h;open 6/7;6;E0005;2800;2017-07-01;Salesforce;0,05;0,95;C0144;M;37;True;0;11;P037;114,45;114,45;New Balance;Running;Elite;41;Premium Black;False
V2592588330;2024-02-12;18:48;S01;Premium;Centre-ville;50;9h/18h;open 6/7;6;E0005;2800;2017-07-01;Salesforce;0,05;0,95;C0144;M;37;True;0;11;G037;20,0;20,0;Tee-short;Tee-short;Tee-short;L;None;False
V4943753596;2024-02-23;09:38;S01;Premium;Centre-ville;50;9h/18h;open 6/7;6;E0002;2900;2015-10-11;Salesforce;0,05;0,95;C0105;M;37;True;0;5;P030;42,75;59,75;New Balance;Casual;Elite;30;Sunny Yellow;True
V4943753596;2024-02-23;09:38;S01;Premium;Centre-ville;50;9h/18h;open 6/7;6;E0002;2900;2015-10-11;Salesforce;0,05;0,95;C0105;M;37;True;0;5;G030;10,0;10,0;Tee-short;Tee-short;Tee-short;L;None;False
V4465509134;2024-02-07;14:07;S01;Premium;Centre-ville;50;9h/18h;open 6/7;6;E0002;2900;2015-10-11;Salesforce;0,05;0,95;C0243;F;49;True;0;5;P030;59,75;59,75;New Balance;Casual;Elite;30;Sunny Yellow;True
V7039146530;2024-02-14;10:43;S01;Premium;Centre-ville;50;9h/18h;open 6/7;6;E0002;2900;2015-10-11;Salesforce;0,05;0,95;C0143;F;40;True;0;5;P030;59,75;59,75;New Balance;Casual;Elite;30;Sunny Yellow;True
V4788357802;2024-02-08;17:56;S01;Premium;Centre-ville;50;9h/18h;open 6/7;6;E0003;2100;2020-09-04;Salesforce;0,13;0,87;C0108;F;39;False;0;0;P010;152,25;152,25;New Balance;Running;Flex;42;Red Blood;False
V5578473819;2024-02-28;13:05;S01;Premium;Centre-ville;50;9h/18h;open 6/7;6;E0003;2100;2020-09-04;Salesforce;0,13;0,87;C0220;M;42;True;0;5;P030;59,75;59,75;New Balance;Casual;Elite;30;Sunny Yellow;True
V1423777575;2024-02-12;10:08;S01;Premium;Centre-ville;50;9h/18h;open 6/7;6;E0005;2800;2017-07-01;Salesforce;0,05;0,95;C0015;F;34;True;0;12;P034;125,20999999999998;166,95;New Balance;Basketball;Zoom;39;Premium Black;False
V9385262301;2024-03-15;14:52;S01;Premium;Centre-ville;50;9h/18h;open 6/7;6;E0003;2100;2020-09-04;Salesforce;0,13;0,87;C0047;M;62;True;0;5;P030;59,75;59,75;New Balance;Casual;Elite;30;Sunny Yellow;True
V8323888757;2024-03-12;15:17;S01;Premium;Centre-ville;50;9h/18h;open 6/7;6;E0004;2600;2006-01-09;Manager;0,21;0,79;C0028;M;35;False;0;0;P035;94,82;135,45;New Balance;Basketball;Zoom;37;Pink;False
V8323888757;2024-03-12;15:17;S01;Premium;Centre-ville;50;9h/18h;open 6/7;6;E0004;2600;2006-01-09;Manager;0,21;0,79;C0028;M;35;False;0;0;G035;10,0;10,0;Lunettes;Lunettes;Lunettes;XL;None;False
V7664231155;2024-03-05;16:06;S01;Premium;Centre-ville;50;9h/18h;open 6/7;6;E0002;2900;2015-10-11;Salesforce;0,05;0,95;C0197;F;29;True;0;5;P030;59,75;59,75;New Balance;Casual;Elite;30;Sunny Yellow;True
V4803366176;2024-03-16;11:39;S01;Premium;Centre-ville;50;9h/18h;open 6/7;6;E0002;2900;2015-10-11;Salesforce;0,05;0,95;C0233;F;33;True;0;5;P030;59,75;59,75;New Balance;Casual;Elite;30;Sunny Yellow;True
V3808980184;2024-03-14;11:33;S01;Premium;Centre-ville;50;9h/18h;open 6/7;6;E0005;2800;2017-07-01;Salesforce;0,05;0,95;C0154;M;45;True;20;14;P040;143,95;145,95;New Balance;Running;Air;43;Deep Purple;False
V3808980184;2024-03-14;11:33;S01;Premium;Centre-ville;50;9h/18h;open 6/7;6;E0005;2800;2017-07-01;Salesforce;0,05;0,95;C0154;M;45;True;20;14;G040;20,0;20,0;Tee-short;Tee-short;Tee-short;S;None;False
V3808980184;2024-03-14;11:33;S01;Premium;Centre-ville;50;9h/18h;open 6/7;6;E0005;2800;2017-07-01;Salesforce;0,05;0,95;C0154;M;45;True;20;14;G040;40,0;40,0;Lunettes;Lunettes;Lunettes;XS;None;False
V7270408045;2024-03-09;15:35;S01;Premium;Centre-ville;50;9h/18h;open 6/7;6;E0003;2100;2020-09-04;Salesforce;0,13;0,87;C0135;M;40;True;0;16;P034;166,95;166,95;New Balance;Basketball;Zoom;39;Premium Black;False
V6715336697;2024-03-22;10:33;S01;Premium;Centre-ville;50;9h/18h;open 6/7;6;E0005;2800;2017-07-01;Salesforce;0,05;0,95;C0005;F;28;True;0;16;P034;166,95;166,95;New Balance;Basketball;Zoom;39;Premium Black;False
V6715336697;2024-03-22;10:33;S01;Premium;Centre-ville;50;9h/18h;open 6/7;6;E0005;2800;2017-07-01;Salesforce;0,05;0,95;C0005;F;28;True;0;16;G034;30,0;30,0;Tee-short;Tee-short;Tee-short;XL;None;False
V4037679825;2024-03-12;11:27;S01;Premium;Centre-ville;50;9h/18h;open 6/7;6;E0005;2800;2017-07-01;Salesforce;0,05;0,95;C0061;M;42;False;0;0;P010;129,25;152,25;New Balance;Running;Flex;42;Red Blood;False
V6238780956;2024-03-04;18:57;S01;Premium;Centre-ville;50;9h/18h;open 6/7;6;E0003;2100;2020-09-04;Salesforce;0,13;0,87;C0198;F;49;True;10;5;P030;58,75;59,75;New Balance;Casual;Elite;30;Sunny Yellow;True
V6146488325;2024-03-09;11:09;S01;Premium;Centre-ville;50;9h/18h;open 6/7;6;E0003;2100;2020-09-04;Salesforce;0,13;0,87;C0070;F;40;True;0;5;P030;59,75;59,75;New Balance;Casual;Elite;30;Sunny Yellow;True
V6591942827;2024-03-30;18:31;S01;Premium;Centre-ville;50;9h/18h;open 6/7;6;E0005;2800;2017-07-01;Salesforce;0,05;0,95;C0275;M;33;False;0;0;P034;166,95;166,95;New Balance;Basketball;Zoom;39;Premium Black;False
V9043874075;2024-03-08;18:28;S01;Premium;Centre-ville;50;9h/18h;open 6/7;6;E0001;2000;2022-07-17;Salesforce;0,12;0,88;C0011;M;46;False;0;0;P031;152,25;152,25;New Balance;Casual;Flex;42;Brown Bear;False
V8467614888;2024-03-27;13:12;S01;Premium;Centre-ville;50;9h/18h;open 6/7;6;E0004;2600;2006-01-09;Manager;0,21;0,79;C0255;F;52;False;0;0;P031;152,25;152,25;New Balance;Casual;Flex;42;Brown Bear;False
V3663005646;2024-03-11;16:38;S01;Premium;Centre-ville;50;9h/18h;open 6/7;6;E0005;2800;2017-07-01;Salesforce;0,05;0,95;C0003;M;57;False;0;0;P037;114,45;114,45;New Balance;Running;Elite;41;Premium Black;False
V3663005646;2024-03-11;16:38;S01;Premium;Centre-ville;50;9h/18h;open 6/7;6;E0005;2800;2017-07-01;Salesforce;0,05;0,95;C0003;M;57;False;0;0;G037;40,0;40,0;Bonnet;Bonnet;Bonnet;S;None;False
V4968051462;2024-03-18;10:38;S01;Premium;Centre-ville;50;9h/18h;open 6/7;6;E0004;2600;2006-01-09;Manager;0,21;0,79;C0222;M;49;True;0;15;P031;152,25;152,25;New Balance;Casual;Flex;42;Brown Bear;False
V5233299751;2024-03-18;10:27;S01;Premium;Centre-ville;50;9h/18h;open 6/7;6;E0005;2800;2017-07-01;Salesforce;0,05;0,95;C0208;F;40;True;0;15;P031;152,25;152,25;New Balance;Casual;Flex;42;Brown Bear;False
V5233299751;2024-03-18;10:27;S01;Premium;Centre-ville;50;9h/18h;open 6/7;6;E0005;2800;2017-07-01;Salesforce;0,05;0,95;C0208;F;40;True;0;15;G031;20,0;20,0;Tee-short;Tee-short;Tee-short;XS;None;False
V8951094916;2024-03-19;17:50;S01;Premium;Centre-ville;50;9h/18h;open 6/7;6;E0001;2000;2022-07-17;Salesforce;0,12;0,88;C0174;M;37;True;0;15;P031;152,25;152,25;New Balance;Casual;Flex;42;Brown Bear;False
V9512061232;2024-03-12;14:31;S01;Premium;Centre-ville;50;9h/18h;open 6/7;6;E0001;2000;2022-07-17;Salesforce;0,12;0,88;C0184;F;34;True;0;10;P010;106,58;152,25;New Balance;Running;Flex;42;Red Blood;False
V8429050070;2024-03-25;14:57;S01;Premium;Centre-ville;50;9h/18h;open 6/7;6;E0005;2800;2017-07-01;Salesforce;0,05;0,95;C0278;F;42;True;0;5;P030;42,75;59,75;New Balance;Casual;Elite;30;Sunny Yellow;True
V3788671207;2024-03-30;09:53;S01;Premium;Centre-ville;50;9h/18h;open 6/7;6;E0005;2800;2017-07-01;Salesforce;0,05;0,95;C0136;M;52;True;0;15;P031;152,25;152,25;New Balance;Casual;Flex;42;Brown Bear;False
V1174992271;2024-03-12;12:37;S01;Premium;Centre-ville;50;9h/18h;open 6/7;6;E0002;2900;2015-10-11;Salesforce;0,05;0,95;C0051;F;50;True;0;5;P030;59,75;59,75;New Balance;Casual;Elite;30;Sunny Yellow;True
V1174992271;2024-03-12;12:37;S01;Premium;Centre-ville;50;9h/18h;open 6/7;6;E0002;2900;2015-10-11;Salesforce;0,05;0,95;C0051;F;50;True;0;5;G030;30,0;30,0;Lacets;Lacets;Lacets;S;None;False
V1174992271;2024-03-12;12:37;S01;Premium;Centre-ville;50;9h/18h;open 6/7;6;E0002;2900;2015-10-11;Salesforce;0,05;0,95;C0051;F;50;True;0;5;G030;30,0;30,0;Lunettes;Lunettes;Lunettes;L;None;False
V5700931702;2024-03-21;10:19;S01;Premium;Centre-ville;50;9h/18h;open 6/7;6;E0005;2800;2017-07-01;Salesforce;0,05;0,95;C0218;M;35;True;0;11;P037;114,45;114,45;New Balance;Running;Elite;41;Premium Black;False
V5216434269;2024-03-27;13:11;S01;Premium;Centre-ville;50;9h/18h;open 6/7;6;E0003;2100;2020-09-04;Salesforce;0,13;0,87;C0063;F;59;True;0;13;P035;135,45;135,45;New Balance;Basketball;Zoom;37;Pink;False
V5216434269;2024-03-27;13:11;S01;Premium;Centre-ville;50;9h/18h;open 6/7;6;E0003;2100;2020-09-04;Salesforce;0,13;0,87;C0063;F;59;True;0;13;G035;20,0;20,0;Bonnet;Bonnet;Bonnet;XS;None;False
V3269110316;2024-03-06;14:43;S01;Premium;Centre-ville;50;9h/18h;open 6/7;6;E0002;2900;2015-10-11;Salesforce;0,05;0,95;C0012;M;38;False;0;0;P030;35,75;59,75;New Balance;Casual;Elite;30;Sunny Yellow;True
V5789968222;2024-03-27;16:53;S01;Premium;Centre-ville;50;9h/18h;open 6/7;6;E0003;2100;2020-09-04;Salesforce;0,13;0,87;C0006;M;44;True;0;14;P040;145,95;145,95;New Balance;Running;Air;43;Deep Purple;False
V7696436400;2024-03-18;14:16;S01;Premium;Centre-ville;50;9h/18h;open 6/7;6;E0001;2000;2022-07-17;Salesforce;0,12;0,88;C0224;F;45;True;0;5;P030;54,86;59,75;New Balance;Casual;Elite;30;Sunny Yellow;True
V5206679477;2024-03-16;14:36;S01;Premium;Centre-ville;50;9h/18h;open 6/7;6;E0003;2100;2020-09-04;Salesforce;0,13;0,87;C0010;M;37;True;0;5;P030;59,75;59,75;New Balance;Casual;Elite;30;Sunny Yellow;True
V2886342582;2024-03-12;18:25;S01;Premium;Centre-ville;50;9h/18h;open 6/7;6;E0001;2000;2022-07-17;Salesforce;0,12;0,88;C0166;F;33;True;10;5;P030;58,75;59,75;New Balance;Casual;Elite;30;Sunny Yellow;True
V8895325893;2024-03-13;17:00;S01;Premium;Centre-ville;50;9h/18h;open 6/7;6;E0004;2600;2006-01-09;Manager;0,21;0,79;C0273;F;53;True;0;5;P030;59,75;59,75;New Balance;Casual;Elite;30;Sunny Yellow;True
V6629316253;2024-03-19;09:02;S01;Premium;Centre-ville;50;9h/18h;open 6/7;6;E0004;2600;2006-01-09;Manager;0,21;0,79;C0154;M;45;True;0;13;P035;135,45;135,45;New Balance;Basketball;Zoom;37;Pink;False
V3693428221;2024-03-01;10:14;S01;Premium;Centre-ville;50;9h/18h;open 6/7;6;E0004;2600;2006-01-09;Manager;0,21;0,79;C0106;M;36;True;0;13;P035;135,45;135,45;New Balance;Basketball;Zoom;37;Pink;False
V1222981072;2024-03-28;15:00;S01;Premium;Centre-ville;50;9h/18h;open 6/7;6;E0003;2100;2020-09-04;Salesforce;0,13;0,87;C0029;M;46;True;0;5;P030;59,75;59,75;New Balance;Casual;Elite;30;Sunny Yellow;True
V9750788417;2024-03-05;18:58;S01;Premium;Centre-ville;50;9h/18h;open 6/7;6;E0001;2000;2022-07-17;Salesforce;0,12;0,88;C0223;F;41;False;0;0;P035;135,45;135,45;New Balance;Basketball;Zoom;37;Pink;False
V4348187528;2024-03-28;17:11;S01;Premium;Centre-ville;50;9h/18h;open 6/7;6;E0003;2100;2020-09-04;Salesforce;0,13;0,87;C0275;M;33;False;0;0;P035;135,45;135,45;New Balance;Basketball;Zoom;37;Pink;False
V2857683488;2024-03-25;10:29;S01;Premium;Centre-ville;50;9h/18h;open 6/7;6;E0005;2800;2017-07-01;Salesforce;0,05;0,95;C0185;M;30;False;0;0;P034;94,94999999999999;166,95;New Balance;Basketball;Zoom;39;Premium Black;False
V2857683488;2024-03-25;10:29;S01;Premium;Centre-ville;50;9h/18h;open 6/7;6;E0005;2800;2017-07-01;Salesforce;0,05;0,95;C0185;M;30;False;0;0;G034;10,0;10,0;Echarpe;Echarpe;Echarpe;XL;None;False
V9240833983;2024-03-19;18:13;S01;Premium;Centre-ville;50;9h/18h;open 6/7;6;E0005;2800;2017-07-01;Salesforce;0,05;0,95;C0139;M;66;True;20;5;P030;57,75;59,75;New Balance;Casual;Elite;30;Sunny Yellow;True
V9429006950;2024-03-25;14:13;S01;Premium;Centre-ville;50;9h/18h;open 6/7;6;E0001;2000;2022-07-17;Salesforce;0,12;0,88;C0040;M;50;True;0;10;P035;108,35999999999999;135,45;New Balance;Basketball;Zoom;37;Pink;False
V7770185511;2024-03-29;13:13;S01;Premium;Centre-ville;50;9h/18h;open 6/7;6;E0003;2100;2020-09-04;Salesforce;0,13;0,87;C0096;M;58;False;0;0;P040;145,95;145,95;New Balance;Running;Air;43;Deep Purple;False
V6385475948;2024-03-26;18:21;S01;Premium;Centre-ville;50;9h/18h;open 6/7;6;E0002;2900;2015-10-11;Salesforce;0,05;0,95;C0063;F;59;True;0;5;P030;59,75;59,75;New Balance;Casual;Elite;30;Sunny Yellow;True
V7540891278;2024-03-05;12:10;S01;Premium;Centre-ville;50;9h/18h;open 6/7;6;E0003;2100;2020-09-04;Salesforce;0,13;0,87;C0185;M;30;False;0;0;P040;145,95;145,95;New Balance;Running;Air;43;Deep Purple;False
V8801418263;2024-03-04;10:22;S01;Premium;Centre-ville;50;9h/18h;open 6/7;6;E0002;2900;2015-10-11;Salesforce;0,05;0,95;C0009;F;45;True;0;5;P030;59,75;59,75;New Balance;Casual;Elite;30;Sunny Yellow;True
V5939274582;2024-03-22;09:07;S01;Premium;Centre-ville;50;9h/18h;open 6/7;6;E0005;2800;2017-07-01;Salesforce;0,05;0,95;C0253;F;31;True;10;15;P031;151,25;152,25;New Balance;Casual;Flex;42;Brown Bear;False
V7208897701;2024-03-18;17:46;S01;Premium;Centre-ville;50;9h/18h;open 6/7;6;E0001;2000;2022-07-17;Salesforce;0,12;0,88;C0004;M;57;False;0;0;P010;144,64;152,25;New Balance;Running;Flex;42;Red Blood;False
V7208897701;2024-03-18;17:46;S01;Premium;Centre-ville;50;9h/18h;open 6/7;6;E0001;2000;2022-07-17;Salesforce;0,12;0,88;C0004;M;57;False;0;0;G010;40,0;40,0;Tee-short;Tee-short;Tee-short;M;None;False
V8433501805;2024-03-04;09:46;S01;Premium;Centre-ville;50;9h/18h;open 6/7;6;E0002;2900;2015-10-11;Salesforce;0,05;0,95;C0297;F;48;True;20;5;P030;57,75;59,75;New Balance;Casual;Elite;30;Sunny Yellow;True
V5221763434;2024-03-29;10:15;S01;Premium;Centre-ville;50;9h/18h;open 6/7;6;E0002;2900;2015-10-11;Salesforce;0,05;0,95;C0113;M;63;True;0;5;P030;59,75;59,75;New Balance;Casual;Elite;30;Sunny Yellow;True
V5221763434;2024-03-29;10:15;S01;Premium;Centre-ville;50;9h/18h;open 6/7;6;E0002;2900;2015-10-11;Salesforce;0,05;0,95;C0113;M;63;True;0;5;G030;40,0;40,0;Lunettes;Lunettes;Lunettes;XL;None;False
V4036083344;2024-03-13;11:53;S01;Premium;Centre-ville;50;9h/18h;open 6/7;6;E0005;2800;2017-07-01;Salesforce;0,05;0,95;C0055;F;68;True;0;5;P030;59,75;59,75;New Balance;Casual;Elite;30;Sunny Yellow;True
V2894419527;2024-03-23;16:06;S01;Premium;Centre-ville;50;9h/18h;open 6/7;6;E0003;2100;2020-09-04;Salesforce;0,13;0,87;C0224;F;45;True;0;5;P030;59,75;59,75;New Balance;Casual;Elite;30;Sunny Yellow;True
V5481291065;2024-03-23;10:58;S01;Premium;Centre-ville;50;9h/18h;open 6/7;6;E0002;2900;2015-10-11;Salesforce;0,05;0,95;C0099;F;46;False;0;0;P030;59,75;59,75;New Balance;Casual;Elite;30;Sunny Yellow;True
V6502082032;2024-03-02;11:44;S01;Premium;Centre-ville;50;9h/18h;open 6/7;6;E0005;2800;2017-07-01;Salesforce;0,05;0,95;C0136;M;52;True;0;5;P030;59,75;59,75;New Balance;Casual;Elite;30;Sunny Yellow;True
V8808882004;2024-03-12;15:07;S01;Premium;Centre-ville;50;9h/18h;open 6/7;6;E0004;2600;2006-01-09;Manager;0,21;0,79;C0027;F;31;True;0;14;P010;144,64;152,25;New Balance;Running;Flex;42;Red Blood;False
V6293768505;2024-03-04;14:55;S01;Premium;Centre-ville;50;9h/18h;open 6/7;6;E0005;2800;2017-07-01;Salesforce;0,05;0,95;C0180;F;30;True;0;9;P010;98,96000000000001;152,25;New Balance;Running;Flex;42;Red Blood;False
V6293768505;2024-03-04;14:55;S01;Premium;Centre-ville;50;9h/18h;open 6/7;6;E0005;2800;2017-07-01;Salesforce;0,05;0,95;C0180;F;30;True;0;9;G010;30,0;30,0;Lacets;Lacets;Lacets;L;None;False
V2072485548;2024-03-30;12:39;S01;Premium;Centre-ville;50;9h/18h;open 6/7;6;E0001;2000;2022-07-17;Salesforce;0,12;0,88;C0187;F;39;True;0;5;P030;59,75;59,75;New Balance;Casual;Elite;30;Sunny Yellow;True
V2982481268;2024-03-18;18:26;S01;Premium;Centre-ville;50;9h/18h;open 6/7;6;E0001;2000;2022-07-17;Salesforce;0,12;0,88;C0134;M;49;False;0;0;P034;166,95;166,95;New Balance;Basketball;Zoom;39;Premium Black;False
V1749491074;2024-03-09;16:19;S01;Premium;Centre-ville;50;9h/18h;open 6/7;6;E0001;2000;2022-07-17;Salesforce;0,12;0,88;C0239;F;38;False;0;0;P040;145,95;145,95;New Balance;Running;Air;43;Deep Purple;False
V7448957069;2024-03-22;16:41;S01;Premium;Centre-ville;50;9h/18h;open 6/7;6;E0004;2600;2006-01-09;Manager;0,21;0,79;C0219;F;42;True;0;15;P010;152,25;152,25;New Balance;Running;Flex;42;Red Blood;False
V5489515860;2024-03-09;14:50;S01;Premium;Centre-ville;50;9h/18h;open 6/7;6;E0002;2900;2015-10-11;Salesforce;0,05;0,95;C0205;F;53;True;0;5;P030;59,75;59,75;New Balance;Casual;Elite;30;Sunny Yellow;True
V5797988497;2024-03-22;14:36;S01;Premium;Centre-ville;50;9h/18h;open 6/7;6;E0005;2800;2017-07-01;Salesforce;0,05;0,95;C0087;F;63;True;0;15;P031;132,25;152,25;New Balance;Casual;Flex;42;Brown Bear;False
V2653862150;2024-03-13;14:52;S01;Premium;Centre-ville;50;9h/18h;open 6/7;6;E0005;2800;2017-07-01;Salesforce;0,05;0,95;C0198;F;49;True;0;5;P030;59,75;59,75;New Balance;Casual;Elite;30;Sunny Yellow;True
V2653862150;2024-03-13;14:52;S01;Premium;Centre-ville;50;9h/18h;open 6/7;6;E0005;2800;2017-07-01;Salesforce;0,05;0,95;C0198;F;49;True;0;5;G030;30,0;30,0;Echarpe;Echarpe;Echarpe;S;None;False
V7891677349;2024-03-16;13:35;S01;Premium;Centre-ville;50;9h/18h;open 6/7;6;E0005;2800;2017-07-01;Salesforce;0,05;0,95;C0106;M;36;True;0;16;P034;166,95;166,95;New Balance;Basketball;Zoom;39;Premium Black;False
V7835430647;2024-03-20;10:39;S01;Premium;Centre-ville;50;9h/18h;open 6/7;6;E0005;2800;2017-07-01;Salesforce;0,05;0,95;C0232;F;44;False;0;0;P010;152,25;152,25;New Balance;Running;Flex;42;Red Blood;False
V9900700119;2024-03-27;17:22;S01;Premium;Centre-ville;50;9h/18h;open 6/7;6;E0003;2100;2020-09-04;Salesforce;0,13;0,87;C0174;M;37;True;0;5;P030;59,75;59,75;New Balance;Casual;Elite;30;Sunny Yellow;True
V7602575554;2024-03-11;14:52;S01;Premium;Centre-ville;50;9h/18h;open 6/7;6;E0003;2100;2020-09-04;Salesforce;0,13;0,87;C0017;M;40;False;0;0;P010;152,25;152,25;New Balance;Running;Flex;42;Red Blood;False
V7961289672;2024-03-16;09:58;S01;Premium;Centre-ville;50;9h/18h;open 6/7;6;E0004;2600;2006-01-09;Manager;0,21;0,79;C0221;M;40;False;0;0;P031;152,25;152,25;New Balance;Casual;Flex;42;Brown Bear;False
V4987126850;2024-03-19;15:42;S01;Premium;Centre-ville;50;9h/18h;open 6/7;6;E0001;2000;2022-07-17;Salesforce;0,12;0,88;C0156;F;30;False;0;0;P034;125,20999999999998;166,95;New Balance;Basketball;Zoom;39;Premium Black;False
V4987126850;2024-03-19;15:42;S01;Premium;Centre-ville;50;9h/18h;open 6/7;6;E0001;2000;2022-07-17;Salesforce;0,12;0,88;C0156;F;30;False;0;0;G034;30,0;30,0;Lacets;Lacets;Lacets;S;None;False
V7054856017;2024-03-09;15:36;S01;Premium;Centre-ville;50;9h/18h;open 6/7;6;E0001;2000;2022-07-17;Salesforce;0,12;0,88;C0064;M;29;False;0;0;P034;166,95;166,95;New Balance;Basketball;Zoom;39;Premium Black;False
V2704579101;2024-03-25;17:20;S01;Premium;Centre-ville;50;9h/18h;open 6/7;6;E0001;2000;2022-07-17;Salesforce;0,12;0,88;C0175;M;43;False;0;0;P031;152,25;152,25;New Balance;Casual;Flex;42;Brown Bear;False
V7762798261;2024-03-07;10:12;S01;Premium;Centre-ville;50;9h/18h;open 6/7;6;E0004;2600;2006-01-09;Manager;0,21;0,79;C0105;M;37;True;0;12;P034;125,20999999999998;166,95;New Balance;Basketball;Zoom;39;Premium Black;False
V3187342552;2024-03-25;12:10;S01;Premium;Centre-ville;50;9h/18h;open 6/7;6;E0002;2900;2015-10-11;Salesforce;0,05;0,95;C0035;M;51;True;0;14;P040;145,95;145,95;New Balance;Running;Air;43;Deep Purple;False
V8964562235;2024-03-07;10:57;S01;Premium;Centre-ville;50;9h/18h;open 6/7;6;E0005;2800;2017-07-01;Salesforce;0,05;0,95;C0273;F;53;True;0;5;P030;59,75;59,75;New Balance;Casual;Elite;30;Sunny Yellow;True
V2315389038;2024-03-02;12:13;S01;Premium;Centre-ville;50;9h/18h;open 6/7;6;E0005;2800;2017-07-01;Salesforce;0,05;0,95;C0041;F;32;False;0;0;P034;166,95;166,95;New Balance;Basketball;Zoom;39;Premium Black;False
V5187182795;2024-03-04;16:46;S01;Premium;Centre-ville;50;9h/18h;open 6/7;6;E0003;2100;2020-09-04;Salesforce;0,13;0,87;C0268;F;38;True;0;5;P030;59,75;59,75;New Balance;Casual;Elite;30;Sunny Yellow;True
V9559681924;2024-03-09;12:57;S01;Premium;Centre-ville;50;9h/18h;open 6/7;6;E0004;2600;2006-01-09;Manager;0,21;0,79;C0267;M;50;True;0;13;P035;135,45;135,45;New Balance;Basketball;Zoom;37;Pink;False
V1460749144;2024-03-01;14:32;S01;Premium;Centre-ville;50;9h/18h;open 6/7;6;E0003;2100;2020-09-04;Salesforce;0,13;0,87;C0164;F;38;True;0;11;P037;114,45;114,45;New Balance;Running;Elite;41;Premium Black;False
V5056351406;2024-03-23;14:02;S01;Premium;Centre-ville;50;9h/18h;open 6/7;6;E0002;2900;2015-10-11;Salesforce;0,05;0,95;C0081;M;34;False;0;0;P030;59,75;59,75;New Balance;Casual;Elite;30;Sunny Yellow;True
V8387656285;2024-03-15;18:30;S01;Premium;Centre-ville;50;9h/18h;open 6/7;6;E0005;2800;2017-07-01;Salesforce;0,05;0,95;C0150;F;33;False;0;0;P030;56,04;59,75;New Balance;Casual;Elite;30;Sunny Yellow;True
V7627233689;2024-03-28;12:25;S01;Premium;Centre-ville;50;9h/18h;open 6/7;6;E0001;2000;2022-07-17;Salesforce;0,12;0,88;C0278;F;42;True;0;5;P030;59,75;59,75;New Balance;Casual;Elite;30;Sunny Yellow;True
V7627233689;2024-03-28;12:25;S01;Premium;Centre-ville;50;9h/18h;open 6/7;6;E0001;2000;2022-07-17;Salesforce;0,12;0,88;C0278;F;42;True;0;5;G030;40,0;40,0;Bonnet;Bonnet;Bonnet;M;None;False
V2647607198;2024-03-30;15:43;S01;Premium;Centre-ville;50;9h/18h;open 6/7;6;E0005;2800;2017-07-01;Salesforce;0,05;0,95;C0289;F;42;True;30;5;P030;56,75;59,75;New Balance;Casual;Elite;30;Sunny Yellow;True
V2647607198;2024-03-30;15:43;S01;Premium;Centre-ville;50;9h/18h;open 6/7;6;E0005;2800;2017-07-01;Salesforce;0,05;0,95;C0289;F;42;True;30;5;G030;40,0;40,0;Tee-short;Tee-short;Tee-short;M;None;False
V3650610159;2024-03-29;11:05;S01;Premium;Centre-ville;50;9h/18h;open 6/7;6;E0005;2800;2017-07-01;Salesforce;0,05;0,95;C0108;F;39;False;0;0;P040;145,95;145,95;New Balance;Running;Air;43;Deep Purple;False
V4355394860;2024-03-22;13:06;S01;Premium;Centre-ville;50;9h/18h;open 6/7;6;E0002;2900;2015-10-11;Salesforce;0,05;0,95;C0257;M;38;True;0;5;P030;59,75;59,75;New Balance;Casual;Elite;30;Sunny Yellow;True
V9687253675;2024-03-07;09:37;S01;Premium;Centre-ville;50;9h/18h;open 6/7;6;E0005;2800;2017-07-01;Salesforce;0,05;0,95;C0202;M;39;False;0;0;P031;152,25;152,25;New Balance;Casual;Flex;42;Brown Bear;False
V8892441273;2024-03-21;13:38;S01;Premium;Centre-ville;50;9h/18h;open 6/7;6;E0001;2000;2022-07-17;Salesforce;0,12;0,88;C0107;F;36;True;0;16;P034;136,95;166,95;New Balance;Basketball;Zoom;39;Premium Black;False
V8892441273;2024-03-21;13:38;S01;Premium;Centre-ville;50;9h/18h;open 6/7;6;E0001;2000;2022-07-17;Salesforce;0,12;0,88;C0107;F;36;True;0;16;G034;30,0;30,0;Lunettes;Lunettes;Lunettes;S;None;False
V2698089089;2024-03-29;11:47;S01;Premium;Centre-ville;50;9h/18h;open 6/7;6;E0002;2900;2015-10-11;Salesforce;0,05;0,95;C0113;M;63;True;0;5;P030;59,75;59,75;New Balance;Casual;Elite;30;Sunny Yellow;True
V9523108675;2024-03-18;17:43;S01;Premium;Centre-ville;50;9h/18h;open 6/7;6;E0003;2100;2020-09-04;Salesforce;0,13;0,87;C0143;F;40;True;0;15;P010;152,25;152,25;New Balance;Running;Flex;42;Red Blood;False
V9471360348;2024-03-01;13:22;S01;Premium;Centre-ville;50;9h/18h;open 6/7;6;E0002;2900;2015-10-11;Salesforce;0,05;0,95;C0183;M;60;True;0;5;P030;32,75;59,75;New Balance;Casual;Elite;30;Sunny Yellow;True
V4287701193;2024-03-22;14:43;S01;Premium;Centre-ville;50;9h/18h;open 6/7;6;E0005;2800;2017-07-01;Salesforce;0,05;0,95;C0208;F;40;True;0;5;P030;59,75;59,75;New Balance;Casual;Elite;30;Sunny Yellow;True
V3702722142;2024-03-12;10:21;S01;Premium;Centre-ville;50;9h/18h;open 6/7;6;E0001;2000;2022-07-17;Salesforce;0,12;0,88;C0103;F;41;False;0;0;P010;109,25;152,25;New Balance;Running;Flex;42;Red Blood;False
V9093238652;2024-03-23;12:14;S01;Premium;Centre-ville;50;9h/18h;open 6/7;6;E0002;2900;2015-10-11;Salesforce;0,05;0,95;C0203;M;33;False;0;0;P030;59,75;59,75;New Balance;Casual;Elite;30;Sunny Yellow;True
V9093238652;2024-03-23;12:14;S01;Premium;Centre-ville;50;9h/18h;open 6/7;6;E0002;2900;2015-10-11;Salesforce;0,05;0,95;C0203;M;33;False;0;0;G030;20,0;20,0;Tee-short;Tee-short;Tee-short;L;None;False
V9093238652;2024-03-23;12:14;S01;Premium;Centre-ville;50;9h/18h;open 6/7;6;E0002;2900;2015-10-11;Salesforce;0,05;0,95;C0203;M;33;False;0;0;G030;10,0;10,0;Lunettes;Lunettes;Lunettes;XL;None;False
V8976452637;2024-03-10;14:29;S01;Premium;Centre-ville;50;9h/18h;open 6/7;6;E0003;2100;2020-09-04;Salesforce;0,13;0,87;C0034;F;29;False;0;0;P034;133,56;166,95;New Balance;Basketball;Zoom;39;Premium Black;False
V8976452637;2024-03-10;14:29;S01;Premium;Centre-ville;50;9h/18h;open 6/7;6;E0003;2100;2020-09-04;Salesforce;0,13;0,87;C0034;F;29;False;0;0;G034;10,0;10,0;Lunettes;Lunettes;Lunettes;XL;None;False
V9036954987;2024-03-09;15:02;S01;Premium;Centre-ville;50;9h/18h;open 6/7;6;E0002;2900;2015-10-11;Salesforce;0,05;0,95;C0112;F;34;True;30;5;P030;56,75;59,75;New Balance;Casual;Elite;30;Sunny Yellow;True
V4588148836;2024-03-28;16:25;S01;Premium;Centre-ville;50;9h/18h;open 6/7;6;E0002;2900;2015-10-11;Salesforce;0,05;0,95;C0089;F;32;True;0;5;P030;59,75;59,75;New Balance;Casual;Elite;30;Sunny Yellow;True
V1407182586;2024-03-04;13:16;S01;Premium;Centre-ville;50;9h/18h;open 6/7;6;E0005;2800;2017-07-01;Salesforce;0,05;0,95;C0194;M;49;True;0;16;P034;139,95;166,95;New Balance;Basketball;Zoom;39;Premium Black;False
V9099919982;2024-03-27;11:21;S01;Premium;Centre-ville;50;9h/18h;open 6/7;6;E0005;2800;2017-07-01;Salesforce;0,05;0,95;C0178;F;36;False;0;0;P030;59,75;59,75;New Balance;Casual;Elite;30;Sunny Yellow;True
V9099919982;2024-03-27;11:21;S01;Premium;Centre-ville;50;9h/18h;open 6/7;6;E0005;2800;2017-07-01;Salesforce;0,05;0,95;C0178;F;36;False;0;0;G030;20,0;20,0;Bonnet;Bonnet;Bonnet;L;None;False
V5908245679;2024-03-29;13:42;S01;Premium;Centre-ville;50;9h/18h;open 6/7;6;E0004;2600;2006-01-09;Manager;0,21;0,79;C0164;F;38;True;0;11;P037;114,45;114,45;New Balance;Running;Elite;41;Premium Black;False
V6016874479;2024-03-02;15:07;S01;Premium;Centre-ville;50;9h/18h;open 6/7;6;E0002;2900;2015-10-11;Salesforce;0,05;0,95;C0064;M;29;False;0;0;P037;114,45;114,45;New Balance;Running;Elite;41;Premium Black;False
V5587936419;2024-03-08;12:09;S01;Premium;Centre-ville;50;9h/18h;open 6/7;6;E0005;2800;2017-07-01;Salesforce;0,05;0,95;C0179;F;29;True;0;16;P034;166,95;166,95;New Balance;Basketball;Zoom;39;Premium Black;False
V7914119400;2024-03-07;12:00;S01;Premium;Centre-ville;50;9h/18h;open 6/7;6;E0001;2000;2022-07-17;Salesforce;0,12;0,88;C0129;F;34;True;0;5;P030;59,75;59,75;New Balance;Casual;Elite;30;Sunny Yellow;True
V6273880929;2024-03-15;14:46;S01;Premium;Centre-ville;50;9h/18h;open 6/7;6;E0002;2900;2015-10-11;Salesforce;0,05;0,95;C0192;M;23;True;10;5;P030;58,75;59,75;New Balance;Casual;Elite;30;Sunny Yellow;True
V8630080585;2024-03-26;17:15;S01;Premium;Centre-ville;50;9h/18h;open 6/7;6;E0003;2100;2020-09-04;Salesforce;0,13;0,87;C0076;M;66;True;0;5;P030;48,75;59,75;New Balance;Casual;Elite;30;Sunny Yellow;True
V8301921379;2024-03-11;18:18;S01;Premium;Centre-ville;50;9h/18h;open 6/7;6;E0002;2900;2015-10-11;Salesforce;0,05;0,95;C0047;M;62;True;0;5;P030;59,75;59,75;New Balance;Casual;Elite;30;Sunny Yellow;True
V8301921379;2024-03-11;18:18;S01;Premium;Centre-ville;50;9h/18h;open 6/7;6;E0002;2900;2015-10-11;Salesforce;0,05;0,95;C0047;M;62;True;0;5;G030;10,0;10,0;Lacets;Lacets;Lacets;S;None;False
V8301921379;2024-03-11;18:18;S01;Premium;Centre-ville;50;9h/18h;open 6/7;6;E0002;2900;2015-10-11;Salesforce;0,05;0,95;C0047;M;62;True;0;5;G030;10,0;10,0;Bonnet;Bonnet;Bonnet;XL;None;False
V8301921379;2024-03-11;18:18;S01;Premium;Centre-ville;50;9h/18h;open 6/7;6;E0002;2900;2015-10-11;Salesforce;0,05;0,95;C0047;M;62;True;0;5;G030;10,0;10,0;Bonnet;Bonnet;Bonnet;XS;None;False
V8301921379;2024-03-11;18:18;S01;Premium;Centre-ville;50;9h/18h;open 6/7;6;E0002;2900;2015-10-11;Salesforce;0,05;0,95;C0047;M;62;True;0;5;G030;10,0;10,0;Tee-short;Tee-short;Tee-short;XS;None;False
V2945582290;2024-03-02;11:08;S01;Premium;Centre-ville;50;9h/18h;open 6/7;6;E0001;2000;2022-07-17;Salesforce;0,12;0,88;C0219;F;42;True;0;5;P030;59,75;59,75;New Balance;Casual;Elite;30;Sunny Yellow;True
V1451095962;2024-03-09;14:08;S01;Premium;Centre-ville;50;9h/18h;open 6/7;6;E0002;2900;2015-10-11;Salesforce;0,05;0,95;C0223;F;41;False;0;0;P030;59,75;59,75;New Balance;Casual;Elite;30;Sunny Yellow;True
V1451095962;2024-03-09;14:08;S01;Premium;Centre-ville;50;9h/18h;open 6/7;6;E0002;2900;2015-10-11;Salesforce;0,05;0,95;C0223;F;41;False;0;0;G030;10,0;10,0;Bonnet;Bonnet;Bonnet;XL;None;False
V1451095962;2024-03-09;14:08;S01;Premium;Centre-ville;50;9h/18h;open 6/7;6;E0002;2900;2015-10-11;Salesforce;0,05;0,95;C0223;F;41;False;0;0;G030;20,0;20,0;Lacets;Lacets;Lacets;M;None;False
V1352713642;2024-03-28;09:23;S01;Premium;Centre-ville;50;9h/18h;open 6/7;6;E0005;2800;2017-07-01;Salesforce;0,05;0,95;C0241;F;41;True;0;5;P030;59,75;59,75;New Balance;Casual;Elite;30;Sunny Yellow;True
V6456643343;2024-03-13;09:55;S01;Premium;Centre-ville;50;9h/18h;open 6/7;6;E0002;2900;2015-10-11;Salesforce;0,05;0,95;C0199;M;48;True;0;5;P030;59,75;59,75;New Balance;Casual;Elite;30;Sunny Yellow;True
V5668118834;2024-03-04;14:35;S01;Premium;Centre-ville;50;9h/18h;open 6/7;6;E0001;2000;2022-07-17;Salesforce;0,12;0,88;C0058;M;29;True;0;5;P030;59,75;59,75;New Balance;Casual;Elite;30;Sunny Yellow;True
V6803857658;2024-03-27;12:23;S01;Premium;Centre-ville;50;9h/18h;open 6/7;6;E0002;2900;2015-10-11;Salesforce;0,05;0,95;C0268;F;38;True;0;5;P030;59,75;59,75;New Balance;Casual;Elite;30;Sunny Yellow;True
V5030170862;2024-03-22;12:14;S01;Premium;Centre-ville;50;9h/18h;open 6/7;6;E0003;2100;2020-09-04;Salesforce;0,13;0,87;C0267;M;50;True;0;5;P030;31,75;59,75;New Balance;Casual;Elite;30;Sunny Yellow;True
V5872940327;2024-03-21;18:51;S01;Premium;Centre-ville;50;9h/18h;open 6/7;6;E0001;2000;2022-07-17;Salesforce;0,12;0,88;C0282;M;48;False;0;0;P030;59,75;59,75;New Balance;Casual;Elite;30;Sunny Yellow;True
V8521699083;2024-03-14;18:52;S01;Premium;Centre-ville;50;9h/18h;open 6/7;6;E0002;2900;2015-10-11;Salesforce;0,05;0,95;C0051;F;50;True;0;14;P040;145,95;145,95;New Balance;Running;Air;43;Deep Purple;False
V2710297275;2024-03-14;17:28;S01;Premium;Centre-ville;50;9h/18h;open 6/7;6;E0005;2800;2017-07-01;Salesforce;0,05;0,95;C0144;M;37;True;0;5;P030;59,75;59,75;New Balance;Casual;Elite;30;Sunny Yellow;True
V6394072852;2024-03-06;10:34;S01;Premium;Centre-ville;50;9h/18h;open 6/7;6;E0002;2900;2015-10-11;Salesforce;0,05;0,95;C0166;F;33;True;0;5;P030;59,75;59,75;New Balance;Casual;Elite;30;Sunny Yellow;True
V6394072852;2024-03-06;10:34;S01;Premium;Centre-ville;50;9h/18h;open 6/7;6;E0002;2900;2015-10-11;Salesforce;0,05;0,95;C0166;F;33;True;0;5;G030;40,0;40,0;Tee-short;Tee-short;Tee-short;L;None;False
V7369848810;2024-03-21;12:59;S01;Premium;Centre-ville;50;9h/18h;open 6/7;6;E0003;2100;2020-09-04;Salesforce;0,13;0,87;C0145;M;43;True;0;15;P010;122,25;152,25;New Balance;Running;Flex;42;Red Blood;False
V8049817167;2024-03-23;17:09;S01;Premium;Centre-ville;50;9h/18h;open 6/7;6;E0002;2900;2015-10-11;Salesforce;0,05;0,95;C0187;F;39;True;0;5;P030;59,75;59,75;New Balance;Casual;Elite;30;Sunny Yellow;True
V1478618102;2024-03-21;14:38;S01;Premium;Centre-ville;50;9h/18h;open 6/7;6;E0005;2800;2017-07-01;Salesforce;0,05;0,95;C0211;M;41;True;0;14;P040;145,95;145,95;New Balance;Running;Air;43;Deep Purple;False
V1478618102;2024-03-21;14:38;S01;Premium;Centre-ville;50;9h/18h;open 6/7;6;E0005;2800;2017-07-01;Salesforce;0,05;0,95;C0211;M;41;True;0;14;G040;20,0;20,0;Bonnet;Bonnet;Bonnet;L;None;False
V6270515511;2024-03-03;11:12;S01;Premium;Centre-ville;50;9h/18h;open 6/7;6;E0003;2100;2020-09-04;Salesforce;0,13;0,87;C0241;F;41;True;0;15;P010;152,25;152,25;New Balance;Running;Flex;42;Red Blood;False
V8662544167;2024-03-01;12:02;S01;Premium;Centre-ville;50;9h/18h;open 6/7;6;E0003;2100;2020-09-04;Salesforce;0,13;0,87;C0143;F;40;True;0;5;P030;59,75;59,75;New Balance;Casual;Elite;30;Sunny Yellow;True
V8133210422;2024-03-23;18:37;S01;Premium;Centre-ville;50;9h/18h;open 6/7;6;E0001;2000;2022-07-17;Salesforce;0,12;0,88;C0160;M;50;True;0;5;P030;59,75;59,75;New Balance;Casual;Elite;30;Sunny Yellow;True
V8310376397;2024-03-21;10:56;S01;Premium;Centre-ville;50;9h/18h;open 6/7;6;E0004;2600;2006-01-09;Manager;0,21;0,79;C0176;F;39;False;0;0;P030;59,75;59,75;New Balance;Casual;Elite;30;Sunny Yellow;True
V4184955652;2024-03-07;15:19;S01;Premium;Centre-ville;50;9h/18h;open 6/7;6;E0005;2800;2017-07-01;Salesforce;0,05;0,95;C0066;M;35;True;0;14;P040;145,95;145,95;New Balance;Running;Air;43;Deep Purple;False
V8324875197;2024-03-25;16:40;S01;Premium;Centre-ville;50;9h/18h;open 6/7;6;E0005;2800;2017-07-01;Salesforce;0,05;0,95;C0057;M;46;True;0;5;P030;59,75;59,75;New Balance;Casual;Elite;30;Sunny Yellow;True
V7473664816;2024-03-16;18:50;S01;Premium;Centre-ville;50;9h/18h;open 6/7;6;E0003;2100;2020-09-04;Salesforce;0,13;0,87;C0214;F;53;False;0;0;P040;102,16999999999999;145,95;New Balance;Running;Air;43;Deep Purple;False
V4691137307;2024-03-22;12:58;S01;Premium;Centre-ville;50;9h/18h;open 6/7;6;E0002;2900;2015-10-11;Salesforce;0,05;0,95;C0106;M;36;True;0;5;P030;59,75;59,75;New Balance;Casual;Elite;30;Sunny Yellow;True
V4691137307;2024-03-22;12:58;S01;Premium;Centre-ville;50;9h/18h;open 6/7;6;E0002;2900;2015-10-11;Salesforce;0,05;0,95;C0106;M;36;True;0;5;G030;30,0;30,0;Lacets;Lacets;Lacets;XL;None;False
V3150945531;2024-03-29;13:16;S01;Premium;Centre-ville;50;9h/18h;open 6/7;6;E0003;2100;2020-09-04;Salesforce;0,13;0,87;C0099;F;46;False;0;0;P035;135,45;135,45;New Balance;Basketball;Zoom;37;Pink;False
V3150945531;2024-03-29;13:16;S01;Premium;Centre-ville;50;9h/18h;open 6/7;6;E0003;2100;2020-09-04;Salesforce;0,13;0,87;C0099;F;46;False;0;0;G035;10,0;10,0;Lacets;Lacets;Lacets;L;None;False
V3150945531;2024-03-29;13:16;S01;Premium;Centre-ville;50;9h/18h;open 6/7;6;E0003;2100;2020-09-04;Salesforce;0,13;0,87;C0099;F;46;False;0;0;G035;30,0;30,0;Echarpe;Echarpe;Echarpe;S;None;False
V5007679387;2024-03-23;16:14;S01;Premium;Centre-ville;50;9h/18h;open 6/7;6;E0002;2900;2015-10-11;Salesforce;0,05;0,95;C0174;M;37;True;0;5;P030;43,75;59,75;New Balance;Casual;Elite;30;Sunny Yellow;True
V2632120116;2024-03-02;14:39;S01;Premium;Centre-ville;50;9h/18h;open 6/7;6;E0002;2900;2015-10-11;Salesforce;0,05;0,95;C0130;F;37;False;0;0;P030;59,75;59,75;New Balance;Casual;Elite;30;Sunny Yellow;True
V1298331340;2024-03-29;16:12;S01;Premium;Centre-ville;50;9h/18h;open 6/7;6;E0004;2600;2006-01-09;Manager;0,21;0,79;C0035;M;51;True;0;14;P040;127,94999999999999;145,95;New Balance;Running;Air;43;Deep Purple;False
V5327043319;2024-03-02;14:50;S01;Premium;Centre-ville;50;9h/18h;open 6/7;6;E0003;2100;2020-09-04;Salesforce;0,13;0,87;C0172;F;52;True;0;13;P040;138,64999999999998;145,95;New Balance;Running;Air;43;Deep Purple;False
V9164655356;2024-03-25;11:10;S01;Premium;Centre-ville;50;9h/18h;open 6/7;6;E0001;2000;2022-07-17;Salesforce;0,12;0,88;C0178;F;36;False;0;0;P030;59,75;59,75;New Balance;Casual;Elite;30;Sunny Yellow;True
V1890044638;2024-03-06;11:03;S01;Premium;Centre-ville;50;9h/18h;open 6/7;6;E0001;2000;2022-07-17;Salesforce;0,12;0,88;C0221;M;40;False;0;0;P037;114,45;114,45;New Balance;Running;Elite;41;Premium Black;False
V1890044638;2024-03-06;11:03;S01;Premium;Centre-ville;50;9h/18h;open 6/7;6;E0001;2000;2022-07-17;Salesforce;0,12;0,88;C0221;M;40;False;0;0;G037;30,0;30,0;Bonnet;Bonnet;Bonnet;XL;None;False
V2127562849;2024-03-26;16:18;S01;Premium;Centre-ville;50;9h/18h;open 6/7;6;E0001;2000;2022-07-17;Salesforce;0,12;0,88;C0234;F;60;True;0;14;P040;145,95;145,95;New Balance;Running;Air;43;Deep Purple;False
V1483691016;2024-03-08;13:40;S01;Premium;Centre-ville;50;9h/18h;open 6/7;6;E0001;2000;2022-07-17;Salesforce;0,12;0,88;C0242;F;38;True;0;11;P037;114,45;114,45;New Balance;Running;Elite;41;Premium Black;False
V3971830584;2024-03-23;14:46;S01;Premium;Centre-ville;50;9h/18h;open 6/7;6;E0004;2600;2006-01-09;Manager;0,21;0,79;C0294;F;43;True;0;5;P030;59,75;59,75;New Balance;Casual;Elite;30;Sunny Yellow;True
V5819668170;2024-03-11;13:41;S01;Premium;Centre-ville;50;9h/18h;open 6/7;6;E0001;2000;2022-07-17;Salesforce;0,12;0,88;C0026;M;50;True;0;14;P040;145,95;145,95;New Balance;Running;Air;43;Deep Purple;False
V8149175460;2024-03-16;13:27;S01;Premium;Centre-ville;50;9h/18h;open 6/7;6;E0001;2000;2022-07-17;Salesforce;0,12;0,88;C0205;F;53;True;0;5;P030;59,75;59,75;New Balance;Casual;Elite;30;Sunny Yellow;True
V1785894900;2024-03-01;17:51;S01;Premium;Centre-ville;50;9h/18h;open 6/7;6;E0005;2800;2017-07-01;Salesforce;0,05;0,95;C0291;F;48;False;0;0;P034;166,95;166,95;New Balance;Basketball;Zoom;39;Premium Black;False
V1412310691;2024-03-15;18:59;S01;Premium;Centre-ville;50;9h/18h;open 6/7;6;E0004;2600;2006-01-09;Manager;0,21;0,79;C0091;M;30;False;0;0;P037;114,45;114,45;New Balance;Running;Elite;41;Premium Black;False
V1412310691;2024-03-15;18:59;S01;Premium;Centre-ville;50;9h/18h;open 6/7;6;E0004;2600;2006-01-09;Manager;0,21;0,79;C0091;M;30;False;0;0;G037;40,0;40,0;Lacets;Lacets;Lacets;S;None;False
V1412310691;2024-03-15;18:59;S01;Premium;Centre-ville;50;9h/18h;open 6/7;6;E0004;2600;2006-01-09;Manager;0,21;0,79;C0091;M;30;False;0;0;G037;10,0;10,0;Tee-short;Tee-short;Tee-short;L;None;False
V8370896349;2024-03-19;10:42;S01;Premium;Centre-ville;50;9h/18h;open 6/7;6;E0005;2800;2017-07-01;Salesforce;0,05;0,95;C0150;F;33;False;0;0;P030;41,75;59,75;New Balance;Casual;Elite;30;Sunny Yellow;True
V3859074621;2024-03-14;17:33;S01;Premium;Centre-ville;50;9h/18h;open 6/7;6;E0003;2100;2020-09-04;Salesforce;0,13;0,87;C0097;F;50;True;0;15;P010;152,25;152,25;New Balance;Running;Flex;42;Red Blood;False
V6870437803;2024-03-09;12:32;S01;Premium;Centre-ville;50;9h/18h;open 6/7;6;E0002;2900;2015-10-11;Salesforce;0,05;0,95;C0166;F;33;True;0;5;P030;59,75;59,75;New Balance;Casual;Elite;30;Sunny Yellow;True
V1494217622;2024-03-19;12:46;S01;Premium;Centre-ville;50;9h/18h;open 6/7;6;E0002;2900;2015-10-11;Salesforce;0,05;0,95;C0097;F;50;True;30;5;P030;56,75;59,75;New Balance;Casual;Elite;30;Sunny Yellow;True
V6158467405;2024-03-29;11:27;S01;Premium;Centre-ville;50;9h/18h;open 6/7;6;E0002;2900;2015-10-11;Salesforce;0,05;0,95;C0088;F;35;True;0;5;P030;59,75;59,75;New Balance;Casual;Elite;30;Sunny Yellow;True
V8150695795;2024-03-20;11:49;S01;Premium;Centre-ville;50;9h/18h;open 6/7;6;E0002;2900;2015-10-11;Salesforce;0,05;0,95;C0076;M;66;True;40;15;P010;148,25;152,25;New Balance;Running;Flex;42;Red Blood;False
V5219182164;2024-03-10;14:13;S01;Premium;Centre-ville;50;9h/18h;open 6/7;6;E0001;2000;2022-07-17;Salesforce;0,12;0,88;C0265;F;39;True;0;5;P030;59,75;59,75;New Balance;Casual;Elite;30;Sunny Yellow;True
V6224391757;2024-03-19;15:47;S01;Premium;Centre-ville;50;9h/18h;open 6/7;6;E0005;2800;2017-07-01;Salesforce;0,05;0,95;C0114;F;52;False;0;0;P010;152,25;152,25;New Balance;Running;Flex;42;Red Blood;False
V6018512046;2024-03-09;18:11;S01;Premium;Centre-ville;50;9h/18h;open 6/7;6;E0002;2900;2015-10-11;Salesforce;0,05;0,95;C0076;M;66;True;10;5;P030;58,75;59,75;New Balance;Casual;Elite;30;Sunny Yellow;True
V4325459264;2024-03-11;16:31;S01;Premium;Centre-ville;50;9h/18h;open 6/7;6;E0005;2800;2017-07-01;Salesforce;0,05;0,95;C0087;F;63;True;10;15;P010;151,25;152,25;New Balance;Running;Flex;42;Red Blood;False
V4325459264;2024-03-11;16:31;S01;Premium;Centre-ville;50;9h/18h;open 6/7;6;E0005;2800;2017-07-01;Salesforce;0,05;0,95;C0087;F;63;True;10;15;G010;30,0;30,0;Bonnet;Bonnet;Bonnet;M;None;False
V9425780305;2024-03-26;15:29;S01;Premium;Centre-ville;50;9h/18h;open 6/7;6;E0003;2100;2020-09-04;Salesforce;0,13;0,87;C0227;F;42;True;0;15;P010;152,25;152,25;New Balance;Running;Flex;42;Red Blood;False
V1901634346;2024-03-16;09:50;S01;Premium;Centre-ville;50;9h/18h;open 6/7;6;E0002;2900;2015-10-11;Salesforce;0,05;0,95;C0235;F;45;False;0;0;P030;59,75;59,75;New Balance;Casual;Elite;30;Sunny Yellow;True
V1901634346;2024-03-16;09:50;S01;Premium;Centre-ville;50;9h/18h;open 6/7;6;E0002;2900;2015-10-11;Salesforce;0,05;0,95;C0235;F;45;False;0;0;G030;10,0;10,0;Bonnet;Bonnet;Bonnet;M;None;False
V1381038531;2024-03-16;18:42;S01;Premium;Centre-ville;50;9h/18h;open 6/7;6;E0001;2000;2022-07-17;Salesforce;0,12;0,88;C0055;F;68;True;0;5;P030;59,75;59,75;New Balance;Casual;Elite;30;Sunny Yellow;True
V6232945426;2024-03-29;17:58;S01;Premium;Centre-ville;50;9h/18h;open 6/7;6;E0002;2900;2015-10-11;Salesforce;0,05;0,95;C0150;F;33;False;0;0;P030;59,75;59,75;New Balance;Casual;Elite;30;Sunny Yellow;True
V6232945426;2024-03-29;17:58;S01;Premium;Centre-ville;50;9h/18h;open 6/7;6;E0002;2900;2015-10-11;Salesforce;0,05;0,95;C0150;F;33;False;0;0;G030;30,0;30,0;Tee-short;Tee-short;Tee-short;L;None;False
V7163665647;2024-03-13;17:49;S01;Premium;Centre-ville;50;9h/18h;open 6/7;6;E0004;2600;2006-01-09;Manager;0,21;0,79;C0028;M;35;False;0;0;P034;118,94999999999999;166,95;New Balance;Basketball;Zoom;39;Premium Black;False
V9594462686;2024-03-30;09:49;S01;Premium;Centre-ville;50;9h/18h;open 6/7;6;E0004;2600;2006-01-09;Manager;0,21;0,79;C0187;F;39;True;0;14;P040;145,95;145,95;New Balance;Running;Air;43;Deep Purple;False
V1491853873;2024-03-13;15:02;S01;Premium;Centre-ville;50;9h/18h;open 6/7;6;E0002;2900;2015-10-11;Salesforce;0,05;0,95;C0021;F;46;True;0;5;P030;59,75;59,75;New Balance;Casual;Elite;30;Sunny Yellow;True
V5403759900;2024-03-11;13:19;S01;Premium;Centre-ville;50;9h/18h;open 6/7;6;E0001;2000;2022-07-17;Salesforce;0,12;0,88;C0187;F;39;True;30;5;P030;56,75;59,75;New Balance;Casual;Elite;30;Sunny Yellow;True
V7853231942;2024-03-22;11:20;S01;Premium;Centre-ville;50;9h/18h;open 6/7;6;E0003;2100;2020-09-04;Salesforce;0,13;0,87;C0226;F;36;True;0;13;P035;135,45;135,45;New Balance;Basketball;Zoom;37;Pink;False
V6204039596;2024-03-22;17:16;S01;Premium;Centre-ville;50;9h/18h;open 6/7;6;E0002;2900;2015-10-11;Salesforce;0,05;0,95;C0161;M;34;False;0;0;P030;59,75;59,75;New Balance;Casual;Elite;30;Sunny Yellow;True
V6204039596;2024-03-22;17:16;S01;Premium;Centre-ville;50;9h/18h;open 6/7;6;E0002;2900;2015-10-11;Salesforce;0,05;0,95;C0161;M;34;False;0;0;G030;40,0;40,0;Bonnet;Bonnet;Bonnet;XL;None;False
V6636821868;2024-03-27;14:12;S01;Premium;Centre-ville;50;9h/18h;open 6/7;6;E0004;2600;2006-01-09;Manager;0,21;0,79;C0194;M;49;True;0;5;P030;59,75;59,75;New Balance;Casual;Elite;30;Sunny Yellow;True
V9878379782;2024-03-02;10:21;S01;Premium;Centre-ville;50;9h/18h;open 6/7;6;E0002;2900;2015-10-11;Salesforce;0,05;0,95;C0022;M;34;True;0;5;P030;59,75;59,75;New Balance;Casual;Elite;30;Sunny Yellow;True
V4436563348;2024-03-30;11:25;S01;Premium;Centre-ville;50;9h/18h;open 6/7;6;E0005;2800;2017-07-01;Salesforce;0,05;0,95;C0168;M;35;True;0;14;P034;141,91;166,95;New Balance;Basketball;Zoom;39;Premium Black;False
V5164168600;2024-03-30;11:31;S01;Premium;Centre-ville;50;9h/18h;open 6/7;6;E0004;2600;2006-01-09;Manager;0,21;0,79;C0088;F;35;True;0;11;P037;114,45;114,45;New Balance;Running;Elite;41;Premium Black;False
V5164168600;2024-03-30;11:31;S01;Premium;Centre-ville;50;9h/18h;open 6/7;6;E0004;2600;2006-01-09;Manager;0,21;0,79;C0088;F;35;True;0;11;G037;10,0;10,0;Lacets;Lacets;Lacets;XL;None;False
V1451445843;2024-03-04;12:29;S01;Premium;Centre-ville;50;9h/18h;open 6/7;6;E0004;2600;2006-01-09;Manager;0,21;0,79;C0146;F;40;True;10;11;P037;113,45;114,45;New Balance;Running;Elite;41;Premium Black;False
V4530020997;2024-03-30;16:14;S01;Premium;Centre-ville;50;9h/18h;open 6/7;6;E0003;2100;2020-09-04;Salesforce;0,13;0,87;C0229;F;72;True;0;16;P034;145,95;166,95;New Balance;Basketball;Zoom;39;Premium Black;False
V4204829980;2024-03-29;16:50;S01;Premium;Centre-ville;50;9h/18h;open 6/7;6;E0003;2100;2020-09-04;Salesforce;0,13;0,87;C0208;F;40;True;0;5;P030;36,75;59,75;New Balance;Casual;Elite;30;Sunny Yellow;True
V8724544671;2024-03-12;15:12;S01;Premium;Centre-ville;50;9h/18h;open 6/7;6;E0005;2800;2017-07-01;Salesforce;0,05;0,95;C0026;M;50;True;0;5;P030;59,75;59,75;New Balance;Casual;Elite;30;Sunny Yellow;True
V6250464566;2024-03-07;18:18;S01;Premium;Centre-ville;50;9h/18h;open 6/7;6;E0005;2800;2017-07-01;Salesforce;0,05;0,95;C0291;F;48;False;0;0;P035;135,45;135,45;New Balance;Basketball;Zoom;37;Pink;False
V9661480628;2024-03-29;10:49;S01;Premium;Centre-ville;50;9h/18h;open 6/7;6;E0005;2800;2017-07-01;Salesforce;0,05;0,95;C0199;M;48;True;0;16;P034;147,95;166,95;New Balance;Basketball;Zoom;39;Premium Black;False
V2305960776;2024-03-25;13:40;S01;Premium;Centre-ville;50;9h/18h;open 6/7;6;E0002;2900;2015-10-11;Salesforce;0,05;0,95;C0108;F;39;False;0;0;P031;114,19;152,25;New Balance;Casual;Flex;42;Brown Bear;False
V3835260065;2024-03-20;13:23;S01;Premium;Centre-ville;50;9h/18h;open 6/7;6;E0001;2000;2022-07-17;Salesforce;0,12;0,88;C0026;M;50;True;0;16;P034;166,95;166,95;New Balance;Basketball;Zoom;39;Premium Black;False
V5891541150;2024-03-22;16:25;S01;Premium;Centre-ville;50;9h/18h;open 6/7;6;E0004;2600;2006-01-09;Manager;0,21;0,79;C0282;M;48;False;0;0;P030;59,75;59,75;New Balance;Casual;Elite;30;Sunny Yellow;True
V1431339190;2024-03-12;17:08;S01;Premium;Centre-ville;50;9h/18h;open 6/7;6;E0003;2100;2020-09-04;Salesforce;0,13;0,87;C0013;F;32;True;0;15;P031;152,25;152,25;New Balance;Casual;Flex;42;Brown Bear;False
V1701115109;2024-03-28;09:01;S01;Premium;Centre-ville;50;9h/18h;open 6/7;6;E0005;2800;2017-07-01;Salesforce;0,05;0,95;C0289;F;42;True;0;5;P030;59,75;59,75;New Balance;Casual;Elite;30;Sunny Yellow;True
V6443799820;2024-03-04;09:56;S01;Premium;Centre-ville;50;9h/18h;open 6/7;6;E0005;2800;2017-07-01;Salesforce;0,05;0,95;C0060;F;25;True;10;13;P035;134,45;135,45;New Balance;Basketball;Zoom;37;Pink;False
V3341790961;2024-03-16;11:31;S01;Premium;Centre-ville;50;9h/18h;open 6/7;6;E0001;2000;2022-07-17;Salesforce;0,12;0,88;C0245;M;30;False;0;0;P031;152,25;152,25;New Balance;Casual;Flex;42;Brown Bear;False
V3015844419;2024-03-26;13:09;S01;Premium;Centre-ville;50;9h/18h;open 6/7;6;E0002;2900;2015-10-11;Salesforce;0,05;0,95;C0032;F;37;True;0;5;P030;59,75;59,75;New Balance;Casual;Elite;30;Sunny Yellow;True
V1245546873;2024-03-20;13:42;S01;Premium;Centre-ville;50;9h/18h;open 6/7;6;E0001;2000;2022-07-17;Salesforce;0,12;0,88;C0232;F;44;False;0;0;P010;152,25;152,25;New Balance;Running;Flex;42;Red Blood;False
V1245546873;2024-03-20;13:42;S01;Premium;Centre-ville;50;9h/18h;open 6/7;6;E0001;2000;2022-07-17;Salesforce;0,12;0,88;C0232;F;44;False;0;0;G010;30,0;30,0;Lacets;Lacets;Lacets;M;None;False
V6120718818;2024-03-05;18:13;S01;Premium;Centre-ville;50;9h/18h;open 6/7;6;E0005;2800;2017-07-01;Salesforce;0,05;0,95;C0091;M;30;False;0;0;P030;59,75;59,75;New Balance;Casual;Elite;30;Sunny Yellow;True
V8729895735;2024-03-07;16:04;S01;Premium;Centre-ville;50;9h/18h;open 6/7;6;E0001;2000;2022-07-17;Salesforce;0,12;0,88;C0121;M;29;True;0;5;P030;59,75;59,75;New Balance;Casual;Elite;30;Sunny Yellow;True
V1454150506;2024-03-22;10:18;S01;Premium;Centre-ville;50;9h/18h;open 6/7;6;E0002;2900;2015-10-11;Salesforce;0,05;0,95;C0223;F;41;False;0;0;P030;59,75;59,75;New Balance;Casual;Elite;30;Sunny Yellow;True
V3547564296;2024-03-25;09:50;S01;Premium;Centre-ville;50;9h/18h;open 6/7;6;E0005;2800;2017-07-01;Salesforce;0,05;0,95;C0280;M;50;True;0;13;P035;135,45;135,45;New Balance;Basketball;Zoom;37;Pink;False
V4659185945;2024-03-28;09:36;S01;Premium;Centre-ville;50;9h/18h;open 6/7;6;E0002;2900;2015-10-11;Salesforce;0,05;0,95;C0209;M;36;False;0;0;P030;59,75;59,75;New Balance;Casual;Elite;30;Sunny Yellow;True
V4659185945;2024-03-28;09:36;S01;Premium;Centre-ville;50;9h/18h;open 6/7;6;E0002;2900;2015-10-11;Salesforce;0,05;0,95;C0209;M;36;False;0;0;G030;10,0;10,0;Lunettes;Lunettes;Lunettes;S;None;False
V4659185945;2024-03-28;09:36;S01;Premium;Centre-ville;50;9h/18h;open 6/7;6;E0002;2900;2015-10-11;Salesforce;0,05;0,95;C0209;M;36;False;0;0;G030;40,0;40,0;Bonnet;Bonnet;Bonnet;L;None;False
V4659185945;2024-03-28;09:36;S01;Premium;Centre-ville;50;9h/18h;open 6/7;6;E0002;2900;2015-10-11;Salesforce;0,05;0,95;C0209;M;36;False;0;0;G030;30,0;30,0;Tee-short;Tee-short;Tee-short;XS;None;False
V3074379784;2024-03-25;17:29;S01;Premium;Centre-ville;50;9h/18h;open 6/7;6;E0005;2800;2017-07-01;Salesforce;0,05;0,95;C0125;F;42;True;0;14;P040;145,95;145,95;New Balance;Running;Air;43;Deep Purple;False
V9142661127;2024-03-29;17:21;S01;Premium;Centre-ville;50;9h/18h;open 6/7;6;E0005;2800;2017-07-01;Salesforce;0,05;0,95;C0010;M;37;True;0;15;P031;152,25;152,25;New Balance;Casual;Flex;42;Brown Bear;False
V9685134244;2024-03-09;16:09;S01;Premium;Centre-ville;50;9h/18h;open 6/7;6;E0003;2100;2020-09-04;Salesforce;0,13;0,87;C0094;M;42;True;0;5;P030;59,75;59,75;New Balance;Casual;Elite;30;Sunny Yellow;True
V3608541900;2024-03-30;09:38;S01;Premium;Centre-ville;50;9h/18h;open 6/7;6;E0002;2900;2015-10-11;Salesforce;0,05;0,95;C0290;M;37;True;0;13;P035;135,45;135,45;New Balance;Basketball;Zoom;37;Pink;False
V1784813392;2024-03-13;12:50;S01;Premium;Centre-ville;50;9h/18h;open 6/7;6;E0003;2100;2020-09-04;Salesforce;0,13;0,87;C0058;M;29;True;0;5;P030;59,75;59,75;New Balance;Casual;Elite;30;Sunny Yellow;True
V8701658994;2024-03-21;09:22;S01;Premium;Centre-ville;50;9h/18h;open 6/7;6;E0004;2600;2006-01-09;Manager;0,21;0,79;C0114;F;52;False;0;0;P030;59,75;59,75;New Balance;Casual;Elite;30;Sunny Yellow;True
V5281629067;2024-03-23;13:10;S01;Premium;Centre-ville;50;9h/18h;open 6/7;6;E0001;2000;2022-07-17;Salesforce;0,12;0,88;C0022;M;34;True;0;5;P030;59,75;59,75;New Balance;Casual;Elite;30;Sunny Yellow;True
V9683222483;2024-03-07;11:42;S01;Premium;Centre-ville;50;9h/18h;open 6/7;6;E0002;2900;2015-10-11;Salesforce;0,05;0,95;C0130;F;37;False;0;0;P030;59,75;59,75;New Balance;Casual;Elite;30;Sunny Yellow;True
V3162266736;2024-03-28;13:52;S01;Premium;Centre-ville;50;9h/18h;open 6/7;6;E0002;2900;2015-10-11;Salesforce;0,05;0,95;C0208;F;40;True;0;5;P030;59,75;59,75;New Balance;Casual;Elite;30;Sunny Yellow;True
V1953374337;2024-03-02;09:41;S01;Premium;Centre-ville;50;9h/18h;open 6/7;6;E0005;2800;2017-07-01;Salesforce;0,05;0,95;C0100;F;39;True;0;15;P031;152,25;152,25;New Balance;Casual;Flex;42;Brown Bear;False
V7364736328;2024-03-26;09:18;S01;Premium;Centre-ville;50;9h/18h;open 6/7;6;E0004;2600;2006-01-09;Manager;0,21;0,79;C0225;F;47;False;0;0;P035;135,45;135,45;New Balance;Basketball;Zoom;37;Pink;False
V7364736328;2024-03-26;09:18;S01;Premium;Centre-ville;50;9h/18h;open 6/7;6;E0004;2600;2006-01-09;Manager;0,21;0,79;C0225;F;47;False;0;0;G035;40,0;40,0;Echarpe;Echarpe;Echarpe;M;None;False
V2290428908;2024-03-22;15:56;S01;Premium;Centre-ville;50;9h/18h;open 6/7;6;E0002;2900;2015-10-11;Salesforce;0,05;0,95;C0103;F;41;False;0;0;P030;59,75;59,75;New Balance;Casual;Elite;30;Sunny Yellow;True
V1334382947;2024-03-14;18:42;S01;Premium;Centre-ville;50;9h/18h;open 6/7;6;E0002;2900;2015-10-11;Salesforce;0,05;0,95;C0196;M;45;False;0;0;P040;145,95;145,95;New Balance;Running;Air;43;Deep Purple;False
V6145229656;2024-03-08;17:25;S01;Premium;Centre-ville;50;9h/18h;open 6/7;6;E0003;2100;2020-09-04;Salesforce;0,13;0,87;C0029;M;46;True;0;5;P030;59,75;59,75;New Balance;Casual;Elite;30;Sunny Yellow;True
V9289401298;2024-03-07;13:24;S01;Premium;Centre-ville;50;9h/18h;open 6/7;6;E0001;2000;2022-07-17;Salesforce;0,12;0,88;C0218;M;35;True;0;5;P030;56,65;59,75;New Balance;Casual;Elite;30;Sunny Yellow;True
V9114675537;2024-03-26;15:00;S01;Premium;Centre-ville;50;9h/18h;open 6/7;6;E0004;2600;2006-01-09;Manager;0,21;0,79;C0088;F;35;True;0;13;P035;135,45;135,45;New Balance;Basketball;Zoom;37;Pink;False
V1667965576;2024-03-15;16:55;S01;Premium;Centre-ville;50;9h/18h;open 6/7;6;E0002;2900;2015-10-11;Salesforce;0,05;0,95;C0047;M;62;True;0;5;P030;59,75;59,75;New Balance;Casual;Elite;30;Sunny Yellow;True
V5365929677;2024-03-06;11:52;S01;Premium;Centre-ville;50;9h/18h;open 6/7;6;E0004;2600;2006-01-09;Manager;0,21;0,79;C0011;M;46;False;0;0;P010;152,25;152,25;New Balance;Running;Flex;42;Red Blood;False
V9141124084;2024-03-14;11:54;S01;Premium;Centre-ville;50;9h/18h;open 6/7;6;E0004;2600;2006-01-09;Manager;0,21;0,79;C0046;M;48;True;0;16;P034;166,95;166,95;New Balance;Basketball;Zoom;39;Premium Black;False
V7034146791;2024-03-30;09:58;S01;Premium;Centre-ville;50;9h/18h;open 6/7;6;E0002;2900;2015-10-11;Salesforce;0,05;0,95;C0034;F;29;False;0;0;P030;59,75;59,75;New Balance;Casual;Elite;30;Sunny Yellow;True
V7034146791;2024-03-30;09:58;S01;Premium;Centre-ville;50;9h/18h;open 6/7;6;E0002;2900;2015-10-11;Salesforce;0,05;0,95;C0034;F;29;False;0;0;G030;20,0;20,0;Lacets;Lacets;Lacets;S;None;False
V7400662186;2024-03-04;15:41;S01;Premium;Centre-ville;50;9h/18h;open 6/7;6;E0003;2100;2020-09-04;Salesforce;0,13;0,87;C0001;F;36;True;0;14;P040;145,95;145,95;New Balance;Running;Air;43;Deep Purple;False
V8779646422;2024-03-11;18:04;S01;Premium;Centre-ville;50;9h/18h;open 6/7;6;E0002;2900;2015-10-11;Salesforce;0,05;0,95;C0289;F;42;True;30;5;P030;56,75;59,75;New Balance;Casual;Elite;30;Sunny Yellow;True
V7721256543;2024-03-19;14:49;S01;Premium;Centre-ville;50;9h/18h;open 6/7;6;E0002;2900;2015-10-11;Salesforce;0,05;0,95;C0137;M;32;True;0;5;P030;59,75;59,75;New Balance;Casual;Elite;30;Sunny Yellow;True
V3231386111;2024-03-30;11:00;S01;Premium;Centre-ville;50;9h/18h;open 6/7;6;E0005;2800;2017-07-01;Salesforce;0,05;0,95;C0095;M;45;True;0;11;P037;114,45;114,45;New Balance;Running;Elite;41;Premium Black;False
V6109419678;2024-03-13;13:59;S01;Premium;Centre-ville;50;9h/18h;open 6/7;6;E0005;2800;2017-07-01;Salesforce;0,05;0,95;C0232;F;44;False;0;0;P010;152,25;152,25;New Balance;Running;Flex;42;Red Blood;False
V9390173431;2024-03-04;15:49;S01;Premium;Centre-ville;50;9h/18h;open 6/7;6;E0001;2000;2022-07-17;Salesforce;0,12;0,88;C0121;M;29;True;0;15;P031;152,25;152,25;New Balance;Casual;Flex;42;Brown Bear;False
V9390173431;2024-03-04;15:49;S01;Premium;Centre-ville;50;9h/18h;open 6/7;6;E0001;2000;2022-07-17;Salesforce;0,12;0,88;C0121;M;29;True;0;15;G031;40,0;40,0;Lunettes;Lunettes;Lunettes;XS;None;False
V7165304537;2024-03-12;17:03;S01;Premium;Centre-ville;50;9h/18h;open 6/7;6;E0005;2800;2017-07-01;Salesforce;0,05;0,95;C0189;M;34;False;0;0;P034;148,95;166,95;New Balance;Basketball;Zoom;39;Premium Black;False
V3184400513;2024-03-05;09:12;S01;Premium;Centre-ville;50;9h/18h;open 6/7;6;E0005;2800;2017-07-01;Salesforce;0,05;0,95;C0184;F;34;True;0;14;P031;144,64;152,25;New Balance;Casual;Flex;42;Brown Bear;False
V3184400513;2024-03-05;09:12;S01;Premium;Centre-ville;50;9h/18h;open 6/7;6;E0005;2800;2017-07-01;Salesforce;0,05;0,95;C0184;F;34;True;0;14;G031;20,0;20,0;Lunettes;Lunettes;Lunettes;L;None;False
V8997448289;2024-03-25;16:09;S01;Premium;Centre-ville;50;9h/18h;open 6/7;6;E0005;2800;2017-07-01;Salesforce;0,05;0,95;C0044;F;26;True;0;5;P030;59,75;59,75;New Balance;Casual;Elite;30;Sunny Yellow;True
V8997448289;2024-03-25;16:09;S01;Premium;Centre-ville;50;9h/18h;open 6/7;6;E0005;2800;2017-07-01;Salesforce;0,05;0,95;C0044;F;26;True;0;5;G030;20,0;20,0;Tee-short;Tee-short;Tee-short;M;None;False
V8115989024;2024-03-02;10:24;S01;Premium;Centre-ville;50;9h/18h;open 6/7;6;E0005;2800;2017-07-01;Salesforce;0,05;0,95;C0017;M;40;False;0;0;P030;36,75;59,75;New Balance;Casual;Elite;30;Sunny Yellow;True
V8115989024;2024-03-02;10:24;S01;Premium;Centre-ville;50;9h/18h;open 6/7;6;E0005;2800;2017-07-01;Salesforce;0,05;0,95;C0017;M;40;False;0;0;G030;40,0;40,0;Lacets;Lacets;Lacets;XS;None;False
V3164787697;2024-03-08;10:19;S01;Premium;Centre-ville;50;9h/18h;open 6/7;6;E0005;2800;2017-07-01;Salesforce;0,05;0,95;C0042;F;46;True;0;5;P030;59,75;59,75;New Balance;Casual;Elite;30;Sunny Yellow;True
V3164787697;2024-03-08;10:19;S01;Premium;Centre-ville;50;9h/18h;open 6/7;6;E0005;2800;2017-07-01;Salesforce;0,05;0,95;C0042;F;46;True;0;5;G030;30,0;30,0;Bonnet;Bonnet;Bonnet;M;None;False
V3164787697;2024-03-08;10:19;S01;Premium;Centre-ville;50;9h/18h;open 6/7;6;E0005;2800;2017-07-01;Salesforce;0,05;0,95;C0042;F;46;True;0;5;G030;20,0;20,0;Echarpe;Echarpe;Echarpe;M;None;False
V1848677913;2024-03-10;10:31;S01;Premium;Centre-ville;50;9h/18h;open 6/7;6;E0005;2800;2017-07-01;Salesforce;0,05;0,95;C0240;M;25;True;0;5;P030;56,64;59,75;New Balance;Casual;Elite;30;Sunny Yellow;True
V1848677913;2024-03-10;10:31;S01;Premium;Centre-ville;50;9h/18h;open 6/7;6;E0005;2800;2017-07-01;Salesforce;0,05;0,95;C0240;M;25;True;0;5;G030;10,0;10,0;Tee-short;Tee-short;Tee-short;M;None;False
V5237990906;2024-03-08;14:21;S01;Premium;Centre-ville;50;9h/18h;open 6/7;6;E0003;2100;2020-09-04;Salesforce;0,13;0,87;C0097;F;50;True;0;5;P030;59,75;59,75;New Balance;Casual;Elite;30;Sunny Yellow;True
V3982537138;2024-03-04;17:19;S01;Premium;Centre-ville;50;9h/18h;open 6/7;6;E0004;2600;2006-01-09;Manager;0,21;0,79;C0269;F;37;True;0;5;P030;59,75;59,75;New Balance;Casual;Elite;30;Sunny Yellow;True
V5656907847;2024-03-16;12:45;S01;Premium;Centre-ville;50;9h/18h;open 6/7;6;E0003;2100;2020-09-04;Salesforce;0,13;0,87;C0200;F;53;False;0;0;P010;106,58;152,25;New Balance;Running;Flex;42;Red Blood;False
V5656907847;2024-03-16;12:45;S01;Premium;Centre-ville;50;9h/18h;open 6/7;6;E0003;2100;2020-09-04;Salesforce;0,13;0,87;C0200;F;53;False;0;0;G010;20,0;20,0;Echarpe;Echarpe;Echarpe;S;None;False
V7193651248;2024-03-30;15:13;S01;Premium;Centre-ville;50;9h/18h;open 6/7;6;E0005;2800;2017-07-01;Salesforce;0,05;0,95;C0122;M;44;True;10;5;P030;58,75;59,75;New Balance;Casual;Elite;30;Sunny Yellow;True
V7637029838;2024-03-14;15:28;S01;Premium;Centre-ville;50;9h/18h;open 6/7;6;E0005;2800;2017-07-01;Salesforce;0,05;0,95;C0103;F;41;False;0;0;P035;135,45;135,45;New Balance;Basketball;Zoom;37;Pink;False
V3023234620;2024-03-02;10:05;S01;Premium;Centre-ville;50;9h/18h;open 6/7;6;E0005;2800;2017-07-01;Salesforce;0,05;0,95;C0245;M;30;False;0;0;P034;166,95;166,95;New Balance;Basketball;Zoom;39;Premium Black;False
V2957954626;2024-03-02;13:39;S01;Premium;Centre-ville;50;9h/18h;open 6/7;6;E0005;2800;2017-07-01;Salesforce;0,05;0,95;C0221;M;40;False;0;0;P010;129,41;152,25;New Balance;Running;Flex;42;Red Blood;False
V4123359343;2024-03-16;11:34;S01;Premium;Centre-ville;50;9h/18h;open 6/7;6;E0004;2600;2006-01-09;Manager;0,21;0,79;C0099;F;46;False;0;0;P037;97,28;114,45;New Balance;Running;Elite;41;Premium Black;False
V4123359343;2024-03-16;11:34;S01;Premium;Centre-ville;50;9h/18h;open 6/7;6;E0004;2600;2006-01-09;Manager;0,21;0,79;C0099;F;46;False;0;0;G037;10,0;10,0;Echarpe;Echarpe;Echarpe;S;None;False
V1564714922;2024-03-02;12:49;S01;Premium;Centre-ville;50;9h/18h;open 6/7;6;E0005;2800;2017-07-01;Salesforce;0,05;0,95;C0020;F;38;False;0;0;P035;135,45;135,45;New Balance;Basketball;Zoom;37;Pink;False
V7128918535;2024-03-12;11:18;S01;Premium;Centre-ville;50;9h/18h;open 6/7;6;E0002;2900;2015-10-11;Salesforce;0,05;0,95;C0050;F;23;True;0;5;P030;59,75;59,75;New Balance;Casual;Elite;30;Sunny Yellow;True
V9344272682;2024-03-13;12:50;S01;Premium;Centre-ville;50;9h/18h;open 6/7;6;E0003;2100;2020-09-04;Salesforce;0,13;0,87;C0089;F;32;True;0;11;P037;114,45;114,45;New Balance;Running;Elite;41;Premium Black;False
V1967091494;2024-03-25;18:54;S01;Premium;Centre-ville;50;9h/18h;open 6/7;6;E0002;2900;2015-10-11;Salesforce;0,05;0,95;C0032;F;37;True;0;13;P035;135,45;135,45;New Balance;Basketball;Zoom;37;Pink;False
V9285624588;2024-03-10;15:38;S01;Premium;Centre-ville;50;9h/18h;open 6/7;6;E0004;2600;2006-01-09;Manager;0,21;0,79;C0166;F;33;True;0;5;P030;59,75;59,75;New Balance;Casual;Elite;30;Sunny Yellow;True
V5485504835;2024-03-23;09:32;S01;Premium;Centre-ville;50;9h/18h;open 6/7;6;E0002;2900;2015-10-11;Salesforce;0,05;0,95;C0177;F;30;False;0;0;P030;52,75;59,75;New Balance;Casual;Elite;30;Sunny Yellow;True
V9581790223;2024-03-13;10:28;S01;Premium;Centre-ville;50;9h/18h;open 6/7;6;E0005;2800;2017-07-01;Salesforce;0,05;0,95;C0115;M;36;True;0;13;P035;135,45;135,45;New Balance;Basketball;Zoom;37;Pink;False
V5343631307;2024-03-27;14:40;S01;Premium;Centre-ville;50;9h/18h;open 6/7;6;E0005;2800;2017-07-01;Salesforce;0,05;0,95;C0172;F;52;True;10;16;P034;165,95;166,95;New Balance;Basketball;Zoom;39;Premium Black;False
V3023970279;2024-03-16;10:51;S01;Premium;Centre-ville;50;9h/18h;open 6/7;6;E0001;2000;2022-07-17;Salesforce;0,12;0,88;C0076;M;66;True;0;13;P035;120,44999999999999;135,45;New Balance;Basketball;Zoom;37;Pink;False
V1705929433;2024-03-05;14:58;S01;Premium;Centre-ville;50;9h/18h;open 6/7;6;E0002;2900;2015-10-11;Salesforce;0,05;0,95;C0219;F;42;True;0;5;P030;36,75;59,75;New Balance;Casual;Elite;30;Sunny Yellow;True
V2628768300;2024-03-30;13:01;S01;Premium;Centre-ville;50;9h/18h;open 6/7;6;E0004;2600;2006-01-09;Manager;0,21;0,79;C0018;M;36;True;0;14;P040;145,95;145,95;New Balance;Running;Air;43;Deep Purple;False
V2628768300;2024-03-30;13:01;S01;Premium;Centre-ville;50;9h/18h;open 6/7;6;E0004;2600;2006-01-09;Manager;0,21;0,79;C0018;M;36;True;0;14;G040;20,0;20,0;Echarpe;Echarpe;Echarpe;XS;None;False
V3584000278;2024-03-06;13:00;S01;Premium;Centre-ville;50;9h/18h;open 6/7;6;E0005;2800;2017-07-01;Salesforce;0,05;0,95;C0282;M;48;False;0;0;P030;59,75;59,75;New Balance;Casual;Elite;30;Sunny Yellow;True
V3206779988;2024-03-06;18:26;S01;Premium;Centre-ville;50;9h/18h;open 6/7;6;E0002;2900;2015-10-11;Salesforce;0,05;0,95;C0061;M;42;False;0;0;P030;59,75;59,75;New Balance;Casual;Elite;30;Sunny Yellow;True
V3206779988;2024-03-06;18:26;S01;Premium;Centre-ville;50;9h/18h;open 6/7;6;E0002;2900;2015-10-11;Salesforce;0,05;0,95;C0061;M;42;False;0;0;G030;20,0;20,0;Echarpe;Echarpe;Echarpe;L;None;False
V1356631910;2024-03-06;15:06;S01;Premium;Centre-ville;50;9h/18h;open 6/7;6;E0004;2600;2006-01-09;Manager;0,21;0,79;C0094;M;42;True;0;16;P034;166,95;166,95;New Balance;Basketball;Zoom;39;Premium Black;False
V1485472973;2024-03-15;18:29;S01;Premium;Centre-ville;50;9h/18h;open 6/7;6;E0005;2800;2017-07-01;Salesforce;0,05;0,95;C0078;F;34;False;0;0;P031;152,25;152,25;New Balance;Casual;Flex;42;Brown Bear;False
V6651757575;2024-03-09;18:26;S01;Premium;Centre-ville;50;9h/18h;open 6/7;6;E0003;2100;2020-09-04;Salesforce;0,13;0,87;C0280;M;50;True;40;15;P031;148,25;152,25;New Balance;Casual;Flex;42;Brown Bear;False
V4530116381;2024-03-09;10:07;S01;Premium;Centre-ville;50;9h/18h;open 6/7;6;E0002;2900;2015-10-11;Salesforce;0,05;0,95;C0094;M;42;True;0;5;P030;59,75;59,75;New Balance;Casual;Elite;30;Sunny Yellow;True
V4530116381;2024-03-09;10:07;S01;Premium;Centre-ville;50;9h/18h;open 6/7;6;E0002;2900;2015-10-11;Salesforce;0,05;0,95;C0094;M;42;True;0;5;G030;40,0;40,0;Bonnet;Bonnet;Bonnet;XL;None;False
V4999027570;2024-03-02;13:32;S01;Premium;Centre-ville;50;9h/18h;open 6/7;6;E0004;2600;2006-01-09;Manager;0,21;0,79;C0048;F;29;True;0;5;P030;48,75;59,75;New Balance;Casual;Elite;30;Sunny Yellow;True
V5503065864;2024-03-23;12:13;S01;Premium;Centre-ville;50;9h/18h;open 6/7;6;E0005;2800;2017-07-01;Salesforce;0,05;0,95;C0282;M;48;False;0;0;P030;59,75;59,75;New Balance;Casual;Elite;30;Sunny Yellow;True
V8585261352;2024-03-23;15:16;S01;Premium;Centre-ville;50;9h/18h;open 6/7;6;E0005;2800;2017-07-01;Salesforce;0,05;0,95;C0175;M;43;False;0;0;P035;135,45;135,45;New Balance;Basketball;Zoom;37;Pink;False
V8585261352;2024-03-23;15:16;S01;Premium;Centre-ville;50;9h/18h;open 6/7;6;E0005;2800;2017-07-01;Salesforce;0,05;0,95;C0175;M;43;False;0;0;G035;10,0;10,0;Bonnet;Bonnet;Bonnet;XL;None;False
V8585261352;2024-03-23;15:16;S01;Premium;Centre-ville;50;9h/18h;open 6/7;6;E0005;2800;2017-07-01;Salesforce;0,05;0,95;C0175;M;43;False;0;0;G035;20,0;20,0;Tee-short;Tee-short;Tee-short;L;None;False
V7908049722;2024-03-22;18:38;S01;Premium;Centre-ville;50;9h/18h;open 6/7;6;E0001;2000;2022-07-17;Salesforce;0,12;0,88;C0099;F;46;False;0;0;P031;103,25;152,25;New Balance;Casual;Flex;42;Brown Bear;False
V9484013120;2024-03-23;16:48;S01;Premium;Centre-ville;50;9h/18h;open 6/7;6;E0003;2100;2020-09-04;Salesforce;0,13;0,87;C0105;M;37;True;0;5;P030;46,75;59,75;New Balance;Casual;Elite;30;Sunny Yellow;True
V7030426095;2024-03-07;16:20;S01;Premium;Centre-ville;50;9h/18h;open 6/7;6;E0002;2900;2015-10-11;Salesforce;0,05;0,95;C0204;M;36;True;0;5;P030;59,75;59,75;New Balance;Casual;Elite;30;Sunny Yellow;True
V2387075938;2024-03-23;15:12;S01;Premium;Centre-ville;50;9h/18h;open 6/7;6;E0001;2000;2022-07-17;Salesforce;0,12;0,88;C0267;M;50;True;0;14;P040;145,95;145,95;New Balance;Running;Air;43;Deep Purple;False
V4119688468;2024-03-28;17:04;S01;Premium;Centre-ville;50;9h/18h;open 6/7;6;E0002;2900;2015-10-11;Salesforce;0,05;0,95;C0077;F;61;True;0;11;P037;114,45;114,45;New Balance;Running;Elite;41;Premium Black;False
V4119688468;2024-03-28;17:04;S01;Premium;Centre-ville;50;9h/18h;open 6/7;6;E0002;2900;2015-10-11;Salesforce;0,05;0,95;C0077;F;61;True;0;11;G037;20,0;20,0;Bonnet;Bonnet;Bonnet;XS;None;False
V4693261892;2024-03-28;16:03;S01;Premium;Centre-ville;50;9h/18h;open 6/7;6;E0005;2800;2017-07-01;Salesforce;0,05;0,95;C0167;M;46;False;0;0;P030;59,75;59,75;New Balance;Casual;Elite;30;Sunny Yellow;True
V6709160927;2024-03-01;12:57;S01;Premium;Centre-ville;50;9h/18h;open 6/7;6;E0002;2900;2015-10-11;Salesforce;0,05;0,95;C0113;M;63;True;0;5;P030;59,75;59,75;New Balance;Casual;Elite;30;Sunny Yellow;True
V6709160927;2024-03-01;12:57;S01;Premium;Centre-ville;50;9h/18h;open 6/7;6;E0002;2900;2015-10-11;Salesforce;0,05;0,95;C0113;M;63;True;0;5;G030;30,0;30,0;Bonnet;Bonnet;Bonnet;S;None;False
V6709160927;2024-03-01;12:57;S01;Premium;Centre-ville;50;9h/18h;open 6/7;6;E0002;2900;2015-10-11;Salesforce;0,05;0,95;C0113;M;63;True;0;5;G030;30,0;30,0;Lunettes;Lunettes;Lunettes;M;None;False
V3718272882;2024-03-28;16:54;S01;Premium;Centre-ville;50;9h/18h;open 6/7;6;E0002;2900;2015-10-11;Salesforce;0,05;0,95;C0145;M;43;True;0;5;P030;59,75;59,75;New Balance;Casual;Elite;30;Sunny Yellow;True
V1538624000;2024-03-28;11:22;S01;Premium;Centre-ville;50;9h/18h;open 6/7;6;E0005;2800;2017-07-01;Salesforce;0,05;0,95;C0095;M;45;True;0;11;P037;114,45;114,45;New Balance;Running;Elite;41;Premium Black;False
V8472785702;2024-03-04;14:45;S01;Premium;Centre-ville;50;9h/18h;open 6/7;6;E0003;2100;2020-09-04;Salesforce;0,13;0,87;C0027;F;31;True;0;14;P040;145,95;145,95;New Balance;Running;Air;43;Deep Purple;False
V5520787759;2024-03-20;18:46;S01;Premium;Centre-ville;50;9h/18h;open 6/7;6;E0002;2900;2015-10-11;Salesforce;0,05;0,95;C0294;F;43;True;0;5;P030;59,75;59,75;New Balance;Casual;Elite;30;Sunny Yellow;True
V2232093777;2024-03-23;15:37;S01;Premium;Centre-ville;50;9h/18h;open 6/7;6;E0003;2100;2020-09-04;Salesforce;0,13;0,87;C0122;M;44;True;0;15;P010;152,25;152,25;New Balance;Running;Flex;42;Red Blood;False
V1849910413;2024-03-27;16:22;S01;Premium;Centre-ville;50;9h/18h;open 6/7;6;E0002;2900;2015-10-11;Salesforce;0,05;0,95;C0162;M;33;True;0;15;P031;152,25;152,25;New Balance;Casual;Flex;42;Brown Bear;False
V1849910413;2024-03-27;16:22;S01;Premium;Centre-ville;50;9h/18h;open 6/7;6;E0002;2900;2015-10-11;Salesforce;0,05;0,95;C0162;M;33;True;0;15;G031;10,0;10,0;Bonnet;Bonnet;Bonnet;XS;None;False
V8573116857;2024-03-09;16:00;S01;Premium;Centre-ville;50;9h/18h;open 6/7;6;E0002;2900;2015-10-11;Salesforce;0,05;0,95;C0298;F;22;True;0;5;P030;59,75;59,75;New Balance;Casual;Elite;30;Sunny Yellow;True
V2722934460;2024-03-23;14:58;S01;Premium;Centre-ville;50;9h/18h;open 6/7;6;E0005;2800;2017-07-01;Salesforce;0,05;0,95;C0278;F;42;True;0;5;P030;59,75;59,75;New Balance;Casual;Elite;30;Sunny Yellow;True
V7061807623;2024-03-20;10:38;S01;Premium;Centre-ville;50;9h/18h;open 6/7;6;E0005;2800;2017-07-01;Salesforce;0,05;0,95;C0144;M;37;True;0;11;P037;114,45;114,45;New Balance;Running;Elite;41;Premium Black;False
V5262771883;2024-03-21;11:19;S01;Premium;Centre-ville;50;9h/18h;open 6/7;6;E0003;2100;2020-09-04;Salesforce;0,13;0,87;C0262;F;55;True;0;15;P031;152,25;152,25;New Balance;Casual;Flex;42;Brown Bear;False
V1066030741;2024-03-30;09:01;S01;Premium;Centre-ville;50;9h/18h;open 6/7;6;E0004;2600;2006-01-09;Manager;0,21;0,79;C0031;M;53;True;0;5;P030;59,75;59,75;New Balance;Casual;Elite;30;Sunny Yellow;True
V5826163191;2024-03-27;13:51;S01;Premium;Centre-ville;50;9h/18h;open 6/7;6;E0001;2000;2022-07-17;Salesforce;0,12;0,88;C0066;M;35;True;0;13;P035;135,45;135,45;New Balance;Basketball;Zoom;37;Pink;False
V8570010770;2024-03-27;17:41;S01;Premium;Centre-ville;50;9h/18h;open 6/7;6;E0005;2800;2017-07-01;Salesforce;0,05;0,95;C0129;F;34;True;0;5;P030;59,75;59,75;New Balance;Casual;Elite;30;Sunny Yellow;True
V8648591297;2024-03-08;15:05;S01;Premium;Centre-ville;50;9h/18h;open 6/7;6;E0002;2900;2015-10-11;Salesforce;0,05;0,95;C0124;F;34;True;0;5;P030;59,75;59,75;New Balance;Casual;Elite;30;Sunny Yellow;True
V9468735976;2024-03-18;16:23;S01;Premium;Centre-ville;50;9h/18h;open 6/7;6;E0002;2900;2015-10-11;Salesforce;0,05;0,95;C0275;M;33;False;0;0;P030;59,75;59,75;New Balance;Casual;Elite;30;Sunny Yellow;True
V8327992337;2024-03-08;13:30;S01;Premium;Centre-ville;50;9h/18h;open 6/7;6;E0002;2900;2015-10-11;Salesforce;0,05;0,95;C0266;M;25;True;0;5;P030;32,75;59,75;New Balance;Casual;Elite;30;Sunny Yellow;True
V8327992337;2024-03-08;13:30;S01;Premium;Centre-ville;50;9h/18h;open 6/7;6;E0002;2900;2015-10-11;Salesforce;0,05;0,95;C0266;M;25;True;0;5;G030;20,0;20,0;Bonnet;Bonnet;Bonnet;XL;None;False
V1046973519;2024-03-09;12:28;S01;Premium;Centre-ville;50;9h/18h;open 6/7;6;E0001;2000;2022-07-17;Salesforce;0,12;0,88;C0226;F;36;True;0;5;P030;59,75;59,75;New Balance;Casual;Elite;30;Sunny Yellow;True
V4747551800;2024-03-21;10:10;S01;Premium;Centre-ville;50;9h/18h;open 6/7;6;E0004;2600;2006-01-09;Manager;0,21;0,79;C0005;F;28;True;0;16;P034;166,95;166,95;New Balance;Basketball;Zoom;39;Premium Black;False
V4492233052;2024-03-06;15:11;S01;Premium;Centre-ville;50;9h/18h;open 6/7;6;E0002;2900;2015-10-11;Salesforce;0,05;0,95;C0009;F;45;True;10;5;P030;58,75;59,75;New Balance;Casual;Elite;30;Sunny Yellow;True
V4492233052;2024-03-06;15:11;S01;Premium;Centre-ville;50;9h/18h;open 6/7;6;E0002;2900;2015-10-11;Salesforce;0,05;0,95;C0009;F;45;True;10;5;G030;20,0;20,0;Lacets;Lacets;Lacets;M;None;False
V2286324337;2024-03-23;11:44;S01;Premium;Centre-ville;50;9h/18h;open 6/7;6;E0005;2800;2017-07-01;Salesforce;0,05;0,95;C0146;F;40;True;0;13;P035;135,45;135,45;New Balance;Basketball;Zoom;37;Pink;False
V5026057779;2024-03-30;18:54;S01;Premium;Centre-ville;50;9h/18h;open 6/7;6;E0002;2900;2015-10-11;Salesforce;0,05;0,95;C0018;M;36;True;0;5;P030;59,75;59,75;New Balance;Casual;Elite;30;Sunny Yellow;True
V9457441433;2024-03-05;12:01;S01;Premium;Centre-ville;50;9h/18h;open 6/7;6;E0005;2800;2017-07-01;Salesforce;0,05;0,95;C0282;M;48;False;0;0;P030;59,75;59,75;New Balance;Casual;Elite;30;Sunny Yellow;True
V5964375732;2024-03-29;10:16;S01;Premium;Centre-ville;50;9h/18h;open 6/7;6;E0002;2900;2015-10-11;Salesforce;0,05;0,95;C0100;F;39;True;0;16;P034;166,95;166,95;New Balance;Basketball;Zoom;39;Premium Black;False
V5964375732;2024-03-29;10:16;S01;Premium;Centre-ville;50;9h/18h;open 6/7;6;E0002;2900;2015-10-11;Salesforce;0,05;0,95;C0100;F;39;True;0;16;G034;30,0;30,0;Bonnet;Bonnet;Bonnet;XS;None;False
V6433666644;2024-03-20;10:57;S01;Premium;Centre-ville;50;9h/18h;open 6/7;6;E0002;2900;2015-10-11;Salesforce;0,05;0,95;C0160;M;50;True;0;15;P031;152,25;152,25;New Balance;Casual;Flex;42;Brown Bear;False
V6433666644;2024-03-20;10:57;S01;Premium;Centre-ville;50;9h/18h;open 6/7;6;E0002;2900;2015-10-11;Salesforce;0,05;0,95;C0160;M;50;True;0;15;G031;40,0;40,0;Bonnet;Bonnet;Bonnet;XS;None;False
V5371129947;2024-03-27;11:30;S01;Premium;Centre-ville;50;9h/18h;open 6/7;6;E0005;2800;2017-07-01;Salesforce;0,05;0,95;C0028;M;35;False;0;0;P010;152,25;152,25;New Balance;Running;Flex;42;Red Blood;False
V1898288482;2024-04-01;18:49;S01;Premium;Centre-ville;50;9h/18h;open 6/7;6;E0002;2900;2015-10-11;Salesforce;0,05;0,95;C0122;M;44;True;0;16;P034;112,94999999999999;166,95;New Balance;Basketball;Zoom;39;Premium Black;False
V4563556579;2024-04-18;15:44;S01;Premium;Centre-ville;50;9h/18h;open 6/7;6;E0002;2900;2015-10-11;Salesforce;0,05;0,95;C0298;F;22;True;0;5;P030;53,75;59,75;New Balance;Casual;Elite;30;Sunny Yellow;True
V8199824330;2024-04-06;12:32;S01;Premium;Centre-ville;50;9h/18h;open 6/7;6;E0001;2000;2022-07-17;Salesforce;0,12;0,88;C0169;F;37;False;0;0;P030;59,75;59,75;New Balance;Casual;Elite;30;Sunny Yellow;True
V6199111495;2024-04-20;14:38;S01;Premium;Centre-ville;50;9h/18h;open 6/7;6;E0002;2900;2015-10-11;Salesforce;0,05;0,95;C0083;F;54;False;0;0;P030;59,75;59,75;New Balance;Casual;Elite;30;Sunny Yellow;True
V6199111495;2024-04-20;14:38;S01;Premium;Centre-ville;50;9h/18h;open 6/7;6;E0002;2900;2015-10-11;Salesforce;0,05;0,95;C0083;F;54;False;0;0;G030;20,0;20,0;Bonnet;Bonnet;Bonnet;XS;None;False
V5970888652;2024-04-20;11:58;S01;Premium;Centre-ville;50;9h/18h;open 6/7;6;E0001;2000;2022-07-17;Salesforce;0,12;0,88;C0183;M;60;True;0;5;P030;59,75;59,75;New Balance;Casual;Elite;30;Sunny Yellow;True
V3106536197;2024-04-19;18:17;S01;Premium;Centre-ville;50;9h/18h;open 6/7;6;E0002;2900;2015-10-11;Salesforce;0,05;0,95;C0130;F;37;False;0;0;P030;59,75;59,75;New Balance;Casual;Elite;30;Sunny Yellow;True
V3106536197;2024-04-19;18:17;S01;Premium;Centre-ville;50;9h/18h;open 6/7;6;E0002;2900;2015-10-11;Salesforce;0,05;0,95;C0130;F;37;False;0;0;G030;10,0;10,0;Lacets;Lacets;Lacets;XL;None;False
V1268856491;2024-04-15;17:54;S01;Premium;Centre-ville;50;9h/18h;open 6/7;6;E0005;2800;2017-07-01;Salesforce;0,05;0,95;C0187;F;39;True;0;5;P030;59,75;59,75;New Balance;Casual;Elite;30;Sunny Yellow;True
V3209238726;2024-04-12;11:04;S01;Premium;Centre-ville;50;9h/18h;open 6/7;6;E0001;2000;2022-07-17;Salesforce;0,12;0,88;C0268;F;38;True;0;16;P034;166,95;166,95;New Balance;Basketball;Zoom;39;Premium Black;False
V1976367803;2024-04-29;16:50;S01;Premium;Centre-ville;50;9h/18h;open 6/7;6;E0005;2800;2017-07-01;Salesforce;0,05;0,95;C0113;M;63;True;0;13;P035;115,44999999999999;135,45;New Balance;Basketball;Zoom;37;Pink;False
V7758267984;2024-04-27;10:57;S01;Premium;Centre-ville;50;9h/18h;open 6/7;6;E0003;2100;2020-09-04;Salesforce;0,13;0,87;C0175;M;43;False;0;0;P031;152,25;152,25;New Balance;Casual;Flex;42;Brown Bear;False
V7654019818;2024-04-18;16:29;S01;Premium;Centre-ville;50;9h/18h;open 6/7;6;E0001;2000;2022-07-17;Salesforce;0,12;0,88;C0106;M;36;True;0;13;P035;135,45;135,45;New Balance;Basketball;Zoom;37;Pink;False
V9026316070;2024-04-24;09:25;S01;Premium;Centre-ville;50;9h/18h;open 6/7;6;E0001;2000;2022-07-17;Salesforce;0,12;0,88;C0099;F;46;False;0;0;P030;59,75;59,75;New Balance;Casual;Elite;30;Sunny Yellow;True
V8729598139;2024-04-12;13:32;S01;Premium;Centre-ville;50;9h/18h;open 6/7;6;E0001;2000;2022-07-17;Salesforce;0,12;0,88;C0091;M;30;False;0;0;P034;166,95;166,95;New Balance;Basketball;Zoom;39;Premium Black;False
V3697404025;2024-04-05;18:20;S01;Premium;Centre-ville;50;9h/18h;open 6/7;6;E0001;2000;2022-07-17;Salesforce;0,12;0,88;C0031;M;53;True;0;13;P035;135,45;135,45;New Balance;Basketball;Zoom;37;Pink;False
V3697404025;2024-04-05;18:20;S01;Premium;Centre-ville;50;9h/18h;open 6/7;6;E0001;2000;2022-07-17;Salesforce;0,12;0,88;C0031;M;53;True;0;13;G035;40,0;40,0;Lacets;Lacets;Lacets;L;None;False
V7190023274;2024-04-25;13:22;S01;Premium;Centre-ville;50;9h/18h;open 6/7;6;E0002;2900;2015-10-11;Salesforce;0,05;0,95;C0258;F;41;False;0;0;P030;59,75;59,75;New Balance;Casual;Elite;30;Sunny Yellow;True
V7190023274;2024-04-25;13:22;S01;Premium;Centre-ville;50;9h/18h;open 6/7;6;E0002;2900;2015-10-11;Salesforce;0,05;0,95;C0258;F;41;False;0;0;G030;20,0;20,0;Bonnet;Bonnet;Bonnet;L;None;False
V1156310937;2024-04-27;14:32;S01;Premium;Centre-ville;50;9h/18h;open 6/7;6;E0003;2100;2020-09-04;Salesforce;0,13;0,87;C0079;M;38;False;0;0;P031;152,25;152,25;New Balance;Casual;Flex;42;Brown Bear;False
V1429632416;2024-04-12;13:26;S01;Premium;Centre-ville;50;9h/18h;open 6/7;6;E0005;2800;2017-07-01;Salesforce;0,05;0,95;C0166;F;33;True;0;15;P031;152,25;152,25;New Balance;Casual;Flex;42;Brown Bear;False
V8727987169;2024-04-05;17:35;S01;Premium;Centre-ville;50;9h/18h;open 6/7;6;E0004;2600;2006-01-09;Manager;0,21;0,79;C0256;F;48;True;0;15;P031;152,25;152,25;New Balance;Casual;Flex;42;Brown Bear;False
V9064672413;2024-04-26;18:37;S01;Premium;Centre-ville;50;9h/18h;open 6/7;6;E0005;2800;2017-07-01;Salesforce;0,05;0,95;C0197;F;29;True;0;14;P040;145,95;145,95;New Balance;Running;Air;43;Deep Purple;False
V3007605362;2024-04-27;17:10;S01;Premium;Centre-ville;50;9h/18h;open 6/7;6;E0002;2900;2015-10-11;Salesforce;0,05;0,95;C0060;F;25;True;20;5;P030;57,75;59,75;New Balance;Casual;Elite;30;Sunny Yellow;True
V7829242630;2024-04-16;12:09;S01;Premium;Centre-ville;50;9h/18h;open 6/7;6;E0002;2900;2015-10-11;Salesforce;0,05;0,95;C0203;M;33;False;0;0;P030;59,75;59,75;New Balance;Casual;Elite;30;Sunny Yellow;True
V1225135848;2024-04-04;13:48;S01;Premium;Centre-ville;50;9h/18h;open 6/7;6;E0001;2000;2022-07-17;Salesforce;0,12;0,88;C0113;M;63;True;0;13;P035;135,45;135,45;New Balance;Basketball;Zoom;37;Pink;False
V2405301040;2024-04-25;15:16;S01;Premium;Centre-ville;50;9h/18h;open 6/7;6;E0001;2000;2022-07-17;Salesforce;0,12;0,88;C0256;F;48;True;0;5;P030;59,75;59,75;New Balance;Casual;Elite;30;Sunny Yellow;True
V8620423891;2024-04-15;18:34;S01;Premium;Centre-ville;50;9h/18h;open 6/7;6;E0002;2900;2015-10-11;Salesforce;0,05;0,95;C0281;F;37;False;0;0;P030;53,75;59,75;New Balance;Casual;Elite;30;Sunny Yellow;True
V6875219757;2024-04-25;13:50;S01;Premium;Centre-ville;50;9h/18h;open 6/7;6;E0003;2100;2020-09-04;Salesforce;0,13;0,87;C0083;F;54;False;0;0;P030;59,75;59,75;New Balance;Casual;Elite;30;Sunny Yellow;True
V3324496581;2024-04-11;12:06;S01;Premium;Centre-ville;50;9h/18h;open 6/7;6;E0002;2900;2015-10-11;Salesforce;0,05;0,95;C0004;M;57;False;0;0;P030;59,75;59,75;New Balance;Casual;Elite;30;Sunny Yellow;True
V3324496581;2024-04-11;12:06;S01;Premium;Centre-ville;50;9h/18h;open 6/7;6;E0002;2900;2015-10-11;Salesforce;0,05;0,95;C0004;M;57;False;0;0;G030;30,0;30,0;Bonnet;Bonnet;Bonnet;L;None;False
V1095308382;2024-04-09;09:47;S01;Premium;Centre-ville;50;9h/18h;open 6/7;6;E0002;2900;2015-10-11;Salesforce;0,05;0,95;C0044;F;26;True;0;5;P030;54,74;59,75;New Balance;Casual;Elite;30;Sunny Yellow;True
V7760192620;2024-04-09;16:23;S01;Premium;Centre-ville;50;9h/18h;open 6/7;6;E0002;2900;2015-10-11;Salesforce;0,05;0,95;C0012;M;38;False;0;0;P030;59,75;59,75;New Balance;Casual;Elite;30;Sunny Yellow;True
V7760192620;2024-04-09;16:23;S01;Premium;Centre-ville;50;9h/18h;open 6/7;6;E0002;2900;2015-10-11;Salesforce;0,05;0,95;C0012;M;38;False;0;0;G030;20,0;20,0;Lacets;Lacets;Lacets;S;None;False
V7760192620;2024-04-09;16:23;S01;Premium;Centre-ville;50;9h/18h;open 6/7;6;E0002;2900;2015-10-11;Salesforce;0,05;0,95;C0012;M;38;False;0;0;G030;30,0;30,0;Tee-short;Tee-short;Tee-short;L;None;False
V6688648309;2024-04-05;18:30;S01;Premium;Centre-ville;50;9h/18h;open 6/7;6;E0005;2800;2017-07-01;Salesforce;0,05;0,95;C0081;M;34;False;0;0;P031;137,25;152,25;New Balance;Casual;Flex;42;Brown Bear;False
V8463805528;2024-04-13;14:05;S01;Premium;Centre-ville;50;9h/18h;open 6/7;6;E0004;2600;2006-01-09;Manager;0,21;0,79;C0220;M;42;True;40;5;P030;55,75;59,75;New Balance;Casual;Elite;30;Sunny Yellow;True
V3668075558;2024-04-22;18:51;S01;Premium;Centre-ville;50;9h/18h;open 6/7;6;E0002;2900;2015-10-11;Salesforce;0,05;0,95;C0281;F;37;False;0;0;P030;59,75;59,75;New Balance;Casual;Elite;30;Sunny Yellow;True
V6991307856;2024-04-12;14:49;S01;Premium;Centre-ville;50;9h/18h;open 6/7;6;E0002;2900;2015-10-11;Salesforce;0,05;0,95;C0234;F;60;True;0;5;P030;59,75;59,75;New Balance;Casual;Elite;30;Sunny Yellow;True
V6991307856;2024-04-12;14:49;S01;Premium;Centre-ville;50;9h/18h;open 6/7;6;E0002;2900;2015-10-11;Salesforce;0,05;0,95;C0234;F;60;True;0;5;G030;20,0;20,0;Echarpe;Echarpe;Echarpe;XS;None;False
V8298019920;2024-04-17;18:55;S01;Premium;Centre-ville;50;9h/18h;open 6/7;6;E0005;2800;2017-07-01;Salesforce;0,05;0,95;C0026;M;50;True;40;5;P030;55,75;59,75;New Balance;Casual;Elite;30;Sunny Yellow;True
V7336184722;2024-04-19;11:51;S01;Premium;Centre-ville;50;9h/18h;open 6/7;6;E0003;2100;2020-09-04;Salesforce;0,13;0,87;C0222;M;49;True;0;13;P035;135,45;135,45;New Balance;Basketball;Zoom;37;Pink;False
V9245488960;2024-04-08;15:06;S01;Premium;Centre-ville;50;9h/18h;open 6/7;6;E0002;2900;2015-10-11;Salesforce;0,05;0,95;C0272;M;50;True;20;5;P030;57,75;59,75;New Balance;Casual;Elite;30;Sunny Yellow;True
V9245488960;2024-04-08;15:06;S01;Premium;Centre-ville;50;9h/18h;open 6/7;6;E0002;2900;2015-10-11;Salesforce;0,05;0,95;C0272;M;50;True;20;5;G030;30,0;30,0;Bonnet;Bonnet;Bonnet;L;None;False
V2448869000;2024-04-24;16:08;S01;Premium;Centre-ville;50;9h/18h;open 6/7;6;E0001;2000;2022-07-17;Salesforce;0,12;0,88;C0006;M;44;True;0;16;P034;166,95;166,95;New Balance;Basketball;Zoom;39;Premium Black;False
V1179049397;2024-04-01;11:08;S01;Premium;Centre-ville;50;9h/18h;open 6/7;6;E0001;2000;2022-07-17;Salesforce;0,12;0,88;C0168;M;35;True;0;13;P035;135,45;135,45;New Balance;Basketball;Zoom;37;Pink;False
V1179049397;2024-04-01;11:08;S01;Premium;Centre-ville;50;9h/18h;open 6/7;6;E0001;2000;2022-07-17;Salesforce;0,12;0,88;C0168;M;35;True;0;13;G035;10,0;10,0;Lacets;Lacets;Lacets;M;None;False
V8320941040;2024-04-16;18:11;S01;Premium;Centre-ville;50;9h/18h;open 6/7;6;E0002;2900;2015-10-11;Salesforce;0,05;0,95;C0008;F;42;True;0;5;P030;59,75;59,75;New Balance;Casual;Elite;30;Sunny Yellow;True
V1081040407;2024-04-27;11:18;S01;Premium;Centre-ville;50;9h/18h;open 6/7;6;E0005;2800;2017-07-01;Salesforce;0,05;0,95;C0273;F;53;True;0;5;P030;46,75;59,75;New Balance;Casual;Elite;30;Sunny Yellow;True
V4309717908;2024-04-08;15:41;S01;Premium;Centre-ville;50;9h/18h;open 6/7;6;E0003;2100;2020-09-04;Salesforce;0,13;0,87;C0027;F;31;True;0;15;P031;152,25;152,25;New Balance;Casual;Flex;42;Brown Bear;False
V7187027520;2024-04-05;11:31;S01;Premium;Centre-ville;50;9h/18h;open 6/7;6;E0004;2600;2006-01-09;Manager;0,21;0,79;C0166;F;33;True;0;15;P010;152,25;152,25;New Balance;Running;Flex;42;Red Blood;False
V6252358014;2024-04-02;16:59;S01;Premium;Centre-ville;50;9h/18h;open 6/7;6;E0001;2000;2022-07-17;Salesforce;0,12;0,88;C0189;M;34;False;0;0;P035;128,67999999999998;135,45;New Balance;Basketball;Zoom;37;Pink;False
V6903131445;2024-04-23;13:20;S01;Premium;Centre-ville;50;9h/18h;open 6/7;6;E0001;2000;2022-07-17;Salesforce;0,12;0,88;C0243;F;49;True;0;10;P035;108,35999999999999;135,45;New Balance;Basketball;Zoom;37;Pink;False
V3093382557;2024-04-27;09:09;S01;Premium;Centre-ville;50;9h/18h;open 6/7;6;E0003;2100;2020-09-04;Salesforce;0,13;0,87;C0214;F;53;False;0;0;P035;135,45;135,45;New Balance;Basketball;Zoom;37;Pink;False
V2530855490;2024-04-09;18:58;S01;Premium;Centre-ville;50;9h/18h;open 6/7;6;E0005;2800;2017-07-01;Salesforce;0,05;0,95;C0084;F;43;False;0;0;P037;88,45;114,45;New Balance;Running;Elite;41;Premium Black;False
V2113557870;2024-04-19;09:41;S01;Premium;Centre-ville;50;9h/18h;open 6/7;6;E0002;2900;2015-10-11;Salesforce;0,05;0,95;C0003;M;57;False;0;0;P030;59,75;59,75;New Balance;Casual;Elite;30;Sunny Yellow;True
V2152095306;2024-04-25;13:37;S01;Premium;Centre-ville;50;9h/18h;open 6/7;6;E0005;2800;2017-07-01;Salesforce;0,05;0,95;C0293;F;31;False;0;0;P035;121,91;135,45;New Balance;Basketball;Zoom;37;Pink;False
V2152095306;2024-04-25;13:37;S01;Premium;Centre-ville;50;9h/18h;open 6/7;6;E0005;2800;2017-07-01;Salesforce;0,05;0,95;C0293;F;31;False;0;0;G035;20,0;20,0;Echarpe;Echarpe;Echarpe;L;None;False
V4622747982;2024-04-20;13:31;S01;Premium;Centre-ville;50;9h/18h;open 6/7;6;E0002;2900;2015-10-11;Salesforce;0,05;0,95;C0098;F;44;False;0;0;P030;59,75;59,75;New Balance;Casual;Elite;30;Sunny Yellow;True
V5317072188;2024-04-02;09:18;S01;Premium;Centre-ville;50;9h/18h;open 6/7;6;E0002;2900;2015-10-11;Salesforce;0,05;0,95;C0223;F;41;False;0;0;P030;56,15;59,75;New Balance;Casual;Elite;30;Sunny Yellow;True
V4041602353;2024-04-01;09:18;S01;Premium;Centre-ville;50;9h/18h;open 6/7;6;E0005;2800;2017-07-01;Salesforce;0,05;0,95;C0091;M;30;False;0;0;P034;166,95;166,95;New Balance;Basketball;Zoom;39;Premium Black;False
V1894079406;2024-04-16;15:02;S01;Premium;Centre-ville;50;9h/18h;open 6/7;6;E0002;2900;2015-10-11;Salesforce;0,05;0,95;C0244;M;51;False;0;0;P030;59,75;59,75;New Balance;Casual;Elite;30;Sunny Yellow;True
V1894079406;2024-04-16;15:02;S01;Premium;Centre-ville;50;9h/18h;open 6/7;6;E0002;2900;2015-10-11;Salesforce;0,05;0,95;C0244;M;51;False;0;0;G030;10,0;10,0;Lunettes;Lunettes;Lunettes;XL;None;False
V7732958658;2024-04-15;13:33;S01;Premium;Centre-ville;50;9h/18h;open 6/7;6;E0001;2000;2022-07-17;Salesforce;0,12;0,88;C0207;M;54;True;0;13;P035;135,45;135,45;New Balance;Basketball;Zoom;37;Pink;False
V5267786450;2024-04-26;14:45;S01;Premium;Centre-ville;50;9h/18h;open 6/7;6;E0005;2800;2017-07-01;Salesforce;0,05;0,95;C0057;M;46;True;0;5;P030;55,83;59,75;New Balance;Casual;Elite;30;Sunny Yellow;True
V5267786450;2024-04-26;14:45;S01;Premium;Centre-ville;50;9h/18h;open 6/7;6;E0005;2800;2017-07-01;Salesforce;0,05;0,95;C0057;M;46;True;0;5;G030;10,0;10,0;Tee-short;Tee-short;Tee-short;L;None;False
V6994957195;2024-04-26;16:56;S01;Premium;Centre-ville;50;9h/18h;open 6/7;6;E0003;2100;2020-09-04;Salesforce;0,13;0,87;C0179;F;29;True;0;13;P034;133,56;166,95;New Balance;Basketball;Zoom;39;Premium Black;False
V6994957195;2024-04-26;16:56;S01;Premium;Centre-ville;50;9h/18h;open 6/7;6;E0003;2100;2020-09-04;Salesforce;0,13;0,87;C0179;F;29;True;0;13;G034;40,0;40,0;Echarpe;Echarpe;Echarpe;XS;None;False
V5129726405;2024-04-16;10:50;S01;Premium;Centre-ville;50;9h/18h;open 6/7;6;E0001;2000;2022-07-17;Salesforce;0,12;0,88;C0224;F;45;True;0;15;P010;152,25;152,25;New Balance;Running;Flex;42;Red Blood;False
V5129726405;2024-04-16;10:50;S01;Premium;Centre-ville;50;9h/18h;open 6/7;6;E0001;2000;2022-07-17;Salesforce;0,12;0,88;C0224;F;45;True;0;15;G010;20,0;20,0;Lacets;Lacets;Lacets;XS;None;False
V4351610644;2024-04-24;14:27;S01;Premium;Centre-ville;50;9h/18h;open 6/7;6;E0001;2000;2022-07-17;Salesforce;0,12;0,88;C0091;M;30;False;0;0;P035;135,45;135,45;New Balance;Basketball;Zoom;37;Pink;False
V8542981534;2024-04-30;09:47;S01;Premium;Centre-ville;50;9h/18h;open 6/7;6;E0001;2000;2022-07-17;Salesforce;0,12;0,88;C0121;M;29;True;10;5;P030;58,75;59,75;New Balance;Casual;Elite;30;Sunny Yellow;True
V8542981534;2024-04-30;09:47;S01;Premium;Centre-ville;50;9h/18h;open 6/7;6;E0001;2000;2022-07-17;Salesforce;0,12;0,88;C0121;M;29;True;10;5;G030;20,0;20,0;Lunettes;Lunettes;Lunettes;S;None;False
V1330230680;2024-04-24;09:34;S01;Premium;Centre-ville;50;9h/18h;open 6/7;6;E0002;2900;2015-10-11;Salesforce;0,05;0,95;C0291;F;48;False;0;0;P030;59,75;59,75;New Balance;Casual;Elite;30;Sunny Yellow;True
V4927219414;2024-04-15;10:00;S01;Premium;Centre-ville;50;9h/18h;open 6/7;6;E0003;2100;2020-09-04;Salesforce;0,13;0,87;C0267;M;50;True;30;12;P010;126,41;152,25;New Balance;Running;Flex;42;Red Blood;False
V4927219414;2024-04-15;10:00;S01;Premium;Centre-ville;50;9h/18h;open 6/7;6;E0003;2100;2020-09-04;Salesforce;0,13;0,87;C0267;M;50;True;30;12;G010;10,0;10,0;Echarpe;Echarpe;Echarpe;XS;None;False
V7809850438;2024-04-16;10:33;S01;Premium;Centre-ville;50;9h/18h;open 6/7;6;E0003;2100;2020-09-04;Salesforce;0,13;0,87;C0145;M;43;True;0;15;P031;152,25;152,25;New Balance;Casual;Flex;42;Brown Bear;False
V3203831403;2024-04-20;14:31;S01;Premium;Centre-ville;50;9h/18h;open 6/7;6;E0002;2900;2015-10-11;Salesforce;0,05;0,95;C0153;F;47;True;0;5;P030;59,75;59,75;New Balance;Casual;Elite;30;Sunny Yellow;True
V3203831403;2024-04-20;14:31;S01;Premium;Centre-ville;50;9h/18h;open 6/7;6;E0002;2900;2015-10-11;Salesforce;0,05;0,95;C0153;F;47;True;0;5;G030;30,0;30,0;Lunettes;Lunettes;Lunettes;XS;None;False
V9239366891;2024-04-26;15:09;S01;Premium;Centre-ville;50;9h/18h;open 6/7;6;E0001;2000;2022-07-17;Salesforce;0,12;0,88;C0115;M;36;True;0;14;P040;145,95;145,95;New Balance;Running;Air;43;Deep Purple;False
V3079843203;2024-04-03;18:48;S01;Premium;Centre-ville;50;9h/18h;open 6/7;6;E0001;2000;2022-07-17;Salesforce;0,12;0,88;C0211;M;41;True;20;14;P040;143,95;145,95;New Balance;Running;Air;43;Deep Purple;False
V8502974320;2024-04-13;17:33;S01;Premium;Centre-ville;50;9h/18h;open 6/7;6;E0001;2000;2022-07-17;Salesforce;0,12;0,88;C0242;F;38;True;0;13;P035;75,44999999999999;135,45;New Balance;Basketball;Zoom;37;Pink;False
