sale_id;date;time;store_id;employee_id;customer_id;line_count;sale_total_ttc;sale_total_discount;product_1_id;product_1_kind;product_1_brand;product_1_category;product_1_model;product_1_size;product_1_color;product_1_is_best_seller;product_1_price_sold;product_1_base_price;product_1_total_discount_applied;product_1_special_offer_discount;product_1_discount_value_fidelity;product_1_discount_val_month;product_1_pct_economise;product_2_id;product_2_kind;product_2_brand;product_2_category;product_2_model;product_2_size;product_2_color;product_2_is_best_seller;product_2_price_sold;product_2_base_price;product_2_total_discount_applied;product_2_special_offer_discount;product_2_discount_value_fidelity;product_2_discount_val_month;product_2_pct_economise;product_3_id;product_3_kind;product_3_brand;product_3_category;product_3_model;product_3_size;product_3_color;product_3_is_best_seller;product_3_price_sold;product_3_base_price;product_3_total_discount_applied;product_3_special_offer_discount;product_3_discount_value_fidelity;product_3_discount_val_month;product_3_pct_economise;product_4_id;product_4_kind;product_4_brand;product_4_category;product_4_model;product_4_size;product_4_color;product_4_is_best_seller;product_4_price_sold;product_4_base_price;product_4_total_discount_applied;product_4_special_offer_discount;product_4_discount_value_fidelity;product_4_discount_val_month;product_4_pct_economise
V000001;2024-10-01;12:22;S03;E0019;C0358;1;127,44;0;P058;shoe;Asics;Basketball;Air;45;Pink;false;127,44;127,44;0;0;0;0;0;;;;;;;;;;;;;;;;;;;;;;;;;;;;;;;;;;;;;;;;;;;;;
V000002;2024-01-05;10:33;S04;E0023;C0254;1;77,42;0;P030;shoe;New Balance;Running;Pro;42;Light Green;false;77,42;77,42;0;0;0;0;0;;;;;;;;;;;;;;;;;;;;;;;;;;;;;;;;;;;;;;;;;;;;;
V000003;2024-05-31;16:49;S06;E0039;C0044;1;82,77;0;P044;shoe;Nike;Basketball;Flex;32;Pink;false;82,77;82,77;0;0;0;0;0;;;;;;;;;;;;;;;;;;;;;;;;;;;;;;;;;;;;;;;;;;;;;
V000004;2024-11-19;16:39;S08;E0051;C0098;1;68,88;0;P066;shoe;Adidas;Casual;Air;34;Black;false;68,88;68,88;0;0;0;0;0;;;;;;;;;;;;;;;;;;;;;;;;;;;;;;;;;;;;;;;;;;;;;
V000005;2024-04-26;11:18;S04;E0023;C0238;1;107,8;0;P061;shoe;Reebok;Casual;Pro;41;White;false;107,8;107,8;0;0;0;0;0;;;;;;;;;;;;;;;;;;;;;;;;;;;;;;;;;;;;;;;;;;;;;
V000006;2024-03-30;17:48;S05;E0028;C0140;1;80,36;0;P044;shoe;Nike;Basketball;Flex;32;Pink;false;80,36;80,36;0;0;0;0;0;;;;;;;;;;;;;;;;;;;;;;;;;;;;;;;;;;;;;;;;;;;;;
V000007;2024-11-14;18:47;S07;E0043;C0191;1;144,5;24,5;P058;shoe;Asics;Basketball;Air;45;Pink;false;144,5;169;24,5;24,5;0;0;14,5;;;;;;;;;;;;;;;;;;;;;;;;;;;;;;;;;;;;;;;;;;;;;
V000008;2024-08-12;16:48;S05;E0035;C0203;1;150,78;0;P052;shoe;Nike;Limited Edition;Max;30;Deep Purple;true;150,78;150,78;0;0;0;0;0;;;;;;;;;;;;;;;;;;;;;;;;;;;;;;;;;;;;;;;;;;;;;
V000009;2024-01-19;18:39;S08;E0051;C0044;1;129,73;0;P047;shoe;Jordans;Trail;Air;37;Premium Black;true;129,73;129,73;0;0;0;0;0;;;;;;;;;;;;;;;;;;;;;;;;;;;;;;;;;;;;;;;;;;;;;
V000010;2024-10-03;13:18;S05;E0035;C0259;1;119,95;0;P027;shoe;Jordans;Trail;Flex;40;Pink;true;119,95;119,95;0;0;0;0;0;;;;;;;;;;;;;;;;;;;;;;;;;;;;;;;;;;;;;;;;;;;;;
V000011;2024-12-20;14:59;S03;E0019;C0321;1;84,04;30,36;P070;shoe;Adidas;Casual;Pro;40;Deep Purple;false;84,04;114,4;30,36;13,96;16,4;0;26,54;;;;;;;;;;;;;;;;;;;;;;;;;;;;;;;;;;;;;;;;;;;;;
V000012;2024-06-17;16:02;S02;E0009;C0310;1;80,07;0;P025;shoe;Asics;Trail;Flex;36;Sunny Yellow;false;80,07;80,07;0;0;0;0;0;;;;;;;;;;;;;;;;;;;;;;;;;;;;;;;;;;;;;;;;;;;;;
V000013;2024-06-25;09:34;S05;E0032;C0055;3;169,03;0;P062;shoe;Nike;Limited Edition;Air;42;White;false;137,47;137,47;0;0;0;0;0;A001;accessory;Accessoire;Sac de sport;Sac de sport;XS;Deep Blue;false;9,02;9,02;0;0;0;0;0;A002;accessory;Accessoire;Lacets;Lacets;M;White;false;22,54;22,54;0;0;0;0;0;;;;;;;;;;;;;;;
V000014;2024-07-10;13:52;S08;E0048;C0052;1;115,62;0;P087;shoe;Asics;Training;Elite;39;Black;false;115,62;115,62;0;0;0;0;0;;;;;;;;;;;;;;;;;;;;;;;;;;;;;;;;;;;;;;;;;;;;;
V000015;2024-09-30;16:20;S04;E0023;C0117;1;85,99;31,61;P067;shoe;Adidas;Running;Pro;30;Light Green;false;85,99;117,6;31,61;8,09;0;23,52;26,88;;;;;;;;;;;;;;;;;;;;;;;;;;;;;;;;;;;;;;;;;;;;;
V000016;2024-08-20;12:08;S05;E0034;C0070;3;252,67;0;P043;shoe;Adidas;Running;Max;32;Pink;false;117,26;117,26;0;0;0;0;0;P081;shoe;Adidas;Basketball;Max;32;Black;false;112,87;112,87;0;0;0;0;0;A002;accessory;Accessoire;Lacets;Lacets;M;White;false;22,54;22,54;0;0;0;0;0;;;;;;;;;;;;;;;
V000017;2024-09-18;17:10;S06;E0039;C0394;1;131,66;6,93;P053;shoe;Nike;Limited Edition;Zoom;38;Deep Blue;false;131,66;138,59;6,93;0;0;6,93;5;;;;;;;;;;;;;;;;;;;;;;;;;;;;;;;;;;;;;;;;;;;;;
V000018;2024-04-16;10:35;S08;E0047;C0062;1;110,46;11,11;P015;shoe;Asics;Training;Air;45;Deep Purple;false;110,46;121,57;11,11;11,11;0;0;9,14;;;;;;;;;;;;;;;;;;;;;;;;;;;;;;;;;;;;;;;;;;;;;
V000019;2024-01-23;12:38;S05;E0034;C0026;1;113,14;19,14;P047;shoe;Jordans;Trail;Air;37;Premium Black;true;113,14;132,28;19,14;19,14;0;0;14,47;;;;;;;;;;;;;;;;;;;;;;;;;;;;;;;;;;;;;;;;;;;;;
V000020;2024-12-17;13:02;S05;E0033;C0061;1;106,72;0;P067;shoe;Adidas;Running;Pro;30;Light Green;false;106,72;106,72;0;0;0;0;0;;;;;;;;;;;;;;;;;;;;;;;;;;;;;;;;;;;;;;;;;;;;;
V000021;2024-03-22;17:41;S04;E0023;C0115;2;273,42;0;P080;shoe;New Balance;Limited Edition;Flex;38;Black;false;253,82;253,82;0;0;0;0;0;A010;accessory;Accessoire;Tee-shirt;Tee-shirt;XL;Black;false;19,6;19,6;0;0;0;0;0;;;;;;;;;;;;;;;;;;;;;;;;;;;;;;
V000022;2024-08-02;11:57;S07;E0043;C0419;1;110;0;P009;shoe;Asics;Trail;Flex;40;Red Blood;false;110;110;0;0;0;0;0;;;;;;;;;;;;;;;;;;;;;;;;;;;;;;;;;;;;;;;;;;;;;
V000023;2024-03-22;11:09;S05;E0034;C0170;2;175,6;35,69;P027;shoe;Jordans;Trail;Flex;40;Pink;true;109,2;119,95;10,75;10,75;0;0;8,96;P075;shoe;Jordans;Casual;Air;40;Deep Blue;false;66,4;91,34;24,94;11,24;0;13,7;27,3;;;;;;;;;;;;;;;;;;;;;;;;;;;;;;
V000024;2024-12-10;13:54;S05;E0034;C0044;1;98,85;14,02;P081;shoe;Adidas;Basketball;Max;32;Black;false;98,85;112,87;14,02;14,02;0;0;12,42;;;;;;;;;;;;;;;;;;;;;;;;;;;;;;;;;;;;;;;;;;;;;
V000025;2024-08-29;09:22;S06;E0040;C0095;1;110,13;19,44;P064;shoe;Puma;Training;Pro;41;Black;false;110,13;129,57;19,44;0;0;19,44;15;;;;;;;;;;;;;;;;;;;;;;;;;;;;;;;;;;;;;;;;;;;;;
V000026;2024-08-22;12:07;S02;E0009;C0131;1;91,08;0;P063;shoe;Nike;Casual;Max;40;Pink;true;91,08;91,08;0;0;0;0;0;;;;;;;;;;;;;;;;;;;;;;;;;;;;;;;;;;;;;;;;;;;;;
V000027;2024-11-11;12:07;S07;E0043;C0250;2;316,75;7,25;P077;shoe;Puma;Basketball;Zoom;39;Brown Bear;false;137,75;145;7,25;0;0;7,25;5;P041;shoe;Puma;Trail;Pro;39;Premium Black;false;179;179;0;0;0;0;0;;;;;;;;;;;;;;;;;;;;;;;;;;;;;;
V000028;2024-11-30;14:25;S05;E0028;C0202;1;112,87;0;P013;shoe;Jordans;Casual;Pro;30;White;false;112,87;112,87;0;0;0;0;0;;;;;;;;;;;;;;;;;;;;;;;;;;;;;;;;;;;;;;;;;;;;;
V000029;2024-06-03;11:59;S08;E0052;C0019;1;109,08;0;P083;shoe;New Balance;Trail;Flex;33;Brown Bear;true;109,08;109,08;0;0;0;0;0;;;;;;;;;;;;;;;;;;;;;;;;;;;;;;;;;;;;;;;;;;;;;
V000030;2024-09-12;10:25;S03;E0017;C0179;2;145,48;0;P062;shoe;Nike;Limited Edition;Air;42;White;false;136,56;136,56;0;0;0;0;0;A001;accessory;Accessoire;Sac de sport;Sac de sport;XS;Deep Blue;false;8,92;8,92;0;0;0;0;0;;;;;;;;;;;;;;;;;;;;;;;;;;;;;;
V000031;2024-06-03;13:58;S08;E0047;C0061;1;125,82;0;P028;shoe;Jordans;Casual;Elite;39;Red Blood;false;125,82;125,82;0;0;0;0;0;;;;;;;;;;;;;;;;;;;;;;;;;;;;;;;;;;;;;;;;;;;;;
V000032;2024-08-02;14:59;S05;E0027;C0087;1;91,48;0;P063;shoe;Nike;Casual;Max;40;Pink;true;91,48;91,48;0;0;0;0;0;;;;;;;;;;;;;;;;;;;;;;;;;;;;;;;;;;;;;;;;;;;;;
V000033;2024-02-13;17:40;S06;E0040;C0029;2;91,81;1,74;P018;shoe;Nike;Casual;Air;42;Red Blood;true;84,83;84,83;0;0;0;0;0;A001;accessory;Accessoire;Sac de sport;Sac de sport;XS;Deep Blue;false;6,98;8,72;1,74;0;0;1,74;19,95;;;;;;;;;;;;;;;;;;;;;;;;;;;;;;
V000034;2024-12-23;14:42;S02;E0012;C0013;1;156,93;28;P037;shoe;Puma;Limited Edition;Zoom;38;Gold;true;156,93;184,93;28;0;28;0;15,14;;;;;;;;;;;;;;;;;;;;;;;;;;;;;;;;;;;;;;;;;;;;;
V000035;2024-04-08;17:11;S05;E0034;C0057;1;68,31;12,05;P051;shoe;Jordans;Trail;Elite;31;Sunny Yellow;false;68,31;80,36;12,05;0;0;12,05;15;;;;;;;;;;;;;;;;;;;;;;;;;;;;;;;;;;;;;;;;;;;;;
V000036;2024-09-03;16:02;S03;E0015;C0088;1;136,56;0;P062;shoe;Nike;Limited Edition;Air;42;White;false;136,56;136,56;0;0;0;0;0;;;;;;;;;;;;;;;;;;;;;;;;;;;;;;;;;;;;;;;;;;;;;
V000037;2024-08-29;14:25;S05;E0034;C0077;1;91,26;8,87;P005;shoe;Nike;Casual;Max;33;Premium Black;false;91,26;100,13;8,87;8,87;0;0;8,86;;;;;;;;;;;;;;;;;;;;;;;;;;;;;;;;;;;;;;;;;;;;;
V000038;2024-12-06;10:32;S05;E0034;C0325;1;132,28;0;P047;shoe;Jordans;Trail;Air;37;Premium Black;true;132,28;132,28;0;0;0;0;0;;;;;;;;;;;;;;;;;;;;;;;;;;;;;;;;;;;;;;;;;;;;;
V000039;2024-05-07;16:31;S03;E0015;C0105;1;80,07;0;P044;shoe;Nike;Basketball;Flex;32;Pink;false;80,07;80,07;0;0;0;0;0;;;;;;;;;;;;;;;;;;;;;;;;;;;;;;;;;;;;;;;;;;;;;
V000040;2024-08-13;11:45;S08;E0051;C0074;1;64,73;12,22;P042;shoe;New Balance;Basketball;Air;30;Sunny Yellow;false;64,73;76,95;12,22;12,22;0;0;15,88;;;;;;;;;;;;;;;;;;;;;;;;;;;;;;;;;;;;;;;;;;;;;
V000041;2024-02-08;15:54;S06;E0040;C0014;1;138,59;0;P053;shoe;Nike;Limited Edition;Zoom;38;Deep Blue;false;138,59;138,59;0;0;0;0;0;;;;;;;;;;;;;;;;;;;;;;;;;;;;;;;;;;;;;;;;;;;;;
V000042;2024-05-28;16:35;S05;E0031;C0072;1;106,19;0;P088;shoe;Adidas;Running;Zoom;36;Black;true;106,19;106,19;0;0;0;0;0;;;;;;;;;;;;;;;;;;;;;;;;;;;;;;;;;;;;;;;;;;;;;
V000043;2024-11-20;10:51;S01;E0003;C0373;1;50,88;12,72;P008;shoe;Reebok;Casual;Elite;35;Deep Blue;false;50,88;63,6;12,72;0;0;12,72;20;;;;;;;;;;;;;;;;;;;;;;;;;;;;;;;;;;;;;;;;;;;;;
V000044;2024-07-26;12:28;S02;E0006;C0351;1;142,69;0;P026;shoe;Asics;Running;Air;43;Gold;true;142,69;142,69;0;0;0;0;0;;;;;;;;;;;;;;;;;;;;;;;;;;;;;;;;;;;;;;;;;;;;;
V000045;2024-10-14;09:03;S05;E0028;C0058;1;122,8;0;P048;shoe;Jordans;Casual;Air;45;Brown Bear;true;122,8;122,8;0;0;0;0;0;;;;;;;;;;;;;;;;;;;;;;;;;;;;;;;;;;;;;;;;;;;;;
V000046;2024-01-24;11:39;S05;E0034;C0291;1;80,36;0;P044;shoe;Nike;Basketball;Flex;32;Pink;false;80,36;80,36;0;0;0;0;0;;;;;;;;;;;;;;;;;;;;;;;;;;;;;;;;;;;;;;;;;;;;;
V000047;2024-10-07;14:08;S04;E0024;C0260;1;256,04;18,09;P073;shoe;Reebok;Limited Edition;Elite;39;Deep Blue;true;256,04;274,13;18,09;18,09;0;0;6,6;;;;;;;;;;;;;;;;;;;;;;;;;;;;;;;;;;;;;;;;;;;;;
V000048;2024-05-01;11:48;S06;E0038;C0321;1;101,66;0;P007;shoe;Adidas;Basketball;Max;33;Electric Blue;false;101,66;101,66;0;0;0;0;0;;;;;;;;;;;;;;;;;;;;;;;;;;;;;;;;;;;;;;;;;;;;;
V000049;2024-01-10;14:49;S08;E0048;C0008;1;104,48;0;P088;shoe;Adidas;Running;Zoom;36;Black;true;104,48;104,48;0;0;0;0;0;;;;;;;;;;;;;;;;;;;;;;;;;;;;;;;;;;;;;;;;;;;;;
V000050;2024-09-21;18:05;S05;E0027;C0036;1;106,19;0;P088;shoe;Adidas;Running;Zoom;36;Black;true;106,19;106,19;0;0;0;0;0;;;;;;;;;;;;;;;;;;;;;;;;;;;;;;;;;;;;;;;;;;;;;
V000051;2024-12-31;16:04;S08;E0048;C0117;2;65,68;13,1;P079;shoe;New Balance;Basketball;Flex;32;Deep Blue;true;56,96;70,06;13,1;0;13,1;0;18,7;A001;accessory;Accessoire;Sac de sport;Sac de sport;XS;Deep Blue;false;8,72;8,72;0;0;0;0;0;;;;;;;;;;;;;;;;;;;;;;;;;;;;;;
V000052;2024-10-14;16:30;S08;E0048;C0287;1;86,34;16,1;P038;shoe;Reebok;Training;Elite;33;Brown Bear;false;86,34;102,44;16,1;0;16,1;0;15,72;;;;;;;;;;;;;;;;;;;;;;;;;;;;;;;;;;;;;;;;;;;;;
V000053;2024-04-17;11:20;S03;E0017;C0387;2;113,37;0;P018;shoe;Nike;Casual;Air;42;Red Blood;true;82,16;82,16;0;0;0;0;0;A003;accessory;Accessoire;Tee-shirt;Tee-shirt;S;White;false;31,21;31,21;0;0;0;0;0;;;;;;;;;;;;;;;;;;;;;;;;;;;;;;
V000054;2024-11-04;13:40;S07;E0045;C0157;1;118,8;0;P088;shoe;Adidas;Running;Zoom;36;Black;true;118,8;118,8;0;0;0;0;0;;;;;;;;;;;;;;;;;;;;;;;;;;;;;;;;;;;;;;;;;;;;;
V000055;2024-11-28;13:02;S08;E0054;C0347;2;140;1,56;P086;shoe;Adidas;Casual;Zoom;44;Premium Black;false;124,12;124,12;0;0;0;0;0;A009;accessory;Accessoire;Lacets;Lacets;L;Classic Grey;false;15,88;17,44;1,56;1,56;0;0;8,94;;;;;;;;;;;;;;;;;;;;;;;;;;;;;;
V000056;2024-01-02;11:04;S08;E0053;C0300;1;87,58;0;P022;shoe;New Balance;Running;Pro;41;Deep Blue;false;87,58;87,58;0;0;0;0;0;;;;;;;;;;;;;;;;;;;;;;;;;;;;;;;;;;;;;;;;;;;;;
V000057;2024-09-04;11:36;S02;E0010;C0222;1;153,5;0;P006;shoe;Asics;Limited Edition;Air;36;Pink;false;153,5;153,5;0;0;0;0;0;;;;;;;;;;;;;;;;;;;;;;;;;;;;;;;;;;;;;;;;;;;;;
V000058;2024-09-18;16:09;S05;E0028;C0386;1;64,36;16;P044;shoe;Nike;Basketball;Flex;32;Pink;false;64,36;80,36;16;0;16;0;19,91;;;;;;;;;;;;;;;;;;;;;;;;;;;;;;;;;;;;;;;;;;;;;
V000059;2024-12-05;11:50;S06;E0039;C0077;1;108,72;20,85;P064;shoe;Puma;Training;Pro;41;Black;false;108,72;129,57;20,85;20,85;0;0;16,09;;;;;;;;;;;;;;;;;;;;;;;;;;;;;;;;;;;;;;;;;;;;;
V000060;2024-01-23;14:19;S04;E0024;C0370;2;175,42;0;P036;shoe;New Balance;Training;Flex;44;Sunny Yellow;false;165,62;165,62;0;0;0;0;0;A004;accessory;Accessoire;Bonnet;Bonnet;XS;Black;false;9,8;9,8;0;0;0;0;0;;;;;;;;;;;;;;;;;;;;;;;;;;;;;;
V000061;2024-04-18;12:21;S03;E0018;C0289;1;102,43;18,49;P076;shoe;Asics;Trail;Air;35;Premium Black;false;102,43;120,92;18,49;6,4;0;12,09;15,29;;;;;;;;;;;;;;;;;;;;;;;;;;;;;;;;;;;;;;;;;;;;;
V000062;2024-05-01;10:36;S08;E0052;C0334;1;117,8;0;P001;shoe;New Balance;Training;Max;41;Electric Blue;true;117,8;117,8;0;0;0;0;0;;;;;;;;;;;;;;;;;;;;;;;;;;;;;;;;;;;;;;;;;;;;;
V000063;2024-10-09;10:08;S05;E0034;C0354;1;137,47;0;P062;shoe;Nike;Limited Edition;Air;42;White;false;137,47;137,47;0;0;0;0;0;;;;;;;;;;;;;;;;;;;;;;;;;;;;;;;;;;;;;;;;;;;;;
V000064;2024-12-11;16:30;S06;E0037;C0168;1;186,4;0;P037;shoe;Puma;Limited Edition;Zoom;38;Gold;true;186,4;186,4;0;0;0;0;0;;;;;;;;;;;;;;;;;;;;;;;;;;;;;;;;;;;;;;;;;;;;;
V000065;2024-08-21;17:25;S08;E0048;C0391;1;151,32;0;P006;shoe;Asics;Limited Edition;Air;36;Pink;false;151,32;151,32;0;0;0;0;0;;;;;;;;;;;;;;;;;;;;;;;;;;;;;;;;;;;;;;;;;;;;;
V000066;2024-11-21;12:50;S05;E0031;C0258;1;91,48;0;P063;shoe;Nike;Casual;Max;40;Pink;true;91,48;91,48;0;0;0;0;0;;;;;;;;;;;;;;;;;;;;;;;;;;;;;;;;;;;;;;;;;;;;;
V000067;2024-04-19;18:35;S07;E0044;C0274;1;139;0;P070;shoe;Adidas;Casual;Pro;40;Deep Purple;false;139;139;0;0;0;0;0;;;;;;;;;;;;;;;;;;;;;;;;;;;;;;;;;;;;;;;;;;;;;
V000068;2024-01-18;14:48;S05;E0028;C0295;1;66,46;13,9;P044;shoe;Nike;Basketball;Flex;32;Pink;false;66,46;80,36;13,9;0;13,9;0;17,3;;;;;;;;;;;;;;;;;;;;;;;;;;;;;;;;;;;;;;;;;;;;;
V000069;2024-12-14;17:00;S05;E0035;C0228;1;125,59;11,88;P053;shoe;Nike;Limited Edition;Zoom;38;Deep Blue;false;125,59;137,47;11,88;11,88;0;0;8,64;;;;;;;;;;;;;;;;;;;;;;;;;;;;;;;;;;;;;;;;;;;;;
V000070;2024-11-07;16:17;S05;E0034;C0158;2;141,3;0;P047;shoe;Jordans;Trail;Air;37;Premium Black;true;132,28;132,28;0;0;0;0;0;A001;accessory;Accessoire;Sac de sport;Sac de sport;XS;Deep Blue;false;9,02;9,02;0;0;0;0;0;;;;;;;;;;;;;;;;;;;;;;;;;;;;;;
V000071;2024-01-13;10:18;S05;E0034;C0336;2;111,92;0;P044;shoe;Nike;Basketball;Flex;32;Pink;false;80,36;80,36;0;0;0;0;0;A007;accessory;Accessoire;Casquette;Casquette;M;Deep Blue;false;31,56;31,56;0;0;0;0;0;;;;;;;;;;;;;;;;;;;;;;;;;;;;;;
V000072;2024-09-18;12:11;S08;E0050;C0128;2;131,88;22,45;P076;shoe;Asics;Trail;Air;35;Premium Black;false;100,48;119,44;18,96;18,96;0;0;15,87;A006;accessory;Accessoire;Sac de sport;Sac de sport;XS;Black;false;31,4;34,89;3,49;0;0;3,49;10;;;;;;;;;;;;;;;;;;;;;;;;;;;;;;
V000073;2024-11-05;16:06;S03;E0015;C0113;1;99,63;0;P005;shoe;Nike;Casual;Max;33;Premium Black;false;99,63;99,63;0;0;0;0;0;;;;;;;;;;;;;;;;;;;;;;;;;;;;;;;;;;;;;;;;;;;;;
V000074;2024-01-15;14:00;S02;E0006;C0273;2;177,97;0;P020;shoe;Puma;Limited Edition;Zoom;33;Red Blood;false;155,68;155,68;0;0;0;0;0;A002;accessory;Accessoire;Lacets;Lacets;M;White;false;22,29;22,29;0;0;0;0;0;;;;;;;;;;;;;;;;;;;;;;;;;;;;;;
V000075;2024-09-04;17:23;S08;E0048;C0061;2;204,28;3,49;P073;shoe;Reebok;Limited Edition;Elite;39;Deep Blue;true;172,88;172,88;0;0;0;0;0;A006;accessory;Accessoire;Sac de sport;Sac de sport;XS;Black;false;31,4;34,89;3,49;0;0;3,49;10;;;;;;;;;;;;;;;;;;;;;;;;;;;;;;
V000076;2024-05-04;09:36;S05;E0034;C0019;1;130,88;0;P069;shoe;Jordans;Limited Edition;Zoom;33;Deep Blue;false;130,88;130,88;0;0;0;0;0;;;;;;;;;;;;;;;;;;;;;;;;;;;;;;;;;;;;;;;;;;;;;
V000077;2024-10-01;12:18;S08;E0051;C0175;1;172,88;0;P073;shoe;Reebok;Limited Edition;Elite;39;Deep Blue;true;172,88;172,88;0;0;0;0;0;;;;;;;;;;;;;;;;;;;;;;;;;;;;;;;;;;;;;;;;;;;;;
V000078;2024-08-08;15:44;S02;E0014;C0126;1;125,46;11,1;P053;shoe;Nike;Limited Edition;Zoom;38;Deep Blue;false;125,46;136,56;11,1;0;11,1;0;8,13;;;;;;;;;;;;;;;;;;;;;;;;;;;;;;;;;;;;;;;;;;;;;
V000079;2024-06-11;10:16;S08;E0047;C0055;1;104,48;0;P088;shoe;Adidas;Running;Zoom;36;Black;true;104,48;104,48;0;0;0;0;0;;;;;;;;;;;;;;;;;;;;;;;;;;;;;;;;;;;;;;;;;;;;;
V000080;2024-10-03;13:34;S03;E0015;C0364;1;99,63;0;P005;shoe;Nike;Casual;Max;33;Premium Black;false;99,63;99,63;0;0;0;0;0;;;;;;;;;;;;;;;;;;;;;;;;;;;;;;;;;;;;;;;;;;;;;
V000081;2024-06-22;18:23;S05;E0034;C0175;1;150,78;0;P052;shoe;Nike;Limited Edition;Max;30;Deep Purple;true;150,78;150,78;0;0;0;0;0;;;;;;;;;;;;;;;;;;;;;;;;;;;;;;;;;;;;;;;;;;;;;
V000082;2024-04-17;15:36;S08;E0054;C0100;2;157,32;0,87;P026;shoe;Asics;Running;Air;43;Gold;true;140,75;140,75;0;0;0;0;0;A010;accessory;Accessoire;Tee-shirt;Tee-shirt;XL;Black;false;16,57;17,44;0,87;0;0;0,87;4,99;;;;;;;;;;;;;;;;;;;;;;;;;;;;;;
V000083;2024-01-31;13:24;S05;E0033;C0183;1;137,47;0;P062;shoe;Nike;Limited Edition;Air;42;White;false;137,47;137,47;0;0;0;0;0;;;;;;;;;;;;;;;;;;;;;;;;;;;;;;;;;;;;;;;;;;;;;
V000084;2024-08-22;09:12;S07;E0043;C0275;1;246,05;12,95;P080;shoe;New Balance;Limited Edition;Flex;38;Black;false;246,05;259;12,95;0;0;12,95;5;;;;;;;;;;;;;;;;;;;;;;;;;;;;;;;;;;;;;;;;;;;;;
V000085;2024-06-03;10:42;S07;E0042;C0111;2;154;0;P070;shoe;Adidas;Casual;Pro;40;Deep Purple;false;139;139;0;0;0;0;0;A011;accessory;Accessoire;Casquette;Casquette;L;Classic Grey;false;15;15;0;0;0;0;0;;;;;;;;;;;;;;;;;;;;;;;;;;;;;;
V000086;2024-09-13;11:23;S03;E0015;C0281;1;129,73;6,83;P062;shoe;Nike;Limited Edition;Air;42;White;false;129,73;136,56;6,83;0;0;6,83;5;;;;;;;;;;;;;;;;;;;;;;;;;;;;;;;;;;;;;;;;;;;;;
V000087;2024-12-02;10:48;S07;E0043;C0288;2;289;0;P025;shoe;Asics;Trail;Flex;36;Sunny Yellow;false;60;60;0;0;0;0;0;P006;shoe;Asics;Limited Edition;Air;36;Pink;false;229;229;0;0;0;0;0;;;;;;;;;;;;;;;;;;;;;;;;;;;;;;
V000088;2024-12-07;11:12;S05;E0028;C0120;1;122,8;0;P048;shoe;Jordans;Casual;Air;45;Brown Bear;true;122,8;122,8;0;0;0;0;0;;;;;;;;;;;;;;;;;;;;;;;;;;;;;;;;;;;;;;;;;;;;;
V000089;2024-09-23;18:57;S07;E0045;C0246;1;98,89;11,11;P017;shoe;New Balance;Trail;Zoom;40;Classic Grey;false;98,89;110;11,11;11,11;0;0;10,1;;;;;;;;;;;;;;;;;;;;;;;;;;;;;;;;;;;;;;;;;;;;;
V000090;2024-12-19;18:47;S05;E0028;C0379;1;112,87;9,93;P048;shoe;Jordans;Casual;Air;45;Brown Bear;true;112,87;122,8;9,93;9,93;0;0;8,09;;;;;;;;;;;;;;;;;;;;;;;;;;;;;;;;;;;;;;;;;;;;;
V000091;2024-07-19;09:44;S08;E0048;C0248;1;172,88;0;P073;shoe;Reebok;Limited Edition;Elite;39;Deep Blue;true;172,88;172,88;0;0;0;0;0;;;;;;;;;;;;;;;;;;;;;;;;;;;;;;;;;;;;;;;;;;;;;
V000092;2024-09-02;11:13;S07;E0045;C0375;1;175;0;P031;shoe;Puma;Limited Edition;Elite;32;Black;false;175;175;0;0;0;0;0;;;;;;;;;;;;;;;;;;;;;;;;;;;;;;;;;;;;;;;;;;;;;
V000093;2024-11-20;13:12;S03;E0018;C0210;1;142,69;0;P026;shoe;Asics;Running;Air;43;Gold;true;142,69;142,69;0;0;0;0;0;;;;;;;;;;;;;;;;;;;;;;;;;;;;;;;;;;;;;;;;;;;;;
V000094;2024-08-19;10:29;S03;E0017;C0351;1;91,08;0;P063;shoe;Nike;Casual;Max;40;Pink;true;91,08;91,08;0;0;0;0;0;;;;;;;;;;;;;;;;;;;;;;;;;;;;;;;;;;;;;;;;;;;;;
V000095;2024-12-02;14:20;S08;E0053;C0218;1;172,88;0;P073;shoe;Reebok;Limited Edition;Elite;39;Deep Blue;true;172,88;172,88;0;0;0;0;0;;;;;;;;;;;;;;;;;;;;;;;;;;;;;;;;;;;;;;;;;;;;;
V000096;2024-07-29;18:19;S04;E0026;C0291;1;117,4;13,92;P081;shoe;Adidas;Basketball;Max;32;Black;false;117,4;131,32;13,92;13,92;0;0;10,6;;;;;;;;;;;;;;;;;;;;;;;;;;;;;;;;;;;;;;;;;;;;;
V000097;2024-08-15;17:44;S08;E0052;C0335;1;87,58;0;P034;shoe;Jordans;Running;Zoom;38;Deep Purple;false;87,58;87,58;0;0;0;0;0;;;;;;;;;;;;;;;;;;;;;;;;;;;;;;;;;;;;;;;;;;;;;
V000098;2024-12-11;09:06;S03;E0018;C0013;2;118,68;11,7;P087;shoe;Asics;Training;Elite;39;Black;false;105,3;117;11,7;0;0;11,7;10;A011;accessory;Accessoire;Casquette;Casquette;L;Classic Grey;false;13,38;13,38;0;0;0;0;0;;;;;;;;;;;;;;;;;;;;;;;;;;;;;;
V000099;2024-12-25;10:47;S06;E0040;C0238;1;93,64;0;P063;shoe;Nike;Casual;Max;40;Pink;true;93,64;93,64;0;0;0;0;0;;;;;;;;;;;;;;;;;;;;;;;;;;;;;;;;;;;;;;;;;;;;;
V000100;2024-09-24;16:56;S02;E0009;C0017;2;306;6,37;P039;shoe;Puma;Trail;Flex;38;Deep Purple;false;121,07;127,44;6,37;0;0;6,37;5;P037;shoe;Puma;Limited Edition;Zoom;38;Gold;true;184,93;184,93;0;0;0;0;0;;;;;;;;;;;;;;;;;;;;;;;;;;;;;;
V000101;2024-12-31;17:01;S07;E0042;C0200;1;79;0;P022;shoe;New Balance;Running;Pro;41;Deep Blue;false;79;79;0;0;0;0;0;;;;;;;;;;;;;;;;;;;;;;;;;;;;;;;;;;;;;;;;;;;;;
V000102;2024-10-07;18:28;S05;E0034;C0124;2;95,69;2,7;P014;shoe;Adidas;Basketball;Flex;30;Brown Bear;false;80,36;80,36;0;0;0;0;0;A012;accessory;Accessoire;Lacets;Lacets;XL;White;false;15,33;18,03;2,7;0;0;2,7;14,98;;;;;;;;;;;;;;;;;;;;;;;;;;;;;;
V000103;2024-09-23;18:54;S08;E0049;C0374;1;87,58;0;P022;shoe;New Balance;Running;Pro;41;Deep Blue;false;87,58;87,58;0;0;0;0;0;;;;;;;;;;;;;;;;;;;;;;;;;;;;;;;;;;;;;;;;;;;;;
V000104;2024-06-27;18:10;S08;E0050;C0163;1;121,57;0;P015;shoe;Asics;Training;Air;45;Deep Purple;false;121,57;121,57;0;0;0;0;0;;;;;;;;;;;;;;;;;;;;;;;;;;;;;;;;;;;;;;;;;;;;;
V000105;2024-09-21;17:57;S05;E0031;C0162;1;66,06;11,66;P033;shoe;Jordans;Running;Max;31;Red Blood;false;66,06;77,72;11,66;0;0;11,66;15;;;;;;;;;;;;;;;;;;;;;;;;;;;;;;;;;;;;;;;;;;;;;
V000106;2024-10-21;10:12;S06;E0040;C0407;1;82,77;0;P040;shoe;Nike;Trail;Zoom;44;Black;false;82,77;82,77;0;0;0;0;0;;;;;;;;;;;;;;;;;;;;;;;;;;;;;;;;;;;;;;;;;;;;;
V000107;2024-10-12;15:46;S05;E0027;C0012;1;69,38;0;P066;shoe;Adidas;Casual;Air;34;Black;false;69,38;69,38;0;0;0;0;0;;;;;;;;;;;;;;;;;;;;;;;;;;;;;;;;;;;;;;;;;;;;;
V000108;2024-09-19;15:30;S07;E0044;C0399;2;201,92;27,2;P001;shoe;New Balance;Training;Max;41;Electric Blue;true;122,92;150,12;27,2;0;27,2;0;18,12;P022;shoe;New Balance;Running;Pro;41;Deep Blue;false;79;79;0;0;0;0;0;;;;;;;;;;;;;;;;;;;;;;;;;;;;;;
V000109;2024-09-03;18:38;S04;E0024;C0303;1;274,13;0;P073;shoe;Reebok;Limited Edition;Elite;39;Deep Blue;true;274,13;274,13;0;0;0;0;0;;;;;;;;;;;;;;;;;;;;;;;;;;;;;;;;;;;;;;;;;;;;;
V000110;2024-10-07;10:22;S04;E0023;C0306;1;115,11;21,11;P070;shoe;Adidas;Casual;Pro;40;Deep Purple;false;115,11;136,22;21,11;21,11;0;0;15,5;;;;;;;;;;;;;;;;;;;;;;;;;;;;;;;;;;;;;;;;;;;;;
V000111;2024-03-27;14:09;S04;E0023;C0222;1;116,42;0;P088;shoe;Adidas;Running;Zoom;36;Black;true;116,42;116,42;0;0;0;0;0;;;;;;;;;;;;;;;;;;;;;;;;;;;;;;;;;;;;;;;;;;;;;
V000112;2024-11-26;13:59;S07;E0045;C0054;2;254;0;P020;shoe;Puma;Limited Edition;Zoom;33;Red Blood;false;234;234;0;0;0;0;0;A010;accessory;Accessoire;Tee-shirt;Tee-shirt;XL;Black;false;20;20;0;0;0;0;0;;;;;;;;;;;;;;;;;;;;;;;;;;;;;;
V000113;2024-03-22;16:56;S06;E0040;C0365;1;74,6;8,17;P060;shoe;Puma;Casual;Flex;44;Deep Blue;false;74,6;82,77;8,17;8,17;0;0;9,87;;;;;;;;;;;;;;;;;;;;;;;;;;;;;;;;;;;;;;;;;;;;;
V000114;2024-07-09;16:19;S06;E0039;C0321;1;72,03;0;P066;shoe;Adidas;Casual;Air;34;Black;false;72,03;72,03;0;0;0;0;0;;;;;;;;;;;;;;;;;;;;;;;;;;;;;;;;;;;;;;;;;;;;;
V000115;2024-02-13;17:13;S08;E0052;C0372;1;100,75;0;P009;shoe;Asics;Trail;Flex;40;Red Blood;false;100,75;100,75;0;0;0;0;0;;;;;;;;;;;;;;;;;;;;;;;;;;;;;;;;;;;;;;;;;;;;;
V000116;2024-08-14;12:15;S03;E0020;C0170;1;75,08;13,25;P029;shoe;Adidas;Basketball;Zoom;45;Brown Bear;false;75,08;88,33;13,25;0;0;13,25;15;;;;;;;;;;;;;;;;;;;;;;;;;;;;;;;;;;;;;;;;;;;;;
V000117;2024-08-15;14:16;S04;E0023;C0017;1;131,32;0;P081;shoe;Adidas;Basketball;Max;32;Black;false;131,32;131,32;0;0;0;0;0;;;;;;;;;;;;;;;;;;;;;;;;;;;;;;;;;;;;;;;;;;;;;
V000118;2024-01-12;12:00;S02;E0010;C0199;1;117;0;P077;shoe;Puma;Basketball;Zoom;39;Brown Bear;false;117;117;0;0;0;0;0;;;;;;;;;;;;;;;;;;;;;;;;;;;;;;;;;;;;;;;;;;;;;
V000119;2024-08-23;14:31;S02;E0009;C0278;2;104,28;9,09;P063;shoe;Nike;Casual;Max;40;Pink;true;81,99;91,08;9,09;9,09;0;0;9,98;A008;accessory;Accessoire;Bonnet;Bonnet;XS;White;false;22,29;22,29;0;0;0;0;0;;;;;;;;;;;;;;;;;;;;;;;;;;;;;;
V000120;2024-12-10;13:18;S08;E0053;C0008;1;172,88;0;P073;shoe;Reebok;Limited Edition;Elite;39;Deep Blue;true;172,88;172,88;0;0;0;0;0;;;;;;;;;;;;;;;;;;;;;;;;;;;;;;;;;;;;;;;;;;;;;
V000121;2024-11-19;09:52;S03;E0020;C0240;2;211,9;6,82;P018;shoe;Nike;Casual;Air;42;Red Blood;true;75,34;82,16;6,82;6,82;0;0;8,3;P062;shoe;Nike;Limited Edition;Air;42;White;false;136,56;136,56;0;0;0;0;0;;;;;;;;;;;;;;;;;;;;;;;;;;;;;;
V000122;2024-02-29;09:27;S02;E0006;C0211;1;149,74;0;P052;shoe;Nike;Limited Edition;Max;30;Deep Purple;true;149,74;149,74;0;0;0;0;0;;;;;;;;;;;;;;;;;;;;;;;;;;;;;;;;;;;;;;;;;;;;;
V000123;2024-04-19;17:34;S02;E0011;C0276;1;82,16;0;P018;shoe;Nike;Casual;Air;42;Red Blood;true;82,16;82,16;0;0;0;0;0;;;;;;;;;;;;;;;;;;;;;;;;;;;;;;;;;;;;;;;;;;;;;
V000124;2024-07-29;16:05;S02;E0006;C0291;1;89,21;38,23;P016;shoe;Puma;Basketball;Flex;44;Brown Bear;false;89,21;127,44;38,23;0;0;38,23;30;;;;;;;;;;;;;;;;;;;;;;;;;;;;;;;;;;;;;;;;;;;;;
V000125;2024-08-12;18:34;S02;E0014;C0020;1;80,07;0;P060;shoe;Puma;Casual;Flex;44;Deep Blue;false;80,07;80,07;0;0;0;0;0;;;;;;;;;;;;;;;;;;;;;;;;;;;;;;;;;;;;;;;;;;;;;
V000126;2024-06-06;13:58;S06;E0039;C0223;1;76,85;16,79;P063;shoe;Nike;Casual;Max;40;Pink;true;76,85;93,64;16,79;16,79;0;0;17,93;;;;;;;;;;;;;;;;;;;;;;;;;;;;;;;;;;;;;;;;;;;;;
V000127;2024-07-30;17:47;S01;E0002;C0299;1;173,84;0;P021;shoe;Reebok;Casual;Air;32;Gold;false;173,84;173,84;0;0;0;0;0;;;;;;;;;;;;;;;;;;;;;;;;;;;;;;;;;;;;;;;;;;;;;
V000128;2024-10-23;15:33;S02;E0012;C0335;1;131,78;0;P041;shoe;Puma;Trail;Pro;39;Premium Black;false;131,78;131,78;0;0;0;0;0;;;;;;;;;;;;;;;;;;;;;;;;;;;;;;;;;;;;;;;;;;;;;
V000129;2024-06-14;10:32;S06;E0037;C0095;1;112,33;19,82;P031;shoe;Puma;Limited Edition;Elite;32;Black;false;112,33;132,15;19,82;0;0;19,82;15;;;;;;;;;;;;;;;;;;;;;;;;;;;;;;;;;;;;;;;;;;;;;
V000130;2024-12-20;17:26;S03;E0017;C0332;1;81,55;18,08;P005;shoe;Nike;Casual;Max;33;Premium Black;false;81,55;99,63;18,08;18,08;0;0;18,15;;;;;;;;;;;;;;;;;;;;;;;;;;;;;;;;;;;;;;;;;;;;;
V000131;2024-11-05;16:55;S05;E0032;C0143;1;117,26;0;P043;shoe;Adidas;Running;Max;32;Pink;false;117,26;117,26;0;0;0;0;0;;;;;;;;;;;;;;;;;;;;;;;;;;;;;;;;;;;;;;;;;;;;;
V000132;2024-02-01;10:13;S03;E0020;C0348;1;91,08;0;P063;shoe;Nike;Casual;Max;40;Pink;true;91,08;91,08;0;0;0;0;0;;;;;;;;;;;;;;;;;;;;;;;;;;;;;;;;;;;;;;;;;;;;;
V000133;2024-12-14;11:31;S05;E0034;C0341;1;117,7;0;P023;shoe;Adidas;Basketball;Zoom;38;Pink;false;117,7;117,7;0;0;0;0;0;;;;;;;;;;;;;;;;;;;;;;;;;;;;;;;;;;;;;;;;;;;;;
V000134;2024-11-13;11:27;S01;E0002;C0306;2;121,37;5,83;P061;shoe;Reebok;Casual;Pro;41;White;false;110,77;116,6;5,83;0;0;5,83;5;A001;accessory;Accessoire;Sac de sport;Sac de sport;XS;Deep Blue;false;10,6;10,6;0;0;0;0;0;;;;;;;;;;;;;;;;;;;;;;;;;;;;;;
V000135;2024-04-17;18:45;S04;E0024;C0035;2;61,54;0;P079;shoe;New Balance;Basketball;Flex;32;Deep Blue;true;37,04;37,04;0;0;0;0;0;A005;accessory;Accessoire;Bonnet;Bonnet;M;Deep Blue;false;24,5;24,5;0;0;0;0;0;;;;;;;;;;;;;;;;;;;;;;;;;;;;;;
V000136;2024-03-15;11:14;S05;E0033;C0234;2;209,79;10,15;P062;shoe;Nike;Limited Edition;Air;42;White;false;137,47;137,47;0;0;0;0;0;P018;shoe;Nike;Casual;Air;42;Red Blood;true;72,32;82,47;10,15;10,15;0;0;12,31;;;;;;;;;;;;;;;;;;;;;;;;;;;;;;
V000137;2024-05-16;09:15;S04;E0026;C0347;1;77,42;0;P029;shoe;Adidas;Basketball;Zoom;45;Brown Bear;false;77,42;77,42;0;0;0;0;0;;;;;;;;;;;;;;;;;;;;;;;;;;;;;;;;;;;;;;;;;;;;;
V000138;2024-07-29;10:25;S05;E0028;C0324;1;106,19;0;P088;shoe;Adidas;Running;Zoom;36;Black;true;106,19;106,19;0;0;0;0;0;;;;;;;;;;;;;;;;;;;;;;;;;;;;;;;;;;;;;;;;;;;;;
V000139;2024-01-08;12:42;S05;E0028;C0379;1;137,47;0;P053;shoe;Nike;Limited Edition;Zoom;38;Deep Blue;false;137,47;137,47;0;0;0;0;0;;;;;;;;;;;;;;;;;;;;;;;;;;;;;;;;;;;;;;;;;;;;;
V000140;2024-04-06;09:48;S05;E0028;C0241;1;112,98;17,9;P069;shoe;Jordans;Limited Edition;Zoom;33;Deep Blue;false;112,98;130,88;17,9;0;17,9;0;13,68;;;;;;;;;;;;;;;;;;;;;;;;;;;;;;;;;;;;;;;;;;;;;
V000141;2024-10-28;14:16;S02;E0014;C0409;1;80,07;0;P060;shoe;Puma;Casual;Flex;44;Deep Blue;false;80,07;80,07;0;0;0;0;0;;;;;;;;;;;;;;;;;;;;;;;;;;;;;;;;;;;;;;;;;;;;;
V000142;2024-03-27;13:18;S06;E0037;C0150;1;138,59;0;P062;shoe;Nike;Limited Edition;Air;42;White;false;138,59;138,59;0;0;0;0;0;;;;;;;;;;;;;;;;;;;;;;;;;;;;;;;;;;;;;;;;;;;;;
V000143;2024-10-22;13:00;S01;E0001;C0119;1;296,5;0;P073;shoe;Reebok;Limited Edition;Elite;39;Deep Blue;true;296,5;296,5;0;0;0;0;0;;;;;;;;;;;;;;;;;;;;;;;;;;;;;;;;;;;;;;;;;;;;;
V000144;2024-03-29;09:30;S07;E0043;C0135;2;165,24;14,76;P067;shoe;Adidas;Running;Pro;30;Light Green;false;105,24;120;14,76;14,76;0;0;12,3;P014;shoe;Adidas;Basketball;Flex;30;Brown Bear;false;60;60;0;0;0;0;0;;;;;;;;;;;;;;;;;;;;;;;;;;;;;;
V000145;2024-03-12;16:05;S08;E0049;C0322;2;224,87;0;P061;shoe;Reebok;Casual;Pro;41;White;false;100,75;100,75;0;0;0;0;0;P065;shoe;Reebok;Trail;Flex;41;Premium Black;false;124,12;124,12;0;0;0;0;0;;;;;;;;;;;;;;;;;;;;;;;;;;;;;;
V000146;2024-10-28;15:03;S05;E0033;C0029;2;152,4;11,9;P052;shoe;Nike;Limited Edition;Max;30;Deep Purple;true;140,23;150,78;10,55;0;0;10,55;7;A011;accessory;Accessoire;Casquette;Casquette;L;Classic Grey;false;12,17;13,52;1,35;0;0;1,35;9,99;;;;;;;;;;;;;;;;;;;;;;;;;;;;;;
V000147;2024-06-05;17:32;S01;E0001;C0252;1;120,84;0;P038;shoe;Reebok;Training;Elite;33;Brown Bear;false;120,84;120,84;0;0;0;0;0;;;;;;;;;;;;;;;;;;;;;;;;;;;;;;;;;;;;;;;;;;;;;
V000148;2024-11-13;11:18;S03;E0020;C0086;3;140,41;0,89;P088;shoe;Adidas;Running;Zoom;36;Black;true;105,62;105,62;0;0;0;0;0;A009;accessory;Accessoire;Lacets;Lacets;L;Classic Grey;false;17,84;17,84;0;0;0;0;0;A012;accessory;Accessoire;Lacets;Lacets;XL;White;false;16,95;17,84;0,89;0;0;0,89;4,99;;;;;;;;;;;;;;;
V000149;2024-05-15;09:00;S05;E0034;C0100;1;106,19;0;P088;shoe;Adidas;Running;Zoom;36;Black;true;106,19;106,19;0;0;0;0;0;;;;;;;;;;;;;;;;;;;;;;;;;;;;;;;;;;;;;;;;;;;;;
V000150;2024-08-01;17:01;S01;E0005;C0176;1;296,5;0;P073;shoe;Reebok;Limited Edition;Elite;39;Deep Blue;true;296,5;296,5;0;0;0;0;0;;;;;;;;;;;;;;;;;;;;;;;;;;;;;;;;;;;;;;;;;;;;;
V000151;2024-06-12;17:07;S05;E0028;C0190;1;132,28;0;P047;shoe;Jordans;Trail;Air;37;Premium Black;true;132,28;132,28;0;0;0;0;0;;;;;;;;;;;;;;;;;;;;;;;;;;;;;;;;;;;;;;;;;;;;;
V000152;2024-11-04;18:32;S05;E0030;C0048;2;154,82;0;P047;shoe;Jordans;Trail;Air;37;Premium Black;true;132,28;132,28;0;0;0;0;0;A005;accessory;Accessoire;Bonnet;Bonnet;M;Deep Blue;false;22,54;22,54;0;0;0;0;0;;;;;;;;;;;;;;;;;;;;;;;;;;;;;;
V000153;2024-06-27;14:52;S06;E0040;C0318;1;82,77;0;P040;shoe;Nike;Trail;Zoom;44;Black;false;82,77;82,77;0;0;0;0;0;;;;;;;;;;;;;;;;;;;;;;;;;;;;;;;;;;;;;;;;;;;;;
V000154;2024-01-02;09:27;S03;E0018;C0157;2;233,57;0;P006;shoe;Asics;Limited Edition;Air;36;Pink;false;153,5;153,5;0;0;0;0;0;P025;shoe;Asics;Trail;Flex;36;Sunny Yellow;false;80,07;80,07;0;0;0;0;0;;;;;;;;;;;;;;;;;;;;;;;;;;;;;;
V000155;2024-09-13;16:39;S04;E0023;C0168;1;256,33;17,8;P073;shoe;Reebok;Limited Edition;Elite;39;Deep Blue;true;256,33;274,13;17,8;0;17,8;0;6,49;;;;;;;;;;;;;;;;;;;;;;;;;;;;;;;;;;;;;;;;;;;;;
V000156;2024-06-14;15:03;S05;E0034;C0356;2;128,73;0;P088;shoe;Adidas;Running;Zoom;36;Black;true;106,19;106,19;0;0;0;0;0;A002;accessory;Accessoire;Lacets;Lacets;M;White;false;22,54;22,54;0;0;0;0;0;;;;;;;;;;;;;;;;;;;;;;;;;;;;;;
V000157;2024-05-21;16:10;S05;E0033;C0248;1;150,78;0;P052;shoe;Nike;Limited Edition;Max;30;Deep Purple;true;150,78;150,78;0;0;0;0;0;;;;;;;;;;;;;;;;;;;;;;;;;;;;;;;;;;;;;;;;;;;;;
V000158;2024-12-05;09:14;S02;E0006;C0149;1;127,44;0;P016;shoe;Puma;Basketball;Flex;44;Brown Bear;false;127,44;127,44;0;0;0;0;0;;;;;;;;;;;;;;;;;;;;;;;;;;;;;;;;;;;;;;;;;;;;;
V000159;2024-11-02;15:29;S04;E0025;C0397;1;77,42;0;P029;shoe;Adidas;Basketball;Zoom;45;Brown Bear;false;77,42;77,42;0;0;0;0;0;;;;;;;;;;;;;;;;;;;;;;;;;;;;;;;;;;;;;;;;;;;;;
V000160;2024-02-19;18:04;S05;E0028;C0055;1;88,7;0;P034;shoe;Jordans;Running;Zoom;38;Deep Purple;false;88,7;88,7;0;0;0;0;0;;;;;;;;;;;;;;;;;;;;;;;;;;;;;;;;;;;;;;;;;;;;;
V000161;2024-10-18;13:55;S08;E0047;C0102;1;63,6;15,9;P051;shoe;Jordans;Trail;Elite;31;Sunny Yellow;false;63,6;79,5;15,9;0;0;15,9;20;;;;;;;;;;;;;;;;;;;;;;;;;;;;;;;;;;;;;;;;;;;;;
V000162;2024-02-06;10:49;S07;E0045;C0246;1;144,05;14,95;P011;shoe;New Balance;Running;Max;38;Electric Blue;false;144,05;159;14,95;14,95;0;0;9,4;;;;;;;;;;;;;;;;;;;;;;;;;;;;;;;;;;;;;;;;;;;;;
V000163;2024-05-18;10:02;S04;E0026;C0356;1;55,86;2,94;P008;shoe;Reebok;Casual;Elite;35;Deep Blue;false;55,86;58,8;2,94;0;0;2,94;5;;;;;;;;;;;;;;;;;;;;;;;;;;;;;;;;;;;;;;;;;;;;;
V000164;2024-09-25;09:03;S08;E0052;C0184;1;134,32;0;P084;shoe;Reebok;Trail;Air;44;Premium Black;false;134,32;134,32;0;0;0;0;0;;;;;;;;;;;;;;;;;;;;;;;;;;;;;;;;;;;;;;;;;;;;;
V000165;2024-08-02;13:15;S08;E0054;C0316;2;148,33;0;P027;shoe;Jordans;Trail;Flex;40;Pink;true;117,8;117,8;0;0;0;0;0;A003;accessory;Accessoire;Tee-shirt;Tee-shirt;S;White;false;30,53;30,53;0;0;0;0;0;;;;;;;;;;;;;;;;;;;;;;;;;;;;;;
V000166;2024-12-11;13:43;S08;E0051;C0015;1;172,88;0;P073;shoe;Reebok;Limited Edition;Elite;39;Deep Blue;true;172,88;172,88;0;0;0;0;0;;;;;;;;;;;;;;;;;;;;;;;;;;;;;;;;;;;;;;;;;;;;;
V000167;2024-12-28;16:38;S04;E0026;C0003;1;58,8;0;P008;shoe;Reebok;Casual;Elite;35;Deep Blue;false;58,8;58,8;0;0;0;0;0;;;;;;;;;;;;;;;;;;;;;;;;;;;;;;;;;;;;;;;;;;;;;
V000168;2024-05-23;17:38;S06;E0038;C0390;1;122,57;16,02;P062;shoe;Nike;Limited Edition;Air;42;White;false;122,57;138,59;16,02;16,02;0;0;11,56;;;;;;;;;;;;;;;;;;;;;;;;;;;;;;;;;;;;;;;;;;;;;
V000169;2024-11-21;15:00;S08;E0049;C0035;1;93,02;22,6;P024;shoe;New Balance;Trail;Max;38;Electric Blue;false;93,02;115,62;22,6;0;22,6;0;19,55;;;;;;;;;;;;;;;;;;;;;;;;;;;;;;;;;;;;;;;;;;;;;
V000170;2024-03-05;11:27;S05;E0029;C0054;1;84,19;22;P088;shoe;Adidas;Running;Zoom;36;Black;true;84,19;106,19;22;0;22;0;20,72;;;;;;;;;;;;;;;;;;;;;;;;;;;;;;;;;;;;;;;;;;;;;
V000171;2024-09-19;13:53;S02;E0014;C0006;1;124,54;31,14;P020;shoe;Puma;Limited Edition;Zoom;33;Red Blood;false;124,54;155,68;31,14;0;0;31,14;20;;;;;;;;;;;;;;;;;;;;;;;;;;;;;;;;;;;;;;;;;;;;;
V000172;2024-11-13;17:01;S04;E0026;C0096;1;185,22;0;P084;shoe;Reebok;Trail;Air;44;Premium Black;false;185,22;185,22;0;0;0;0;0;;;;;;;;;;;;;;;;;;;;;;;;;;;;;;;;;;;;;;;;;;;;;
V000173;2024-05-21;16:21;S05;E0031;C0329;2;81,86;23,14;P063;shoe;Nike;Casual;Max;40;Pink;true;69,69;91,48;21,79;8,89;12,9;0;23,82;A011;accessory;Accessoire;Casquette;Casquette;L;Classic Grey;false;12,17;13,52;1,35;0;0;1,35;9,99;;;;;;;;;;;;;;;;;;;;;;;;;;;;;;
V000174;2024-10-14;15:14;S05;E0035;C0170;1;112,87;0;P081;shoe;Adidas;Basketball;Max;32;Black;false;112,87;112,87;0;0;0;0;0;;;;;;;;;;;;;;;;;;;;;;;;;;;;;;;;;;;;;;;;;;;;;
V000175;2024-11-21;12:16;S07;E0043;C0200;1;200;0;P003;shoe;New Balance;Limited Edition;Max;40;Electric Blue;false;200;200;0;0;0;0;0;;;;;;;;;;;;;;;;;;;;;;;;;;;;;;;;;;;;;;;;;;;;;
V000176;2024-04-18;16:48;S08;E0051;C0288;2;230,82;0;P006;shoe;Asics;Limited Edition;Air;36;Pink;false;151,32;151,32;0;0;0;0;0;P025;shoe;Asics;Trail;Flex;36;Sunny Yellow;false;79,5;79,5;0;0;0;0;0;;;;;;;;;;;;;;;;;;;;;;;;;;;;;;
V000177;2024-06-28;13:53;S06;E0040;C0268;1;151,61;0;P052;shoe;Nike;Limited Edition;Max;30;Deep Purple;true;151,61;151,61;0;0;0;0;0;;;;;;;;;;;;;;;;;;;;;;;;;;;;;;;;;;;;;;;;;;;;;
V000178;2024-05-31;14:07;S08;E0048;C0341;1;117,8;0;P027;shoe;Jordans;Trail;Flex;40;Pink;true;117,8;117,8;0;0;0;0;0;;;;;;;;;;;;;;;;;;;;;;;;;;;;;;;;;;;;;;;;;;;;;
V000179;2024-04-30;12:03;S02;E0006;C0344;1;127,44;0;P058;shoe;Asics;Basketball;Air;45;Pink;false;127,44;127,44;0;0;0;0;0;;;;;;;;;;;;;;;;;;;;;;;;;;;;;;;;;;;;;;;;;;;;;
V000180;2024-03-19;11:58;S08;E0050;C0157;1;104,48;0;P088;shoe;Adidas;Running;Zoom;36;Black;true;104,48;104,48;0;0;0;0;0;;;;;;;;;;;;;;;;;;;;;;;;;;;;;;;;;;;;;;;;;;;;;
V000181;2024-12-11;11:41;S03;E0018;C0396;1;153,5;0;P006;shoe;Asics;Limited Edition;Air;36;Pink;false;153,5;153,5;0;0;0;0;0;;;;;;;;;;;;;;;;;;;;;;;;;;;;;;;;;;;;;;;;;;;;;
V000182;2024-06-07;17:54;S06;E0038;C0026;1;68,43;16,4;P018;shoe;Nike;Casual;Air;42;Red Blood;true;68,43;84,83;16,4;16,4;0;0;19,33;;;;;;;;;;;;;;;;;;;;;;;;;;;;;;;;;;;;;;;;;;;;;
V000183;2024-11-15;13:44;S07;E0042;C0400;1;129,6;0;P083;shoe;New Balance;Trail;Flex;33;Brown Bear;true;129,6;129,6;0;0;0;0;0;;;;;;;;;;;;;;;;;;;;;;;;;;;;;;;;;;;;;;;;;;;;;
V000184;2024-07-08;16:03;S04;E0024;C0084;1;274,13;0;P073;shoe;Reebok;Limited Edition;Elite;39;Deep Blue;true;274,13;274,13;0;0;0;0;0;;;;;;;;;;;;;;;;;;;;;;;;;;;;;;;;;;;;;;;;;;;;;
V000185;2024-11-14;14:57;S03;E0017;C0119;1;149,74;0;P052;shoe;Nike;Limited Edition;Max;30;Deep Purple;true;149,74;149,74;0;0;0;0;0;;;;;;;;;;;;;;;;;;;;;;;;;;;;;;;;;;;;;;;;;;;;;
V000186;2024-01-12;12:00;S05;E0035;C0076;2;118,16;0;P005;shoe;Nike;Casual;Max;33;Premium Black;false;100,13;100,13;0;0;0;0;0;A012;accessory;Accessoire;Lacets;Lacets;XL;White;false;18,03;18,03;0;0;0;0;0;;;;;;;;;;;;;;;;;;;;;;;;;;;;;;
V000187;2024-04-04;16:32;S02;E0008;C0171;1;89,78;13,75;P082;shoe;Asics;Running;Air;34;Pink;false;89,78;103,53;13,75;13,75;0;0;13,28;;;;;;;;;;;;;;;;;;;;;;;;;;;;;;;;;;;;;;;;;;;;;
V000188;2024-06-25;16:45;S05;E0033;C0232;1;137,47;0;P053;shoe;Nike;Limited Edition;Zoom;38;Deep Blue;false;137,47;137,47;0;0;0;0;0;;;;;;;;;;;;;;;;;;;;;;;;;;;;;;;;;;;;;;;;;;;;;
V000189;2024-04-10;17:37;S08;E0048;C0045;1;70,06;0;P079;shoe;New Balance;Basketball;Flex;32;Deep Blue;true;70,06;70,06;0;0;0;0;0;;;;;;;;;;;;;;;;;;;;;;;;;;;;;;;;;;;;;;;;;;;;;
V000190;2024-12-27;09:51;S07;E0043;C0312;1;37,8;0;P079;shoe;New Balance;Basketball;Flex;32;Deep Blue;true;37,8;37,8;0;0;0;0;0;;;;;;;;;;;;;;;;;;;;;;;;;;;;;;;;;;;;;;;;;;;;;
V000191;2024-11-18;17:24;S06;E0039;C0073;2;132,35;0;P023;shoe;Adidas;Basketball;Zoom;38;Pink;false;119,27;119,27;0;0;0;0;0;A011;accessory;Accessoire;Casquette;Casquette;L;Classic Grey;false;13,08;13,08;0;0;0;0;0;;;;;;;;;;;;;;;;;;;;;;;;;;;;;;
V000192;2024-09-24;18:37;S05;E0028;C0125;1;76,34;4,02;P051;shoe;Jordans;Trail;Elite;31;Sunny Yellow;false;76,34;80,36;4,02;0;0;4,02;5;;;;;;;;;;;;;;;;;;;;;;;;;;;;;;;;;;;;;;;;;;;;;
V000193;2024-03-19;13:14;S04;E0026;C0005;1;118,12;8,89;P083;shoe;New Balance;Trail;Flex;33;Brown Bear;true;118,12;127,01;8,89;0;0;8,89;7;;;;;;;;;;;;;;;;;;;;;;;;;;;;;;;;;;;;;;;;;;;;;
V000194;2024-05-10;17:06;S06;E0038;C0095;1;70,97;11,8;P044;shoe;Nike;Basketball;Flex;32;Pink;false;70,97;82,77;11,8;0;11,8;0;14,26;;;;;;;;;;;;;;;;;;;;;;;;;;;;;;;;;;;;;;;;;;;;;
V000195;2024-08-05;16:01;S02;E0006;C0374;3;145,28;0;P064;shoe;Puma;Training;Pro;41;Black;false;127,44;127,44;0;0;0;0;0;A004;accessory;Accessoire;Bonnet;Bonnet;XS;Black;false;8,92;8,92;0;0;0;0;0;A001;accessory;Accessoire;Sac de sport;Sac de sport;XS;Deep Blue;false;8,92;8,92;0;0;0;0;0;;;;;;;;;;;;;;;
V000196;2024-09-18;17:32;S02;E0009;C0273;2;114,22;11,7;P087;shoe;Asics;Training;Elite;39;Black;false;105,3;117;11,7;0;0;11,7;10;A004;accessory;Accessoire;Bonnet;Bonnet;XS;Black;false;8,92;8,92;0;0;0;0;0;;;;;;;;;;;;;;;;;;;;;;;;;;;;;;
V000197;2024-04-02;11:24;S05;E0027;C0172;1;122,8;0;P048;shoe;Jordans;Casual;Air;45;Brown Bear;true;122,8;122,8;0;0;0;0;0;;;;;;;;;;;;;;;;;;;;;;;;;;;;;;;;;;;;;;;;;;;;;
V000198;2024-11-01;12:15;S06;E0040;C0109;1;89,74;38,12;P086;shoe;Adidas;Casual;Zoom;44;Premium Black;false;89,74;127,86;38,12;11,32;26,8;0;29,81;;;;;;;;;;;;;;;;;;;;;;;;;;;;;;;;;;;;;;;;;;;;;
V000199;2024-10-18;11:18;S05;E0027;C0241;1;77,72;0;P033;shoe;Jordans;Running;Max;31;Red Blood;false;77,72;77,72;0;0;0;0;0;;;;;;;;;;;;;;;;;;;;;;;;;;;;;;;;;;;;;;;;;;;;;
V000200;2024-07-15;16:06;S07;E0045;C0253;1;60;0;P057;shoe;Asics;Trail;Zoom;33;Brown Bear;false;60;60;0;0;0;0;0;;;;;;;;;;;;;;;;;;;;;;;;;;;;;;;;;;;;;;;;;;;;;
V000201;2024-02-27;18:55;S04;E0026;C0135;1;52,92;0;P042;shoe;New Balance;Basketball;Air;30;Sunny Yellow;false;52,92;52,92;0;0;0;0;0;;;;;;;;;;;;;;;;;;;;;;;;;;;;;;;;;;;;;;;;;;;;;
V000202;2024-04-24;15:40;S06;E0039;C0380;2;149,8;0;P077;shoe;Puma;Basketball;Zoom;39;Brown Bear;false;119,27;119,27;0;0;0;0;0;A003;accessory;Accessoire;Tee-shirt;Tee-shirt;S;White;false;30,53;30,53;0;0;0;0;0;;;;;;;;;;;;;;;;;;;;;;;;;;;;;;
V000203;2024-12-04;15:47;S02;E0014;C0258;3;148,68;0;P005;shoe;Nike;Casual;Max;33;Premium Black;false;99,63;99,63;0;0;0;0;0;A009;accessory;Accessoire;Lacets;Lacets;L;Classic Grey;false;17,84;17,84;0;0;0;0;0;A003;accessory;Accessoire;Tee-shirt;Tee-shirt;S;White;false;31,21;31,21;0;0;0;0;0;;;;;;;;;;;;;;;
V000204;2024-04-22;15:49;S05;E0035;C0338;1;56,86;23,5;P040;shoe;Nike;Trail;Zoom;44;Black;false;56,86;80,36;23,5;0;23,5;0;29,24;;;;;;;;;;;;;;;;;;;;;;;;;;;;;;;;;;;;;;;;;;;;;
V000205;2024-01-30;12:49;S03;E0017;C0363;1;91,08;0;P063;shoe;Nike;Casual;Max;40;Pink;true;91,08;91,08;0;0;0;0;0;;;;;;;;;;;;;;;;;;;;;;;;;;;;;;;;;;;;;;;;;;;;;
V000206;2024-01-24;17:28;S05;E0035;C0140;1;103,1;34,37;P053;shoe;Nike;Limited Edition;Zoom;38;Deep Blue;false;103,1;137,47;34,37;0;0;34,37;25;;;;;;;;;;;;;;;;;;;;;;;;;;;;;;;;;;;;;;;;;;;;;
V000207;2024-03-01;11:51;S02;E0010;C0013;1;91,08;0;P063;shoe;Nike;Casual;Max;40;Pink;true;91,08;91,08;0;0;0;0;0;;;;;;;;;;;;;;;;;;;;;;;;;;;;;;;;;;;;;;;;;;;;;
V000208;2024-03-28;10:20;S07;E0045;C0170;1;107,55;51,45;P015;shoe;Asics;Training;Air;45;Deep Purple;false;107,55;159;51,45;0;27,6;23,85;32,36;;;;;;;;;;;;;;;;;;;;;;;;;;;;;;;;;;;;;;;;;;;;;
V000209;2024-02-22;09:29;S08;E0052;C0230;1;79,5;0;P014;shoe;Adidas;Basketball;Flex;30;Brown Bear;false;79,5;79,5;0;0;0;0;0;;;;;;;;;;;;;;;;;;;;;;;;;;;;;;;;;;;;;;;;;;;;;
V000210;2024-10-24;12:22;S02;E0014;C0119;2;145,48;0;P053;shoe;Nike;Limited Edition;Zoom;38;Deep Blue;false;136,56;136,56;0;0;0;0;0;A004;accessory;Accessoire;Bonnet;Bonnet;XS;Black;false;8,92;8,92;0;0;0;0;0;;;;;;;;;;;;;;;;;;;;;;;;;;;;;;
V000211;2024-10-18;11:46;S02;E0011;C0147;1;117;0;P035;shoe;Puma;Training;Pro;39;Red Blood;false;117;117;0;0;0;0;0;;;;;;;;;;;;;;;;;;;;;;;;;;;;;;;;;;;;;;;;;;;;;
V000212;2024-02-24;17:52;S05;E0034;C0279;1;122,8;0;P048;shoe;Jordans;Casual;Air;45;Brown Bear;true;122,8;122,8;0;0;0;0;0;;;;;;;;;;;;;;;;;;;;;;;;;;;;;;;;;;;;;;;;;;;;;
V000213;2024-12-02;14:47;S05;E0027;C0044;1;69,79;29,9;P007;shoe;Adidas;Basketball;Max;33;Electric Blue;false;69,79;99,69;29,9;0;29,9;0;29,99;;;;;;;;;;;;;;;;;;;;;;;;;;;;;;;;;;;;;;;;;;;;;
V000214;2024-10-23;10:44;S05;E0034;C0005;1;106,19;0;P088;shoe;Adidas;Running;Zoom;36;Black;true;106,19;106,19;0;0;0;0;0;;;;;;;;;;;;;;;;;;;;;;;;;;;;;;;;;;;;;;;;;;;;;
V000215;2024-04-30;18:37;S02;E0013;C0346;1;136,56;0;P062;shoe;Nike;Limited Edition;Air;42;White;false;136,56;136,56;0;0;0;0;0;;;;;;;;;;;;;;;;;;;;;;;;;;;;;;;;;;;;;;;;;;;;;
V000216;2024-01-26;14:57;S07;E0045;C0077;1;143,2;35,8;P041;shoe;Puma;Trail;Pro;39;Premium Black;false;143,2;179;35,8;0;0;35,8;20;;;;;;;;;;;;;;;;;;;;;;;;;;;;;;;;;;;;;;;;;;;;;
V000217;2024-04-18;17:42;S08;E0052;C0086;1;115,19;0;P043;shoe;Adidas;Running;Max;32;Pink;false;115,19;115,19;0;0;0;0;0;;;;;;;;;;;;;;;;;;;;;;;;;;;;;;;;;;;;;;;;;;;;;
V000218;2024-10-12;09:18;S05;E0034;C0335;1;95,2;35,68;P069;shoe;Jordans;Limited Edition;Zoom;33;Deep Blue;false;95,2;130,88;35,68;9,5;0;26,18;27,26;;;;;;;;;;;;;;;;;;;;;;;;;;;;;;;;;;;;;;;;;;;;;
V000219;2024-09-25;13:58;S08;E0049;C0257;1;87,58;0;P030;shoe;New Balance;Running;Pro;42;Light Green;false;87,58;87,58;0;0;0;0;0;;;;;;;;;;;;;;;;;;;;;;;;;;;;;;;;;;;;;;;;;;;;;
V000220;2024-11-12;18:20;S02;E0006;C0295;1;73,01;7,06;P040;shoe;Nike;Trail;Zoom;44;Black;false;73,01;80,07;7,06;7,06;0;0;8,82;;;;;;;;;;;;;;;;;;;;;;;;;;;;;;;;;;;;;;;;;;;;;
V000221;2024-04-05;10:48;S03;E0019;C0418;2;111,28;0;P040;shoe;Nike;Trail;Zoom;44;Black;false;80,07;80,07;0;0;0;0;0;A007;accessory;Accessoire;Casquette;Casquette;M;Deep Blue;false;31,21;31,21;0;0;0;0;0;;;;;;;;;;;;;;;;;;;;;;;;;;;;;;
V000222;2024-12-13;15:46;S03;E0017;C0296;2;156,07;0;P026;shoe;Asics;Running;Air;43;Gold;true;142,69;142,69;0;0;0;0;0;A011;accessory;Accessoire;Casquette;Casquette;L;Classic Grey;false;13,38;13,38;0;0;0;0;0;;;;;;;;;;;;;;;;;;;;;;;;;;;;;;
V000223;2024-08-01;12:47;S06;E0039;C0210;1;82,77;0;P044;shoe;Nike;Basketball;Flex;32;Pink;false;82,77;82,77;0;0;0;0;0;;;;;;;;;;;;;;;;;;;;;;;;;;;;;;;;;;;;;;;;;;;;;
V000224;2024-04-20;18:16;S05;E0028;C0104;1;91,34;0;P075;shoe;Jordans;Casual;Air;40;Deep Blue;false;91,34;91,34;0;0;0;0;0;;;;;;;;;;;;;;;;;;;;;;;;;;;;;;;;;;;;;;;;;;;;;
V000225;2024-01-29;10:36;S01;E0001;C0047;2;118,19;9,01;P059;shoe;Reebok;Running;Elite;43;Black;false;81,09;90,1;9,01;0;0;9,01;10;A007;accessory;Accessoire;Casquette;Casquette;M;Deep Blue;false;37,1;37,1;0;0;0;0;0;;;;;;;;;;;;;;;;;;;;;;;;;;;;;;
V000226;2024-08-01;14:13;S08;E0054;C0045;1;117,8;0;P001;shoe;New Balance;Training;Max;41;Electric Blue;true;117,8;117,8;0;0;0;0;0;;;;;;;;;;;;;;;;;;;;;;;;;;;;;;;;;;;;;;;;;;;;;
V000227;2024-12-25;13:40;S06;E0040;C0383;1;78,52;12,4;P029;shoe;Adidas;Basketball;Zoom;45;Brown Bear;false;78,52;90,92;12,4;0;12,4;0;13,64;;;;;;;;;;;;;;;;;;;;;;;;;;;;;;;;;;;;;;;;;;;;;
V000228;2024-08-02;15:11;S08;E0052;C0219;1;79,5;0;P051;shoe;Jordans;Trail;Elite;31;Sunny Yellow;false;79,5;79,5;0;0;0;0;0;;;;;;;;;;;;;;;;;;;;;;;;;;;;;;;;;;;;;;;;;;;;;
V000229;2024-02-07;15:23;S05;E0033;C0227;1;137,47;0;P062;shoe;Nike;Limited Edition;Air;42;White;false;137,47;137,47;0;0;0;0;0;;;;;;;;;;;;;;;;;;;;;;;;;;;;;;;;;;;;;;;;;;;;;
V000230;2024-03-29;16:01;S03;E0020;C0120;1;105,62;0;P088;shoe;Adidas;Running;Zoom;36;Black;true;105,62;105,62;0;0;0;0;0;;;;;;;;;;;;;;;;;;;;;;;;;;;;;;;;;;;;;;;;;;;;;
V000231;2024-10-04;17:56;S05;E0028;C0049;1;99,69;0;P007;shoe;Adidas;Basketball;Max;33;Electric Blue;false;99,69;99,69;0;0;0;0;0;;;;;;;;;;;;;;;;;;;;;;;;;;;;;;;;;;;;;;;;;;;;;
V000232;2024-11-11;13:36;S07;E0043;C0054;1;195;0;P074;shoe;Puma;Limited Edition;Zoom;36;Classic Grey;false;195;195;0;0;0;0;0;;;;;;;;;;;;;;;;;;;;;;;;;;;;;;;;;;;;;;;;;;;;;
V000233;2024-11-19;12:15;S04;E0026;C0048;1;117,6;0;P067;shoe;Adidas;Running;Pro;30;Light Green;false;117,6;117,6;0;0;0;0;0;;;;;;;;;;;;;;;;;;;;;;;;;;;;;;;;;;;;;;;;;;;;;
V000234;2024-08-21;16:36;S08;E0052;C0075;3;161,26;3,35;P047;shoe;Jordans;Trail;Air;37;Premium Black;true;129,73;129,73;0;0;0;0;0;A008;accessory;Accessoire;Bonnet;Bonnet;XS;White;false;18,45;21,8;3,35;1,17;0;2,18;15,37;A011;accessory;Accessoire;Casquette;Casquette;L;Classic Grey;false;13,08;13,08;0;0;0;0;0;;;;;;;;;;;;;;;
V000235;2024-05-10;17:28;S05;E0034;C0079;1;80,36;0;P051;shoe;Jordans;Trail;Elite;31;Sunny Yellow;false;80,36;80,36;0;0;0;0;0;;;;;;;;;;;;;;;;;;;;;;;;;;;;;;;;;;;;;;;;;;;;;
V000236;2024-12-31;12:34;S02;E0006;C0271;1;136,56;0;P053;shoe;Nike;Limited Edition;Zoom;38;Deep Blue;false;136,56;136,56;0;0;0;0;0;;;;;;;;;;;;;;;;;;;;;;;;;;;;;;;;;;;;;;;;;;;;;
V000237;2024-03-05;13:57;S05;E0034;C0103;1;137,47;0;P053;shoe;Nike;Limited Edition;Zoom;38;Deep Blue;false;137,47;137,47;0;0;0;0;0;;;;;;;;;;;;;;;;;;;;;;;;;;;;;;;;;;;;;;;;;;;;;
V000238;2024-01-22;14:46;S03;E0015;C0368;1;136,56;0;P062;shoe;Nike;Limited Edition;Air;42;White;false;136,56;136,56;0;0;0;0;0;;;;;;;;;;;;;;;;;;;;;;;;;;;;;;;;;;;;;;;;;;;;;
V000239;2024-05-06;18:38;S08;E0048;C0197;1;115,19;0;P043;shoe;Adidas;Running;Max;32;Pink;false;115,19;115,19;0;0;0;0;0;;;;;;;;;;;;;;;;;;;;;;;;;;;;;;;;;;;;;;;;;;;;;
V000240;2024-12-13;09:28;S08;E0050;C0325;2;200,63;7,3;P027;shoe;Jordans;Trail;Flex;40;Pink;true;110,5;117,8;7,3;7,3;0;0;6,2;P075;shoe;Jordans;Casual;Air;40;Deep Blue;false;90,13;90,13;0;0;0;0;0;;;;;;;;;;;;;;;;;;;;;;;;;;;;;;
V000241;2024-10-10;11:26;S03;E0015;C0363;1;149,74;0;P052;shoe;Nike;Limited Edition;Max;30;Deep Purple;true;149,74;149,74;0;0;0;0;0;;;;;;;;;;;;;;;;;;;;;;;;;;;;;;;;;;;;;;;;;;;;;
V000242;2024-11-13;16:27;S06;E0039;C0234;1;93,64;0;P063;shoe;Nike;Casual;Max;40;Pink;true;93,64;93,64;0;0;0;0;0;;;;;;;;;;;;;;;;;;;;;;;;;;;;;;;;;;;;;;;;;;;;;
V000243;2024-06-25;09:45;S08;E0054;C0276;1;125,82;0;P028;shoe;Jordans;Casual;Elite;39;Red Blood;false;125,82;125,82;0;0;0;0;0;;;;;;;;;;;;;;;;;;;;;;;;;;;;;;;;;;;;;;;;;;;;;
V000244;2024-05-02;16:39;S03;E0020;C0132;1;105,62;0;P088;shoe;Adidas;Running;Zoom;36;Black;true;105,62;105,62;0;0;0;0;0;;;;;;;;;;;;;;;;;;;;;;;;;;;;;;;;;;;;;;;;;;;;;
V000245;2024-11-08;14:56;S05;E0033;C0066;1;112,87;0;P081;shoe;Adidas;Basketball;Max;32;Black;false;112,87;112,87;0;0;0;0;0;;;;;;;;;;;;;;;;;;;;;;;;;;;;;;;;;;;;;;;;;;;;;
V000246;2024-03-11;12:15;S03;E0018;C0030;1;80,07;0;P014;shoe;Adidas;Basketball;Flex;30;Brown Bear;false;80,07;80,07;0;0;0;0;0;;;;;;;;;;;;;;;;;;;;;;;;;;;;;;;;;;;;;;;;;;;;;
V000247;2024-03-21;16:37;S03;E0018;C0094;1;105,62;0;P088;shoe;Adidas;Running;Zoom;36;Black;true;105,62;105,62;0;0;0;0;0;;;;;;;;;;;;;;;;;;;;;;;;;;;;;;;;;;;;;;;;;;;;;
V000248;2024-12-03;18:26;S02;E0009;C0391;1;103,53;0;P082;shoe;Asics;Running;Air;34;Pink;false;103,53;103,53;0;0;0;0;0;;;;;;;;;;;;;;;;;;;;;;;;;;;;;;;;;;;;;;;;;;;;;
V000249;2024-04-08;12:07;S02;E0010;C0407;1;91,08;0;P063;shoe;Nike;Casual;Max;40;Pink;true;91,08;91,08;0;0;0;0;0;;;;;;;;;;;;;;;;;;;;;;;;;;;;;;;;;;;;;;;;;;;;;
V000250;2024-11-02;16:15;S05;E0035;C0357;1;106,19;0;P088;shoe;Adidas;Running;Zoom;36;Black;true;106,19;106,19;0;0;0;0;0;;;;;;;;;;;;;;;;;;;;;;;;;;;;;;;;;;;;;;;;;;;;;
V000251;2024-12-11;12:12;S05;E0035;C0098;1;112,87;0;P081;shoe;Adidas;Basketball;Max;32;Black;false;112,87;112,87;0;0;0;0;0;;;;;;;;;;;;;;;;;;;;;;;;;;;;;;;;;;;;;;;;;;;;;
V000252;2024-11-18;09:58;S02;E0006;C0026;1;127,44;0;P064;shoe;Puma;Training;Pro;41;Black;false;127,44;127,44;0;0;0;0;0;;;;;;;;;;;;;;;;;;;;;;;;;;;;;;;;;;;;;;;;;;;;;
V000253;2024-09-04;09:32;S07;E0043;C0119;1;109,5;20,1;P083;shoe;New Balance;Trail;Flex;33;Brown Bear;true;109,5;129,6;20,1;0;20,1;0;15,51;;;;;;;;;;;;;;;;;;;;;;;;;;;;;;;;;;;;;;;;;;;;;
V000254;2024-11-12;13:16;S01;E0005;C0338;1;296,5;0;P073;shoe;Reebok;Limited Edition;Elite;39;Deep Blue;true;296,5;296,5;0;0;0;0;0;;;;;;;;;;;;;;;;;;;;;;;;;;;;;;;;;;;;;;;;;;;;;
V000255;2024-05-20;16:26;S06;E0038;C0189;1;84,83;0;P018;shoe;Nike;Casual;Air;42;Red Blood;true;84,83;84,83;0;0;0;0;0;;;;;;;;;;;;;;;;;;;;;;;;;;;;;;;;;;;;;;;;;;;;;
V000256;2024-03-08;12:45;S02;E0013;C0285;1;68,18;22,9;P063;shoe;Nike;Casual;Max;40;Pink;true;68,18;91,08;22,9;0;22,9;0;25,14;;;;;;;;;;;;;;;;;;;;;;;;;;;;;;;;;;;;;;;;;;;;;
V000257;2024-08-20;15:44;S03;E0015;C0178;1;99,19;0;P007;shoe;Adidas;Basketball;Max;33;Electric Blue;false;99,19;99,19;0;0;0;0;0;;;;;;;;;;;;;;;;;;;;;;;;;;;;;;;;;;;;;;;;;;;;;
V000258;2024-11-27;14:59;S05;E0031;C0158;2;163,84;0;P047;shoe;Jordans;Trail;Air;37;Premium Black;true;132,28;132,28;0;0;0;0;0;A003;accessory;Accessoire;Tee-shirt;Tee-shirt;S;White;false;31,56;31,56;0;0;0;0;0;;;;;;;;;;;;;;;;;;;;;;;;;;;;;;
V000259;2024-02-22;15:42;S08;E0050;C0372;1;119,44;0;P076;shoe;Asics;Trail;Air;35;Premium Black;false;119,44;119,44;0;0;0;0;0;;;;;;;;;;;;;;;;;;;;;;;;;;;;;;;;;;;;;;;;;;;;;
V000260;2024-06-20;09:44;S07;E0045;C0218;1;301,32;0;P037;shoe;Puma;Limited Edition;Zoom;38;Gold;true;301,32;301,32;0;0;0;0;0;;;;;;;;;;;;;;;;;;;;;;;;;;;;;;;;;;;;;;;;;;;;;
V000261;2024-09-03;12:03;S06;E0039;C0264;1;108,02;0;P088;shoe;Adidas;Running;Zoom;36;Black;true;108,02;108,02;0;0;0;0;0;;;;;;;;;;;;;;;;;;;;;;;;;;;;;;;;;;;;;;;;;;;;;
V000262;2024-06-10;17:32;S03;E0020;C0404;1;142,69;0;P026;shoe;Asics;Running;Air;43;Gold;true;142,69;142,69;0;0;0;0;0;;;;;;;;;;;;;;;;;;;;;;;;;;;;;;;;;;;;;;;;;;;;;
V000263;2024-03-22;09:05;S07;E0043;C0233;1;120;0;P067;shoe;Adidas;Running;Pro;30;Light Green;false;120;120;0;0;0;0;0;;;;;;;;;;;;;;;;;;;;;;;;;;;;;;;;;;;;;;;;;;;;;
V000264;2024-10-10;15:47;S03;E0020;C0157;3;236,56;0;P018;shoe;Nike;Casual;Air;42;Red Blood;true;82,16;82,16;0;0;0;0;0;P062;shoe;Nike;Limited Edition;Air;42;White;false;136,56;136,56;0;0;0;0;0;A010;accessory;Accessoire;Tee-shirt;Tee-shirt;XL;Black;false;17,84;17,84;0;0;0;0;0;;;;;;;;;;;;;;;
V000265;2024-12-13;09:03;S08;E0048;C0164;1;90,13;0;P010;shoe;Asics;Training;Air;33;Brown Bear;false;90,13;90,13;0;0;0;0;0;;;;;;;;;;;;;;;;;;;;;;;;;;;;;;;;;;;;;;;;;;;;;
V000266;2024-03-08;18:56;S02;E0006;C0203;1;79,34;0;P004;shoe;Puma;Basketball;Max;34;White;true;79,34;79,34;0;0;0;0;0;;;;;;;;;;;;;;;;;;;;;;;;;;;;;;;;;;;;;;;;;;;;;
V000267;2024-12-13;15:13;S07;E0043;C0191;1;58,32;0;P004;shoe;Puma;Basketball;Max;34;White;true;58,32;58,32;0;0;0;0;0;;;;;;;;;;;;;;;;;;;;;;;;;;;;;;;;;;;;;;;;;;;;;
V000268;2024-12-06;10:06;S04;E0024;C0345;2;224,54;0;P001;shoe;New Balance;Training;Max;41;Electric Blue;true;147,12;147,12;0;0;0;0;0;P022;shoe;New Balance;Running;Pro;41;Deep Blue;false;77,42;77,42;0;0;0;0;0;;;;;;;;;;;;;;;;;;;;;;;;;;;;;;
V000269;2024-09-11;16:12;S08;E0052;C0042;1;103,46;47,86;P006;shoe;Asics;Limited Edition;Air;36;Pink;false;103,46;151,32;47,86;0;17,6;30,26;31,63;;;;;;;;;;;;;;;;;;;;;;;;;;;;;;;;;;;;;;;;;;;;;
V000270;2024-01-30;14:35;S03;E0017;C0299;1;82,16;0;P018;shoe;Nike;Casual;Air;42;Red Blood;true;82,16;82,16;0;0;0;0;0;;;;;;;;;;;;;;;;;;;;;;;;;;;;;;;;;;;;;;;;;;;;;
V000271;2024-11-19;16:23;S08;E0051;C0174;2;111,93;0;P059;shoe;Reebok;Running;Elite;43;Black;false;90,13;90,13;0;0;0;0;0;A005;accessory;Accessoire;Bonnet;Bonnet;M;Deep Blue;false;21,8;21,8;0;0;0;0;0;;;;;;;;;;;;;;;;;;;;;;;;;;;;;;
V000272;2024-01-08;11:05;S03;E0020;C0091;1;149,74;0;P052;shoe;Nike;Limited Edition;Max;30;Deep Purple;true;149,74;149,74;0;0;0;0;0;;;;;;;;;;;;;;;;;;;;;;;;;;;;;;;;;;;;;;;;;;;;;
V000273;2024-07-09;16:14;S02;E0013;C0148;1;65,83;37,7;P082;shoe;Asics;Running;Air;34;Pink;false;65,83;103,53;37,7;9,5;28,2;0;36,41;;;;;;;;;;;;;;;;;;;;;;;;;;;;;;;;;;;;;;;;;;;;;
V000274;2024-03-13;10:00;S02;E0010;C0222;2;208,22;10,5;P062;shoe;Nike;Limited Edition;Air;42;White;false;126,06;136,56;10,5;0;10,5;0;7,69;P018;shoe;Nike;Casual;Air;42;Red Blood;true;82,16;82,16;0;0;0;0;0;;;;;;;;;;;;;;;;;;;;;;;;;;;;;;
V000275;2024-09-27;10:39;S08;E0051;C0217;1;113,5;0;P055;shoe;Reebok;Training;Zoom;31;Gold;false;113,5;113,5;0;0;0;0;0;;;;;;;;;;;;;;;;;;;;;;;;;;;;;;;;;;;;;;;;;;;;;
V000276;2024-12-27;10:51;S05;E0034;C0305;1;91,34;0;P075;shoe;Jordans;Casual;Air;40;Deep Blue;false;91,34;91,34;0;0;0;0;0;;;;;;;;;;;;;;;;;;;;;;;;;;;;;;;;;;;;;;;;;;;;;
V000277;2024-04-04;13:51;S05;E0034;C0346;1;100,13;0;P005;shoe;Nike;Casual;Max;33;Premium Black;false;100,13;100,13;0;0;0;0;0;;;;;;;;;;;;;;;;;;;;;;;;;;;;;;;;;;;;;;;;;;;;;
V000278;2024-04-25;13:33;S08;E0051;C0128;2;144,57;17,98;P026;shoe;Asics;Running;Air;43;Gold;true;124,79;140,75;15,96;15,96;0;0;11,34;A008;accessory;Accessoire;Bonnet;Bonnet;XS;White;false;19,78;21,8;2,02;2,02;0;0;9,27;;;;;;;;;;;;;;;;;;;;;;;;;;;;;;
V000279;2024-09-25;10:00;S08;E0054;C0304;1;104,48;0;P088;shoe;Adidas;Running;Zoom;36;Black;true;104,48;104,48;0;0;0;0;0;;;;;;;;;;;;;;;;;;;;;;;;;;;;;;;;;;;;;;;;;;;;;
V000280;2024-01-02;14:57;S03;E0017;C0214;1;82,16;0;P018;shoe;Nike;Casual;Air;42;Red Blood;true;82,16;82,16;0;0;0;0;0;;;;;;;;;;;;;;;;;;;;;;;;;;;;;;;;;;;;;;;;;;;;;
V000281;2024-12-13;18:01;S08;E0054;C0078;1;86,78;17,7;P088;shoe;Adidas;Running;Zoom;36;Black;true;86,78;104,48;17,7;0;17,7;0;16,94;;;;;;;;;;;;;;;;;;;;;;;;;;;;;;;;;;;;;;;;;;;;;
V000282;2024-02-24;10:30;S04;E0023;C0361;1;116,42;0;P088;shoe;Adidas;Running;Zoom;36;Black;true;116,42;116,42;0;0;0;0;0;;;;;;;;;;;;;;;;;;;;;;;;;;;;;;;;;;;;;;;;;;;;;
V000283;2024-09-03;17:29;S05;E0030;C0158;1;119,95;0;P027;shoe;Jordans;Trail;Flex;40;Pink;true;119,95;119,95;0;0;0;0;0;;;;;;;;;;;;;;;;;;;;;;;;;;;;;;;;;;;;;;;;;;;;;
V000284;2024-11-23;15:21;S04;E0024;C0170;3;139,9;16,51;P083;shoe;New Balance;Trail;Flex;33;Brown Bear;true;110,5;127,01;16,51;16,51;0;0;13;A010;accessory;Accessoire;Tee-shirt;Tee-shirt;XL;Black;false;19,6;19,6;0;0;0;0;0;A001;accessory;Accessoire;Sac de sport;Sac de sport;XS;Deep Blue;false;9,8;9,8;0;0;0;0;0;;;;;;;;;;;;;;;
V000285;2024-11-05;13:09;S06;E0038;C0281;1;151,61;0;P052;shoe;Nike;Limited Edition;Max;30;Deep Purple;true;151,61;151,61;0;0;0;0;0;;;;;;;;;;;;;;;;;;;;;;;;;;;;;;;;;;;;;;;;;;;;;
V000286;2024-08-07;15:28;S08;E0053;C0057;1;109,08;0;P083;shoe;New Balance;Trail;Flex;33;Brown Bear;true;109,08;109,08;0;0;0;0;0;;;;;;;;;;;;;;;;;;;;;;;;;;;;;;;;;;;;;;;;;;;;;
V000287;2024-05-24;09:01;S08;E0048;C0221;1;115,62;0;P087;shoe;Asics;Training;Elite;39;Black;false;115,62;115,62;0;0;0;0;0;;;;;;;;;;;;;;;;;;;;;;;;;;;;;;;;;;;;;;;;;;;;;
V000288;2024-08-30;14:34;S01;E0002;C0329;1;168,54;0;P056;shoe;Reebok;Basketball;Elite;45;Black;false;168,54;168,54;0;0;0;0;0;;;;;;;;;;;;;;;;;;;;;;;;;;;;;;;;;;;;;;;;;;;;;
V000289;2024-09-03;09:59;S03;E0017;C0005;2;106,82;19,1;P023;shoe;Adidas;Basketball;Zoom;38;Pink;false;97,9;117;19,1;0;19,1;0;16,32;A004;accessory;Accessoire;Bonnet;Bonnet;XS;Black;false;8,92;8,92;0;0;0;0;0;;;;;;;;;;;;;;;;;;;;;;;;;;;;;;
V000290;2024-05-02;10:39;S05;E0028;C0409;1;119,95;0;P027;shoe;Jordans;Trail;Flex;40;Pink;true;119,95;119,95;0;0;0;0;0;;;;;;;;;;;;;;;;;;;;;;;;;;;;;;;;;;;;;;;;;;;;;
V000291;2024-03-12;11:49;S04;E0026;C0264;1;147,12;0;P001;shoe;New Balance;Training;Max;41;Electric Blue;true;147,12;147,12;0;0;0;0;0;;;;;;;;;;;;;;;;;;;;;;;;;;;;;;;;;;;;;;;;;;;;;
V000292;2024-04-18;16:14;S04;E0024;C0207;1;157,44;27,78;P084;shoe;Reebok;Trail;Air;44;Premium Black;false;157,44;185,22;27,78;0;0;27,78;15;;;;;;;;;;;;;;;;;;;;;;;;;;;;;;;;;;;;;;;;;;;;;
V000293;2024-08-28;14:09;S08;E0048;C0101;3;133,74;0;P071;shoe;Reebok;Casual;Elite;32;Brown Bear;false;90,13;90,13;0;0;0;0;0;A001;accessory;Accessoire;Sac de sport;Sac de sport;XS;Deep Blue;false;8,72;8,72;0;0;0;0;0;A006;accessory;Accessoire;Sac de sport;Sac de sport;XS;Black;false;34,89;34,89;0;0;0;0;0;;;;;;;;;;;;;;;
V000294;2024-08-02;13:41;S01;E0004;C0159;1;85,7;30,9;P061;shoe;Reebok;Casual;Pro;41;White;false;85,7;116,6;30,9;0;30,9;0;26,5;;;;;;;;;;;;;;;;;;;;;;;;;;;;;;;;;;;;;;;;;;;;;
V000295;2024-01-18;17:44;S02;E0010;C0335;1;59,24;20,83;P040;shoe;Nike;Trail;Zoom;44;Black;false;59,24;80,07;20,83;8,82;0;12,01;26,01;;;;;;;;;;;;;;;;;;;;;;;;;;;;;;;;;;;;;;;;;;;;;
V000296;2024-06-29;10:31;S05;E0035;C0196;1;99,69;0;P007;shoe;Adidas;Basketball;Max;33;Electric Blue;false;99,69;99,69;0;0;0;0;0;;;;;;;;;;;;;;;;;;;;;;;;;;;;;;;;;;;;;;;;;;;;;
V000297;2024-07-12;13:06;S01;E0005;C0115;1;296,5;0;P073;shoe;Reebok;Limited Edition;Elite;39;Deep Blue;true;296,5;296,5;0;0;0;0;0;;;;;;;;;;;;;;;;;;;;;;;;;;;;;;;;;;;;;;;;;;;;;
V000298;2024-03-21;13:43;S08;E0048;C0233;1;78,78;8,8;P034;shoe;Jordans;Running;Zoom;38;Deep Purple;false;78,78;87,58;8,8;8,8;0;0;10,05;;;;;;;;;;;;;;;;;;;;;;;;;;;;;;;;;;;;;;;;;;;;;
V000299;2024-11-06;16:15;S08;E0054;C0119;1;104,48;0;P088;shoe;Adidas;Running;Zoom;36;Black;true;104,48;104,48;0;0;0;0;0;;;;;;;;;;;;;;;;;;;;;;;;;;;;;;;;;;;;;;;;;;;;;
V000300;2024-01-31;18:08;S08;E0048;C0253;1;125,82;0;P058;shoe;Asics;Basketball;Air;45;Pink;false;125,82;125,82;0;0;0;0;0;;;;;;;;;;;;;;;;;;;;;;;;;;;;;;;;;;;;;;;;;;;;;
V000301;2024-03-28;18:25;S08;E0054;C0005;2;158,74;3,81;P026;shoe;Asics;Running;Air;43;Gold;true;140,75;140,75;0;0;0;0;0;A005;accessory;Accessoire;Bonnet;Bonnet;M;Deep Blue;false;17,99;21,8;3,81;3,81;0;0;17,48;;;;;;;;;;;;;;;;;;;;;;;;;;;;;;
V000302;2024-05-08;12:30;S04;E0025;C0150;2;358,88;50,76;P080;shoe;New Balance;Limited Edition;Flex;38;Black;false;203,06;253,82;50,76;0;0;50,76;20;P011;shoe;New Balance;Running;Max;38;Electric Blue;false;155,82;155,82;0;0;0;0;0;;;;;;;;;;;;;;;;;;;;;;;;;;;;;;
V000303;2024-11-22;17:40;S08;E0047;C0403;2;160,26;0;P047;shoe;Jordans;Trail;Air;37;Premium Black;true;129,73;129,73;0;0;0;0;0;A007;accessory;Accessoire;Casquette;Casquette;M;Deep Blue;false;30,53;30,53;0;0;0;0;0;;;;;;;;;;;;;;;;;;;;;;;;;;;;;;
V000304;2024-06-07;13:12;S02;E0006;C0006;1;64,06;16,01;P049;shoe;Puma;Training;Max;31;Deep Purple;false;64,06;80,07;16,01;0;0;16,01;20;;;;;;;;;;;;;;;;;;;;;;;;;;;;;;;;;;;;;;;;;;;;;
V000305;2024-04-24;16:19;S03;E0017;C0367;1;83,43;16,2;P005;shoe;Nike;Casual;Max;33;Premium Black;false;83,43;99,63;16,2;0;16,2;0;16,26;;;;;;;;;;;;;;;;;;;;;;;;;;;;;;;;;;;;;;;;;;;;;
V000306;2024-11-22;12:04;S06;E0039;C0407;2;101,08;1,19;P018;shoe;Nike;Casual;Air;42;Red Blood;true;84,83;84,83;0;0;0;0;0;A010;accessory;Accessoire;Tee-shirt;Tee-shirt;XL;Black;false;16,25;17,44;1,19;1,19;0;0;6,82;;;;;;;;;;;;;;;;;;;;;;;;;;;;;;
V000307;2024-08-20;14:50;S05;E0027;C0135;1;100,13;0;P005;shoe;Nike;Casual;Max;33;Premium Black;false;100,13;100,13;0;0;0;0;0;;;;;;;;;;;;;;;;;;;;;;;;;;;;;;;;;;;;;;;;;;;;;
V000308;2024-02-21;19:16;S02;E0013;C0282;1;117;0;P087;shoe;Asics;Training;Elite;39;Black;false;117;117;0;0;0;0;0;;;;;;;;;;;;;;;;;;;;;;;;;;;;;;;;;;;;;;;;;;;;;
V000309;2024-11-22;10:39;S01;E0002;C0108;1;107,55;13,29;P038;shoe;Reebok;Training;Elite;33;Brown Bear;false;107,55;120,84;13,29;13,29;0;0;11;;;;;;;;;;;;;;;;;;;;;;;;;;;;;;;;;;;;;;;;;;;;;
V000310;2024-05-15;13:12;S02;E0011;C0285;1;91,08;0;P063;shoe;Nike;Casual;Max;40;Pink;true;91,08;91,08;0;0;0;0;0;;;;;;;;;;;;;;;;;;;;;;;;;;;;;;;;;;;;;;;;;;;;;
V000311;2024-08-19;18:09;S08;E0052;C0124;1;93,28;4,91;P007;shoe;Adidas;Basketball;Max;33;Electric Blue;false;93,28;98,19;4,91;0;0;4,91;5;;;;;;;;;;;;;;;;;;;;;;;;;;;;;;;;;;;;;;;;;;;;;
V000312;2024-06-03;15:02;S08;E0051;C0041;1;104,48;0;P088;shoe;Adidas;Running;Zoom;36;Black;true;104,48;104,48;0;0;0;0;0;;;;;;;;;;;;;;;;;;;;;;;;;;;;;;;;;;;;;;;;;;;;;
V000313;2024-12-25;17:43;S06;E0039;C0183;1;84,83;0;P018;shoe;Nike;Casual;Air;42;Red Blood;true;84,83;84,83;0;0;0;0;0;;;;;;;;;;;;;;;;;;;;;;;;;;;;;;;;;;;;;;;;;;;;;
V000314;2024-02-07;16:03;S04;E0024;C0038;1;102,82;13,6;P088;shoe;Adidas;Running;Zoom;36;Black;true;102,82;116,42;13,6;0;13,6;0;11,68;;;;;;;;;;;;;;;;;;;;;;;;;;;;;;;;;;;;;;;;;;;;;
V000315;2024-03-01;10:00;S08;E0051;C0088;1;104,48;0;P088;shoe;Adidas;Running;Zoom;36;Black;true;104,48;104,48;0;0;0;0;0;;;;;;;;;;;;;;;;;;;;;;;;;;;;;;;;;;;;;;;;;;;;;
V000316;2024-10-25;13:15;S03;E0015;C0337;1;105,62;0;P088;shoe;Adidas;Running;Zoom;36;Black;true;105,62;105,62;0;0;0;0;0;;;;;;;;;;;;;;;;;;;;;;;;;;;;;;;;;;;;;;;;;;;;;
V000317;2024-03-08;17:44;S05;E0033;C0006;1;98,7;24,1;P048;shoe;Jordans;Casual;Air;45;Brown Bear;true;98,7;122,8;24,1;0;24,1;0;19,63;;;;;;;;;;;;;;;;;;;;;;;;;;;;;;;;;;;;;;;;;;;;;
V000318;2024-10-14;15:28;S03;E0020;C0302;1;105,62;0;P088;shoe;Adidas;Running;Zoom;36;Black;true;105,62;105,62;0;0;0;0;0;;;;;;;;;;;;;;;;;;;;;;;;;;;;;;;;;;;;;;;;;;;;;
V000319;2024-05-07;09:16;S07;E0042;C0113;1;54;0;P042;shoe;New Balance;Basketball;Air;30;Sunny Yellow;false;54;54;0;0;0;0;0;;;;;;;;;;;;;;;;;;;;;;;;;;;;;;;;;;;;;;;;;;;;;
V000320;2024-03-18;09:14;S08;E0047;C0019;1;109,08;0;P083;shoe;New Balance;Trail;Flex;33;Brown Bear;true;109,08;109,08;0;0;0;0;0;;;;;;;;;;;;;;;;;;;;;;;;;;;;;;;;;;;;;;;;;;;;;
V000321;2024-10-21;19:56;S02;E0009;C0362;1;96,71;5,09;P085;shoe;Asics;Casual;Pro;39;White;false;96,71;101,8;5,09;0;0;5,09;5;;;;;;;;;;;;;;;;;;;;;;;;;;;;;;;;;;;;;;;;;;;;;
V000322;2024-01-04;18:00;S07;E0044;C0321;1;79;0;P030;shoe;New Balance;Running;Pro;42;Light Green;false;79;79;0;0;0;0;0;;;;;;;;;;;;;;;;;;;;;;;;;;;;;;;;;;;;;;;;;;;;;
V000323;2024-08-08;14:43;S02;E0014;C0238;1;80,07;0;P057;shoe;Asics;Trail;Zoom;33;Brown Bear;false;80,07;80,07;0;0;0;0;0;;;;;;;;;;;;;;;;;;;;;;;;;;;;;;;;;;;;;;;;;;;;;
V000324;2024-05-17;14:40;S02;E0006;C0296;1;138,73;0;P074;shoe;Puma;Limited Edition;Zoom;36;Classic Grey;false;138,73;138,73;0;0;0;0;0;;;;;;;;;;;;;;;;;;;;;;;;;;;;;;;;;;;;;;;;;;;;;
V000325;2024-11-21;14:50;S03;E0020;C0244;2;151,61;0;P026;shoe;Asics;Running;Air;43;Gold;true;142,69;142,69;0;0;0;0;0;A001;accessory;Accessoire;Sac de sport;Sac de sport;XS;Deep Blue;false;8,92;8,92;0;0;0;0;0;;;;;;;;;;;;;;;;;;;;;;;;;;;;;;
V000326;2024-08-26;15:08;S06;E0037;C0321;1;75,53;7,24;P060;shoe;Puma;Casual;Flex;44;Deep Blue;false;75,53;82,77;7,24;7,24;0;0;8,75;;;;;;;;;;;;;;;;;;;;;;;;;;;;;;;;;;;;;;;;;;;;;
V000327;2024-06-10;14:16;S03;E0015;C0040;1;105,62;0;P088;shoe;Adidas;Running;Zoom;36;Black;true;105,62;105,62;0;0;0;0;0;;;;;;;;;;;;;;;;;;;;;;;;;;;;;;;;;;;;;;;;;;;;;
V000328;2024-10-16;17:39;S01;E0005;C0305;1;120,84;0;P038;shoe;Reebok;Training;Elite;33;Brown Bear;false;120,84;120,84;0;0;0;0;0;;;;;;;;;;;;;;;;;;;;;;;;;;;;;;;;;;;;;;;;;;;;;
V000329;2024-05-11;11:56;S05;E0030;C0173;1;119,95;0;P027;shoe;Jordans;Trail;Flex;40;Pink;true;119,95;119,95;0;0;0;0;0;;;;;;;;;;;;;;;;;;;;;;;;;;;;;;;;;;;;;;;;;;;;;
V000330;2024-09-04;18:31;S05;E0034;C0151;1;137,47;0;P062;shoe;Nike;Limited Edition;Air;42;White;false;137,47;137,47;0;0;0;0;0;;;;;;;;;;;;;;;;;;;;;;;;;;;;;;;;;;;;;;;;;;;;;
V000331;2024-08-10;17:19;S05;E0031;C0357;2;114,02;0;P063;shoe;Nike;Casual;Max;40;Pink;true;91,48;91,48;0;0;0;0;0;A002;accessory;Accessoire;Lacets;Lacets;M;White;false;22,54;22,54;0;0;0;0;0;;;;;;;;;;;;;;;;;;;;;;;;;;;;;;
V000332;2024-11-15;14:06;S01;E0001;C0088;1;296,5;0;P073;shoe;Reebok;Limited Edition;Elite;39;Deep Blue;true;296,5;296,5;0;0;0;0;0;;;;;;;;;;;;;;;;;;;;;;;;;;;;;;;;;;;;;;;;;;;;;
V000333;2024-11-20;17:24;S04;E0023;C0071;1;160,72;0;P021;shoe;Reebok;Casual;Air;32;Gold;false;160,72;160,72;0;0;0;0;0;;;;;;;;;;;;;;;;;;;;;;;;;;;;;;;;;;;;;;;;;;;;;
V000334;2024-04-15;16:23;S01;E0001;C0156;1;90,1;0;P071;shoe;Reebok;Casual;Elite;32;Brown Bear;false;90,1;90,1;0;0;0;0;0;;;;;;;;;;;;;;;;;;;;;;;;;;;;;;;;;;;;;;;;;;;;;
V000335;2024-12-16;12:06;S08;E0046;C0037;2;201,46;27,8;P068;shoe;New Balance;Trail;Zoom;40;Light Green;true;90,26;90,26;0;0;0;0;0;P003;shoe;New Balance;Limited Edition;Max;40;Electric Blue;false;111,2;139;27,8;0;0;27,8;20;;;;;;;;;;;;;;;;;;;;;;;;;;;;;;
V000336;2024-12-26;10:47;S08;E0047;C0354;1;117,8;0;P027;shoe;Jordans;Trail;Flex;40;Pink;true;117,8;117,8;0;0;0;0;0;;;;;;;;;;;;;;;;;;;;;;;;;;;;;;;;;;;;;;;;;;;;;
V000337;2024-03-16;16:20;S05;E0034;C0208;1;86,69;19,5;P088;shoe;Adidas;Running;Zoom;36;Black;true;86,69;106,19;19,5;19,5;0;0;18,36;;;;;;;;;;;;;;;;;;;;;;;;;;;;;;;;;;;;;;;;;;;;;
V000338;2024-07-15;10:39;S02;E0006;C0301;2;145,38;0;P015;shoe;Asics;Training;Air;45;Deep Purple;false;123,09;123,09;0;0;0;0;0;A002;accessory;Accessoire;Lacets;Lacets;M;White;false;22,29;22,29;0;0;0;0;0;;;;;;;;;;;;;;;;;;;;;;;;;;;;;;
V000339;2024-09-25;15:22;S05;E0033;C0105;1;103;3,19;P088;shoe;Adidas;Running;Zoom;36;Black;true;103;106,19;3,19;0;0;3,19;3;;;;;;;;;;;;;;;;;;;;;;;;;;;;;;;;;;;;;;;;;;;;;
V000340;2024-06-13;15:43;S03;E0020;C0290;1;153,5;0;P006;shoe;Asics;Limited Edition;Air;36;Pink;false;153,5;153,5;0;0;0;0;0;;;;;;;;;;;;;;;;;;;;;;;;;;;;;;;;;;;;;;;;;;;;;
V000341;2024-12-10;12:49;S02;E0014;C0102;1;148,66;4,84;P006;shoe;Asics;Limited Edition;Air;36;Pink;false;148,66;153,5;4,84;4,84;0;0;3,15;;;;;;;;;;;;;;;;;;;;;;;;;;;;;;;;;;;;;;;;;;;;;
V000342;2024-06-12;18:50;S02;E0008;C0006;1;114,78;12,66;P039;shoe;Puma;Trail;Flex;38;Deep Purple;false;114,78;127,44;12,66;12,66;0;0;9,93;;;;;;;;;;;;;;;;;;;;;;;;;;;;;;;;;;;;;;;;;;;;;
V000343;2024-09-09;10:14;S08;E0049;C0218;1;128,37;0;P069;shoe;Jordans;Limited Edition;Zoom;33;Deep Blue;false;128,37;128,37;0;0;0;0;0;;;;;;;;;;;;;;;;;;;;;;;;;;;;;;;;;;;;;;;;;;;;;
V000344;2024-02-16;10:25;S03;E0016;C0118;2;154,39;4,46;P062;shoe;Nike;Limited Edition;Air;42;White;false;136,56;136,56;0;0;0;0;0;A005;accessory;Accessoire;Bonnet;Bonnet;M;Deep Blue;false;17,83;22,29;4,46;0;0;4,46;20,01;;;;;;;;;;;;;;;;;;;;;;;;;;;;;;
V000345;2024-07-09;11:29;S07;E0042;C0377;1;49,52;4,48;P078;shoe;Puma;Training;Elite;30;Light Green;false;49,52;54;4,48;4,48;0;0;8,3;;;;;;;;;;;;;;;;;;;;;;;;;;;;;;;;;;;;;;;;;;;;;
V000346;2024-09-06;12:44;S08;E0051;C0345;1;172,88;0;P073;shoe;Reebok;Limited Edition;Elite;39;Deep Blue;true;172,88;172,88;0;0;0;0;0;;;;;;;;;;;;;;;;;;;;;;;;;;;;;;;;;;;;;;;;;;;;;
V000347;2024-04-23;12:46;S05;E0030;C0399;2;83,41;14,98;P040;shoe;Nike;Trail;Zoom;44;Black;false;68,3;80,36;12,06;12,06;0;0;15,01;A010;accessory;Accessoire;Tee-shirt;Tee-shirt;XL;Black;false;15,11;18,03;2,92;2,92;0;0;16,2;;;;;;;;;;;;;;;;;;;;;;;;;;;;;;
V000348;2024-03-26;16:02;S03;E0018;C0278;1;105,62;0;P088;shoe;Adidas;Running;Zoom;36;Black;true;105,62;105,62;0;0;0;0;0;;;;;;;;;;;;;;;;;;;;;;;;;;;;;;;;;;;;;;;;;;;;;
V000349;2024-08-02;16:03;S07;E0043;C0341;2;197,17;2,83;P031;shoe;Puma;Limited Edition;Elite;32;Black;false;175;175;0;0;0;0;0;A002;accessory;Accessoire;Lacets;Lacets;M;White;false;22,17;25;2,83;2,83;0;0;11,32;;;;;;;;;;;;;;;;;;;;;;;;;;;;;;
V000350;2024-03-14;09:36;S01;E0005;C0382;1;277,4;19,1;P073;shoe;Reebok;Limited Edition;Elite;39;Deep Blue;true;277,4;296,5;19,1;0;19,1;0;6,44;;;;;;;;;;;;;;;;;;;;;;;;;;;;;;;;;;;;;;;;;;;;;
V000351;2024-01-01;17:46;S03;E0015;C0199;1;75,64;15,44;P063;shoe;Nike;Casual;Max;40;Pink;true;75,64;91,08;15,44;15,44;0;0;16,95;;;;;;;;;;;;;;;;;;;;;;;;;;;;;;;;;;;;;;;;;;;;;
V000352;2024-02-10;13:34;S05;E0034;C0159;1;116,42;15,86;P047;shoe;Jordans;Trail;Air;37;Premium Black;true;116,42;132,28;15,86;15,86;0;0;11,99;;;;;;;;;;;;;;;;;;;;;;;;;;;;;;;;;;;;;;;;;;;;;
V000353;2024-06-07;12:08;S02;E0011;C0291;1;126,26;29,42;P020;shoe;Puma;Limited Edition;Zoom;33;Red Blood;false;126,26;155,68;29,42;29,42;0;0;18,9;;;;;;;;;;;;;;;;;;;;;;;;;;;;;;;;;;;;;;;;;;;;;
V000354;2024-11-29;09:46;S02;E0007;C0103;1;80,07;0;P044;shoe;Nike;Basketball;Flex;32;Pink;false;80,07;80,07;0;0;0;0;0;;;;;;;;;;;;;;;;;;;;;;;;;;;;;;;;;;;;;;;;;;;;;
V000355;2024-06-19;12:18;S04;E0023;C0338;1;141,12;0;P043;shoe;Adidas;Running;Max;32;Pink;false;141,12;141,12;0;0;0;0;0;;;;;;;;;;;;;;;;;;;;;;;;;;;;;;;;;;;;;;;;;;;;;
V000356;2024-02-02;13:00;S01;E0002;C0132;1;296,5;0;P073;shoe;Reebok;Limited Edition;Elite;39;Deep Blue;true;296,5;296,5;0;0;0;0;0;;;;;;;;;;;;;;;;;;;;;;;;;;;;;;;;;;;;;;;;;;;;;
V000357;2024-10-14;13:43;S07;E0042;C0221;1;149,07;4,93;P076;shoe;Asics;Trail;Air;35;Premium Black;false;149,07;154;4,93;4,93;0;0;3,2;;;;;;;;;;;;;;;;;;;;;;;;;;;;;;;;;;;;;;;;;;;;;
V000358;2024-04-18;10:40;S05;E0033;C0010;1;132,28;0;P047;shoe;Jordans;Trail;Air;37;Premium Black;true;132,28;132,28;0;0;0;0;0;;;;;;;;;;;;;;;;;;;;;;;;;;;;;;;;;;;;;;;;;;;;;
V000359;2024-05-24;14:53;S03;E0017;C0138;1;61,59;7,62;P066;shoe;Adidas;Casual;Air;34;Black;false;61,59;69,21;7,62;7,62;0;0;11,01;;;;;;;;;;;;;;;;;;;;;;;;;;;;;;;;;;;;;;;;;;;;;
V000360;2024-11-11;14:23;S01;E0002;C0102;1;173,84;0;P021;shoe;Reebok;Casual;Air;32;Gold;false;173,84;173,84;0;0;0;0;0;;;;;;;;;;;;;;;;;;;;;;;;;;;;;;;;;;;;;;;;;;;;;
V000361;2024-05-30;14:36;S01;E0002;C0049;2;206,22;10,02;P084;shoe;Reebok;Trail;Air;44;Premium Black;false;190,32;200,34;10,02;0;0;10,02;5;A011;accessory;Accessoire;Casquette;Casquette;L;Classic Grey;false;15,9;15,9;0;0;0;0;0;;;;;;;;;;;;;;;;;;;;;;;;;;;;;;
V000362;2024-06-22;10:44;S04;E0023;C0209;1;106,25;5,47;P050;shoe;New Balance;Training;Max;33;Pink;false;106,25;111,72;5,47;5,47;0;0;4,9;;;;;;;;;;;;;;;;;;;;;;;;;;;;;;;;;;;;;;;;;;;;;
V000363;2024-02-09;13:49;S07;E0045;C0002;1;151,05;7,95;P019;shoe;Asics;Casual;Zoom;37;Deep Purple;false;151,05;159;7,95;0;0;7,95;5;;;;;;;;;;;;;;;;;;;;;;;;;;;;;;;;;;;;;;;;;;;;;
V000364;2024-10-28;10:40;S08;E0054;C0065;1;90,13;0;P059;shoe;Reebok;Running;Elite;43;Black;false;90,13;90,13;0;0;0;0;0;;;;;;;;;;;;;;;;;;;;;;;;;;;;;;;;;;;;;;;;;;;;;
V000365;2024-01-08;15:12;S02;E0006;C0321;1;127,44;0;P058;shoe;Asics;Basketball;Air;45;Pink;false;127,44;127,44;0;0;0;0;0;;;;;;;;;;;;;;;;;;;;;;;;;;;;;;;;;;;;;;;;;;;;;
V000366;2024-02-20;09:56;S02;E0010;C0354;1;130,04;0;P031;shoe;Puma;Limited Edition;Elite;32;Black;false;130,04;130,04;0;0;0;0;0;;;;;;;;;;;;;;;;;;;;;;;;;;;;;;;;;;;;;;;;;;;;;
V000367;2024-03-14;13:14;S03;E0019;C0207;1;117;0;P023;shoe;Adidas;Basketball;Zoom;38;Pink;false;117;117;0;0;0;0;0;;;;;;;;;;;;;;;;;;;;;;;;;;;;;;;;;;;;;;;;;;;;;
V000368;2024-10-17;17:15;S03;E0016;C0168;1;91,08;0;P063;shoe;Nike;Casual;Max;40;Pink;true;91,08;91,08;0;0;0;0;0;;;;;;;;;;;;;;;;;;;;;;;;;;;;;;;;;;;;;;;;;;;;;
V000369;2024-08-12;11:32;S07;E0043;C0108;1;86,37;32,43;P088;shoe;Adidas;Running;Zoom;36;Black;true;86,37;118,8;32,43;15,33;17,1;0;27,3;;;;;;;;;;;;;;;;;;;;;;;;;;;;;;;;;;;;;;;;;;;;;
V000370;2024-12-07;11:07;S05;E0031;C0275;1;57,77;11,61;P066;shoe;Adidas;Casual;Air;34;Black;false;57,77;69,38;11,61;11,61;0;0;16,73;;;;;;;;;;;;;;;;;;;;;;;;;;;;;;;;;;;;;;;;;;;;;
V000371;2024-03-11;13:27;S03;E0017;C0086;2;88,99;0;P014;shoe;Adidas;Basketball;Flex;30;Brown Bear;false;80,07;80,07;0;0;0;0;0;A004;accessory;Accessoire;Bonnet;Bonnet;XS;Black;false;8,92;8,92;0;0;0;0;0;;;;;;;;;;;;;;;;;;;;;;;;;;;;;;
V000372;2024-12-11;16:22;S03;E0015;C0330;1;136,56;0;P053;shoe;Nike;Limited Edition;Zoom;38;Deep Blue;false;136,56;136,56;0;0;0;0;0;;;;;;;;;;;;;;;;;;;;;;;;;;;;;;;;;;;;;;;;;;;;;
V000373;2024-04-10;12:40;S03;E0020;C0145;1;91,08;0;P063;shoe;Nike;Casual;Max;40;Pink;true;91,08;91,08;0;0;0;0;0;;;;;;;;;;;;;;;;;;;;;;;;;;;;;;;;;;;;;;;;;;;;;
V000374;2024-08-30;15:22;S03;E0018;C0161;1;149,74;0;P052;shoe;Nike;Limited Edition;Max;30;Deep Purple;true;149,74;149,74;0;0;0;0;0;;;;;;;;;;;;;;;;;;;;;;;;;;;;;;;;;;;;;;;;;;;;;
V000375;2024-11-29;13:41;S02;E0009;C0006;1;80,07;0;P049;shoe;Puma;Training;Max;31;Deep Purple;false;80,07;80,07;0;0;0;0;0;;;;;;;;;;;;;;;;;;;;;;;;;;;;;;;;;;;;;;;;;;;;;
V000376;2024-11-11;11:14;S02;E0014;C0321;1;101,8;0;P009;shoe;Asics;Trail;Flex;40;Red Blood;false;101,8;101,8;0;0;0;0;0;;;;;;;;;;;;;;;;;;;;;;;;;;;;;;;;;;;;;;;;;;;;;
V000377;2024-10-17;18:15;S02;E0006;C0273;2;138,81;2,23;P032;shoe;Puma;Training;Air;45;Premium Black;false;118,75;118,75;0;0;0;0;0;A008;accessory;Accessoire;Bonnet;Bonnet;XS;White;false;20,06;22,29;2,23;0;0;2,23;10;;;;;;;;;;;;;;;;;;;;;;;;;;;;;;
V000378;2024-09-24;10:51;S02;E0011;C0126;1;120,92;0;P076;shoe;Asics;Trail;Air;35;Premium Black;false;120,92;120,92;0;0;0;0;0;;;;;;;;;;;;;;;;;;;;;;;;;;;;;;;;;;;;;;;;;;;;;
V000379;2024-11-22;17:27;S08;E0048;C0287;1;121,57;0;P056;shoe;Reebok;Basketball;Elite;45;Black;false;121,57;121,57;0;0;0;0;0;;;;;;;;;;;;;;;;;;;;;;;;;;;;;;;;;;;;;;;;;;;;;
V000380;2024-01-17;09:48;S02;E0008;C0159;1;99,63;0;P005;shoe;Nike;Casual;Max;33;Premium Black;false;99,63;99,63;0;0;0;0;0;;;;;;;;;;;;;;;;;;;;;;;;;;;;;;;;;;;;;;;;;;;;;
V000381;2024-11-25;17:31;S01;E0002;C0102;2;289,9;17,2;P073;shoe;Reebok;Limited Edition;Elite;39;Deep Blue;true;279,3;296,5;17,2;17,2;0;0;5,8;A004;accessory;Accessoire;Bonnet;Bonnet;XS;Black;false;10,6;10,6;0;0;0;0;0;;;;;;;;;;;;;;;;;;;;;;;;;;;;;;
V000382;2024-10-24;09:09;S01;E0005;C0343;1;296,5;0;P073;shoe;Reebok;Limited Edition;Elite;39;Deep Blue;true;296,5;296,5;0;0;0;0;0;;;;;;;;;;;;;;;;;;;;;;;;;;;;;;;;;;;;;;;;;;;;;
V000383;2024-03-05;11:16;S03;E0019;C0274;1;91,08;0;P063;shoe;Nike;Casual;Max;40;Pink;true;91,08;91,08;0;0;0;0;0;;;;;;;;;;;;;;;;;;;;;;;;;;;;;;;;;;;;;;;;;;;;;
V000384;2024-11-06;16:51;S03;E0017;C0189;3;160,19;16,5;P053;shoe;Nike;Limited Edition;Zoom;38;Deep Blue;false;120,06;136,56;16,5;0;16,5;0;12,08;A003;accessory;Accessoire;Tee-shirt;Tee-shirt;S;White;false;31,21;31,21;0;0;0;0;0;A001;accessory;Accessoire;Sac de sport;Sac de sport;XS;Deep Blue;false;8,92;8,92;0;0;0;0;0;;;;;;;;;;;;;;;
V000385;2024-01-16;09:33;S07;E0045;C0019;2;209;0;P016;shoe;Puma;Basketball;Flex;44;Brown Bear;false;169;169;0;0;0;0;0;A006;accessory;Accessoire;Sac de sport;Sac de sport;XS;Black;false;40;40;0;0;0;0;0;;;;;;;;;;;;;;;;;;;;;;;;;;;;;;
V000386;2024-11-11;15:31;S07;E0045;C0179;1;118,8;0;P088;shoe;Adidas;Running;Zoom;36;Black;true;118,8;118,8;0;0;0;0;0;;;;;;;;;;;;;;;;;;;;;;;;;;;;;;;;;;;;;;;;;;;;;
V000387;2024-10-01;16:21;S05;E0034;C0089;1;90,71;16,01;P067;shoe;Adidas;Running;Pro;30;Light Green;false;90,71;106,72;16,01;0;0;16,01;15;;;;;;;;;;;;;;;;;;;;;;;;;;;;;;;;;;;;;;;;;;;;;
V000388;2024-11-28;15:12;S08;E0050;C0185;1;85,33;38,79;P086;shoe;Adidas;Casual;Zoom;44;Premium Black;false;85,33;124,12;38,79;20,17;0;18,62;31,25;;;;;;;;;;;;;;;;;;;;;;;;;;;;;;;;;;;;;;;;;;;;;
V000389;2024-05-06;15:20;S08;E0047;C0222;2;117,56;0;P088;shoe;Adidas;Running;Zoom;36;Black;true;104,48;104,48;0;0;0;0;0;A011;accessory;Accessoire;Casquette;Casquette;L;Classic Grey;false;13,08;13,08;0;0;0;0;0;;;;;;;;;;;;;;;;;;;;;;;;;;;;;;
V000390;2024-09-06;17:11;S01;E0002;C0207;1;148,4;0;P055;shoe;Reebok;Training;Zoom;31;Gold;false;148,4;148,4;0;0;0;0;0;;;;;;;;;;;;;;;;;;;;;;;;;;;;;;;;;;;;;;;;;;;;;
V000391;2024-04-09;17:20;S08;E0051;C0008;2;206,4;5,12;P083;shoe;New Balance;Trail;Flex;33;Brown Bear;true;109,08;109,08;0;0;0;0;0;P050;shoe;New Balance;Training;Max;33;Pink;false;97,32;102,44;5,12;0;0;5,12;5;;;;;;;;;;;;;;;;;;;;;;;;;;;;;;
V000392;2024-08-12;17:11;S04;E0022;C0119;1;147,12;0;P001;shoe;New Balance;Training;Max;41;Electric Blue;true;147,12;147,12;0;0;0;0;0;;;;;;;;;;;;;;;;;;;;;;;;;;;;;;;;;;;;;;;;;;;;;
V000393;2024-04-09;13:29;S08;E0048;C0280;1;128,37;0;P069;shoe;Jordans;Limited Edition;Zoom;33;Deep Blue;false;128,37;128,37;0;0;0;0;0;;;;;;;;;;;;;;;;;;;;;;;;;;;;;;;;;;;;;;;;;;;;;
V000394;2024-02-13;11:13;S08;E0049;C0244;1;120,55;0;P048;shoe;Jordans;Casual;Air;45;Brown Bear;true;120,55;120,55;0;0;0;0;0;;;;;;;;;;;;;;;;;;;;;;;;;;;;;;;;;;;;;;;;;;;;;
V000395;2024-08-22;15:30;S08;E0054;C0081;1;113,5;0;P055;shoe;Reebok;Training;Zoom;31;Gold;false;113,5;113,5;0;0;0;0;0;;;;;;;;;;;;;;;;;;;;;;;;;;;;;;;;;;;;;;;;;;;;;
V000396;2024-11-05;16:35;S07;E0043;C0243;1;79;0;P030;shoe;New Balance;Running;Pro;42;Light Green;false;79;79;0;0;0;0;0;;;;;;;;;;;;;;;;;;;;;;;;;;;;;;;;;;;;;;;;;;;;;
V000397;2024-03-29;12:55;S08;E0048;C0391;2;247,39;0;P015;shoe;Asics;Training;Air;45;Deep Purple;false;121,57;121,57;0;0;0;0;0;P058;shoe;Asics;Basketball;Air;45;Pink;false;125,82;125,82;0;0;0;0;0;;;;;;;;;;;;;;;;;;;;;;;;;;;;;;
V000398;2024-03-12;15:04;S06;E0038;C0037;1;151,61;0;P052;shoe;Nike;Limited Edition;Max;30;Deep Purple;true;151,61;151,61;0;0;0;0;0;;;;;;;;;;;;;;;;;;;;;;;;;;;;;;;;;;;;;;;;;;;;;
V000399;2024-11-01;19:30;S04;E0024;C0303;1;265,91;8,22;P073;shoe;Reebok;Limited Edition;Elite;39;Deep Blue;true;265,91;274,13;8,22;0;0;8,22;3;;;;;;;;;;;;;;;;;;;;;;;;;;;;;;;;;;;;;;;;;;;;;
V000400;2024-04-29;17:36;S04;E0026;C0105;2;250,3;19,2;P061;shoe;Reebok;Casual;Pro;41;White;false;88,6;107,8;19,2;0;19,2;0;17,81;P065;shoe;Reebok;Trail;Flex;41;Premium Black;false;161,7;161,7;0;0;0;0;0;;;;;;;;;;;;;;;;;;;;;;;;;;;;;;
V000401;2024-04-05;17:50;S08;E0054;C0304;1;101,35;3,13;P088;shoe;Adidas;Running;Zoom;36;Black;true;101,35;104,48;3,13;0;0;3,13;3;;;;;;;;;;;;;;;;;;;;;;;;;;;;;;;;;;;;;;;;;;;;;
V000402;2024-03-07;18:34;S08;E0048;C0093;1;113,5;0;P055;shoe;Reebok;Training;Zoom;31;Gold;false;113,5;113,5;0;0;0;0;0;;;;;;;;;;;;;;;;;;;;;;;;;;;;;;;;;;;;;;;;;;;;;
V000403;2024-02-05;15:46;S05;E0035;C0075;1;53,54;24,18;P033;shoe;Jordans;Running;Max;31;Red Blood;false;53,54;77,72;24,18;8,08;16,1;0;31,11;;;;;;;;;;;;;;;;;;;;;;;;;;;;;;;;;;;;;;;;;;;;;
V000404;2024-10-16;11:19;S08;E0052;C0169;1;100,75;0;P061;shoe;Reebok;Casual;Pro;41;White;false;100,75;100,75;0;0;0;0;0;;;;;;;;;;;;;;;;;;;;;;;;;;;;;;;;;;;;;;;;;;;;;
V000405;2024-12-04;19:44;S02;E0014;C0369;1;136,56;0;P053;shoe;Nike;Limited Edition;Zoom;38;Deep Blue;false;136,56;136,56;0;0;0;0;0;;;;;;;;;;;;;;;;;;;;;;;;;;;;;;;;;;;;;;;;;;;;;
V000406;2024-08-26;16:50;S07;E0041;C0147;1;169;0;P016;shoe;Puma;Basketball;Flex;44;Brown Bear;false;169;169;0;0;0;0;0;;;;;;;;;;;;;;;;;;;;;;;;;;;;;;;;;;;;;;;;;;;;;
V000407;2024-11-13;09:55;S08;E0049;C0242;1;139;0;P003;shoe;New Balance;Limited Edition;Max;40;Electric Blue;false;139;139;0;0;0;0;0;;;;;;;;;;;;;;;;;;;;;;;;;;;;;;;;;;;;;;;;;;;;;
V000408;2024-12-03;16:44;S02;E0006;C0366;1;62,17;17,9;P044;shoe;Nike;Basketball;Flex;32;Pink;false;62,17;80,07;17,9;0;17,9;0;22,36;;;;;;;;;;;;;;;;;;;;;;;;;;;;;;;;;;;;;;;;;;;;;
V000409;2024-09-23;15:10;S03;E0018;C0355;1;125,69;0;P086;shoe;Adidas;Casual;Zoom;44;Premium Black;false;125,69;125,69;0;0;0;0;0;;;;;;;;;;;;;;;;;;;;;;;;;;;;;;;;;;;;;;;;;;;;;
V000410;2024-07-10;11:29;S05;E0027;C0102;1;128,24;0;P028;shoe;Jordans;Casual;Elite;39;Red Blood;false;128,24;128,24;0;0;0;0;0;;;;;;;;;;;;;;;;;;;;;;;;;;;;;;;;;;;;;;;;;;;;;
V000411;2024-02-28;16:08;S03;E0020;C0136;1;142,69;0;P026;shoe;Asics;Running;Air;43;Gold;true;142,69;142,69;0;0;0;0;0;;;;;;;;;;;;;;;;;;;;;;;;;;;;;;;;;;;;;;;;;;;;;
V000412;2024-04-25;11:27;S06;E0039;C0210;1;108,53;0;P067;shoe;Adidas;Running;Pro;30;Light Green;false;108,53;108,53;0;0;0;0;0;;;;;;;;;;;;;;;;;;;;;;;;;;;;;;;;;;;;;;;;;;;;;
V000413;2024-04-26;19:13;S02;E0009;C0078;2;160,53;0;P026;shoe;Asics;Running;Air;43;Gold;true;142,69;142,69;0;0;0;0;0;A009;accessory;Accessoire;Lacets;Lacets;L;Classic Grey;false;17,84;17,84;0;0;0;0;0;;;;;;;;;;;;;;;;;;;;;;;;;;;;;;
V000414;2024-11-13;09:37;S08;E0050;C0136;1;140,75;0;P026;shoe;Asics;Running;Air;43;Gold;true;140,75;140,75;0;0;0;0;0;;;;;;;;;;;;;;;;;;;;;;;;;;;;;;;;;;;;;;;;;;;;;
V000415;2024-03-15;14:58;S05;E0034;C0129;1;91,48;0;P063;shoe;Nike;Casual;Max;40;Pink;true;91,48;91,48;0;0;0;0;0;;;;;;;;;;;;;;;;;;;;;;;;;;;;;;;;;;;;;;;;;;;;;
V000416;2024-04-16;14:15;S05;E0031;C0284;1;136,68;14,1;P052;shoe;Nike;Limited Edition;Max;30;Deep Purple;true;136,68;150,78;14,1;0;14,1;0;9,35;;;;;;;;;;;;;;;;;;;;;;;;;;;;;;;;;;;;;;;;;;;;;
V000417;2024-10-28;16:08;S06;E0039;C0375;1;84,83;0;P018;shoe;Nike;Casual;Air;42;Red Blood;true;84,83;84,83;0;0;0;0;0;;;;;;;;;;;;;;;;;;;;;;;;;;;;;;;;;;;;;;;;;;;;;
V000418;2024-04-03;16:19;S02;E0006;C0233;4;205,17;0;P054;shoe;Puma;Running;Pro;34;Pink;false;103,53;103,53;0;0;0;0;0;P004;shoe;Puma;Basketball;Max;34;White;true;79,34;79,34;0;0;0;0;0;A004;accessory;Accessoire;Bonnet;Bonnet;XS;Black;false;8,92;8,92;0;0;0;0;0;A011;accessory;Accessoire;Casquette;Casquette;L;Classic Grey;false;13,38;13,38;0;0;0;0;0
V000419;2024-06-25;14:17;S06;E0040;C0173;2;149,8;0;P035;shoe;Puma;Training;Pro;39;Red Blood;false;119,27;119,27;0;0;0;0;0;A007;accessory;Accessoire;Casquette;Casquette;M;Deep Blue;false;30,53;30,53;0;0;0;0;0;;;;;;;;;;;;;;;;;;;;;;;;;;;;;;
V000420;2024-06-21;15:42;S05;E0032;C0338;1;126,48;0;P086;shoe;Adidas;Casual;Zoom;44;Premium Black;false;126,48;126,48;0;0;0;0;0;;;;;;;;;;;;;;;;;;;;;;;;;;;;;;;;;;;;;;;;;;;;;
V000421;2024-10-04;10:54;S02;E0014;C0097;1;99,63;0;P005;shoe;Nike;Casual;Max;33;Premium Black;false;99,63;99,63;0;0;0;0;0;;;;;;;;;;;;;;;;;;;;;;;;;;;;;;;;;;;;;;;;;;;;;
V000422;2024-12-19;18:50;S02;E0014;C0058;1;101,56;35;P053;shoe;Nike;Limited Edition;Zoom;38;Deep Blue;false;101,56;136,56;35;0;35;0;25,63;;;;;;;;;;;;;;;;;;;;;;;;;;;;;;;;;;;;;;;;;;;;;
V000423;2024-01-18;18:18;S08;E0051;C0052;1;81,12;9,01;P010;shoe;Asics;Training;Air;33;Brown Bear;false;81,12;90,13;9,01;0;0;9,01;10;;;;;;;;;;;;;;;;;;;;;;;;;;;;;;;;;;;;;;;;;;;;;
V000424;2024-06-18;15:21;S08;E0050;C0082;1;65,41;11,54;P042;shoe;New Balance;Basketball;Air;30;Sunny Yellow;false;65,41;76,95;11,54;0;0;11,54;15;;;;;;;;;;;;;;;;;;;;;;;;;;;;;;;;;;;;;;;;;;;;;
V000425;2024-11-14;14:20;S04;E0024;C0050;1;101,29;15,13;P088;shoe;Adidas;Running;Zoom;36;Black;true;101,29;116,42;15,13;15,13;0;0;13;;;;;;;;;;;;;;;;;;;;;;;;;;;;;;;;;;;;;;;;;;;;;
V000426;2024-06-04;12:32;S06;E0040;C0335;1;81,91;11,73;P063;shoe;Nike;Casual;Max;40;Pink;true;81,91;93,64;11,73;11,73;0;0;12,53;;;;;;;;;;;;;;;;;;;;;;;;;;;;;;;;;;;;;;;;;;;;;
V000427;2024-05-01;12:12;S02;E0006;C0041;2;165,71;0;P031;shoe;Puma;Limited Edition;Elite;32;Black;false;130,04;130,04;0;0;0;0;0;A006;accessory;Accessoire;Sac de sport;Sac de sport;XS;Black;false;35,67;35,67;0;0;0;0;0;;;;;;;;;;;;;;;;;;;;;;;;;;;;;;
V000428;2024-04-01;11:26;S08;E0047;C0222;1;125,82;0;P036;shoe;New Balance;Training;Flex;44;Sunny Yellow;false;125,82;125,82;0;0;0;0;0;;;;;;;;;;;;;;;;;;;;;;;;;;;;;;;;;;;;;;;;;;;;;
V000429;2024-10-14;12:16;S06;E0039;C0010;2;188;0;P054;shoe;Puma;Running;Pro;34;Pink;false;105,95;105,95;0;0;0;0;0;P004;shoe;Puma;Basketball;Max;34;White;true;82,05;82,05;0;0;0;0;0;;;;;;;;;;;;;;;;;;;;;;;;;;;;;;
V000430;2024-06-07;11:21;S04;E0024;C0113;2;111,04;39,68;P088;shoe;Adidas;Running;Zoom;36;Black;true;76,74;116,42;39,68;16,88;22,8;0;34,08;A007;accessory;Accessoire;Casquette;Casquette;M;Deep Blue;false;34,3;34,3;0;0;0;0;0;;;;;;;;;;;;;;;;;;;;;;;;;;;;;;
V000431;2024-08-27;09:17;S06;E0038;C0002;2;103,14;13,6;P088;shoe;Adidas;Running;Zoom;36;Black;true;94,42;108,02;13,6;0;13,6;0;12,59;A004;accessory;Accessoire;Bonnet;Bonnet;XS;Black;false;8,72;8,72;0;0;0;0;0;;;;;;;;;;;;;;;;;;;;;;;;;;;;;;
V000432;2024-02-16;18:04;S05;E0034;C0183;1;99,69;0;P007;shoe;Adidas;Basketball;Max;33;Electric Blue;false;99,69;99,69;0;0;0;0;0;;;;;;;;;;;;;;;;;;;;;;;;;;;;;;;;;;;;;;;;;;;;;
V000433;2024-09-13;16:49;S05;E0034;C0376;3;137,75;0;P088;shoe;Adidas;Running;Zoom;36;Black;true;106,19;106,19;0;0;0;0;0;A004;accessory;Accessoire;Bonnet;Bonnet;XS;Black;false;9,02;9,02;0;0;0;0;0;A005;accessory;Accessoire;Bonnet;Bonnet;M;Deep Blue;false;22,54;22,54;0;0;0;0;0;;;;;;;;;;;;;;;
V000434;2024-09-13;15:36;S04;E0026;C0183;1;52,92;0;P042;shoe;New Balance;Basketball;Air;30;Sunny Yellow;false;52,92;52,92;0;0;0;0;0;;;;;;;;;;;;;;;;;;;;;;;;;;;;;;;;;;;;;;;;;;;;;
V000435;2024-06-12;17:28;S03;E0020;C0240;1;80,07;0;P040;shoe;Nike;Trail;Zoom;44;Black;false;80,07;80,07;0;0;0;0;0;;;;;;;;;;;;;;;;;;;;;;;;;;;;;;;;;;;;;;;;;;;;;
V000436;2024-12-05;17:04;S02;E0006;C0316;1;142,69;0;P026;shoe;Asics;Running;Air;43;Gold;true;142,69;142,69;0;0;0;0;0;;;;;;;;;;;;;;;;;;;;;;;;;;;;;;;;;;;;;;;;;;;;;
V000437;2024-07-26;16:39;S08;E0048;C0283;2;116,47;26,9;P015;shoe;Asics;Training;Air;45;Deep Purple;false;94,67;121,57;26,9;0;26,9;0;22,13;A008;accessory;Accessoire;Bonnet;Bonnet;XS;White;false;21,8;21,8;0;0;0;0;0;;;;;;;;;;;;;;;;;;;;;;;;;;;;;;
V000438;2024-08-02;13:45;S05;E0031;C0105;2;151,51;0;P027;shoe;Jordans;Trail;Flex;40;Pink;true;119,95;119,95;0;0;0;0;0;A003;accessory;Accessoire;Tee-shirt;Tee-shirt;S;White;false;31,56;31,56;0;0;0;0;0;;;;;;;;;;;;;;;;;;;;;;;;;;;;;;
V000439;2024-09-11;11:52;S02;E0009;C0393;2;195,58;0;P012;shoe;Puma;Limited Edition;Elite;33;Gold;false;164,37;164,37;0;0;0;0;0;A007;accessory;Accessoire;Casquette;Casquette;M;Deep Blue;false;31,21;31,21;0;0;0;0;0;;;;;;;;;;;;;;;;;;;;;;;;;;;;;;
V000440;2024-01-23;12:05;S02;E0006;C0192;1;111,06;16,38;P039;shoe;Puma;Trail;Flex;38;Deep Purple;false;111,06;127,44;16,38;16,38;0;0;12,85;;;;;;;;;;;;;;;;;;;;;;;;;;;;;;;;;;;;;;;;;;;;;
V000441;2024-02-19;16:05;S03;E0020;C0086;1;94,02;11,6;P088;shoe;Adidas;Running;Zoom;36;Black;true;94,02;105,62;11,6;0;11,6;0;10,98;;;;;;;;;;;;;;;;;;;;;;;;;;;;;;;;;;;;;;;;;;;;;
V000442;2024-09-27;14:06;S06;E0039;C0132;1;65,87;16,9;P040;shoe;Nike;Trail;Zoom;44;Black;false;65,87;82,77;16,9;0;16,9;0;20,42;;;;;;;;;;;;;;;;;;;;;;;;;;;;;;;;;;;;;;;;;;;;;
V000443;2024-06-25;09:08;S02;E0013;C0386;1;82,16;0;P018;shoe;Nike;Casual;Air;42;Red Blood;true;82,16;82,16;0;0;0;0;0;;;;;;;;;;;;;;;;;;;;;;;;;;;;;;;;;;;;;;;;;;;;;
V000444;2024-03-15;19:20;S04;E0026;C0040;2;90,07;13,14;P068;shoe;New Balance;Trail;Zoom;40;Light Green;true;73,41;83,61;10,2;0;10,2;0;12,2;A012;accessory;Accessoire;Lacets;Lacets;XL;White;false;16,66;19,6;2,94;0;0;2,94;15;;;;;;;;;;;;;;;;;;;;;;;;;;;;;;
V000445;2024-08-13;13:16;S02;E0013;C0105;1;153,5;0;P006;shoe;Asics;Limited Edition;Air;36;Pink;false;153,5;153,5;0;0;0;0;0;;;;;;;;;;;;;;;;;;;;;;;;;;;;;;;;;;;;;;;;;;;;;
V000446;2024-06-04;14:43;S03;E0020;C0174;1;149,74;0;P052;shoe;Nike;Limited Edition;Max;30;Deep Purple;true;149,74;149,74;0;0;0;0;0;;;;;;;;;;;;;;;;;;;;;;;;;;;;;;;;;;;;;;;;;;;;;
V000447;2024-06-14;11:58;S08;E0050;C0088;1;120,55;0;P048;shoe;Jordans;Casual;Air;45;Brown Bear;true;120,55;120,55;0;0;0;0;0;;;;;;;;;;;;;;;;;;;;;;;;;;;;;;;;;;;;;;;;;;;;;
V000448;2024-09-20;19:07;S04;E0026;C0373;1;116,42;0;P088;shoe;Adidas;Running;Zoom;36;Black;true;116,42;116,42;0;0;0;0;0;;;;;;;;;;;;;;;;;;;;;;;;;;;;;;;;;;;;;;;;;;;;;
V000449;2024-04-29;14:35;S06;E0038;C0097;1;102,09;0;P005;shoe;Nike;Casual;Max;33;Premium Black;false;102,09;102,09;0;0;0;0;0;;;;;;;;;;;;;;;;;;;;;;;;;;;;;;;;;;;;;;;;;;;;;
V000450;2024-04-02;13:42;S04;E0022;C0319;2;107,8;0;P059;shoe;Reebok;Running;Elite;43;Black;false;83,3;83,3;0;0;0;0;0;A002;accessory;Accessoire;Lacets;Lacets;M;White;false;24,5;24,5;0;0;0;0;0;;;;;;;;;;;;;;;;;;;;;;;;;;;;;;
V000451;2024-04-12;18:22;S02;E0010;C0261;1;79,34;0;P004;shoe;Puma;Basketball;Max;34;White;true;79,34;79,34;0;0;0;0;0;;;;;;;;;;;;;;;;;;;;;;;;;;;;;;;;;;;;;;;;;;;;;
V000452;2024-04-01;12:09;S03;E0020;C0236;1;139,3;14,2;P006;shoe;Asics;Limited Edition;Air;36;Pink;false;139,3;153,5;14,2;0;14,2;0;9,25;;;;;;;;;;;;;;;;;;;;;;;;;;;;;;;;;;;;;;;;;;;;;
V000453;2024-07-06;14:36;S04;E0024;C0088;1;108,74;7,68;P088;shoe;Adidas;Running;Zoom;36;Black;true;108,74;116,42;7,68;7,68;0;0;6,6;;;;;;;;;;;;;;;;;;;;;;;;;;;;;;;;;;;;;;;;;;;;;
V000454;2024-04-05;10:40;S02;E0006;C0353;2;226,8;6,77;P006;shoe;Asics;Limited Edition;Air;36;Pink;false;146,73;153,5;6,77;6,77;0;0;4,41;P025;shoe;Asics;Trail;Flex;36;Sunny Yellow;false;80,07;80,07;0;0;0;0;0;;;;;;;;;;;;;;;;;;;;;;;;;;;;;;
V000455;2024-08-12;15:07;S08;E0051;C0354;1;172,88;0;P073;shoe;Reebok;Limited Edition;Elite;39;Deep Blue;true;172,88;172,88;0;0;0;0;0;;;;;;;;;;;;;;;;;;;;;;;;;;;;;;;;;;;;;;;;;;;;;
V000456;2024-01-30;10:56;S02;E0008;C0258;1;136,56;0;P053;shoe;Nike;Limited Edition;Zoom;38;Deep Blue;false;136,56;136,56;0;0;0;0;0;;;;;;;;;;;;;;;;;;;;;;;;;;;;;;;;;;;;;;;;;;;;;
V000457;2024-11-04;12:36;S03;E0017;C0383;1;136,56;0;P053;shoe;Nike;Limited Edition;Zoom;38;Deep Blue;false;136,56;136,56;0;0;0;0;0;;;;;;;;;;;;;;;;;;;;;;;;;;;;;;;;;;;;;;;;;;;;;
V000458;2024-10-09;12:53;S02;E0009;C0188;1;80,07;0;P060;shoe;Puma;Casual;Flex;44;Deep Blue;false;80,07;80,07;0;0;0;0;0;;;;;;;;;;;;;;;;;;;;;;;;;;;;;;;;;;;;;;;;;;;;;
V000459;2024-09-02;10:28;S03;E0020;C0291;1;105,62;0;P088;shoe;Adidas;Running;Zoom;36;Black;true;105,62;105,62;0;0;0;0;0;;;;;;;;;;;;;;;;;;;;;;;;;;;;;;;;;;;;;;;;;;;;;
V000460;2024-04-22;10:45;S06;E0038;C0140;1;138,59;0;P062;shoe;Nike;Limited Edition;Air;42;White;false;138,59;138,59;0;0;0;0;0;;;;;;;;;;;;;;;;;;;;;;;;;;;;;;;;;;;;;;;;;;;;;
V000461;2024-07-11;13:44;S07;E0043;C0291;2;253,39;5,61;P020;shoe;Puma;Limited Edition;Zoom;33;Red Blood;false;234;234;0;0;0;0;0;A008;accessory;Accessoire;Bonnet;Bonnet;XS;White;false;19,39;25;5,61;3,11;0;2,5;22,44;;;;;;;;;;;;;;;;;;;;;;;;;;;;;;
V000462;2024-07-19;09:33;S08;E0048;C0095;1;172,88;0;P073;shoe;Reebok;Limited Edition;Elite;39;Deep Blue;true;172,88;172,88;0;0;0;0;0;;;;;;;;;;;;;;;;;;;;;;;;;;;;;;;;;;;;;;;;;;;;;
V000463;2024-08-12;09:08;S03;E0020;C0301;2;233,57;0;P006;shoe;Asics;Limited Edition;Air;36;Pink;false;153,5;153,5;0;0;0;0;0;P025;shoe;Asics;Trail;Flex;36;Sunny Yellow;false;80,07;80,07;0;0;0;0;0;;;;;;;;;;;;;;;;;;;;;;;;;;;;;;
V000464;2024-03-06;18:58;S08;E0048;C0296;2;204,81;11,56;P085;shoe;Asics;Casual;Pro;39;White;false;100,75;100,75;0;0;0;0;0;P087;shoe;Asics;Training;Elite;39;Black;false;104,06;115,62;11,56;0;0;11,56;10;;;;;;;;;;;;;;;;;;;;;;;;;;;;;;
V000465;2024-09-20;10:59;S04;E0024;C0318;1;58,8;0;P008;shoe;Reebok;Casual;Elite;35;Deep Blue;false;58,8;58,8;0;0;0;0;0;;;;;;;;;;;;;;;;;;;;;;;;;;;;;;;;;;;;;;;;;;;;;
V000466;2024-10-09;09:19;S02;E0006;C0095;1;149,74;0;P052;shoe;Nike;Limited Edition;Max;30;Deep Purple;true;149,74;149,74;0;0;0;0;0;;;;;;;;;;;;;;;;;;;;;;;;;;;;;;;;;;;;;;;;;;;;;
V000467;2024-02-19;13:00;S08;E0053;C0217;1;90,13;0;P071;shoe;Reebok;Casual;Elite;32;Brown Bear;false;90,13;90,13;0;0;0;0;0;;;;;;;;;;;;;;;;;;;;;;;;;;;;;;;;;;;;;;;;;;;;;
V000468;2024-08-26;11:16;S05;E0029;C0131;1;100,13;0;P005;shoe;Nike;Casual;Max;33;Premium Black;false;100,13;100,13;0;0;0;0;0;;;;;;;;;;;;;;;;;;;;;;;;;;;;;;;;;;;;;;;;;;;;;
V000469;2024-10-01;12:23;S08;E0050;C0203;1;155,64;17,24;P073;shoe;Reebok;Limited Edition;Elite;39;Deep Blue;true;155,64;172,88;17,24;17,24;0;0;9,97;;;;;;;;;;;;;;;;;;;;;;;;;;;;;;;;;;;;;;;;;;;;;
V000470;2024-11-05;11:53;S08;E0052;C0223;1;98,19;0;P007;shoe;Adidas;Basketball;Max;33;Electric Blue;false;98,19;98,19;0;0;0;0;0;;;;;;;;;;;;;;;;;;;;;;;;;;;;;;;;;;;;;;;;;;;;;
V000471;2024-06-25;17:01;S07;E0042;C0020;1;52,49;5,83;P004;shoe;Puma;Basketball;Max;34;White;true;52,49;58,32;5,83;5,83;0;0;10;;;;;;;;;;;;;;;;;;;;;;;;;;;;;;;;;;;;;;;;;;;;;
V000472;2024-03-18;11:09;S07;E0044;C0281;1;118,8;0;P088;shoe;Adidas;Running;Zoom;36;Black;true;118,8;118,8;0;0;0;0;0;;;;;;;;;;;;;;;;;;;;;;;;;;;;;;;;;;;;;;;;;;;;;
V000473;2024-10-03;13:24;S08;E0050;C0138;1;106,49;14,06;P048;shoe;Jordans;Casual;Air;45;Brown Bear;true;106,49;120,55;14,06;14,06;0;0;11,66;;;;;;;;;;;;;;;;;;;;;;;;;;;;;;;;;;;;;;;;;;;;;
V000474;2024-09-23;17:49;S08;E0047;C0180;2;216,37;0;P087;shoe;Asics;Training;Elite;39;Black;false;115,62;115,62;0;0;0;0;0;P085;shoe;Asics;Casual;Pro;39;White;false;100,75;100,75;0;0;0;0;0;;;;;;;;;;;;;;;;;;;;;;;;;;;;;;
V000475;2024-02-14;12:25;S03;E0015;C0248;2;218,72;0;P062;shoe;Nike;Limited Edition;Air;42;White;false;136,56;136,56;0;0;0;0;0;P018;shoe;Nike;Casual;Air;42;Red Blood;true;82,16;82,16;0;0;0;0;0;;;;;;;;;;;;;;;;;;;;;;;;;;;;;;
V000476;2024-10-10;14:42;S05;E0032;C0394;1;83,41;8,07;P063;shoe;Nike;Casual;Max;40;Pink;true;83,41;91,48;8,07;8,07;0;0;8,82;;;;;;;;;;;;;;;;;;;;;;;;;;;;;;;;;;;;;;;;;;;;;
V000477;2024-06-10;11:09;S02;E0009;C0324;1;91,08;0;P063;shoe;Nike;Casual;Max;40;Pink;true;91,08;91,08;0;0;0;0;0;;;;;;;;;;;;;;;;;;;;;;;;;;;;;;;;;;;;;;;;;;;;;
V000478;2024-12-27;10:50;S04;E0023;C0341;1;58,8;0;P008;shoe;Reebok;Casual;Elite;35;Deep Blue;false;58,8;58,8;0;0;0;0;0;;;;;;;;;;;;;;;;;;;;;;;;;;;;;;;;;;;;;;;;;;;;;
V000479;2024-07-04;13:11;S05;E0034;C0197;1;109;19,24;P028;shoe;Jordans;Casual;Elite;39;Red Blood;false;109;128,24;19,24;0;0;19,24;15;;;;;;;;;;;;;;;;;;;;;;;;;;;;;;;;;;;;;;;;;;;;;
V000480;2024-06-26;15:39;S05;E0033;C0348;1;106,19;0;P088;shoe;Adidas;Running;Zoom;36;Black;true;106,19;106,19;0;0;0;0;0;;;;;;;;;;;;;;;;;;;;;;;;;;;;;;;;;;;;;;;;;;;;;
V000481;2024-09-09;12:00;S02;E0006;C0112;1;118,38;13,4;P041;shoe;Puma;Trail;Pro;39;Premium Black;false;118,38;131,78;13,4;0;13,4;0;10,17;;;;;;;;;;;;;;;;;;;;;;;;;;;;;;;;;;;;;;;;;;;;;
V000482;2024-08-22;11:09;S08;E0047;C0168;1;129,73;0;P047;shoe;Jordans;Trail;Air;37;Premium Black;true;129,73;129,73;0;0;0;0;0;;;;;;;;;;;;;;;;;;;;;;;;;;;;;;;;;;;;;;;;;;;;;
V000483;2024-06-19;09:57;S08;E0048;C0380;1;105;0;P067;shoe;Adidas;Running;Pro;30;Light Green;false;105;105;0;0;0;0;0;;;;;;;;;;;;;;;;;;;;;;;;;;;;;;;;;;;;;;;;;;;;;
V000484;2024-06-26;11:57;S08;E0051;C0037;1;70,06;0;P079;shoe;New Balance;Basketball;Flex;32;Deep Blue;true;70,06;70,06;0;0;0;0;0;;;;;;;;;;;;;;;;;;;;;;;;;;;;;;;;;;;;;;;;;;;;;
V000485;2024-09-19;15:34;S08;E0048;C0334;1;121,57;0;P045;shoe;New Balance;Training;Pro;45;Electric Blue;false;121,57;121,57;0;0;0;0;0;;;;;;;;;;;;;;;;;;;;;;;;;;;;;;;;;;;;;;;;;;;;;
V000486;2024-07-16;09:47;S08;E0048;C0211;2;149,75;19,88;P010;shoe;Asics;Training;Air;33;Brown Bear;false;90,13;90,13;0;0;0;0;0;P057;shoe;Asics;Trail;Zoom;33;Brown Bear;false;59,62;79,5;19,88;0;0;19,88;25,01;;;;;;;;;;;;;;;;;;;;;;;;;;;;;;
V000487;2024-11-15;09:11;S03;E0017;C0178;1;142,69;0;P026;shoe;Asics;Running;Air;43;Gold;true;142,69;142,69;0;0;0;0;0;;;;;;;;;;;;;;;;;;;;;;;;;;;;;;;;;;;;;;;;;;;;;
V000488;2024-09-14;16:34;S04;E0024;C0059;1;112,26;34,86;P001;shoe;New Balance;Training;Max;41;Electric Blue;true;112,26;147,12;34,86;0;27,5;7,36;23,69;;;;;;;;;;;;;;;;;;;;;;;;;;;;;;;;;;;;;;;;;;;;;
V000489;2024-04-15;14:47;S05;E0028;C0103;1;100,13;0;P005;shoe;Nike;Casual;Max;33;Premium Black;false;100,13;100,13;0;0;0;0;0;;;;;;;;;;;;;;;;;;;;;;;;;;;;;;;;;;;;;;;;;;;;;
V000490;2024-05-13;10:16;S08;E0048;C0023;1;100,75;0;P009;shoe;Asics;Trail;Flex;40;Red Blood;false;100,75;100,75;0;0;0;0;0;;;;;;;;;;;;;;;;;;;;;;;;;;;;;;;;;;;;;;;;;;;;;
V000491;2024-05-24;12:59;S08;E0051;C0399;1;61,04;18,46;P014;shoe;Adidas;Basketball;Flex;30;Brown Bear;false;61,04;79,5;18,46;10,51;0;7,95;23,22;;;;;;;;;;;;;;;;;;;;;;;;;;;;;;;;;;;;;;;;;;;;;
V000492;2024-11-21;16:12;S02;E0006;C0397;1;80,07;0;P040;shoe;Nike;Trail;Zoom;44;Black;false;80,07;80,07;0;0;0;0;0;;;;;;;;;;;;;;;;;;;;;;;;;;;;;;;;;;;;;;;;;;;;;
V000493;2024-01-16;15:09;S06;E0039;C0095;2;160,39;0;P062;shoe;Nike;Limited Edition;Air;42;White;false;138,59;138,59;0;0;0;0;0;A005;accessory;Accessoire;Bonnet;Bonnet;M;Deep Blue;false;21,8;21,8;0;0;0;0;0;;;;;;;;;;;;;;;;;;;;;;;;;;;;;;
V000494;2024-05-23;14:51;S07;E0044;C0320;1;37,8;0;P079;shoe;New Balance;Basketball;Flex;32;Deep Blue;true;37,8;37,8;0;0;0;0;0;;;;;;;;;;;;;;;;;;;;;;;;;;;;;;;;;;;;;;;;;;;;;
V000495;2024-10-16;16:20;S01;E0005;C0238;2;333,6;0;P073;shoe;Reebok;Limited Edition;Elite;39;Deep Blue;true;296,5;296,5;0;0;0;0;0;A003;accessory;Accessoire;Tee-shirt;Tee-shirt;S;White;false;37,1;37,1;0;0;0;0;0;;;;;;;;;;;;;;;;;;;;;;;;;;;;;;
V000496;2024-11-26;10:32;S03;E0015;C0178;1;142,69;0;P026;shoe;Asics;Running;Air;43;Gold;true;142,69;142,69;0;0;0;0;0;;;;;;;;;;;;;;;;;;;;;;;;;;;;;;;;;;;;;;;;;;;;;
V000497;2024-04-05;10:00;S01;E0005;C0237;1;296,5;0;P073;shoe;Reebok;Limited Edition;Elite;39;Deep Blue;true;296,5;296,5;0;0;0;0;0;;;;;;;;;;;;;;;;;;;;;;;;;;;;;;;;;;;;;;;;;;;;;
V000498;2024-09-26;16:09;S08;E0054;C0184;1;102,44;0;P038;shoe;Reebok;Training;Elite;33;Brown Bear;false;102,44;102,44;0;0;0;0;0;;;;;;;;;;;;;;;;;;;;;;;;;;;;;;;;;;;;;;;;;;;;;
V000499;2024-04-01;13:36;S03;E0015;C0327;1;101,8;0;P009;shoe;Asics;Trail;Flex;40;Red Blood;false;101,8;101,8;0;0;0;0;0;;;;;;;;;;;;;;;;;;;;;;;;;;;;;;;;;;;;;;;;;;;;;
V000500;2024-12-25;09:05;S01;E0005;C0287;1;296,5;0;P073;shoe;Reebok;Limited Edition;Elite;39;Deep Blue;true;296,5;296,5;0;0;0;0;0;;;;;;;;;;;;;;;;;;;;;;;;;;;;;;;;;;;;;;;;;;;;;
V000501;2024-12-13;15:37;S03;E0020;C0056;1;106,15;0;P067;shoe;Adidas;Running;Pro;30;Light Green;false;106,15;106,15;0;0;0;0;0;;;;;;;;;;;;;;;;;;;;;;;;;;;;;;;;;;;;;;;;;;;;;
V000502;2024-12-06;16:28;S05;E0033;C0366;1;100,13;0;P005;shoe;Nike;Casual;Max;33;Premium Black;false;100,13;100,13;0;0;0;0;0;;;;;;;;;;;;;;;;;;;;;;;;;;;;;;;;;;;;;;;;;;;;;
V000503;2024-10-21;15:23;S01;E0001;C0385;2;136,74;22,26;P055;shoe;Reebok;Training;Zoom;31;Gold;false;126,14;148,4;22,26;0;0;22,26;15;A004;accessory;Accessoire;Bonnet;Bonnet;XS;Black;false;10,6;10,6;0;0;0;0;0;;;;;;;;;;;;;;;;;;;;;;;;;;;;;;
V000504;2024-04-02;12:01;S08;E0051;C0006;1;115,62;0;P024;shoe;New Balance;Trail;Max;38;Electric Blue;false;115,62;115,62;0;0;0;0;0;;;;;;;;;;;;;;;;;;;;;;;;;;;;;;;;;;;;;;;;;;;;;
V000505;2024-04-16;10:53;S03;E0018;C0041;1;105,62;0;P088;shoe;Adidas;Running;Zoom;36;Black;true;105,62;105,62;0;0;0;0;0;;;;;;;;;;;;;;;;;;;;;;;;;;;;;;;;;;;;;;;;;;;;;
V000506;2024-04-10;17:01;S08;E0048;C0393;2;201,35;15,02;P085;shoe;Asics;Casual;Pro;39;White;false;85,73;100,75;15,02;15,02;0;0;14,91;P087;shoe;Asics;Training;Elite;39;Black;false;115,62;115,62;0;0;0;0;0;;;;;;;;;;;;;;;;;;;;;;;;;;;;;;
V000507;2024-10-23;11:13;S06;E0039;C0072;2;129,73;2,62;P035;shoe;Puma;Training;Pro;39;Red Blood;false;119,27;119,27;0;0;0;0;0;A011;accessory;Accessoire;Casquette;Casquette;L;Classic Grey;false;10,46;13,08;2,62;0;0;2,62;20,03;;;;;;;;;;;;;;;;;;;;;;;;;;;;;;
V000508;2024-10-29;11:14;S08;E0050;C0217;1;102,44;0;P038;shoe;Reebok;Training;Elite;33;Brown Bear;false;102,44;102,44;0;0;0;0;0;;;;;;;;;;;;;;;;;;;;;;;;;;;;;;;;;;;;;;;;;;;;;
V000509;2024-01-18;12:11;S08;E0048;C0109;1;92,59;9,85;P050;shoe;New Balance;Training;Max;33;Pink;false;92,59;102,44;9,85;9,85;0;0;9,62;;;;;;;;;;;;;;;;;;;;;;;;;;;;;;;;;;;;;;;;;;;;;
V000510;2024-05-06;16:37;S01;E0005;C0010;2;286,8;20,3;P073;shoe;Reebok;Limited Edition;Elite;39;Deep Blue;true;276,2;296,5;20,3;0;20,3;0;6,85;A001;accessory;Accessoire;Sac de sport;Sac de sport;XS;Deep Blue;false;10,6;10,6;0;0;0;0;0;;;;;;;;;;;;;;;;;;;;;;;;;;;;;;
V000511;2024-02-13;19:41;S02;E0006;C0050;1;184,93;0;P037;shoe;Puma;Limited Edition;Zoom;38;Gold;true;184,93;184,93;0;0;0;0;0;;;;;;;;;;;;;;;;;;;;;;;;;;;;;;;;;;;;;;;;;;;;;
V000512;2024-08-28;18:14;S08;E0051;C0127;1;104,48;0;P088;shoe;Adidas;Running;Zoom;36;Black;true;104,48;104,48;0;0;0;0;0;;;;;;;;;;;;;;;;;;;;;;;;;;;;;;;;;;;;;;;;;;;;;
V000513;2024-03-11;16:27;S02;E0006;C0366;1;80,07;0;P044;shoe;Nike;Basketball;Flex;32;Pink;false;80,07;80,07;0;0;0;0;0;;;;;;;;;;;;;;;;;;;;;;;;;;;;;;;;;;;;;;;;;;;;;
V000514;2024-06-19;15:09;S07;E0042;C0119;1;118,8;0;P088;shoe;Adidas;Running;Zoom;36;Black;true;118,8;118,8;0;0;0;0;0;;;;;;;;;;;;;;;;;;;;;;;;;;;;;;;;;;;;;;;;;;;;;
V000515;2024-06-04;17:36;S03;E0018;C0159;1;149,74;0;P052;shoe;Nike;Limited Edition;Max;30;Deep Purple;true;149,74;149,74;0;0;0;0;0;;;;;;;;;;;;;;;;;;;;;;;;;;;;;;;;;;;;;;;;;;;;;
V000516;2024-04-15;10:52;S05;E0028;C0105;1;82,47;0;P018;shoe;Nike;Casual;Air;42;Red Blood;true;82,47;82,47;0;0;0;0;0;;;;;;;;;;;;;;;;;;;;;;;;;;;;;;;;;;;;;;;;;;;;;
V000517;2024-06-11;18:22;S02;E0006;C0253;1;73,43;6,64;P025;shoe;Asics;Trail;Flex;36;Sunny Yellow;false;73,43;80,07;6,64;6,64;0;0;8,29;;;;;;;;;;;;;;;;;;;;;;;;;;;;;;;;;;;;;;;;;;;;;
V000518;2024-10-02;10:02;S03;E0020;C0335;1;105,62;0;P088;shoe;Adidas;Running;Zoom;36;Black;true;105,62;105,62;0;0;0;0;0;;;;;;;;;;;;;;;;;;;;;;;;;;;;;;;;;;;;;;;;;;;;;
V000519;2024-04-09;12:39;S01;E0002;C0119;1;296,5;0;P073;shoe;Reebok;Limited Edition;Elite;39;Deep Blue;true;296,5;296,5;0;0;0;0;0;;;;;;;;;;;;;;;;;;;;;;;;;;;;;;;;;;;;;;;;;;;;;
V000520;2024-11-04;12:00;S02;E0009;C0082;1;127,44;0;P016;shoe;Puma;Basketball;Flex;44;Brown Bear;false;127,44;127,44;0;0;0;0;0;;;;;;;;;;;;;;;;;;;;;;;;;;;;;;;;;;;;;;;;;;;;;
V000521;2024-06-18;10:12;S08;E0054;C0102;1;98,19;0;P007;shoe;Adidas;Basketball;Max;33;Electric Blue;false;98,19;98,19;0;0;0;0;0;;;;;;;;;;;;;;;;;;;;;;;;;;;;;;;;;;;;;;;;;;;;;
V000522;2024-12-05;16:36;S03;E0019;C0324;1;104,63;18,46;P019;shoe;Asics;Casual;Zoom;37;Deep Purple;false;104,63;123,09;18,46;0;0;18,46;15;;;;;;;;;;;;;;;;;;;;;;;;;;;;;;;;;;;;;;;;;;;;;
V000523;2024-09-19;14:01;S02;E0010;C0310;1;62,85;19,31;P018;shoe;Nike;Casual;Air;42;Red Blood;true;62,85;82,16;19,31;4,31;15;0;23,5;;;;;;;;;;;;;;;;;;;;;;;;;;;;;;;;;;;;;;;;;;;;;
V000524;2024-01-06;17:31;S05;E0028;C0119;1;132,28;0;P047;shoe;Jordans;Trail;Air;37;Premium Black;true;132,28;132,28;0;0;0;0;0;;;;;;;;;;;;;;;;;;;;;;;;;;;;;;;;;;;;;;;;;;;;;
V000525;2024-12-17;12:41;S03;E0018;C0173;1;81,23;18,4;P005;shoe;Nike;Casual;Max;33;Premium Black;false;81,23;99,63;18,4;18,4;0;0;18,47;;;;;;;;;;;;;;;;;;;;;;;;;;;;;;;;;;;;;;;;;;;;;
V000526;2024-06-22;13:26;S05;E0028;C0301;1;132,28;0;P047;shoe;Jordans;Trail;Air;37;Premium Black;true;132,28;132,28;0;0;0;0;0;;;;;;;;;;;;;;;;;;;;;;;;;;;;;;;;;;;;;;;;;;;;;
V000527;2024-07-03;11:33;S03;E0020;C0095;1;105,62;0;P088;shoe;Adidas;Running;Zoom;36;Black;true;105,62;105,62;0;0;0;0;0;;;;;;;;;;;;;;;;;;;;;;;;;;;;;;;;;;;;;;;;;;;;;
V000528;2024-02-27;13:32;S03;E0019;C0048;4;220,06;0;P010;shoe;Asics;Training;Air;33;Brown Bear;false;90,94;90,94;0;0;0;0;0;P057;shoe;Asics;Trail;Zoom;33;Brown Bear;false;80,07;80,07;0;0;0;0;0;A010;accessory;Accessoire;Tee-shirt;Tee-shirt;XL;Black;false;17,84;17,84;0;0;0;0;0;A007;accessory;Accessoire;Casquette;Casquette;M;Deep Blue;false;31,21;31,21;0;0;0;0;0
V000529;2024-04-01;14:06;S03;E0015;C0371;2;114,54;0;P088;shoe;Adidas;Running;Zoom;36;Black;true;105,62;105,62;0;0;0;0;0;A001;accessory;Accessoire;Sac de sport;Sac de sport;XS;Deep Blue;false;8,92;8,92;0;0;0;0;0;;;;;;;;;;;;;;;;;;;;;;;;;;;;;;
V000530;2024-10-14;15:07;S08;E0054;C0236;1;90,13;0;P010;shoe;Asics;Training;Air;33;Brown Bear;false;90,13;90,13;0;0;0;0;0;;;;;;;;;;;;;;;;;;;;;;;;;;;;;;;;;;;;;;;;;;;;;
V000531;2024-09-07;17:15;S05;E0028;C0150;2;230,13;0;P081;shoe;Adidas;Basketball;Max;32;Black;false;112,87;112,87;0;0;0;0;0;P043;shoe;Adidas;Running;Max;32;Pink;false;117,26;117,26;0;0;0;0;0;;;;;;;;;;;;;;;;;;;;;;;;;;;;;;
V000532;2024-10-04;18:36;S07;E0044;C0178;1;229;0;P006;shoe;Asics;Limited Edition;Air;36;Pink;false;229;229;0;0;0;0;0;;;;;;;;;;;;;;;;;;;;;;;;;;;;;;;;;;;;;;;;;;;;;
V000533;2024-09-03;13:19;S05;E0034;C0369;1;132,28;0;P047;shoe;Jordans;Trail;Air;37;Premium Black;true;132,28;132,28;0;0;0;0;0;;;;;;;;;;;;;;;;;;;;;;;;;;;;;;;;;;;;;;;;;;;;;
V000534;2024-04-04;15:44;S04;E0024;C0281;2;238,73;0;P083;shoe;New Balance;Trail;Flex;33;Brown Bear;true;127,01;127,01;0;0;0;0;0;P050;shoe;New Balance;Training;Max;33;Pink;false;111,72;111,72;0;0;0;0;0;;;;;;;;;;;;;;;;;;;;;;;;;;;;;;
V000535;2024-10-22;09:46;S04;E0026;C0252;1;127,01;0;P083;shoe;New Balance;Trail;Flex;33;Brown Bear;true;127,01;127,01;0;0;0;0;0;;;;;;;;;;;;;;;;;;;;;;;;;;;;;;;;;;;;;;;;;;;;;
V000536;2024-11-15;19:01;S02;E0009;C0392;1;127,44;0;P016;shoe;Puma;Basketball;Flex;44;Brown Bear;false;127,44;127,44;0;0;0;0;0;;;;;;;;;;;;;;;;;;;;;;;;;;;;;;;;;;;;;;;;;;;;;
V000537;2024-05-21;16:04;S03;E0019;C0328;1;142,69;0;P026;shoe;Asics;Running;Air;43;Gold;true;142,69;142,69;0;0;0;0;0;;;;;;;;;;;;;;;;;;;;;;;;;;;;;;;;;;;;;;;;;;;;;
V000538;2024-04-22;13:15;S07;E0042;C0072;2;145;0;P010;shoe;Asics;Training;Air;33;Brown Bear;false;85;85;0;0;0;0;0;P057;shoe;Asics;Trail;Zoom;33;Brown Bear;false;60;60;0;0;0;0;0;;;;;;;;;;;;;;;;;;;;;;;;;;;;;;
V000539;2024-12-05;09:43;S08;E0051;C0222;1;76,95;0;P033;shoe;Jordans;Running;Max;31;Red Blood;false;76,95;76,95;0;0;0;0;0;;;;;;;;;;;;;;;;;;;;;;;;;;;;;;;;;;;;;;;;;;;;;
V000540;2024-12-10;12:58;S02;E0011;C0192;1;82,16;0;P018;shoe;Nike;Casual;Air;42;Red Blood;true;82,16;82,16;0;0;0;0;0;;;;;;;;;;;;;;;;;;;;;;;;;;;;;;;;;;;;;;;;;;;;;
V000541;2024-05-21;17:06;S08;E0047;C0042;1;140,75;0;P026;shoe;Asics;Running;Air;43;Gold;true;140,75;140,75;0;0;0;0;0;;;;;;;;;;;;;;;;;;;;;;;;;;;;;;;;;;;;;;;;;;;;;
V000542;2024-10-04;18:07;S04;E0024;C0078;1;116,42;0;P088;shoe;Adidas;Running;Zoom;36;Black;true;116,42;116,42;0;0;0;0;0;;;;;;;;;;;;;;;;;;;;;;;;;;;;;;;;;;;;;;;;;;;;;
V000543;2024-09-18;14:38;S04;E0023;C0074;1;107,8;0;P017;shoe;New Balance;Trail;Zoom;40;Classic Grey;false;107,8;107,8;0;0;0;0;0;;;;;;;;;;;;;;;;;;;;;;;;;;;;;;;;;;;;;;;;;;;;;
V000544;2024-07-16;11:55;S02;E0006;C0336;1;136,56;0;P062;shoe;Nike;Limited Edition;Air;42;White;false;136,56;136,56;0;0;0;0;0;;;;;;;;;;;;;;;;;;;;;;;;;;;;;;;;;;;;;;;;;;;;;
V000545;2024-08-06;10:33;S05;E0034;C0019;2;106,73;0;P034;shoe;Jordans;Running;Zoom;38;Deep Purple;false;88,7;88,7;0;0;0;0;0;A010;accessory;Accessoire;Tee-shirt;Tee-shirt;XL;Black;false;18,03;18,03;0;0;0;0;0;;;;;;;;;;;;;;;;;;;;;;;;;;;;;;
V000546;2024-09-12;12:50;S08;E0053;C0119;1;100,75;0;P009;shoe;Asics;Trail;Flex;40;Red Blood;false;100,75;100,75;0;0;0;0;0;;;;;;;;;;;;;;;;;;;;;;;;;;;;;;;;;;;;;;;;;;;;;
V000547;2024-09-12;11:52;S02;E0011;C0114;2;218,72;0;P062;shoe;Nike;Limited Edition;Air;42;White;false;136,56;136,56;0;0;0;0;0;P018;shoe;Nike;Casual;Air;42;Red Blood;true;82,16;82,16;0;0;0;0;0;;;;;;;;;;;;;;;;;;;;;;;;;;;;;;
V000548;2024-09-27;17:00;S02;E0008;C0232;1;136,56;0;P053;shoe;Nike;Limited Edition;Zoom;38;Deep Blue;false;136,56;136,56;0;0;0;0;0;;;;;;;;;;;;;;;;;;;;;;;;;;;;;;;;;;;;;;;;;;;;;
V000549;2024-12-31;17:47;S05;E0027;C0356;1;106,19;0;P088;shoe;Adidas;Running;Zoom;36;Black;true;106,19;106,19;0;0;0;0;0;;;;;;;;;;;;;;;;;;;;;;;;;;;;;;;;;;;;;;;;;;;;;
V000550;2024-06-14;18:17;S07;E0045;C0226;1;60;0;P060;shoe;Puma;Casual;Flex;44;Deep Blue;false;60;60;0;0;0;0;0;;;;;;;;;;;;;;;;;;;;;;;;;;;;;;;;;;;;;;;;;;;;;
V000551;2024-06-03;12:05;S08;E0051;C0244;1;140,75;0;P026;shoe;Asics;Running;Air;43;Gold;true;140,75;140,75;0;0;0;0;0;;;;;;;;;;;;;;;;;;;;;;;;;;;;;;;;;;;;;;;;;;;;;
V000552;2024-12-06;13:50;S02;E0006;C0316;2;129,68;9,28;P031;shoe;Puma;Limited Edition;Elite;32;Black;false;120,76;130,04;9,28;9,28;0;0;7,14;A001;accessory;Accessoire;Sac de sport;Sac de sport;XS;Deep Blue;false;8,92;8,92;0;0;0;0;0;;;;;;;;;;;;;;;;;;;;;;;;;;;;;;
V000553;2024-06-18;11:31;S03;E0020;C0054;1;105,62;0;P088;shoe;Adidas;Running;Zoom;36;Black;true;105,62;105,62;0;0;0;0;0;;;;;;;;;;;;;;;;;;;;;;;;;;;;;;;;;;;;;;;;;;;;;
V000554;2024-11-30;18:40;S05;E0034;C0075;2;133,34;24,74;P051;shoe;Jordans;Trail;Elite;31;Sunny Yellow;false;75,8;80,36;4,56;4,56;0;0;5,67;P033;shoe;Jordans;Running;Max;31;Red Blood;false;57,54;77,72;20,18;4,64;0;15,54;25,97;;;;;;;;;;;;;;;;;;;;;;;;;;;;;;
V000555;2024-05-10;15:21;S01;E0005;C0068;2;323;0;P073;shoe;Reebok;Limited Edition;Elite;39;Deep Blue;true;296,5;296,5;0;0;0;0;0;A008;accessory;Accessoire;Bonnet;Bonnet;XS;White;false;26,5;26,5;0;0;0;0;0;;;;;;;;;;;;;;;;;;;;;;;;;;;;;;
V000556;2024-07-03;12:20;S06;E0038;C0086;1;105,02;11,67;P070;shoe;Adidas;Casual;Pro;40;Deep Purple;false;105,02;116,69;11,67;0;0;11,67;10;;;;;;;;;;;;;;;;;;;;;;;;;;;;;;;;;;;;;;;;;;;;;
V000557;2024-10-07;17:42;S08;E0049;C0233;1;126,15;25,17;P006;shoe;Asics;Limited Edition;Air;36;Pink;false;126,15;151,32;25,17;25,17;0;0;16,63;;;;;;;;;;;;;;;;;;;;;;;;;;;;;;;;;;;;;;;;;;;;;
V000558;2024-10-30;17:29;S08;E0047;C0091;1;85,37;27,7;P070;shoe;Adidas;Casual;Pro;40;Deep Purple;false;85,37;113,07;27,7;0;27,7;0;24,5;;;;;;;;;;;;;;;;;;;;;;;;;;;;;;;;;;;;;;;;;;;;;
V000559;2024-09-26;13:29;S08;E0048;C0157;1;172,88;0;P073;shoe;Reebok;Limited Edition;Elite;39;Deep Blue;true;172,88;172,88;0;0;0;0;0;;;;;;;;;;;;;;;;;;;;;;;;;;;;;;;;;;;;;;;;;;;;;
V000560;2024-12-05;17:21;S02;E0006;C0258;1;99,63;0;P005;shoe;Nike;Casual;Max;33;Premium Black;false;99,63;99,63;0;0;0;0;0;;;;;;;;;;;;;;;;;;;;;;;;;;;;;;;;;;;;;;;;;;;;;
V000561;2024-05-29;16:11;S01;E0002;C0152;2;200,34;0;P021;shoe;Reebok;Casual;Air;32;Gold;false;173,84;173,84;0;0;0;0;0;A005;accessory;Accessoire;Bonnet;Bonnet;M;Deep Blue;false;26,5;26,5;0;0;0;0;0;;;;;;;;;;;;;;;;;;;;;;;;;;;;;;
V000562;2024-04-23;14:29;S03;E0017;C0043;1;96,42;9,2;P088;shoe;Adidas;Running;Zoom;36;Black;true;96,42;105,62;9,2;9,2;0;0;8,71;;;;;;;;;;;;;;;;;;;;;;;;;;;;;;;;;;;;;;;;;;;;;
V000563;2024-09-30;16:25;S08;E0049;C0325;2;207,93;0;P075;shoe;Jordans;Casual;Air;40;Deep Blue;false;90,13;90,13;0;0;0;0;0;P027;shoe;Jordans;Trail;Flex;40;Pink;true;117,8;117,8;0;0;0;0;0;;;;;;;;;;;;;;;;;;;;;;;;;;;;;;
V000564;2024-11-26;11:00;S05;E0027;C0340;1;115,06;0;P002;shoe;Jordans;Trail;Flex;44;Sunny Yellow;false;115,06;115,06;0;0;0;0;0;;;;;;;;;;;;;;;;;;;;;;;;;;;;;;;;;;;;;;;;;;;;;
V000565;2024-09-06;14:20;S06;E0039;C0241;1;119,27;0;P077;shoe;Puma;Basketball;Zoom;39;Brown Bear;false;119,27;119,27;0;0;0;0;0;;;;;;;;;;;;;;;;;;;;;;;;;;;;;;;;;;;;;;;;;;;;;
V000566;2024-06-12;10:26;S08;E0048;C0243;1;102,44;0;P050;shoe;New Balance;Training;Max;33;Pink;false;102,44;102,44;0;0;0;0;0;;;;;;;;;;;;;;;;;;;;;;;;;;;;;;;;;;;;;;;;;;;;;
V000567;2024-04-29;15:59;S01;E0005;C0235;1;296,5;0;P073;shoe;Reebok;Limited Edition;Elite;39;Deep Blue;true;296,5;296,5;0;0;0;0;0;;;;;;;;;;;;;;;;;;;;;;;;;;;;;;;;;;;;;;;;;;;;;
V000568;2024-12-25;16:58;S06;E0038;C0350;2;95,85;0;P040;shoe;Nike;Trail;Zoom;44;Black;false;82,77;82,77;0;0;0;0;0;A011;accessory;Accessoire;Casquette;Casquette;L;Classic Grey;false;13,08;13,08;0;0;0;0;0;;;;;;;;;;;;;;;;;;;;;;;;;;;;;;
V000569;2024-06-13;19:39;S02;E0006;C0258;1;72,78;18,3;P063;shoe;Nike;Casual;Max;40;Pink;true;72,78;91,08;18,3;0;18,3;0;20,09;;;;;;;;;;;;;;;;;;;;;;;;;;;;;;;;;;;;;;;;;;;;;
V000570;2024-11-18;15:53;S08;E0053;C0137;1;125,82;0;P028;shoe;Jordans;Casual;Elite;39;Red Blood;false;125,82;125,82;0;0;0;0;0;;;;;;;;;;;;;;;;;;;;;;;;;;;;;;;;;;;;;;;;;;;;;
V000571;2024-03-06;11:20;S07;E0045;C0257;1;79;0;P030;shoe;New Balance;Running;Pro;42;Light Green;false;79;79;0;0;0;0;0;;;;;;;;;;;;;;;;;;;;;;;;;;;;;;;;;;;;;;;;;;;;;
V000572;2024-08-02;15:56;S01;E0003;C0348;1;278,71;17,79;P073;shoe;Reebok;Limited Edition;Elite;39;Deep Blue;true;278,71;296,5;17,79;0;0;17,79;6;;;;;;;;;;;;;;;;;;;;;;;;;;;;;;;;;;;;;;;;;;;;;
V000573;2024-02-12;11:20;S05;E0033;C0094;2;219,94;0;P062;shoe;Nike;Limited Edition;Air;42;White;false;137,47;137,47;0;0;0;0;0;P018;shoe;Nike;Casual;Air;42;Red Blood;true;82,47;82,47;0;0;0;0;0;;;;;;;;;;;;;;;;;;;;;;;;;;;;;;
V000574;2024-09-09;15:19;S08;E0047;C0119;1;172,88;0;P073;shoe;Reebok;Limited Edition;Elite;39;Deep Blue;true;172,88;172,88;0;0;0;0;0;;;;;;;;;;;;;;;;;;;;;;;;;;;;;;;;;;;;;;;;;;;;;
V000575;2024-07-29;11:23;S08;E0048;C0136;1;38,95;40,55;P025;shoe;Asics;Trail;Flex;36;Sunny Yellow;false;38,95;79,5;40,55;0;16,7;23,85;51,01;;;;;;;;;;;;;;;;;;;;;;;;;;;;;;;;;;;;;;;;;;;;;
V000576;2024-09-26;16:33;S02;E0010;C0383;1;164,37;0;P012;shoe;Puma;Limited Edition;Elite;33;Gold;false;164,37;164,37;0;0;0;0;0;;;;;;;;;;;;;;;;;;;;;;;;;;;;;;;;;;;;;;;;;;;;;
V000577;2024-12-10;11:40;S03;E0019;C0105;1;105,62;0;P088;shoe;Adidas;Running;Zoom;36;Black;true;105,62;105,62;0;0;0;0;0;;;;;;;;;;;;;;;;;;;;;;;;;;;;;;;;;;;;;;;;;;;;;
V000578;2024-01-06;17:34;S05;E0031;C0244;1;122,8;0;P048;shoe;Jordans;Casual;Air;45;Brown Bear;true;122,8;122,8;0;0;0;0;0;;;;;;;;;;;;;;;;;;;;;;;;;;;;;;;;;;;;;;;;;;;;;
V000579;2024-11-26;17:03;S05;E0032;C0022;2;211,29;0;P027;shoe;Jordans;Trail;Flex;40;Pink;true;119,95;119,95;0;0;0;0;0;P075;shoe;Jordans;Casual;Air;40;Deep Blue;false;91,34;91,34;0;0;0;0;0;;;;;;;;;;;;;;;;;;;;;;;;;;;;;;
V000580;2024-08-01;09:25;S05;E0033;C0349;1;106,19;0;P088;shoe;Adidas;Running;Zoom;36;Black;true;106,19;106,19;0;0;0;0;0;;;;;;;;;;;;;;;;;;;;;;;;;;;;;;;;;;;;;;;;;;;;;
V000581;2024-05-24;11:09;S08;E0049;C0325;1;128,37;0;P069;shoe;Jordans;Limited Edition;Zoom;33;Deep Blue;false;128,37;128,37;0;0;0;0;0;;;;;;;;;;;;;;;;;;;;;;;;;;;;;;;;;;;;;;;;;;;;;
V000582;2024-04-20;17:26;S04;E0023;C0257;2;136,81;0;P083;shoe;New Balance;Trail;Flex;33;Brown Bear;true;127,01;127,01;0;0;0;0;0;A004;accessory;Accessoire;Bonnet;Bonnet;XS;Black;false;9,8;9,8;0;0;0;0;0;;;;;;;;;;;;;;;;;;;;;;;;;;;;;;
V000583;2024-08-14;17:24;S02;E0013;C0288;1;153,5;0;P006;shoe;Asics;Limited Edition;Air;36;Pink;false;153,5;153,5;0;0;0;0;0;;;;;;;;;;;;;;;;;;;;;;;;;;;;;;;;;;;;;;;;;;;;;
V000584;2024-02-16;10:33;S08;E0054;C0051;2;226,13;0;P043;shoe;Adidas;Running;Max;32;Pink;false;115,19;115,19;0;0;0;0;0;P081;shoe;Adidas;Basketball;Max;32;Black;false;110,94;110,94;0;0;0;0;0;;;;;;;;;;;;;;;;;;;;;;;;;;;;;;
V000585;2024-05-11;15:37;S05;E0031;C0103;1;91,48;0;P063;shoe;Nike;Casual;Max;40;Pink;true;91,48;91,48;0;0;0;0;0;;;;;;;;;;;;;;;;;;;;;;;;;;;;;;;;;;;;;;;;;;;;;
V000586;2024-08-15;10:33;S03;E0019;C0326;3;133,57;0;P014;shoe;Adidas;Basketball;Flex;30;Brown Bear;false;80,07;80,07;0;0;0;0;0;A008;accessory;Accessoire;Bonnet;Bonnet;XS;White;false;22,29;22,29;0;0;0;0;0;A003;accessory;Accessoire;Tee-shirt;Tee-shirt;S;White;false;31,21;31,21;0;0;0;0;0;;;;;;;;;;;;;;;
V000587;2024-11-28;17:21;S08;E0053;C0287;1;113,5;0;P055;shoe;Reebok;Training;Zoom;31;Gold;false;113,5;113,5;0;0;0;0;0;;;;;;;;;;;;;;;;;;;;;;;;;;;;;;;;;;;;;;;;;;;;;
V000588;2024-02-14;15:36;S07;E0045;C0178;3;93,32;0;P004;shoe;Puma;Basketball;Max;34;White;true;58,32;58,32;0;0;0;0;0;A002;accessory;Accessoire;Lacets;Lacets;M;White;false;25;25;0;0;0;0;0;A001;accessory;Accessoire;Sac de sport;Sac de sport;XS;Deep Blue;false;10;10;0;0;0;0;0;;;;;;;;;;;;;;;
V000589;2024-11-05;15:34;S05;E0028;C0076;1;69,38;0;P066;shoe;Adidas;Casual;Air;34;Black;false;69,38;69,38;0;0;0;0;0;;;;;;;;;;;;;;;;;;;;;;;;;;;;;;;;;;;;;;;;;;;;;
V000590;2024-10-11;09:20;S08;E0048;C0152;1;134,32;0;P084;shoe;Reebok;Trail;Air;44;Premium Black;false;134,32;134,32;0;0;0;0;0;;;;;;;;;;;;;;;;;;;;;;;;;;;;;;;;;;;;;;;;;;;;;
V000591;2024-02-10;10:59;S05;E0033;C0219;2;158,08;0;P033;shoe;Jordans;Running;Max;31;Red Blood;false;77,72;77,72;0;0;0;0;0;P051;shoe;Jordans;Trail;Elite;31;Sunny Yellow;false;80,36;80,36;0;0;0;0;0;;;;;;;;;;;;;;;;;;;;;;;;;;;;;;
V000592;2024-11-21;11:35;S02;E0009;C0314;1;142,69;0;P026;shoe;Asics;Running;Air;43;Gold;true;142,69;142,69;0;0;0;0;0;;;;;;;;;;;;;;;;;;;;;;;;;;;;;;;;;;;;;;;;;;;;;
V000593;2024-03-08;09:14;S08;E0050;C0260;1;90,13;0;P059;shoe;Reebok;Running;Elite;43;Black;false;90,13;90,13;0;0;0;0;0;;;;;;;;;;;;;;;;;;;;;;;;;;;;;;;;;;;;;;;;;;;;;
V000594;2024-02-29;12:03;S08;E0054;C0211;1;128,37;0;P069;shoe;Jordans;Limited Edition;Zoom;33;Deep Blue;false;128,37;128,37;0;0;0;0;0;;;;;;;;;;;;;;;;;;;;;;;;;;;;;;;;;;;;;;;;;;;;;
V000595;2024-12-17;17:10;S02;E0014;C0007;1;136,56;0;P062;shoe;Nike;Limited Edition;Air;42;White;false;136,56;136,56;0;0;0;0;0;;;;;;;;;;;;;;;;;;;;;;;;;;;;;;;;;;;;;;;;;;;;;
V000596;2024-03-16;13:43;S05;E0030;C0009;1;82,47;0;P018;shoe;Nike;Casual;Air;42;Red Blood;true;82,47;82,47;0;0;0;0;0;;;;;;;;;;;;;;;;;;;;;;;;;;;;;;;;;;;;;;;;;;;;;
V000597;2024-04-04;14:03;S05;E0028;C0095;1;130,88;0;P069;shoe;Jordans;Limited Edition;Zoom;33;Deep Blue;false;130,88;130,88;0;0;0;0;0;;;;;;;;;;;;;;;;;;;;;;;;;;;;;;;;;;;;;;;;;;;;;
V000598;2024-10-31;11:53;S07;E0043;C0088;1;204,12;0;P026;shoe;Asics;Running;Air;43;Gold;true;204,12;204,12;0;0;0;0;0;;;;;;;;;;;;;;;;;;;;;;;;;;;;;;;;;;;;;;;;;;;;;
V000599;2024-08-16;13:37;S02;E0011;C0131;1;136,56;0;P062;shoe;Nike;Limited Edition;Air;42;White;false;136,56;136,56;0;0;0;0;0;;;;;;;;;;;;;;;;;;;;;;;;;;;;;;;;;;;;;;;;;;;;;
V000600;2024-03-06;09:17;S06;E0039;C0297;2;188;0;P004;shoe;Puma;Basketball;Max;34;White;true;82,05;82,05;0;0;0;0;0;P054;shoe;Puma;Running;Pro;34;Pink;false;105,95;105,95;0;0;0;0;0;;;;;;;;;;;;;;;;;;;;;;;;;;;;;;
V000601;2024-05-30;09:39;S08;E0053;C0171;2;94,39;0;P042;shoe;New Balance;Basketball;Air;30;Sunny Yellow;false;76,95;76,95;0;0;0;0;0;A009;accessory;Accessoire;Lacets;Lacets;L;Classic Grey;false;17,44;17,44;0;0;0;0;0;;;;;;;;;;;;;;;;;;;;;;;;;;;;;;
V000602;2024-11-23;15:56;S04;E0026;C0016;2;273,42;0;P080;shoe;New Balance;Limited Edition;Flex;38;Black;false;253,82;253,82;0;0;0;0;0;A012;accessory;Accessoire;Lacets;Lacets;XL;White;false;19,6;19,6;0;0;0;0;0;;;;;;;;;;;;;;;;;;;;;;;;;;;;;;
V000603;2024-11-25;09:58;S03;E0018;C0383;3;203,63;4,88;P067;shoe;Adidas;Running;Pro;30;Light Green;false;106,15;106,15;0;0;0;0;0;P014;shoe;Adidas;Basketball;Flex;30;Brown Bear;false;75,19;80,07;4,88;4,88;0;0;6,09;A005;accessory;Accessoire;Bonnet;Bonnet;M;Deep Blue;false;22,29;22,29;0;0;0;0;0;;;;;;;;;;;;;;;
V000604;2024-11-27;10:45;S02;E0009;C0253;1;101,8;0;P009;shoe;Asics;Trail;Flex;40;Red Blood;false;101,8;101,8;0;0;0;0;0;;;;;;;;;;;;;;;;;;;;;;;;;;;;;;;;;;;;;;;;;;;;;
V000605;2024-09-24;09:44;S05;E0035;C0131;1;137,47;0;P053;shoe;Nike;Limited Edition;Zoom;38;Deep Blue;false;137,47;137,47;0;0;0;0;0;;;;;;;;;;;;;;;;;;;;;;;;;;;;;;;;;;;;;;;;;;;;;
V000606;2024-03-04;09:33;S02;E0006;C0420;1;80,07;0;P025;shoe;Asics;Trail;Flex;36;Sunny Yellow;false;80,07;80,07;0;0;0;0;0;;;;;;;;;;;;;;;;;;;;;;;;;;;;;;;;;;;;;;;;;;;;;
V000607;2024-03-28;14:02;S05;E0034;C0203;2;214,74;5,2;P062;shoe;Nike;Limited Edition;Air;42;White;false;132,27;137,47;5,2;5,2;0;0;3,78;P018;shoe;Nike;Casual;Air;42;Red Blood;true;82,47;82,47;0;0;0;0;0;;;;;;;;;;;;;;;;;;;;;;;;;;;;;;
V000608;2024-05-09;17:21;S08;E0046;C0348;1;90,26;0;P068;shoe;New Balance;Trail;Zoom;40;Light Green;true;90,26;90,26;0;0;0;0;0;;;;;;;;;;;;;;;;;;;;;;;;;;;;;;;;;;;;;;;;;;;;;
V000609;2024-06-26;18:45;S05;E0028;C0066;1;117,26;0;P043;shoe;Adidas;Running;Max;32;Pink;false;117,26;117,26;0;0;0;0;0;;;;;;;;;;;;;;;;;;;;;;;;;;;;;;;;;;;;;;;;;;;;;
V000610;2024-10-04;15:04;S03;E0018;C0092;1;91,08;0;P063;shoe;Nike;Casual;Max;40;Pink;true;91,08;91,08;0;0;0;0;0;;;;;;;;;;;;;;;;;;;;;;;;;;;;;;;;;;;;;;;;;;;;;
V000611;2024-02-08;15:10;S08;E0048;C0141;1;117,8;0;P001;shoe;New Balance;Training;Max;41;Electric Blue;true;117,8;117,8;0;0;0;0;0;;;;;;;;;;;;;;;;;;;;;;;;;;;;;;;;;;;;;;;;;;;;;
V000612;2024-07-25;11:01;S08;E0053;C0091;2;170,85;13,65;P067;shoe;Adidas;Running;Pro;30;Light Green;false;105;105;0;0;0;0;0;P014;shoe;Adidas;Basketball;Flex;30;Brown Bear;false;65,85;79,5;13,65;13,65;0;0;17,17;;;;;;;;;;;;;;;;;;;;;;;;;;;;;;
V000613;2024-12-23;11:44;S05;E0034;C0038;1;119,95;0;P027;shoe;Jordans;Trail;Flex;40;Pink;true;119,95;119,95;0;0;0;0;0;;;;;;;;;;;;;;;;;;;;;;;;;;;;;;;;;;;;;;;;;;;;;
V000614;2024-11-19;09:40;S08;E0049;C0136;2;103,21;0;P010;shoe;Asics;Training;Air;33;Brown Bear;false;90,13;90,13;0;0;0;0;0;A011;accessory;Accessoire;Casquette;Casquette;L;Classic Grey;false;13,08;13,08;0;0;0;0;0;;;;;;;;;;;;;;;;;;;;;;;;;;;;;;
V000615;2024-12-28;18:46;S05;E0034;C0361;2;177,16;42,78;P062;shoe;Nike;Limited Edition;Air;42;White;false;94,69;137,47;42,78;8,96;13,2;20,62;31,12;P018;shoe;Nike;Casual;Air;42;Red Blood;true;82,47;82,47;0;0;0;0;0;;;;;;;;;;;;;;;;;;;;;;;;;;;;;;
V000616;2024-10-21;15:50;S02;E0012;C0203;1;138,73;0;P074;shoe;Puma;Limited Edition;Zoom;36;Classic Grey;false;138,73;138,73;0;0;0;0;0;;;;;;;;;;;;;;;;;;;;;;;;;;;;;;;;;;;;;;;;;;;;;
V000617;2024-12-18;15:38;S03;E0019;C0286;1;82,16;0;P018;shoe;Nike;Casual;Air;42;Red Blood;true;82,16;82,16;0;0;0;0;0;;;;;;;;;;;;;;;;;;;;;;;;;;;;;;;;;;;;;;;;;;;;;
V000618;2024-11-21;14:02;S03;E0018;C0159;1;80,07;0;P040;shoe;Nike;Trail;Zoom;44;Black;false;80,07;80,07;0;0;0;0;0;;;;;;;;;;;;;;;;;;;;;;;;;;;;;;;;;;;;;;;;;;;;;
V000619;2024-10-03;14:15;S03;E0020;C0223;2;163,12;0;P052;shoe;Nike;Limited Edition;Max;30;Deep Purple;true;149,74;149,74;0;0;0;0;0;A011;accessory;Accessoire;Casquette;Casquette;L;Classic Grey;false;13,38;13,38;0;0;0;0;0;;;;;;;;;;;;;;;;;;;;;;;;;;;;;;
V000620;2024-09-09;09:22;S03;E0016;C0100;1;89,72;15,9;P088;shoe;Adidas;Running;Zoom;36;Black;true;89,72;105,62;15,9;0;15,9;0;15,05;;;;;;;;;;;;;;;;;;;;;;;;;;;;;;;;;;;;;;;;;;;;;
V000621;2024-09-07;14:02;S04;E0023;C0399;1;132,45;23,37;P056;shoe;Reebok;Basketball;Elite;45;Black;false;132,45;155,82;23,37;0;0;23,37;15;;;;;;;;;;;;;;;;;;;;;;;;;;;;;;;;;;;;;;;;;;;;;
V000622;2024-01-17;10:36;S04;E0025;C0170;1;253,82;0;P080;shoe;New Balance;Limited Edition;Flex;38;Black;false;253,82;253,82;0;0;0;0;0;;;;;;;;;;;;;;;;;;;;;;;;;;;;;;;;;;;;;;;;;;;;;
V000623;2024-12-17;09:21;S02;E0012;C0295;1;149,74;0;P052;shoe;Nike;Limited Edition;Max;30;Deep Purple;true;149,74;149,74;0;0;0;0;0;;;;;;;;;;;;;;;;;;;;;;;;;;;;;;;;;;;;;;;;;;;;;
V000624;2024-03-12;15:33;S02;E0013;C0283;1;184,93;0;P037;shoe;Puma;Limited Edition;Zoom;38;Gold;true;184,93;184,93;0;0;0;0;0;;;;;;;;;;;;;;;;;;;;;;;;;;;;;;;;;;;;;;;;;;;;;
V000625;2024-06-18;14:17;S08;E0054;C0157;1;104,48;0;P088;shoe;Adidas;Running;Zoom;36;Black;true;104,48;104,48;0;0;0;0;0;;;;;;;;;;;;;;;;;;;;;;;;;;;;;;;;;;;;;;;;;;;;;
V000626;2024-12-20;11:54;S03;E0015;C0018;1;149,74;0;P052;shoe;Nike;Limited Edition;Max;30;Deep Purple;true;149,74;149,74;0;0;0;0;0;;;;;;;;;;;;;;;;;;;;;;;;;;;;;;;;;;;;;;;;;;;;;
V000627;2024-08-02;17:56;S08;E0054;C0102;1;113,09;4,71;P027;shoe;Jordans;Trail;Flex;40;Pink;true;113,09;117,8;4,71;0;0;4,71;4;;;;;;;;;;;;;;;;;;;;;;;;;;;;;;;;;;;;;;;;;;;;;
V000628;2024-05-08;12:47;S06;E0038;C0346;2;148,33;20,79;P053;shoe;Nike;Limited Edition;Zoom;38;Deep Blue;false;117,8;138,59;20,79;0;0;20,79;15;A003;accessory;Accessoire;Tee-shirt;Tee-shirt;S;White;false;30,53;30,53;0;0;0;0;0;;;;;;;;;;;;;;;;;;;;;;;;;;;;;;
V000629;2024-05-27;09:13;S01;E0002;C0215;1;280,2;16,3;P073;shoe;Reebok;Limited Edition;Elite;39;Deep Blue;true;280,2;296,5;16,3;0;16,3;0;5,5;;;;;;;;;;;;;;;;;;;;;;;;;;;;;;;;;;;;;;;;;;;;;
V000630;2024-06-04;17:59;S03;E0015;C0385;3;235,26;5,75;P062;shoe;Nike;Limited Edition;Air;42;White;false;136,56;136,56;0;0;0;0;0;P018;shoe;Nike;Casual;Air;42;Red Blood;true;76,41;82,16;5,75;0;0;5,75;7;A008;accessory;Accessoire;Bonnet;Bonnet;XS;White;false;22,29;22,29;0;0;0;0;0;;;;;;;;;;;;;;;
V000631;2024-11-27;16:29;S02;E0009;C0240;1;89,67;9,96;P005;shoe;Nike;Casual;Max;33;Premium Black;false;89,67;99,63;9,96;0;0;9,96;10;;;;;;;;;;;;;;;;;;;;;;;;;;;;;;;;;;;;;;;;;;;;;
V000632;2024-11-12;09:28;S07;E0042;C0110;1;159;0;P019;shoe;Asics;Casual;Zoom;37;Deep Purple;false;159;159;0;0;0;0;0;;;;;;;;;;;;;;;;;;;;;;;;;;;;;;;;;;;;;;;;;;;;;
V000633;2024-03-28;09:42;S05;E0028;C0014;1;106,19;0;P088;shoe;Adidas;Running;Zoom;36;Black;true;106,19;106,19;0;0;0;0;0;;;;;;;;;;;;;;;;;;;;;;;;;;;;;;;;;;;;;;;;;;;;;
V000634;2024-07-05;16:19;S03;E0015;C0267;1;69,21;0;P066;shoe;Adidas;Casual;Air;34;Black;false;69,21;69,21;0;0;0;0;0;;;;;;;;;;;;;;;;;;;;;;;;;;;;;;;;;;;;;;;;;;;;;
V000635;2024-12-31;16:47;S05;E0033;C0386;1;80,36;0;P051;shoe;Jordans;Trail;Elite;31;Sunny Yellow;false;80,36;80,36;0;0;0;0;0;;;;;;;;;;;;;;;;;;;;;;;;;;;;;;;;;;;;;;;;;;;;;
V000636;2024-04-03;09:35;S05;E0034;C0341;1;125,87;24,91;P052;shoe;Nike;Limited Edition;Max;30;Deep Purple;true;125,87;150,78;24,91;24,91;0;0;16,52;;;;;;;;;;;;;;;;;;;;;;;;;;;;;;;;;;;;;;;;;;;;;
V000637;2024-12-18;10:10;S02;E0010;C0240;1;99,63;0;P005;shoe;Nike;Casual;Max;33;Premium Black;false;99,63;99,63;0;0;0;0;0;;;;;;;;;;;;;;;;;;;;;;;;;;;;;;;;;;;;;;;;;;;;;
V000638;2024-05-24;09:40;S07;E0043;C0316;1;118,8;0;P088;shoe;Adidas;Running;Zoom;36;Black;true;118,8;118,8;0;0;0;0;0;;;;;;;;;;;;;;;;;;;;;;;;;;;;;;;;;;;;;;;;;;;;;
V000639;2024-07-18;17:18;S03;E0017;C0268;2;218,72;0;P062;shoe;Nike;Limited Edition;Air;42;White;false;136,56;136,56;0;0;0;0;0;P018;shoe;Nike;Casual;Air;42;Red Blood;true;82,16;82,16;0;0;0;0;0;;;;;;;;;;;;;;;;;;;;;;;;;;;;;;
V000640;2024-08-09;17:01;S03;E0018;C0032;1;153,5;0;P006;shoe;Asics;Limited Edition;Air;36;Pink;false;153,5;153,5;0;0;0;0;0;;;;;;;;;;;;;;;;;;;;;;;;;;;;;;;;;;;;;;;;;;;;;
V000641;2024-05-06;11:26;S07;E0042;C0078;2;488;0;P012;shoe;Puma;Limited Edition;Elite;33;Gold;false;254;254;0;0;0;0;0;P020;shoe;Puma;Limited Edition;Zoom;33;Red Blood;false;234;234;0;0;0;0;0;;;;;;;;;;;;;;;;;;;;;;;;;;;;;;
V000642;2024-06-04;15:51;S03;E0016;C0190;1;136,56;0;P062;shoe;Nike;Limited Edition;Air;42;White;false;136,56;136,56;0;0;0;0;0;;;;;;;;;;;;;;;;;;;;;;;;;;;;;;;;;;;;;;;;;;;;;
V000643;2024-03-15;16:08;S06;E0040;C0118;1;93,64;0;P063;shoe;Nike;Casual;Max;40;Pink;true;93,64;93,64;0;0;0;0;0;;;;;;;;;;;;;;;;;;;;;;;;;;;;;;;;;;;;;;;;;;;;;
V000644;2024-12-24;10:38;S08;E0048;C0203;1;121,57;0;P011;shoe;New Balance;Running;Max;38;Electric Blue;false;121,57;121,57;0;0;0;0;0;;;;;;;;;;;;;;;;;;;;;;;;;;;;;;;;;;;;;;;;;;;;;
V000645;2024-05-04;16:39;S04;E0024;C0206;1;116,42;0;P088;shoe;Adidas;Running;Zoom;36;Black;true;116,42;116,42;0;0;0;0;0;;;;;;;;;;;;;;;;;;;;;;;;;;;;;;;;;;;;;;;;;;;;;
V000646;2024-11-28;11:52;S03;E0020;C0190;1;105,62;0;P088;shoe;Adidas;Running;Zoom;36;Black;true;105,62;105,62;0;0;0;0;0;;;;;;;;;;;;;;;;;;;;;;;;;;;;;;;;;;;;;;;;;;;;;
V000647;2024-02-29;10:00;S08;E0051;C0157;1;172,88;0;P073;shoe;Reebok;Limited Edition;Elite;39;Deep Blue;true;172,88;172,88;0;0;0;0;0;;;;;;;;;;;;;;;;;;;;;;;;;;;;;;;;;;;;;;;;;;;;;
V000648;2024-05-18;15:39;S05;E0030;C0321;1;112,87;0;P081;shoe;Adidas;Basketball;Max;32;Black;false;112,87;112,87;0;0;0;0;0;;;;;;;;;;;;;;;;;;;;;;;;;;;;;;;;;;;;;;;;;;;;;
V000649;2024-02-01;10:16;S08;E0049;C0390;1;105,77;22,6;P069;shoe;Jordans;Limited Edition;Zoom;33;Deep Blue;false;105,77;128,37;22,6;0;22,6;0;17,61;;;;;;;;;;;;;;;;;;;;;;;;;;;;;;;;;;;;;;;;;;;;;
V000650;2024-04-05;19:08;S02;E0011;C0394;1;149,74;0;P052;shoe;Nike;Limited Edition;Max;30;Deep Purple;true;149,74;149,74;0;0;0;0;0;;;;;;;;;;;;;;;;;;;;;;;;;;;;;;;;;;;;;;;;;;;;;
V000651;2024-05-23;18:11;S02;E0010;C0151;1;138,73;0;P074;shoe;Puma;Limited Edition;Zoom;36;Classic Grey;false;138,73;138,73;0;0;0;0;0;;;;;;;;;;;;;;;;;;;;;;;;;;;;;;;;;;;;;;;;;;;;;
V000652;2024-08-07;11:41;S02;E0014;C0171;1;149,74;0;P052;shoe;Nike;Limited Edition;Max;30;Deep Purple;true;149,74;149,74;0;0;0;0;0;;;;;;;;;;;;;;;;;;;;;;;;;;;;;;;;;;;;;;;;;;;;;
V000653;2024-07-30;10:49;S06;E0040;C0240;1;132,62;5,97;P053;shoe;Nike;Limited Edition;Zoom;38;Deep Blue;false;132,62;138,59;5,97;5,97;0;0;4,31;;;;;;;;;;;;;;;;;;;;;;;;;;;;;;;;;;;;;;;;;;;;;
V000654;2024-02-19;12:34;S03;E0020;C0396;1;116,57;0;P046;shoe;Asics;Trail;Flex;32;Classic Grey;false;116,57;116,57;0;0;0;0;0;;;;;;;;;;;;;;;;;;;;;;;;;;;;;;;;;;;;;;;;;;;;;
V000655;2024-10-12;11:25;S04;E0024;C0254;1;37,04;0;P079;shoe;New Balance;Basketball;Flex;32;Deep Blue;true;37,04;37,04;0;0;0;0;0;;;;;;;;;;;;;;;;;;;;;;;;;;;;;;;;;;;;;;;;;;;;;
V000656;2024-12-05;14:53;S02;E0011;C0388;2;211,41;7,31;P062;shoe;Nike;Limited Edition;Air;42;White;false;129,25;136,56;7,31;7,31;0;0;5,35;P018;shoe;Nike;Casual;Air;42;Red Blood;true;82,16;82,16;0;0;0;0;0;;;;;;;;;;;;;;;;;;;;;;;;;;;;;;
V000657;2024-05-30;13:46;S03;E0017;C0096;1;83,11;18,69;P009;shoe;Asics;Trail;Flex;40;Red Blood;false;83,11;101,8;18,69;18,69;0;0;18,36;;;;;;;;;;;;;;;;;;;;;;;;;;;;;;;;;;;;;;;;;;;;;
V000658;2024-07-10;09:39;S02;E0014;C0236;1;123,09;0;P019;shoe;Asics;Casual;Zoom;37;Deep Purple;false;123,09;123,09;0;0;0;0;0;;;;;;;;;;;;;;;;;;;;;;;;;;;;;;;;;;;;;;;;;;;;;
V000659;2024-04-29;17:30;S06;E0040;C0261;1;151,61;0;P052;shoe;Nike;Limited Edition;Max;30;Deep Purple;true;151,61;151,61;0;0;0;0;0;;;;;;;;;;;;;;;;;;;;;;;;;;;;;;;;;;;;;;;;;;;;;
V000660;2024-03-26;16:55;S08;E0048;C0037;1;128,37;0;P069;shoe;Jordans;Limited Edition;Zoom;33;Deep Blue;false;128,37;128,37;0;0;0;0;0;;;;;;;;;;;;;;;;;;;;;;;;;;;;;;;;;;;;;;;;;;;;;
V000661;2024-08-30;13:57;S03;E0020;C0136;1;142,69;0;P026;shoe;Asics;Running;Air;43;Gold;true;142,69;142,69;0;0;0;0;0;;;;;;;;;;;;;;;;;;;;;;;;;;;;;;;;;;;;;;;;;;;;;
V000662;2024-04-11;17:41;S07;E0044;C0167;1;154;0;P076;shoe;Asics;Trail;Air;35;Premium Black;false;154;154;0;0;0;0;0;;;;;;;;;;;;;;;;;;;;;;;;;;;;;;;;;;;;;;;;;;;;;
V000663;2024-06-24;18:39;S08;E0052;C0277;1;139;0;P003;shoe;New Balance;Limited Edition;Max;40;Electric Blue;false;139;139;0;0;0;0;0;;;;;;;;;;;;;;;;;;;;;;;;;;;;;;;;;;;;;;;;;;;;;
V000664;2024-05-15;14:16;S06;E0039;C0357;1;108,02;0;P088;shoe;Adidas;Running;Zoom;36;Black;true;108,02;108,02;0;0;0;0;0;;;;;;;;;;;;;;;;;;;;;;;;;;;;;;;;;;;;;;;;;;;;;
V000665;2024-05-07;13:07;S05;E0033;C0020;1;137,47;0;P053;shoe;Nike;Limited Edition;Zoom;38;Deep Blue;false;137,47;137,47;0;0;0;0;0;;;;;;;;;;;;;;;;;;;;;;;;;;;;;;;;;;;;;;;;;;;;;
V000666;2024-06-10;10:48;S04;E0026;C0072;2;101,92;0;P029;shoe;Adidas;Basketball;Zoom;45;Brown Bear;false;77,42;77,42;0;0;0;0;0;A008;accessory;Accessoire;Bonnet;Bonnet;XS;White;false;24,5;24,5;0;0;0;0;0;;;;;;;;;;;;;;;;;;;;;;;;;;;;;;
V000667;2024-03-04;10:48;S08;E0051;C0205;1;90,13;0;P071;shoe;Reebok;Casual;Elite;32;Brown Bear;false;90,13;90,13;0;0;0;0;0;;;;;;;;;;;;;;;;;;;;;;;;;;;;;;;;;;;;;;;;;;;;;
V000668;2024-10-24;16:41;S02;E0014;C0078;2;233,57;0;P006;shoe;Asics;Limited Edition;Air;36;Pink;false;153,5;153,5;0;0;0;0;0;P025;shoe;Asics;Trail;Flex;36;Sunny Yellow;false;80,07;80,07;0;0;0;0;0;;;;;;;;;;;;;;;;;;;;;;;;;;;;;;
V000669;2024-01-16;14:09;S05;E0032;C0171;1;88,7;0;P034;shoe;Jordans;Running;Zoom;38;Deep Purple;false;88,7;88,7;0;0;0;0;0;;;;;;;;;;;;;;;;;;;;;;;;;;;;;;;;;;;;;;;;;;;;;
V000670;2024-05-29;14:20;S05;E0034;C0105;1;82,47;0;P018;shoe;Nike;Casual;Air;42;Red Blood;true;82,47;82,47;0;0;0;0;0;;;;;;;;;;;;;;;;;;;;;;;;;;;;;;;;;;;;;;;;;;;;;
V000671;2024-08-15;09:19;S07;E0043;C0243;2;310;0;P003;shoe;New Balance;Limited Edition;Max;40;Electric Blue;false;200;200;0;0;0;0;0;P017;shoe;New Balance;Trail;Zoom;40;Classic Grey;false;110;110;0;0;0;0;0;;;;;;;;;;;;;;;;;;;;;;;;;;;;;;
V000672;2024-04-19;18:20;S08;E0050;C0297;1;70,06;0;P079;shoe;New Balance;Basketball;Flex;32;Deep Blue;true;70,06;70,06;0;0;0;0;0;;;;;;;;;;;;;;;;;;;;;;;;;;;;;;;;;;;;;;;;;;;;;
V000673;2024-07-31;11:44;S05;E0033;C0305;1;66,04;14,32;P051;shoe;Jordans;Trail;Elite;31;Sunny Yellow;false;66,04;80,36;14,32;14,32;0;0;17,82;;;;;;;;;;;;;;;;;;;;;;;;;;;;;;;;;;;;;;;;;;;;;
V000674;2024-10-10;17:34;S07;E0043;C0110;1;204,12;0;P026;shoe;Asics;Running;Air;43;Gold;true;204,12;204,12;0;0;0;0;0;;;;;;;;;;;;;;;;;;;;;;;;;;;;;;;;;;;;;;;;;;;;;
V000675;2024-10-24;12:13;S08;E0052;C0333;1;100,75;0;P061;shoe;Reebok;Casual;Pro;41;White;false;100,75;100,75;0;0;0;0;0;;;;;;;;;;;;;;;;;;;;;;;;;;;;;;;;;;;;;;;;;;;;;
V000676;2024-09-16;12:36;S08;E0054;C0038;2;137,09;0;P069;shoe;Jordans;Limited Edition;Zoom;33;Deep Blue;false;128,37;128,37;0;0;0;0;0;A004;accessory;Accessoire;Bonnet;Bonnet;XS;Black;false;8,72;8,72;0;0;0;0;0;;;;;;;;;;;;;;;;;;;;;;;;;;;;;;
V000677;2024-06-14;18:06;S04;E0024;C0076;1;181,5;14,5;P003;shoe;New Balance;Limited Edition;Max;40;Electric Blue;false;181,5;196;14,5;0;14,5;0;7,4;;;;;;;;;;;;;;;;;;;;;;;;;;;;;;;;;;;;;;;;;;;;;
V000678;2024-04-05;10:49;S03;E0020;C0191;1;135,8;17,7;P006;shoe;Asics;Limited Edition;Air;36;Pink;false;135,8;153,5;17,7;0;17,7;0;11,53;;;;;;;;;;;;;;;;;;;;;;;;;;;;;;;;;;;;;;;;;;;;;
V000679;2024-11-21;13:38;S05;E0034;C0353;1;150,78;0;P052;shoe;Nike;Limited Edition;Max;30;Deep Purple;true;150,78;150,78;0;0;0;0;0;;;;;;;;;;;;;;;;;;;;;;;;;;;;;;;;;;;;;;;;;;;;;
V000680;2024-08-26;11:48;S07;E0043;C0082;2;229,12;0;P001;shoe;New Balance;Training;Max;41;Electric Blue;true;150,12;150,12;0;0;0;0;0;P022;shoe;New Balance;Running;Pro;41;Deep Blue;false;79;79;0;0;0;0;0;;;;;;;;;;;;;;;;;;;;;;;;;;;;;;
V000681;2024-12-19;10:45;S07;E0045;C0101;1;154;0;P076;shoe;Asics;Trail;Air;35;Premium Black;false;154;154;0;0;0;0;0;;;;;;;;;;;;;;;;;;;;;;;;;;;;;;;;;;;;;;;;;;;;;
V000682;2024-07-24;09:13;S03;E0019;C0039;2;98,5;14,73;P010;shoe;Asics;Training;Air;33;Brown Bear;false;79,55;90,94;11,39;11,39;0;0;12,52;A008;accessory;Accessoire;Bonnet;Bonnet;XS;White;false;18,95;22,29;3,34;0;0;3,34;14,98;;;;;;;;;;;;;;;;;;;;;;;;;;;;;;
V000683;2024-02-17;15:55;S05;E0032;C0192;1;82,61;17,52;P005;shoe;Nike;Casual;Max;33;Premium Black;false;82,61;100,13;17,52;17,52;0;0;17,5;;;;;;;;;;;;;;;;;;;;;;;;;;;;;;;;;;;;;;;;;;;;;
V000684;2024-09-09;15:30;S05;E0027;C0325;2;100,26;0;P033;shoe;Jordans;Running;Max;31;Red Blood;false;77,72;77,72;0;0;0;0;0;A005;accessory;Accessoire;Bonnet;Bonnet;M;Deep Blue;false;22,54;22,54;0;0;0;0;0;;;;;;;;;;;;;;;;;;;;;;;;;;;;;;
V000685;2024-01-19;15:08;S04;E0024;C0330;1;116,42;0;P088;shoe;Adidas;Running;Zoom;36;Black;true;116,42;116,42;0;0;0;0;0;;;;;;;;;;;;;;;;;;;;;;;;;;;;;;;;;;;;;;;;;;;;;
V000686;2024-06-26;09:57;S08;E0054;C0333;1;121,57;0;P056;shoe;Reebok;Basketball;Elite;45;Black;false;121,57;121,57;0;0;0;0;0;;;;;;;;;;;;;;;;;;;;;;;;;;;;;;;;;;;;;;;;;;;;;
V000687;2024-12-10;10:59;S06;E0039;C0335;1;71,33;11,44;P014;shoe;Adidas;Basketball;Flex;30;Brown Bear;false;71,33;82,77;11,44;11,44;0;0;13,82;;;;;;;;;;;;;;;;;;;;;;;;;;;;;;;;;;;;;;;;;;;;;
V000688;2024-10-09;11:19;S08;E0052;C0217;1;113,5;0;P055;shoe;Reebok;Training;Zoom;31;Gold;false;113,5;113,5;0;0;0;0;0;;;;;;;;;;;;;;;;;;;;;;;;;;;;;;;;;;;;;;;;;;;;;
V000689;2024-02-20;17:15;S05;E0033;C0234;1;115,06;0;P070;shoe;Adidas;Casual;Pro;40;Deep Purple;false;115,06;115,06;0;0;0;0;0;;;;;;;;;;;;;;;;;;;;;;;;;;;;;;;;;;;;;;;;;;;;;
V000690;2024-11-05;10:52;S08;E0054;C0119;1;139,92;11,4;P006;shoe;Asics;Limited Edition;Air;36;Pink;false;139,92;151,32;11,4;0;11,4;0;7,53;;;;;;;;;;;;;;;;;;;;;;;;;;;;;;;;;;;;;;;;;;;;;
V000691;2024-02-03;12:45;S05;E0033;C0232;4;265,02;0;P062;shoe;Nike;Limited Edition;Air;42;White;false;137,47;137,47;0;0;0;0;0;P018;shoe;Nike;Casual;Air;42;Red Blood;true;82,47;82,47;0;0;0;0;0;A002;accessory;Accessoire;Lacets;Lacets;M;White;false;22,54;22,54;0;0;0;0;0;A008;accessory;Accessoire;Bonnet;Bonnet;XS;White;false;22,54;22,54;0;0;0;0;0
V000692;2024-06-05;16:02;S05;E0031;C0291;1;132,28;0;P047;shoe;Jordans;Trail;Air;37;Premium Black;true;132,28;132,28;0;0;0;0;0;;;;;;;;;;;;;;;;;;;;;;;;;;;;;;;;;;;;;;;;;;;;;
V000693;2024-06-04;11:00;S08;E0048;C0262;1;121,57;0;P015;shoe;Asics;Training;Air;45;Deep Purple;false;121,57;121,57;0;0;0;0;0;;;;;;;;;;;;;;;;;;;;;;;;;;;;;;;;;;;;;;;;;;;;;
V000694;2024-12-24;09:12;S08;E0053;C0215;1;123,69;0;P021;shoe;Reebok;Casual;Air;32;Gold;false;123,69;123,69;0;0;0;0;0;;;;;;;;;;;;;;;;;;;;;;;;;;;;;;;;;;;;;;;;;;;;;
V000695;2024-03-05;16:45;S08;E0054;C0229;2;194,68;0;P073;shoe;Reebok;Limited Edition;Elite;39;Deep Blue;true;172,88;172,88;0;0;0;0;0;A005;accessory;Accessoire;Bonnet;Bonnet;M;Deep Blue;false;21,8;21,8;0;0;0;0;0;;;;;;;;;;;;;;;;;;;;;;;;;;;;;;
V000696;2024-06-29;10:57;S05;E0027;C0119;1;132,28;0;P047;shoe;Jordans;Trail;Air;37;Premium Black;true;132,28;132,28;0;0;0;0;0;;;;;;;;;;;;;;;;;;;;;;;;;;;;;;;;;;;;;;;;;;;;;
V000697;2024-02-20;13:33;S08;E0047;C0136;1;95,71;5,04;P085;shoe;Asics;Casual;Pro;39;White;false;95,71;100,75;5,04;0;0;5,04;5;;;;;;;;;;;;;;;;;;;;;;;;;;;;;;;;;;;;;;;;;;;;;
V000698;2024-09-02;14:24;S02;E0009;C0031;1;136,56;0;P053;shoe;Nike;Limited Edition;Zoom;38;Deep Blue;false;136,56;136,56;0;0;0;0;0;;;;;;;;;;;;;;;;;;;;;;;;;;;;;;;;;;;;;;;;;;;;;
V000699;2024-11-27;10:30;S08;E0050;C0374;2;145,72;0;P043;shoe;Adidas;Running;Max;32;Pink;false;115,19;115,19;0;0;0;0;0;A003;accessory;Accessoire;Tee-shirt;Tee-shirt;S;White;false;30,53;30,53;0;0;0;0;0;;;;;;;;;;;;;;;;;;;;;;;;;;;;;;
V000700;2024-12-31;17:59;S05;E0035;C0407;1;80,36;0;P044;shoe;Nike;Basketball;Flex;32;Pink;false;80,36;80,36;0;0;0;0;0;;;;;;;;;;;;;;;;;;;;;;;;;;;;;;;;;;;;;;;;;;;;;
V000701;2024-09-13;17:46;S03;E0017;C0195;1;101,8;0;P009;shoe;Asics;Trail;Flex;40;Red Blood;false;101,8;101,8;0;0;0;0;0;;;;;;;;;;;;;;;;;;;;;;;;;;;;;;;;;;;;;;;;;;;;;
V000702;2024-03-28;14:26;S03;E0020;C0054;1;82,16;0;P018;shoe;Nike;Casual;Air;42;Red Blood;true;82,16;82,16;0;0;0;0;0;;;;;;;;;;;;;;;;;;;;;;;;;;;;;;;;;;;;;;;;;;;;;
V000703;2024-01-09;14:08;S08;E0054;C0274;1;103,83;15,61;P076;shoe;Asics;Trail;Air;35;Premium Black;false;103,83;119,44;15,61;15,61;0;0;13,07;;;;;;;;;;;;;;;;;;;;;;;;;;;;;;;;;;;;;;;;;;;;;
V000704;2024-06-29;17:00;S04;E0023;C0356;2;165,74;5,88;P001;shoe;New Balance;Training;Max;41;Electric Blue;true;141,24;147,12;5,88;0;0;5,88;4;A008;accessory;Accessoire;Bonnet;Bonnet;XS;White;false;24,5;24,5;0;0;0;0;0;;;;;;;;;;;;;;;;;;;;;;;;;;;;;;
V000705;2024-06-03;12:23;S02;E0010;C0286;1;80,07;0;P060;shoe;Puma;Casual;Flex;44;Deep Blue;false;80,07;80,07;0;0;0;0;0;;;;;;;;;;;;;;;;;;;;;;;;;;;;;;;;;;;;;;;;;;;;;
V000706;2024-12-25;10:16;S04;E0026;C0078;1;274,13;0;P073;shoe;Reebok;Limited Edition;Elite;39;Deep Blue;true;274,13;274,13;0;0;0;0;0;;;;;;;;;;;;;;;;;;;;;;;;;;;;;;;;;;;;;;;;;;;;;
V000707;2024-12-12;11:28;S05;E0033;C0241;1;115,05;15,83;P069;shoe;Jordans;Limited Edition;Zoom;33;Deep Blue;false;115,05;130,88;15,83;15,83;0;0;12,1;;;;;;;;;;;;;;;;;;;;;;;;;;;;;;;;;;;;;;;;;;;;;
V000708;2024-11-13;13:07;S08;E0048;C0167;1;115,19;0;P046;shoe;Asics;Trail;Flex;32;Classic Grey;false;115,19;115,19;0;0;0;0;0;;;;;;;;;;;;;;;;;;;;;;;;;;;;;;;;;;;;;;;;;;;;;
V000709;2024-05-13;17:31;S02;E0010;C0232;1;80,07;0;P040;shoe;Nike;Trail;Zoom;44;Black;false;80,07;80,07;0;0;0;0;0;;;;;;;;;;;;;;;;;;;;;;;;;;;;;;;;;;;;;;;;;;;;;
V000710;2024-02-28;16:45;S05;E0033;C0098;1;72,3;40,57;P081;shoe;Adidas;Basketball;Max;32;Black;false;72,3;112,87;40,57;0;18;22,57;35,94;;;;;;;;;;;;;;;;;;;;;;;;;;;;;;;;;;;;;;;;;;;;;
V000711;2024-08-28;09:46;S08;E0054;C0072;1;88,42;29,38;P001;shoe;New Balance;Training;Max;41;Electric Blue;true;88,42;117,8;29,38;4,08;25,3;0;24,94;;;;;;;;;;;;;;;;;;;;;;;;;;;;;;;;;;;;;;;;;;;;;
V000712;2024-12-25;13:15;S04;E0026;C0361;2;283,93;0;P073;shoe;Reebok;Limited Edition;Elite;39;Deep Blue;true;274,13;274,13;0;0;0;0;0;A004;accessory;Accessoire;Bonnet;Bonnet;XS;Black;false;9,8;9,8;0;0;0;0;0;;;;;;;;;;;;;;;;;;;;;;;;;;;;;;
V000713;2024-11-21;15:37;S06;E0037;C0100;1;132,15;0;P031;shoe;Puma;Limited Edition;Elite;32;Black;false;132,15;132,15;0;0;0;0;0;;;;;;;;;;;;;;;;;;;;;;;;;;;;;;;;;;;;;;;;;;;;;
V000714;2024-04-17;15:57;S05;E0030;C0363;1;132,28;0;P047;shoe;Jordans;Trail;Air;37;Premium Black;true;132,28;132,28;0;0;0;0;0;;;;;;;;;;;;;;;;;;;;;;;;;;;;;;;;;;;;;;;;;;;;;
V000715;2024-09-04;15:15;S03;E0018;C0330;2;141,29;0;P088;shoe;Adidas;Running;Zoom;36;Black;true;105,62;105,62;0;0;0;0;0;A006;accessory;Accessoire;Sac de sport;Sac de sport;XS;Black;false;35,67;35,67;0;0;0;0;0;;;;;;;;;;;;;;;;;;;;;;;;;;;;;;
V000716;2024-03-08;12:36;S08;E0051;C0037;1;96,25;8,23;P088;shoe;Adidas;Running;Zoom;36;Black;true;96,25;104,48;8,23;8,23;0;0;7,88;;;;;;;;;;;;;;;;;;;;;;;;;;;;;;;;;;;;;;;;;;;;;
V000717;2024-12-30;11:35;S03;E0015;C0056;1;149,74;0;P052;shoe;Nike;Limited Edition;Max;30;Deep Purple;true;149,74;149,74;0;0;0;0;0;;;;;;;;;;;;;;;;;;;;;;;;;;;;;;;;;;;;;;;;;;;;;
V000718;2024-02-26;15:12;S03;E0016;C0052;1;90,94;0;P010;shoe;Asics;Training;Air;33;Brown Bear;false;90,94;90,94;0;0;0;0;0;;;;;;;;;;;;;;;;;;;;;;;;;;;;;;;;;;;;;;;;;;;;;
V000719;2024-11-06;10:22;S03;E0019;C0273;1;110,08;4,32;P070;shoe;Adidas;Casual;Pro;40;Deep Purple;false;110,08;114,4;4,32;4,32;0;0;3,78;;;;;;;;;;;;;;;;;;;;;;;;;;;;;;;;;;;;;;;;;;;;;
V000720;2024-04-24;12:07;S03;E0019;C0383;1;91,08;0;P063;shoe;Nike;Casual;Max;40;Pink;true;91,08;91,08;0;0;0;0;0;;;;;;;;;;;;;;;;;;;;;;;;;;;;;;;;;;;;;;;;;;;;;
V000721;2024-04-05;13:29;S04;E0024;C0200;1;196;0;P003;shoe;New Balance;Limited Edition;Max;40;Electric Blue;false;196;196;0;0;0;0;0;;;;;;;;;;;;;;;;;;;;;;;;;;;;;;;;;;;;;;;;;;;;;
V000722;2024-01-01;18:45;S08;E0052;C0321;1;90,13;0;P059;shoe;Reebok;Running;Elite;43;Black;false;90,13;90,13;0;0;0;0;0;;;;;;;;;;;;;;;;;;;;;;;;;;;;;;;;;;;;;;;;;;;;;
V000723;2024-05-11;12:05;S05;E0032;C0330;1;130,88;0;P069;shoe;Jordans;Limited Edition;Zoom;33;Deep Blue;false;130,88;130,88;0;0;0;0;0;;;;;;;;;;;;;;;;;;;;;;;;;;;;;;;;;;;;;;;;;;;;;
V000724;2024-06-20;18:10;S07;E0044;C0275;1;110;0;P009;shoe;Asics;Trail;Flex;40;Red Blood;false;110;110;0;0;0;0;0;;;;;;;;;;;;;;;;;;;;;;;;;;;;;;;;;;;;;;;;;;;;;
V000725;2024-12-25;12:31;S02;E0009;C0171;2;238,3;12,23;P058;shoe;Asics;Basketball;Air;45;Pink;false;127,44;127,44;0;0;0;0;0;P015;shoe;Asics;Training;Air;45;Deep Purple;false;110,86;123,09;12,23;12,23;0;0;9,94;;;;;;;;;;;;;;;;;;;;;;;;;;;;;;
V000726;2024-02-05;11:13;S01;E0005;C0081;1;90,1;0;P059;shoe;Reebok;Running;Elite;43;Black;false;90,1;90,1;0;0;0;0;0;;;;;;;;;;;;;;;;;;;;;;;;;;;;;;;;;;;;;;;;;;;;;
V000727;2024-11-09;18:23;S04;E0022;C0370;1;107,8;0;P017;shoe;New Balance;Trail;Zoom;40;Classic Grey;false;107,8;107,8;0;0;0;0;0;;;;;;;;;;;;;;;;;;;;;;;;;;;;;;;;;;;;;;;;;;;;;
V000728;2024-12-21;09:53;S05;E0028;C0065;1;132,28;0;P047;shoe;Jordans;Trail;Air;37;Premium Black;true;132,28;132,28;0;0;0;0;0;;;;;;;;;;;;;;;;;;;;;;;;;;;;;;;;;;;;;;;;;;;;;
V000729;2024-07-17;09:02;S08;E0048;C0098;1;92,15;23,04;P043;shoe;Adidas;Running;Max;32;Pink;false;92,15;115,19;23,04;0;0;23,04;20;;;;;;;;;;;;;;;;;;;;;;;;;;;;;;;;;;;;;;;;;;;;;
V000730;2024-08-28;17:02;S04;E0025;C0393;1;142,1;0;P024;shoe;New Balance;Trail;Max;38;Electric Blue;false;142,1;142,1;0;0;0;0;0;;;;;;;;;;;;;;;;;;;;;;;;;;;;;;;;;;;;;;;;;;;;;
V000731;2024-06-11;10:03;S08;E0050;C0127;3;155,08;3,49;P021;shoe;Reebok;Casual;Air;32;Gold;false;123,69;123,69;0;0;0;0;0;A009;accessory;Accessoire;Lacets;Lacets;L;Classic Grey;false;13,95;17,44;3,49;0;0;3,49;20,01;A012;accessory;Accessoire;Lacets;Lacets;XL;White;false;17,44;17,44;0;0;0;0;0;;;;;;;;;;;;;;;
V000732;2024-07-06;15:44;S05;E0031;C0120;2;219,94;0;P018;shoe;Nike;Casual;Air;42;Red Blood;true;82,47;82,47;0;0;0;0;0;P062;shoe;Nike;Limited Edition;Air;42;White;false;137,47;137,47;0;0;0;0;0;;;;;;;;;;;;;;;;;;;;;;;;;;;;;;
V000733;2024-10-07;13:28;S06;E0040;C0048;2;195,27;17,07;P060;shoe;Puma;Casual;Flex;44;Deep Blue;false;65,7;82,77;17,07;4,65;0;12,42;20,62;P016;shoe;Puma;Basketball;Flex;44;Brown Bear;false;129,57;129,57;0;0;0;0;0;;;;;;;;;;;;;;;;;;;;;;;;;;;;;;
V000734;2024-07-09;10:18;S01;E0005;C0242;2;333,6;0;P073;shoe;Reebok;Limited Edition;Elite;39;Deep Blue;true;296,5;296,5;0;0;0;0;0;A007;accessory;Accessoire;Casquette;Casquette;M;Deep Blue;false;37,1;37,1;0;0;0;0;0;;;;;;;;;;;;;;;;;;;;;;;;;;;;;;
V000735;2024-06-06;16:06;S05;E0028;C0103;1;137,47;0;P053;shoe;Nike;Limited Edition;Zoom;38;Deep Blue;false;137,47;137,47;0;0;0;0;0;;;;;;;;;;;;;;;;;;;;;;;;;;;;;;;;;;;;;;;;;;;;;
V000736;2024-09-21;15:18;S05;E0028;C0233;1;56,1;44,03;P005;shoe;Nike;Casual;Max;33;Premium Black;false;56,1;100,13;44,03;0;24;20,03;43,97;;;;;;;;;;;;;;;;;;;;;;;;;;;;;;;;;;;;;;;;;;;;;
V000737;2024-02-07;15:50;S03;E0020;C0420;1;142,69;0;P026;shoe;Asics;Running;Air;43;Gold;true;142,69;142,69;0;0;0;0;0;;;;;;;;;;;;;;;;;;;;;;;;;;;;;;;;;;;;;;;;;;;;;
V000738;2024-10-04;10:29;S03;E0015;C0043;1;105,62;0;P088;shoe;Adidas;Running;Zoom;36;Black;true;105,62;105,62;0;0;0;0;0;;;;;;;;;;;;;;;;;;;;;;;;;;;;;;;;;;;;;;;;;;;;;
V000739;2024-05-09;14:09;S02;E0011;C0371;1;142,69;0;P026;shoe;Asics;Running;Air;43;Gold;true;142,69;142,69;0;0;0;0;0;;;;;;;;;;;;;;;;;;;;;;;;;;;;;;;;;;;;;;;;;;;;;
V000740;2024-01-12;11:00;S03;E0015;C0042;1;80,07;0;P040;shoe;Nike;Trail;Zoom;44;Black;false;80,07;80,07;0;0;0;0;0;;;;;;;;;;;;;;;;;;;;;;;;;;;;;;;;;;;;;;;;;;;;;
V000741;2024-03-23;12:24;S05;E0034;C0230;1;126,48;0;P086;shoe;Adidas;Casual;Zoom;44;Premium Black;false;126,48;126,48;0;0;0;0;0;;;;;;;;;;;;;;;;;;;;;;;;;;;;;;;;;;;;;;;;;;;;;
V000742;2024-12-02;13:20;S04;E0025;C0319;1;83,3;0;P071;shoe;Reebok;Casual;Elite;32;Brown Bear;false;83,3;83,3;0;0;0;0;0;;;;;;;;;;;;;;;;;;;;;;;;;;;;;;;;;;;;;;;;;;;;;
V000743;2024-12-25;13:32;S07;E0042;C0276;2;255,15;38,85;P080;shoe;New Balance;Limited Edition;Flex;38;Black;false;220,15;259;38,85;0;0;38,85;15;A007;accessory;Accessoire;Casquette;Casquette;M;Deep Blue;false;35;35;0;0;0;0;0;;;;;;;;;;;;;;;;;;;;;;;;;;;;;;
V000744;2024-02-16;12:06;S07;E0041;C0420;1;110;0;P085;shoe;Asics;Casual;Pro;39;White;false;110;110;0;0;0;0;0;;;;;;;;;;;;;;;;;;;;;;;;;;;;;;;;;;;;;;;;;;;;;
V000745;2024-08-16;17:35;S02;E0014;C0386;1;123,09;0;P015;shoe;Asics;Training;Air;45;Deep Purple;false;123,09;123,09;0;0;0;0;0;;;;;;;;;;;;;;;;;;;;;;;;;;;;;;;;;;;;;;;;;;;;;
V000746;2024-09-17;10:48;S02;E0009;C0324;1;136,56;0;P053;shoe;Nike;Limited Edition;Zoom;38;Deep Blue;false;136,56;136,56;0;0;0;0;0;;;;;;;;;;;;;;;;;;;;;;;;;;;;;;;;;;;;;;;;;;;;;
V000747;2024-11-20;10:02;S06;E0040;C0347;1;114,55;0;P081;shoe;Adidas;Basketball;Max;32;Black;false;114,55;114,55;0;0;0;0;0;;;;;;;;;;;;;;;;;;;;;;;;;;;;;;;;;;;;;;;;;;;;;
V000748;2024-06-07;17:29;S05;E0035;C0191;1;91,34;0;P075;shoe;Jordans;Casual;Air;40;Deep Blue;false;91,34;91,34;0;0;0;0;0;;;;;;;;;;;;;;;;;;;;;;;;;;;;;;;;;;;;;;;;;;;;;
V000749;2024-12-30;17:37;S03;E0015;C0240;1;80,07;0;P044;shoe;Nike;Basketball;Flex;32;Pink;false;80,07;80,07;0;0;0;0;0;;;;;;;;;;;;;;;;;;;;;;;;;;;;;;;;;;;;;;;;;;;;;
V000750;2024-12-13;13:39;S05;E0034;C0363;1;104,86;10,2;P070;shoe;Adidas;Casual;Pro;40;Deep Purple;false;104,86;115,06;10,2;0;10,2;0;8,86;;;;;;;;;;;;;;;;;;;;;;;;;;;;;;;;;;;;;;;;;;;;;
V000751;2024-10-03;12:50;S02;E0011;C0188;1;155,68;0;P020;shoe;Puma;Limited Edition;Zoom;33;Red Blood;false;155,68;155,68;0;0;0;0;0;;;;;;;;;;;;;;;;;;;;;;;;;;;;;;;;;;;;;;;;;;;;;
V000752;2024-01-03;09:46;S08;E0054;C0119;2;185,4;22,53;P027;shoe;Jordans;Trail;Flex;40;Pink;true;117,8;117,8;0;0;0;0;0;P075;shoe;Jordans;Casual;Air;40;Deep Blue;false;67,6;90,13;22,53;0;0;22,53;25;;;;;;;;;;;;;;;;;;;;;;;;;;;;;;
V000753;2024-04-27;16:04;S05;E0032;C0048;1;128,24;0;P028;shoe;Jordans;Casual;Elite;39;Red Blood;false;128,24;128,24;0;0;0;0;0;;;;;;;;;;;;;;;;;;;;;;;;;;;;;;;;;;;;;;;;;;;;;
V000754;2024-06-01;09:39;S05;E0034;C0054;2;124,22;0;P088;shoe;Adidas;Running;Zoom;36;Black;true;106,19;106,19;0;0;0;0;0;A009;accessory;Accessoire;Lacets;Lacets;L;Classic Grey;false;18,03;18,03;0;0;0;0;0;;;;;;;;;;;;;;;;;;;;;;;;;;;;;;
V000755;2024-12-04;09:52;S03;E0019;C0178;1;117;0;P023;shoe;Adidas;Basketball;Zoom;38;Pink;false;117;117;0;0;0;0;0;;;;;;;;;;;;;;;;;;;;;;;;;;;;;;;;;;;;;;;;;;;;;
V000756;2024-11-07;10:31;S02;E0011;C0018;1;99,63;0;P005;shoe;Nike;Casual;Max;33;Premium Black;false;99,63;99,63;0;0;0;0;0;;;;;;;;;;;;;;;;;;;;;;;;;;;;;;;;;;;;;;;;;;;;;
V000757;2024-06-21;18:16;S08;E0051;C0001;1;110,94;0;P013;shoe;Jordans;Casual;Pro;30;White;false;110,94;110,94;0;0;0;0;0;;;;;;;;;;;;;;;;;;;;;;;;;;;;;;;;;;;;;;;;;;;;;
V000758;2024-08-06;09:45;S01;E0002;C0235;1;296,5;0;P073;shoe;Reebok;Limited Edition;Elite;39;Deep Blue;true;296,5;296,5;0;0;0;0;0;;;;;;;;;;;;;;;;;;;;;;;;;;;;;;;;;;;;;;;;;;;;;
V000759;2024-05-17;11:15;S04;E0023;C0409;1;88,52;23,2;P050;shoe;New Balance;Training;Max;33;Pink;false;88,52;111,72;23,2;0;23,2;0;20,77;;;;;;;;;;;;;;;;;;;;;;;;;;;;;;;;;;;;;;;;;;;;;
V000760;2024-08-23;17:45;S03;E0018;C0088;1;139,32;14,18;P006;shoe;Asics;Limited Edition;Air;36;Pink;false;139,32;153,5;14,18;14,18;0;0;9,24;;;;;;;;;;;;;;;;;;;;;;;;;;;;;;;;;;;;;;;;;;;;;
V000761;2024-08-06;14:36;S02;E0008;C0207;1;114,84;12,6;P016;shoe;Puma;Basketball;Flex;44;Brown Bear;false;114,84;127,44;12,6;0;12,6;0;9,89;;;;;;;;;;;;;;;;;;;;;;;;;;;;;;;;;;;;;;;;;;;;;
V000762;2024-10-08;10:53;S03;E0016;C0207;1;72,06;8,01;P044;shoe;Nike;Basketball;Flex;32;Pink;false;72,06;80,07;8,01;0;0;8,01;10;;;;;;;;;;;;;;;;;;;;;;;;;;;;;;;;;;;;;;;;;;;;;
V000763;2024-01-15;15:40;S03;E0019;C0088;1;70,86;11,3;P018;shoe;Nike;Casual;Air;42;Red Blood;true;70,86;82,16;11,3;0;11,3;0;13,75;;;;;;;;;;;;;;;;;;;;;;;;;;;;;;;;;;;;;;;;;;;;;
V000764;2024-07-02;11:18;S02;E0014;C0240;1;80,07;0;P044;shoe;Nike;Basketball;Flex;32;Pink;false;80,07;80,07;0;0;0;0;0;;;;;;;;;;;;;;;;;;;;;;;;;;;;;;;;;;;;;;;;;;;;;
V000765;2024-09-19;11:27;S05;E0035;C0232;1;80,36;0;P040;shoe;Nike;Trail;Zoom;44;Black;false;80,36;80,36;0;0;0;0;0;;;;;;;;;;;;;;;;;;;;;;;;;;;;;;;;;;;;;;;;;;;;;
V000766;2024-09-09;17:11;S08;E0052;C0330;1;104,48;0;P088;shoe;Adidas;Running;Zoom;36;Black;true;104,48;104,48;0;0;0;0;0;;;;;;;;;;;;;;;;;;;;;;;;;;;;;;;;;;;;;;;;;;;;;
V000767;2024-04-02;16:26;S03;E0017;C0178;1;95,42;10,2;P088;shoe;Adidas;Running;Zoom;36;Black;true;95,42;105,62;10,2;10,2;0;0;9,66;;;;;;;;;;;;;;;;;;;;;;;;;;;;;;;;;;;;;;;;;;;;;
V000768;2024-02-05;17:33;S04;E0024;C0402;1;274,13;0;P073;shoe;Reebok;Limited Edition;Elite;39;Deep Blue;true;274,13;274,13;0;0;0;0;0;;;;;;;;;;;;;;;;;;;;;;;;;;;;;;;;;;;;;;;;;;;;;
V000769;2024-04-03;12:10;S02;E0011;C0072;1;79,34;0;P004;shoe;Puma;Basketball;Max;34;White;true;79,34;79,34;0;0;0;0;0;;;;;;;;;;;;;;;;;;;;;;;;;;;;;;;;;;;;;;;;;;;;;
V000770;2024-05-09;10:06;S06;E0040;C0321;1;132,15;0;P031;shoe;Puma;Limited Edition;Elite;32;Black;false;132,15;132,15;0;0;0;0;0;;;;;;;;;;;;;;;;;;;;;;;;;;;;;;;;;;;;;;;;;;;;;
V000771;2024-03-23;10:30;S05;E0027;C0216;1;80,36;0;P044;shoe;Nike;Basketball;Flex;32;Pink;false;80,36;80,36;0;0;0;0;0;;;;;;;;;;;;;;;;;;;;;;;;;;;;;;;;;;;;;;;;;;;;;
V000772;2024-06-19;11:13;S08;E0048;C0202;3;159,64;29,9;P086;shoe;Adidas;Casual;Zoom;44;Premium Black;false;102,67;124,12;21,45;21,45;0;0;17,28;A006;accessory;Accessoire;Sac de sport;Sac de sport;XS;Black;false;30,26;34,89;4,63;4,63;0;0;13,27;A003;accessory;Accessoire;Tee-shirt;Tee-shirt;S;White;false;26,71;30,53;3,82;3,82;0;0;12,51;;;;;;;;;;;;;;;
V000773;2024-04-11;09:56;S02;E0010;C0238;1;130,04;0;P031;shoe;Puma;Limited Edition;Elite;32;Black;false;130,04;130,04;0;0;0;0;0;;;;;;;;;;;;;;;;;;;;;;;;;;;;;;;;;;;;;;;;;;;;;
V000774;2024-11-27;18:48;S08;E0053;C0066;1;79,5;0;P014;shoe;Adidas;Basketball;Flex;30;Brown Bear;false;79,5;79,5;0;0;0;0;0;;;;;;;;;;;;;;;;;;;;;;;;;;;;;;;;;;;;;;;;;;;;;
V000775;2024-09-03;15:35;S03;E0019;C0202;1;79,12;33,1;P081;shoe;Adidas;Basketball;Max;32;Black;false;79,12;112,22;33,1;0;33,1;0;29,5;;;;;;;;;;;;;;;;;;;;;;;;;;;;;;;;;;;;;;;;;;;;;
V000776;2024-10-24;12:30;S05;E0028;C0172;1;106,19;0;P088;shoe;Adidas;Running;Zoom;36;Black;true;106,19;106,19;0;0;0;0;0;;;;;;;;;;;;;;;;;;;;;;;;;;;;;;;;;;;;;;;;;;;;;
V000777;2024-08-20;10:23;S03;E0015;C0274;1;149,74;0;P052;shoe;Nike;Limited Edition;Max;30;Deep Purple;true;149,74;149,74;0;0;0;0;0;;;;;;;;;;;;;;;;;;;;;;;;;;;;;;;;;;;;;;;;;;;;;
V000778;2024-10-11;16:50;S05;E0034;C0367;1;137,47;0;P062;shoe;Nike;Limited Edition;Air;42;White;false;137,47;137,47;0;0;0;0;0;;;;;;;;;;;;;;;;;;;;;;;;;;;;;;;;;;;;;;;;;;;;;
V000779;2024-10-30;12:17;S02;E0011;C0232;1;136,56;0;P062;shoe;Nike;Limited Edition;Air;42;White;false;136,56;136,56;0;0;0;0;0;;;;;;;;;;;;;;;;;;;;;;;;;;;;;;;;;;;;;;;;;;;;;
V000780;2024-01-11;11:49;S08;E0054;C0183;1;65,2;50,42;P023;shoe;Adidas;Basketball;Zoom;38;Pink;false;65,2;115,62;50,42;15,73;0;34,69;43,61;;;;;;;;;;;;;;;;;;;;;;;;;;;;;;;;;;;;;;;;;;;;;
V000781;2024-11-27;10:54;S02;E0013;C0173;1;91,08;0;P063;shoe;Nike;Casual;Max;40;Pink;true;91,08;91,08;0;0;0;0;0;;;;;;;;;;;;;;;;;;;;;;;;;;;;;;;;;;;;;;;;;;;;;
V000782;2024-04-12;13:10;S03;E0016;C0189;1;80,07;0;P040;shoe;Nike;Trail;Zoom;44;Black;false;80,07;80,07;0;0;0;0;0;;;;;;;;;;;;;;;;;;;;;;;;;;;;;;;;;;;;;;;;;;;;;
V000783;2024-05-02;16:19;S04;E0024;C0038;1;274,13;0;P073;shoe;Reebok;Limited Edition;Elite;39;Deep Blue;true;274,13;274,13;0;0;0;0;0;;;;;;;;;;;;;;;;;;;;;;;;;;;;;;;;;;;;;;;;;;;;;
V000784;2024-08-29;19:04;S04;E0024;C0345;1;116,42;0;P088;shoe;Adidas;Running;Zoom;36;Black;true;116,42;116,42;0;0;0;0;0;;;;;;;;;;;;;;;;;;;;;;;;;;;;;;;;;;;;;;;;;;;;;
V000785;2024-09-04;09:34;S08;E0054;C0068;1;140,75;0;P026;shoe;Asics;Running;Air;43;Gold;true;140,75;140,75;0;0;0;0;0;;;;;;;;;;;;;;;;;;;;;;;;;;;;;;;;;;;;;;;;;;;;;
V000786;2024-01-30;16:34;S06;E0039;C0022;2;100,21;0;P040;shoe;Nike;Trail;Zoom;44;Black;false;82,77;82,77;0;0;0;0;0;A010;accessory;Accessoire;Tee-shirt;Tee-shirt;XL;Black;false;17,44;17,44;0;0;0;0;0;;;;;;;;;;;;;;;;;;;;;;;;;;;;;;
V000787;2024-02-21;09:24;S05;E0028;C0077;1;69,38;0;P066;shoe;Adidas;Casual;Air;34;Black;false;69,38;69,38;0;0;0;0;0;;;;;;;;;;;;;;;;;;;;;;;;;;;;;;;;;;;;;;;;;;;;;
V000788;2024-06-21;14:03;S02;E0006;C0135;1;98,52;22,4;P076;shoe;Asics;Trail;Air;35;Premium Black;false;98,52;120,92;22,4;0;22,4;0;18,52;;;;;;;;;;;;;;;;;;;;;;;;;;;;;;;;;;;;;;;;;;;;;
V000789;2024-04-09;17:10;S05;E0033;C0165;1;137,47;0;P053;shoe;Nike;Limited Edition;Zoom;38;Deep Blue;false;137,47;137,47;0;0;0;0;0;;;;;;;;;;;;;;;;;;;;;;;;;;;;;;;;;;;;;;;;;;;;;
V000790;2024-11-19;14:46;S05;E0028;C0390;1;115,06;0;P070;shoe;Adidas;Casual;Pro;40;Deep Purple;false;115,06;115,06;0;0;0;0;0;;;;;;;;;;;;;;;;;;;;;;;;;;;;;;;;;;;;;;;;;;;;;
V000791;2024-11-19;09:02;S08;E0051;C0078;1;90,26;0;P068;shoe;New Balance;Trail;Zoom;40;Light Green;true;90,26;90,26;0;0;0;0;0;;;;;;;;;;;;;;;;;;;;;;;;;;;;;;;;;;;;;;;;;;;;;
V000792;2024-05-17;18:12;S05;E0033;C0075;1;88,7;0;P034;shoe;Jordans;Running;Zoom;38;Deep Purple;false;88,7;88,7;0;0;0;0;0;;;;;;;;;;;;;;;;;;;;;;;;;;;;;;;;;;;;;;;;;;;;;
V000793;2024-09-27;17:31;S07;E0042;C0252;1;179;0;P041;shoe;Puma;Trail;Pro;39;Premium Black;false;179;179;0;0;0;0;0;;;;;;;;;;;;;;;;;;;;;;;;;;;;;;;;;;;;;;;;;;;;;
V000794;2024-04-24;14:17;S02;E0010;C0202;1;80,07;0;P060;shoe;Puma;Casual;Flex;44;Deep Blue;false;80,07;80,07;0;0;0;0;0;;;;;;;;;;;;;;;;;;;;;;;;;;;;;;;;;;;;;;;;;;;;;
V000795;2024-08-15;12:14;S08;E0048;C0057;1;100,01;15,61;P023;shoe;Adidas;Basketball;Zoom;38;Pink;false;100,01;115,62;15,61;15,61;0;0;13,5;;;;;;;;;;;;;;;;;;;;;;;;;;;;;;;;;;;;;;;;;;;;;
V000796;2024-02-26;10:36;S03;E0017;C0357;1;153,5;0;P006;shoe;Asics;Limited Edition;Air;36;Pink;false;153,5;153,5;0;0;0;0;0;;;;;;;;;;;;;;;;;;;;;;;;;;;;;;;;;;;;;;;;;;;;;
V000797;2024-12-26;11:11;S07;E0045;C0179;1;125,19;4,41;P083;shoe;New Balance;Trail;Flex;33;Brown Bear;true;125,19;129,6;4,41;4,41;0;0;3,4;;;;;;;;;;;;;;;;;;;;;;;;;;;;;;;;;;;;;;;;;;;;;
V000798;2024-02-12;17:56;S06;E0040;C0361;1;127,86;0;P086;shoe;Adidas;Casual;Zoom;44;Premium Black;false;127,86;127,86;0;0;0;0;0;;;;;;;;;;;;;;;;;;;;;;;;;;;;;;;;;;;;;;;;;;;;;
V000799;2024-10-03;14:24;S06;E0039;C0272;2;112,72;0;P029;shoe;Adidas;Basketball;Zoom;45;Brown Bear;false;90,92;90,92;0;0;0;0;0;A008;accessory;Accessoire;Bonnet;Bonnet;XS;White;false;21,8;21,8;0;0;0;0;0;;;;;;;;;;;;;;;;;;;;;;;;;;;;;;
V000800;2024-06-05;17:25;S03;E0015;C0069;2;131,55;5,28;P088;shoe;Adidas;Running;Zoom;36;Black;true;100,34;105,62;5,28;0;0;5,28;5;A007;accessory;Accessoire;Casquette;Casquette;M;Deep Blue;false;31,21;31,21;0;0;0;0;0;;;;;;;;;;;;;;;;;;;;;;;;;;;;;;
V000801;2024-12-05;09:32;S02;E0012;C0226;1;149,74;0;P052;shoe;Nike;Limited Edition;Max;30;Deep Purple;true;149,74;149,74;0;0;0;0;0;;;;;;;;;;;;;;;;;;;;;;;;;;;;;;;;;;;;;;;;;;;;;
V000802;2024-08-30;11:44;S08;E0053;C0032;1;121,95;6,42;P069;shoe;Jordans;Limited Edition;Zoom;33;Deep Blue;false;121,95;128,37;6,42;0;0;6,42;5;;;;;;;;;;;;;;;;;;;;;;;;;;;;;;;;;;;;;;;;;;;;;
V000803;2024-02-22;16:36;S08;E0053;C0333;1;79,5;0;P008;shoe;Reebok;Casual;Elite;35;Deep Blue;false;79,5;79,5;0;0;0;0;0;;;;;;;;;;;;;;;;;;;;;;;;;;;;;;;;;;;;;;;;;;;;;
V000804;2024-11-07;13:18;S03;E0019;C0069;1;91,08;0;P063;shoe;Nike;Casual;Max;40;Pink;true;91,08;91,08;0;0;0;0;0;;;;;;;;;;;;;;;;;;;;;;;;;;;;;;;;;;;;;;;;;;;;;
V000805;2024-03-29;16:00;S01;E0005;C0102;1;296,5;0;P073;shoe;Reebok;Limited Edition;Elite;39;Deep Blue;true;296,5;296,5;0;0;0;0;0;;;;;;;;;;;;;;;;;;;;;;;;;;;;;;;;;;;;;;;;;;;;;
V000806;2024-11-01;16:07;S03;E0015;C0020;1;57,56;24,6;P018;shoe;Nike;Casual;Air;42;Red Blood;true;57,56;82,16;24,6;0;24,6;0;29,94;;;;;;;;;;;;;;;;;;;;;;;;;;;;;;;;;;;;;;;;;;;;;
V000807;2024-04-10;10:36;S07;E0044;C0259;1;144;0;P043;shoe;Adidas;Running;Max;32;Pink;false;144;144;0;0;0;0;0;;;;;;;;;;;;;;;;;;;;;;;;;;;;;;;;;;;;;;;;;;;;;
V000808;2024-06-28;14:28;S07;E0044;C0096;1;145;0;P035;shoe;Puma;Training;Pro;39;Red Blood;false;145;145;0;0;0;0;0;;;;;;;;;;;;;;;;;;;;;;;;;;;;;;;;;;;;;;;;;;;;;
V000809;2024-03-27;17:57;S08;E0053;C0199;1;47,38;32,12;P057;shoe;Asics;Trail;Zoom;33;Brown Bear;false;47,38;79,5;32,12;0;20,2;11,92;40,4;;;;;;;;;;;;;;;;;;;;;;;;;;;;;;;;;;;;;;;;;;;;;
V000810;2024-10-18;16:21;S02;E0008;C0159;2;218,72;0;P062;shoe;Nike;Limited Edition;Air;42;White;false;136,56;136,56;0;0;0;0;0;P018;shoe;Nike;Casual;Air;42;Red Blood;true;82,16;82,16;0;0;0;0;0;;;;;;;;;;;;;;;;;;;;;;;;;;;;;;
V000811;2024-06-14;13:02;S03;E0015;C0394;1;80,07;0;P040;shoe;Nike;Trail;Zoom;44;Black;false;80,07;80,07;0;0;0;0;0;;;;;;;;;;;;;;;;;;;;;;;;;;;;;;;;;;;;;;;;;;;;;
V000812;2024-10-31;10:47;S02;E0009;C0134;2;132,35;0;P072;shoe;Puma;Trail;Pro;43;Sunny Yellow;false;110,06;110,06;0;0;0;0;0;A008;accessory;Accessoire;Bonnet;Bonnet;XS;White;false;22,29;22,29;0;0;0;0;0;;;;;;;;;;;;;;;;;;;;;;;;;;;;;;
V000813;2024-02-14;12:06;S02;E0008;C0153;1;79,34;0;P004;shoe;Puma;Basketball;Max;34;White;true;79,34;79,34;0;0;0;0;0;;;;;;;;;;;;;;;;;;;;;;;;;;;;;;;;;;;;;;;;;;;;;
V000814;2024-08-21;11:41;S03;E0018;C0399;1;71,16;8,91;P025;shoe;Asics;Trail;Flex;36;Sunny Yellow;false;71,16;80,07;8,91;8,91;0;0;11,13;;;;;;;;;;;;;;;;;;;;;;;;;;;;;;;;;;;;;;;;;;;;;
V000815;2024-07-12;13:14;S08;E0048;C0071;1;113,5;0;P055;shoe;Reebok;Training;Zoom;31;Gold;false;113,5;113,5;0;0;0;0;0;;;;;;;;;;;;;;;;;;;;;;;;;;;;;;;;;;;;;;;;;;;;;
V000816;2024-02-02;12:35;S06;E0039;C0286;2;124,42;5,4;P088;shoe;Adidas;Running;Zoom;36;Black;true;102,62;108,02;5,4;0;0;5,4;5;A005;accessory;Accessoire;Bonnet;Bonnet;M;Deep Blue;false;21,8;21,8;0;0;0;0;0;;;;;;;;;;;;;;;;;;;;;;;;;;;;;;
V000817;2024-04-19;10:07;S05;E0030;C0090;1;78,74;9,96;P034;shoe;Jordans;Running;Zoom;38;Deep Purple;false;78,74;88,7;9,96;9,96;0;0;11,23;;;;;;;;;;;;;;;;;;;;;;;;;;;;;;;;;;;;;;;;;;;;;
V000818;2024-05-02;15:03;S05;E0034;C0250;1;80,36;0;P044;shoe;Nike;Basketball;Flex;32;Pink;false;80,36;80,36;0;0;0;0;0;;;;;;;;;;;;;;;;;;;;;;;;;;;;;;;;;;;;;;;;;;;;;
V000819;2024-10-21;11:04;S07;E0044;C0135;1;79;0;P030;shoe;New Balance;Running;Pro;42;Light Green;false;79;79;0;0;0;0;0;;;;;;;;;;;;;;;;;;;;;;;;;;;;;;;;;;;;;;;;;;;;;
V000820;2024-08-23;14:24;S02;E0014;C0404;1;117;0;P087;shoe;Asics;Training;Elite;39;Black;false;117;117;0;0;0;0;0;;;;;;;;;;;;;;;;;;;;;;;;;;;;;;;;;;;;;;;;;;;;;
V000821;2024-11-28;11:02;S05;E0035;C0234;1;97,69;8,5;P088;shoe;Adidas;Running;Zoom;36;Black;true;97,69;106,19;8,5;0;0;8,5;8;;;;;;;;;;;;;;;;;;;;;;;;;;;;;;;;;;;;;;;;;;;;;
V000822;2024-08-01;10:30;S01;E0002;C0128;2;291,5;0;P065;shoe;Reebok;Trail;Flex;41;Premium Black;false;174,9;174,9;0;0;0;0;0;P061;shoe;Reebok;Casual;Pro;41;White;false;116,6;116,6;0;0;0;0;0;;;;;;;;;;;;;;;;;;;;;;;;;;;;;;
V000823;2024-02-17;11:38;S04;E0026;C0081;3;172,87;27,05;P021;shoe;Reebok;Casual;Air;32;Gold;false;136,61;160,72;24,11;0;0;24,11;15;A010;accessory;Accessoire;Tee-shirt;Tee-shirt;XL;Black;false;16,66;19,6;2,94;0;0;2,94;15;A010;accessory;Accessoire;Tee-shirt;Tee-shirt;XL;Black;false;19,6;19,6;0;0;0;0;0;;;;;;;;;;;;;;;
V000824;2024-07-01;15:58;S03;E0015;C0129;1;153,5;0;P006;shoe;Asics;Limited Edition;Air;36;Pink;false;153,5;153,5;0;0;0;0;0;;;;;;;;;;;;;;;;;;;;;;;;;;;;;;;;;;;;;;;;;;;;;
V000825;2024-01-05;10:43;S08;E0051;C0285;1;67,6;22,53;P010;shoe;Asics;Training;Air;33;Brown Bear;false;67,6;90,13;22,53;0;0;22,53;25;;;;;;;;;;;;;;;;;;;;;;;;;;;;;;;;;;;;;;;;;;;;;
V000826;2024-02-12;10:45;S08;E0053;C0345;1;99,65;4,83;P088;shoe;Adidas;Running;Zoom;36;Black;true;99,65;104,48;4,83;4,83;0;0;4,62;;;;;;;;;;;;;;;;;;;;;;;;;;;;;;;;;;;;;;;;;;;;;
V000827;2024-08-05;19:46;S02;E0009;C0365;1;118,75;0;P032;shoe;Puma;Training;Air;45;Premium Black;false;118,75;118,75;0;0;0;0;0;;;;;;;;;;;;;;;;;;;;;;;;;;;;;;;;;;;;;;;;;;;;;
V000828;2024-06-04;11:15;S03;E0015;C0291;1;114,4;0;P070;shoe;Adidas;Casual;Pro;40;Deep Purple;false;114,4;114,4;0;0;0;0;0;;;;;;;;;;;;;;;;;;;;;;;;;;;;;;;;;;;;;;;;;;;;;
V000829;2024-11-01;16:35;S02;E0009;C0120;1;91,08;0;P063;shoe;Nike;Casual;Max;40;Pink;true;91,08;91,08;0;0;0;0;0;;;;;;;;;;;;;;;;;;;;;;;;;;;;;;;;;;;;;;;;;;;;;
V000830;2024-11-13;17:15;S01;E0005;C0227;2;173,57;1,33;P055;shoe;Reebok;Training;Zoom;31;Gold;false;148,4;148,4;0;0;0;0;0;A002;accessory;Accessoire;Lacets;Lacets;M;White;false;25,17;26,5;1,33;0;0;1,33;5,02;;;;;;;;;;;;;;;;;;;;;;;;;;;;;;
V000831;2024-04-17;11:50;S05;E0034;C0094;1;137,47;0;P053;shoe;Nike;Limited Edition;Zoom;38;Deep Blue;false;137,47;137,47;0;0;0;0;0;;;;;;;;;;;;;;;;;;;;;;;;;;;;;;;;;;;;;;;;;;;;;
V000832;2024-01-30;16:46;S02;E0006;C0043;1;82,16;0;P018;shoe;Nike;Casual;Air;42;Red Blood;true;82,16;82,16;0;0;0;0;0;;;;;;;;;;;;;;;;;;;;;;;;;;;;;;;;;;;;;;;;;;;;;
V000833;2024-02-26;11:30;S08;E0049;C0120;3;151,24;1,21;P088;shoe;Adidas;Running;Zoom;36;Black;true;104,48;104,48;0;0;0;0;0;A010;accessory;Accessoire;Tee-shirt;Tee-shirt;XL;Black;false;16,23;17,44;1,21;1,21;0;0;6,94;A007;accessory;Accessoire;Casquette;Casquette;M;Deep Blue;false;30,53;30,53;0;0;0;0;0;;;;;;;;;;;;;;;
V000834;2024-05-07;17:44;S07;E0043;C0328;3;249,12;0;P001;shoe;New Balance;Training;Max;41;Electric Blue;true;150,12;150,12;0;0;0;0;0;P022;shoe;New Balance;Running;Pro;41;Deep Blue;false;79;79;0;0;0;0;0;A012;accessory;Accessoire;Lacets;Lacets;XL;White;false;20;20;0;0;0;0;0;;;;;;;;;;;;;;;
V000835;2024-12-21;18:29;S05;E0034;C0068;1;122,8;0;P048;shoe;Jordans;Casual;Air;45;Brown Bear;true;122,8;122,8;0;0;0;0;0;;;;;;;;;;;;;;;;;;;;;;;;;;;;;;;;;;;;;;;;;;;;;
V000836;2024-05-23;13:30;S07;E0044;C0395;1;118,8;0;P088;shoe;Adidas;Running;Zoom;36;Black;true;118,8;118,8;0;0;0;0;0;;;;;;;;;;;;;;;;;;;;;;;;;;;;;;;;;;;;;;;;;;;;;
V000837;2024-12-12;14:58;S08;E0053;C0102;1;87,58;0;P034;shoe;Jordans;Running;Zoom;38;Deep Purple;false;87,58;87,58;0;0;0;0;0;;;;;;;;;;;;;;;;;;;;;;;;;;;;;;;;;;;;;;;;;;;;;
V000838;2024-01-24;17:22;S08;E0048;C0008;2;148,03;3,05;P048;shoe;Jordans;Casual;Air;45;Brown Bear;true;120,55;120,55;0;0;0;0;0;A003;accessory;Accessoire;Tee-shirt;Tee-shirt;S;White;false;27,48;30,53;3,05;0;0;3,05;9,99;;;;;;;;;;;;;;;;;;;;;;;;;;;;;;
V000839;2024-03-21;11:29;S03;E0020;C0407;2;218,72;0;P062;shoe;Nike;Limited Edition;Air;42;White;false;136,56;136,56;0;0;0;0;0;P018;shoe;Nike;Casual;Air;42;Red Blood;true;82,16;82,16;0;0;0;0;0;;;;;;;;;;;;;;;;;;;;;;;;;;;;;;
V000840;2024-04-13;09:45;S05;E0031;C0216;1;91,48;0;P063;shoe;Nike;Casual;Max;40;Pink;true;91,48;91,48;0;0;0;0;0;;;;;;;;;;;;;;;;;;;;;;;;;;;;;;;;;;;;;;;;;;;;;
V000841;2024-03-25;11:18;S08;E0054;C0371;1;70,06;0;P079;shoe;New Balance;Basketball;Flex;32;Deep Blue;true;70,06;70,06;0;0;0;0;0;;;;;;;;;;;;;;;;;;;;;;;;;;;;;;;;;;;;;;;;;;;;;
V000842;2024-07-17;12:46;S08;E0050;C0185;1;69,74;45,88;P024;shoe;New Balance;Trail;Max;38;Electric Blue;false;69,74;115,62;45,88;11,19;0;34,69;39,68;;;;;;;;;;;;;;;;;;;;;;;;;;;;;;;;;;;;;;;;;;;;;
V000843;2024-08-27;12:46;S02;E0014;C0054;1;149,74;0;P052;shoe;Nike;Limited Edition;Max;30;Deep Purple;true;149,74;149,74;0;0;0;0;0;;;;;;;;;;;;;;;;;;;;;;;;;;;;;;;;;;;;;;;;;;;;;
V000844;2024-05-24;15:56;S05;E0028;C0386;1;104,37;18,43;P048;shoe;Jordans;Casual;Air;45;Brown Bear;true;104,37;122,8;18,43;18,43;0;0;15,01;;;;;;;;;;;;;;;;;;;;;;;;;;;;;;;;;;;;;;;;;;;;;
V000845;2024-01-17;18:10;S08;E0054;C0243;1;87,58;0;P030;shoe;New Balance;Running;Pro;42;Light Green;false;87,58;87,58;0;0;0;0;0;;;;;;;;;;;;;;;;;;;;;;;;;;;;;;;;;;;;;;;;;;;;;
V000846;2024-08-10;09:15;S05;E0035;C0232;1;80,36;0;P040;shoe;Nike;Trail;Zoom;44;Black;false;80,36;80,36;0;0;0;0;0;;;;;;;;;;;;;;;;;;;;;;;;;;;;;;;;;;;;;;;;;;;;;
V000847;2024-11-16;13:17;S05;E0031;C0392;1;100,13;0;P005;shoe;Nike;Casual;Max;33;Premium Black;false;100,13;100,13;0;0;0;0;0;;;;;;;;;;;;;;;;;;;;;;;;;;;;;;;;;;;;;;;;;;;;;
V000848;2024-04-06;10:27;S05;E0034;C0356;1;91,48;0;P063;shoe;Nike;Casual;Max;40;Pink;true;91,48;91,48;0;0;0;0;0;;;;;;;;;;;;;;;;;;;;;;;;;;;;;;;;;;;;;;;;;;;;;
V000849;2024-02-13;13:16;S03;E0020;C0262;1;153,5;0;P006;shoe;Asics;Limited Edition;Air;36;Pink;false;153,5;153,5;0;0;0;0;0;;;;;;;;;;;;;;;;;;;;;;;;;;;;;;;;;;;;;;;;;;;;;
V000850;2024-07-09;16:50;S01;E0002;C0332;1;132,7;15,7;P055;shoe;Reebok;Training;Zoom;31;Gold;false;132,7;148,4;15,7;0;15,7;0;10,58;;;;;;;;;;;;;;;;;;;;;;;;;;;;;;;;;;;;;;;;;;;;;
V000851;2024-06-12;17:27;S02;E0011;C0129;3;205,16;0;P004;shoe;Puma;Basketball;Max;34;White;true;79,34;79,34;0;0;0;0;0;P054;shoe;Puma;Running;Pro;34;Pink;false;103,53;103,53;0;0;0;0;0;A008;accessory;Accessoire;Bonnet;Bonnet;XS;White;false;22,29;22,29;0;0;0;0;0;;;;;;;;;;;;;;;
V000852;2024-03-25;16:46;S08;E0051;C0257;1;102,44;0;P050;shoe;New Balance;Training;Max;33;Pink;false;102,44;102,44;0;0;0;0;0;;;;;;;;;;;;;;;;;;;;;;;;;;;;;;;;;;;;;;;;;;;;;
V000853;2024-08-01;18:35;S04;E0023;C0356;1;274,13;0;P073;shoe;Reebok;Limited Edition;Elite;39;Deep Blue;true;274,13;274,13;0;0;0;0;0;;;;;;;;;;;;;;;;;;;;;;;;;;;;;;;;;;;;;;;;;;;;;
V000854;2024-11-04;15:22;S06;E0038;C0055;1;92,25;16,28;P067;shoe;Adidas;Running;Pro;30;Light Green;false;92,25;108,53;16,28;0;0;16,28;15;;;;;;;;;;;;;;;;;;;;;;;;;;;;;;;;;;;;;;;;;;;;;
V000855;2024-05-03;10:13;S04;E0023;C0361;1;116,42;0;P088;shoe;Adidas;Running;Zoom;36;Black;true;116,42;116,42;0;0;0;0;0;;;;;;;;;;;;;;;;;;;;;;;;;;;;;;;;;;;;;;;;;;;;;
V000856;2024-07-31;09:09;S03;E0019;C0136;1;103,53;0;P082;shoe;Asics;Running;Air;34;Pink;false;103,53;103,53;0;0;0;0;0;;;;;;;;;;;;;;;;;;;;;;;;;;;;;;;;;;;;;;;;;;;;;
V000857;2024-11-06;18:59;S08;E0054;C0106;1;139;0;P003;shoe;New Balance;Limited Edition;Max;40;Electric Blue;false;139;139;0;0;0;0;0;;;;;;;;;;;;;;;;;;;;;;;;;;;;;;;;;;;;;;;;;;;;;
V000858;2024-01-06;17:29;S05;E0032;C0179;1;99,69;0;P007;shoe;Adidas;Basketball;Max;33;Electric Blue;false;99,69;99,69;0;0;0;0;0;;;;;;;;;;;;;;;;;;;;;;;;;;;;;;;;;;;;;;;;;;;;;
V000859;2024-10-02;14:01;S08;E0050;C0409;1;115,19;0;P043;shoe;Adidas;Running;Max;32;Pink;false;115,19;115,19;0;0;0;0;0;;;;;;;;;;;;;;;;;;;;;;;;;;;;;;;;;;;;;;;;;;;;;
V000860;2024-07-15;16:11;S02;E0006;C0234;3;201,56;7,62;P020;shoe;Puma;Limited Edition;Zoom;33;Red Blood;false;155,68;155,68;0;0;0;0;0;A007;accessory;Accessoire;Casquette;Casquette;M;Deep Blue;false;26,19;31,21;5,02;5,02;0;0;16,08;A005;accessory;Accessoire;Bonnet;Bonnet;M;Deep Blue;false;19,69;22,29;2,6;2,6;0;0;11,66;;;;;;;;;;;;;;;
V000861;2024-06-18;14:02;S06;E0040;C0345;1;132,15;0;P031;shoe;Puma;Limited Edition;Elite;32;Black;false;132,15;132,15;0;0;0;0;0;;;;;;;;;;;;;;;;;;;;;;;;;;;;;;;;;;;;;;;;;;;;;
V000862;2024-05-24;12:15;S08;E0053;C0255;1;87,28;36,41;P021;shoe;Reebok;Casual;Air;32;Gold;false;87,28;123,69;36,41;21,11;15,3;0;29,44;;;;;;;;;;;;;;;;;;;;;;;;;;;;;;;;;;;;;;;;;;;;;
V000863;2024-07-24;10:57;S05;E0028;C0008;1;91,48;0;P063;shoe;Nike;Casual;Max;40;Pink;true;91,48;91,48;0;0;0;0;0;;;;;;;;;;;;;;;;;;;;;;;;;;;;;;;;;;;;;;;;;;;;;
V000864;2024-12-06;09:06;S07;E0045;C0102;1;118,8;0;P088;shoe;Adidas;Running;Zoom;36;Black;true;118,8;118,8;0;0;0;0;0;;;;;;;;;;;;;;;;;;;;;;;;;;;;;;;;;;;;;;;;;;;;;
V000865;2024-08-07;13:33;S06;E0037;C0390;1;82,77;0;P049;shoe;Puma;Training;Max;31;Deep Purple;false;82,77;82,77;0;0;0;0;0;;;;;;;;;;;;;;;;;;;;;;;;;;;;;;;;;;;;;;;;;;;;;
V000866;2024-06-15;12:29;S05;E0027;C0384;1;77,72;0;P033;shoe;Jordans;Running;Max;31;Red Blood;false;77,72;77,72;0;0;0;0;0;;;;;;;;;;;;;;;;;;;;;;;;;;;;;;;;;;;;;;;;;;;;;
V000867;2024-09-23;19:32;S02;E0006;C0129;1;136,56;0;P062;shoe;Nike;Limited Edition;Air;42;White;false;136,56;136,56;0;0;0;0;0;;;;;;;;;;;;;;;;;;;;;;;;;;;;;;;;;;;;;;;;;;;;;
V000868;2024-10-18;16:29;S05;E0031;C0223;2;127,54;27,28;P047;shoe;Jordans;Trail;Air;37;Premium Black;true;109,85;132,28;22,43;22,43;0;0;16,96;A005;accessory;Accessoire;Bonnet;Bonnet;M;Deep Blue;false;17,69;22,54;4,85;3,72;0;1,13;21,52;;;;;;;;;;;;;;;;;;;;;;;;;;;;;;
V000869;2024-06-08;16:25;S05;E0030;C0234;1;82,47;0;P018;shoe;Nike;Casual;Air;42;Red Blood;true;82,47;82,47;0;0;0;0;0;;;;;;;;;;;;;;;;;;;;;;;;;;;;;;;;;;;;;;;;;;;;;
V000870;2024-04-15;15:43;S04;E0025;C0343;1;274,13;0;P073;shoe;Reebok;Limited Edition;Elite;39;Deep Blue;true;274,13;274,13;0;0;0;0;0;;;;;;;;;;;;;;;;;;;;;;;;;;;;;;;;;;;;;;;;;;;;;
V000871;2024-04-22;16:43;S08;E0048;C0299;1;90,34;29,1;P076;shoe;Asics;Trail;Air;35;Premium Black;false;90,34;119,44;29,1;0;29,1;0;24,36;;;;;;;;;;;;;;;;;;;;;;;;;;;;;;;;;;;;;;;;;;;;;
V000872;2024-11-21;12:46;S03;E0020;C0131;1;136,56;0;P062;shoe;Nike;Limited Edition;Air;42;White;false;136,56;136,56;0;0;0;0;0;;;;;;;;;;;;;;;;;;;;;;;;;;;;;;;;;;;;;;;;;;;;;
V000873;2024-08-20;17:22;S03;E0020;C0379;3;170,06;12,76;P026;shoe;Asics;Running;Air;43;Gold;true;129,93;142,69;12,76;7,05;0;5,71;8,94;A010;accessory;Accessoire;Tee-shirt;Tee-shirt;XL;Black;false;17,84;17,84;0;0;0;0;0;A002;accessory;Accessoire;Lacets;Lacets;M;White;false;22,29;22,29;0;0;0;0;0;;;;;;;;;;;;;;;
V000874;2024-07-01;14:23;S02;E0009;C0118;1;82,16;0;P018;shoe;Nike;Casual;Air;42;Red Blood;true;82,16;82,16;0;0;0;0;0;;;;;;;;;;;;;;;;;;;;;;;;;;;;;;;;;;;;;;;;;;;;;
V000875;2024-09-30;10:00;S03;E0019;C0011;1;80,07;0;P044;shoe;Nike;Basketball;Flex;32;Pink;false;80,07;80,07;0;0;0;0;0;;;;;;;;;;;;;;;;;;;;;;;;;;;;;;;;;;;;;;;;;;;;;
V000876;2024-08-29;15:05;S02;E0014;C0032;2;157,37;13,64;P057;shoe;Asics;Trail;Zoom;33;Brown Bear;false;80,07;80,07;0;0;0;0;0;P010;shoe;Asics;Training;Air;33;Brown Bear;false;77,3;90,94;13,64;0;0;13,64;15;;;;;;;;;;;;;;;;;;;;;;;;;;;;;;
V000877;2024-12-11;14:07;S03;E0020;C0236;3;164,1;5,35;P026;shoe;Asics;Running;Air;43;Gold;true;142,69;142,69;0;0;0;0;0;A009;accessory;Accessoire;Lacets;Lacets;L;Classic Grey;false;14,27;17,84;3,57;0;0;3,57;20,01;A001;accessory;Accessoire;Sac de sport;Sac de sport;XS;Deep Blue;false;7,14;8,92;1,78;0;0;1,78;19,96;;;;;;;;;;;;;;;
V000878;2024-11-05;19:47;S02;E0011;C0129;2;147,88;0;P031;shoe;Puma;Limited Edition;Elite;32;Black;false;130,04;130,04;0;0;0;0;0;A009;accessory;Accessoire;Lacets;Lacets;L;Classic Grey;false;17,84;17,84;0;0;0;0;0;;;;;;;;;;;;;;;;;;;;;;;;;;;;;;
V000879;2024-05-31;14:59;S08;E0051;C0354;1;100,86;3,62;P088;shoe;Adidas;Running;Zoom;36;Black;true;100,86;104,48;3,62;3,62;0;0;3,46;;;;;;;;;;;;;;;;;;;;;;;;;;;;;;;;;;;;;;;;;;;;;
V000880;2024-04-03;18:18;S02;E0011;C0056;1;136,56;0;P053;shoe;Nike;Limited Edition;Zoom;38;Deep Blue;false;136,56;136,56;0;0;0;0;0;;;;;;;;;;;;;;;;;;;;;;;;;;;;;;;;;;;;;;;;;;;;;
V000881;2024-12-02;15:03;S08;E0054;C0319;1;124,12;0;P065;shoe;Reebok;Trail;Flex;41;Premium Black;false;124,12;124,12;0;0;0;0;0;;;;;;;;;;;;;;;;;;;;;;;;;;;;;;;;;;;;;;;;;;;;;
V000882;2024-04-30;18:48;S08;E0054;C0302;1;78,82;8,76;P022;shoe;New Balance;Running;Pro;41;Deep Blue;false;78,82;87,58;8,76;0;0;8,76;10;;;;;;;;;;;;;;;;;;;;;;;;;;;;;;;;;;;;;;;;;;;;;
V000883;2024-09-18;16:31;S03;E0020;C0192;1;105,62;0;P088;shoe;Adidas;Running;Zoom;36;Black;true;105,62;105,62;0;0;0;0;0;;;;;;;;;;;;;;;;;;;;;;;;;;;;;;;;;;;;;;;;;;;;;
V000884;2024-10-18;16:24;S08;E0047;C0357;1;104,48;0;P088;shoe;Adidas;Running;Zoom;36;Black;true;104,48;104,48;0;0;0;0;0;;;;;;;;;;;;;;;;;;;;;;;;;;;;;;;;;;;;;;;;;;;;;
V000885;2024-12-25;09:09;S05;E0027;C0075;1;73,83;3,89;P033;shoe;Jordans;Running;Max;31;Red Blood;false;73,83;77,72;3,89;0;0;3,89;5,01;;;;;;;;;;;;;;;;;;;;;;;;;;;;;;;;;;;;;;;;;;;;;
V000886;2024-12-21;18:49;S04;E0026;C0135;1;77,42;0;P030;shoe;New Balance;Running;Pro;42;Light Green;false;77,42;77,42;0;0;0;0;0;;;;;;;;;;;;;;;;;;;;;;;;;;;;;;;;;;;;;;;;;;;;;
V000887;2024-03-18;14:06;S08;E0047;C0044;1;55,1;13,78;P066;shoe;Adidas;Casual;Air;34;Black;false;55,1;68,88;13,78;0;0;13,78;20,01;;;;;;;;;;;;;;;;;;;;;;;;;;;;;;;;;;;;;;;;;;;;;
V000888;2024-08-21;17:29;S06;E0039;C0073;1;138,59;0;P053;shoe;Nike;Limited Edition;Zoom;38;Deep Blue;false;138,59;138,59;0;0;0;0;0;;;;;;;;;;;;;;;;;;;;;;;;;;;;;;;;;;;;;;;;;;;;;
V000889;2024-08-29;15:38;S04;E0024;C0335;1;74,97;8,33;P059;shoe;Reebok;Running;Elite;43;Black;false;74,97;83,3;8,33;0;0;8,33;10;;;;;;;;;;;;;;;;;;;;;;;;;;;;;;;;;;;;;;;;;;;;;
V000890;2024-09-07;13:40;S05;E0032;C0340;1;91,34;0;P075;shoe;Jordans;Casual;Air;40;Deep Blue;false;91,34;91,34;0;0;0;0;0;;;;;;;;;;;;;;;;;;;;;;;;;;;;;;;;;;;;;;;;;;;;;
V000891;2024-07-04;17:01;S08;E0048;C0151;1;155,82;17,06;P073;shoe;Reebok;Limited Edition;Elite;39;Deep Blue;true;155,82;172,88;17,06;17,06;0;0;9,87;;;;;;;;;;;;;;;;;;;;;;;;;;;;;;;;;;;;;;;;;;;;;
V000892;2024-10-10;15:49;S03;E0020;C0160;2;217,56;16,01;P006;shoe;Asics;Limited Edition;Air;36;Pink;false;153,5;153,5;0;0;0;0;0;P025;shoe;Asics;Trail;Flex;36;Sunny Yellow;false;64,06;80,07;16,01;0;0;16,01;20;;;;;;;;;;;;;;;;;;;;;;;;;;;;;;
V000893;2024-05-06;10:47;S08;E0051;C0262;1;119,44;0;P076;shoe;Asics;Trail;Air;35;Premium Black;false;119,44;119,44;0;0;0;0;0;;;;;;;;;;;;;;;;;;;;;;;;;;;;;;;;;;;;;;;;;;;;;
V000894;2024-06-08;09:56;S05;E0033;C0393;1;89,72;9,97;P007;shoe;Adidas;Basketball;Max;33;Electric Blue;false;89,72;99,69;9,97;0;0;9,97;10;;;;;;;;;;;;;;;;;;;;;;;;;;;;;;;;;;;;;;;;;;;;;
V000895;2024-03-23;14:57;S05;E0031;C0309;1;126,48;0;P086;shoe;Adidas;Casual;Zoom;44;Premium Black;false;126,48;126,48;0;0;0;0;0;;;;;;;;;;;;;;;;;;;;;;;;;;;;;;;;;;;;;;;;;;;;;
V000896;2024-06-08;17:11;S04;E0024;C0297;1;116,42;0;P088;shoe;Adidas;Running;Zoom;36;Black;true;116,42;116,42;0;0;0;0;0;;;;;;;;;;;;;;;;;;;;;;;;;;;;;;;;;;;;;;;;;;;;;
V000897;2024-11-12;11:27;S05;E0033;C0385;1;132,28;0;P047;shoe;Jordans;Trail;Air;37;Premium Black;true;132,28;132,28;0;0;0;0;0;;;;;;;;;;;;;;;;;;;;;;;;;;;;;;;;;;;;;;;;;;;;;
V000898;2024-07-18;13:29;S03;E0016;C0052;1;101,8;0;P009;shoe;Asics;Trail;Flex;40;Red Blood;false;101,8;101,8;0;0;0;0;0;;;;;;;;;;;;;;;;;;;;;;;;;;;;;;;;;;;;;;;;;;;;;
V000899;2024-08-09;13:14;S07;E0045;C0411;1;154;0;P076;shoe;Asics;Trail;Air;35;Premium Black;false;154;154;0;0;0;0;0;;;;;;;;;;;;;;;;;;;;;;;;;;;;;;;;;;;;;;;;;;;;;
V000900;2024-12-23;18:52;S02;E0009;C0096;1;71,3;30,5;P085;shoe;Asics;Casual;Pro;39;White;false;71,3;101,8;30,5;0;30,5;0;29,96;;;;;;;;;;;;;;;;;;;;;;;;;;;;;;;;;;;;;;;;;;;;;
V000901;2024-02-23;17:14;S04;E0024;C0172;1;253,82;0;P080;shoe;New Balance;Limited Edition;Flex;38;Black;false;253,82;253,82;0;0;0;0;0;;;;;;;;;;;;;;;;;;;;;;;;;;;;;;;;;;;;;;;;;;;;;
V000902;2024-12-20;13:49;S02;E0006;C0282;1;80,07;0;P025;shoe;Asics;Trail;Flex;36;Sunny Yellow;false;80,07;80,07;0;0;0;0;0;;;;;;;;;;;;;;;;;;;;;;;;;;;;;;;;;;;;;;;;;;;;;
V000903;2024-04-05;16:32;S08;E0053;C0409;2;113,44;19,64;P007;shoe;Adidas;Basketball;Max;33;Electric Blue;false;78,55;98,19;19,64;0;0;19,64;20;A006;accessory;Accessoire;Sac de sport;Sac de sport;XS;Black;false;34,89;34,89;0;0;0;0;0;;;;;;;;;;;;;;;;;;;;;;;;;;;;;;
V000904;2024-03-15;12:50;S08;E0054;C0355;1;79,5;0;P051;shoe;Jordans;Trail;Elite;31;Sunny Yellow;false;79,5;79,5;0;0;0;0;0;;;;;;;;;;;;;;;;;;;;;;;;;;;;;;;;;;;;;;;;;;;;;
V000905;2024-08-26;17:42;S08;E0054;C0229;1;125,82;0;P028;shoe;Jordans;Casual;Elite;39;Red Blood;false;125,82;125,82;0;0;0;0;0;;;;;;;;;;;;;;;;;;;;;;;;;;;;;;;;;;;;;;;;;;;;;
V000906;2024-04-08;17:29;S01;E0001;C0352;1;296,5;0;P073;shoe;Reebok;Limited Edition;Elite;39;Deep Blue;true;296,5;296,5;0;0;0;0;0;;;;;;;;;;;;;;;;;;;;;;;;;;;;;;;;;;;;;;;;;;;;;
V000907;2024-01-29;16:44;S08;E0048;C0372;1;90,13;0;P010;shoe;Asics;Training;Air;33;Brown Bear;false;90,13;90,13;0;0;0;0;0;;;;;;;;;;;;;;;;;;;;;;;;;;;;;;;;;;;;;;;;;;;;;
V000908;2024-04-17;12:36;S05;E0034;C0088;1;106,19;0;P088;shoe;Adidas;Running;Zoom;36;Black;true;106,19;106,19;0;0;0;0;0;;;;;;;;;;;;;;;;;;;;;;;;;;;;;;;;;;;;;;;;;;;;;
V000909;2024-09-30;18:47;S08;E0054;C0088;1;104,48;0;P088;shoe;Adidas;Running;Zoom;36;Black;true;104,48;104,48;0;0;0;0;0;;;;;;;;;;;;;;;;;;;;;;;;;;;;;;;;;;;;;;;;;;;;;
V000910;2024-05-14;10:30;S05;E0028;C0288;1;100,73;5,46;P088;shoe;Adidas;Running;Zoom;36;Black;true;100,73;106,19;5,46;5,46;0;0;5,14;;;;;;;;;;;;;;;;;;;;;;;;;;;;;;;;;;;;;;;;;;;;;
V000911;2024-03-29;13:25;S05;E0032;C0038;1;106,19;0;P088;shoe;Adidas;Running;Zoom;36;Black;true;106,19;106,19;0;0;0;0;0;;;;;;;;;;;;;;;;;;;;;;;;;;;;;;;;;;;;;;;;;;;;;
V000912;2024-10-29;14:21;S05;E0034;C0347;1;112,87;0;P081;shoe;Adidas;Basketball;Max;32;Black;false;112,87;112,87;0;0;0;0;0;;;;;;;;;;;;;;;;;;;;;;;;;;;;;;;;;;;;;;;;;;;;;
V000913;2024-11-27;10:16;S05;E0035;C0316;1;122,8;0;P048;shoe;Jordans;Casual;Air;45;Brown Bear;true;122,8;122,8;0;0;0;0;0;;;;;;;;;;;;;;;;;;;;;;;;;;;;;;;;;;;;;;;;;;;;;
V000914;2024-12-30;16:19;S08;E0054;C0234;1;129,73;0;P047;shoe;Jordans;Trail;Air;37;Premium Black;true;129,73;129,73;0;0;0;0;0;;;;;;;;;;;;;;;;;;;;;;;;;;;;;;;;;;;;;;;;;;;;;
V000915;2024-01-11;16:31;S06;E0040;C0084;1;127,86;0;P086;shoe;Adidas;Casual;Zoom;44;Premium Black;false;127,86;127,86;0;0;0;0;0;;;;;;;;;;;;;;;;;;;;;;;;;;;;;;;;;;;;;;;;;;;;;
V000916;2024-06-28;16:21;S03;E0015;C0364;2;119,54;0;P029;shoe;Adidas;Basketball;Zoom;45;Brown Bear;false;88,33;88,33;0;0;0;0;0;A003;accessory;Accessoire;Tee-shirt;Tee-shirt;S;White;false;31,21;31,21;0;0;0;0;0;;;;;;;;;;;;;;;;;;;;;;;;;;;;;;
V000917;2024-11-29;12:01;S05;E0028;C0232;1;150,78;0;P052;shoe;Nike;Limited Edition;Max;30;Deep Purple;true;150,78;150,78;0;0;0;0;0;;;;;;;;;;;;;;;;;;;;;;;;;;;;;;;;;;;;;;;;;;;;;
V000918;2024-02-20;15:33;S02;E0006;C0282;1;94,7;22,3;P035;shoe;Puma;Training;Pro;39;Red Blood;false;94,7;117;22,3;0;22,3;0;19,06;;;;;;;;;;;;;;;;;;;;;;;;;;;;;;;;;;;;;;;;;;;;;
V000919;2024-07-30;14:52;S02;E0006;C0404;1;80,07;0;P057;shoe;Asics;Trail;Zoom;33;Brown Bear;false;80,07;80,07;0;0;0;0;0;;;;;;;;;;;;;;;;;;;;;;;;;;;;;;;;;;;;;;;;;;;;;
V000920;2024-02-05;14:38;S06;E0039;C0055;1;133,87;0;P041;shoe;Puma;Trail;Pro;39;Premium Black;false;133,87;133,87;0;0;0;0;0;;;;;;;;;;;;;;;;;;;;;;;;;;;;;;;;;;;;;;;;;;;;;
V000921;2024-02-20;17:16;S08;E0054;C0386;1;79,5;0;P008;shoe;Reebok;Casual;Elite;35;Deep Blue;false;79,5;79,5;0;0;0;0;0;;;;;;;;;;;;;;;;;;;;;;;;;;;;;;;;;;;;;;;;;;;;;
V000922;2024-03-15;19:06;S04;E0023;C0173;2;107,8;0;P071;shoe;Reebok;Casual;Elite;32;Brown Bear;false;83,3;83,3;0;0;0;0;0;A005;accessory;Accessoire;Bonnet;Bonnet;M;Deep Blue;false;24,5;24,5;0;0;0;0;0;;;;;;;;;;;;;;;;;;;;;;;;;;;;;;
V000923;2024-07-24;10:31;S08;E0051;C0094;1;160,54;12,34;P073;shoe;Reebok;Limited Edition;Elite;39;Deep Blue;true;160,54;172,88;12,34;12,34;0;0;7,14;;;;;;;;;;;;;;;;;;;;;;;;;;;;;;;;;;;;;;;;;;;;;
V000924;2024-02-12;12:07;S05;E0031;C0259;2;108,71;0;P007;shoe;Adidas;Basketball;Max;33;Electric Blue;false;99,69;99,69;0;0;0;0;0;A004;accessory;Accessoire;Bonnet;Bonnet;XS;Black;false;9,02;9,02;0;0;0;0;0;;;;;;;;;;;;;;;;;;;;;;;;;;;;;;
V000925;2024-04-05;14:23;S08;E0052;C0305;1;121,57;0;P056;shoe;Reebok;Basketball;Elite;45;Black;false;121,57;121,57;0;0;0;0;0;;;;;;;;;;;;;;;;;;;;;;;;;;;;;;;;;;;;;;;;;;;;;
V000926;2024-11-26;10:19;S08;E0048;C0071;1;113,5;0;P055;shoe;Reebok;Training;Zoom;31;Gold;false;113,5;113,5;0;0;0;0;0;;;;;;;;;;;;;;;;;;;;;;;;;;;;;;;;;;;;;;;;;;;;;
V000927;2024-10-24;15:51;S05;E0031;C0103;1;82,47;0;P018;shoe;Nike;Casual;Air;42;Red Blood;true;82,47;82,47;0;0;0;0;0;;;;;;;;;;;;;;;;;;;;;;;;;;;;;;;;;;;;;;;;;;;;;
V000928;2024-03-05;13:02;S08;E0048;C0412;1;100,75;0;P017;shoe;New Balance;Trail;Zoom;40;Classic Grey;false;100,75;100,75;0;0;0;0;0;;;;;;;;;;;;;;;;;;;;;;;;;;;;;;;;;;;;;;;;;;;;;
V000929;2024-01-29;11:58;S03;E0017;C0088;1;105,62;0;P088;shoe;Adidas;Running;Zoom;36;Black;true;105,62;105,62;0;0;0;0;0;;;;;;;;;;;;;;;;;;;;;;;;;;;;;;;;;;;;;;;;;;;;;
V000930;2024-11-19;11:38;S08;E0047;C0316;1;104,48;0;P088;shoe;Adidas;Running;Zoom;36;Black;true;104,48;104,48;0;0;0;0;0;;;;;;;;;;;;;;;;;;;;;;;;;;;;;;;;;;;;;;;;;;;;;
V000931;2024-01-12;09:26;S06;E0040;C0392;1;82,77;0;P044;shoe;Nike;Basketball;Flex;32;Pink;false;82,77;82,77;0;0;0;0;0;;;;;;;;;;;;;;;;;;;;;;;;;;;;;;;;;;;;;;;;;;;;;
V000932;2024-03-15;11:50;S07;E0042;C0270;1;169;0;P036;shoe;New Balance;Training;Flex;44;Sunny Yellow;false;169;169;0;0;0;0;0;;;;;;;;;;;;;;;;;;;;;;;;;;;;;;;;;;;;;;;;;;;;;
V000933;2024-10-05;18:30;S04;E0023;C0200;1;72,39;5,03;P022;shoe;New Balance;Running;Pro;41;Deep Blue;false;72,39;77,42;5,03;5,03;0;0;6,5;;;;;;;;;;;;;;;;;;;;;;;;;;;;;;;;;;;;;;;;;;;;;
V000934;2024-06-06;10:55;S08;E0049;C0153;1;104,48;0;P088;shoe;Adidas;Running;Zoom;36;Black;true;104,48;104,48;0;0;0;0;0;;;;;;;;;;;;;;;;;;;;;;;;;;;;;;;;;;;;;;;;;;;;;
V000935;2024-08-08;16:56;S08;E0054;C0184;2;119,88;0;P038;shoe;Reebok;Training;Elite;33;Brown Bear;false;102,44;102,44;0;0;0;0;0;A009;accessory;Accessoire;Lacets;Lacets;L;Classic Grey;false;17,44;17,44;0;0;0;0;0;;;;;;;;;;;;;;;;;;;;;;;;;;;;;;
V000936;2024-03-28;16:24;S03;E0020;C0077;1;71,08;34,54;P088;shoe;Adidas;Running;Zoom;36;Black;true;71,08;105,62;34,54;15,74;18,8;0;32,7;;;;;;;;;;;;;;;;;;;;;;;;;;;;;;;;;;;;;;;;;;;;;
V000937;2024-08-15;10:50;S03;E0020;C0148;1;136,56;0;P053;shoe;Nike;Limited Edition;Zoom;38;Deep Blue;false;136,56;136,56;0;0;0;0;0;;;;;;;;;;;;;;;;;;;;;;;;;;;;;;;;;;;;;;;;;;;;;
V000938;2024-04-05;16:05;S08;E0048;C0167;2;230,82;0;P025;shoe;Asics;Trail;Flex;36;Sunny Yellow;false;79,5;79,5;0;0;0;0;0;P006;shoe;Asics;Limited Edition;Air;36;Pink;false;151,32;151,32;0;0;0;0;0;;;;;;;;;;;;;;;;;;;;;;;;;;;;;;
V000939;2024-12-19;09:47;S03;E0020;C0363;1;94,97;10,65;P088;shoe;Adidas;Running;Zoom;36;Black;true;94,97;105,62;10,65;10,65;0;0;10,08;;;;;;;;;;;;;;;;;;;;;;;;;;;;;;;;;;;;;;;;;;;;;
V000940;2024-02-24;18:37;S04;E0024;C0343;1;116,42;0;P088;shoe;Adidas;Running;Zoom;36;Black;true;116,42;116,42;0;0;0;0;0;;;;;;;;;;;;;;;;;;;;;;;;;;;;;;;;;;;;;;;;;;;;;
V000941;2024-06-27;15:48;S06;E0038;C0037;2;323,56;0;P020;shoe;Puma;Limited Edition;Zoom;33;Red Blood;false;157,49;157,49;0;0;0;0;0;P012;shoe;Puma;Limited Edition;Elite;33;Gold;false;166,07;166,07;0;0;0;0;0;;;;;;;;;;;;;;;;;;;;;;;;;;;;;;
V000942;2024-07-18;17:12;S07;E0044;C0142;1;139;0;P070;shoe;Adidas;Casual;Pro;40;Deep Purple;false;139;139;0;0;0;0;0;;;;;;;;;;;;;;;;;;;;;;;;;;;;;;;;;;;;;;;;;;;;;
V000943;2024-11-06;09:38;S02;E0009;C0371;1;153,5;0;P006;shoe;Asics;Limited Edition;Air;36;Pink;false;153,5;153,5;0;0;0;0;0;;;;;;;;;;;;;;;;;;;;;;;;;;;;;;;;;;;;;;;;;;;;;
V000944;2024-05-25;13:10;S04;E0024;C0119;2;136,02;0;P088;shoe;Adidas;Running;Zoom;36;Black;true;116,42;116,42;0;0;0;0;0;A009;accessory;Accessoire;Lacets;Lacets;L;Classic Grey;false;19,6;19,6;0;0;0;0;0;;;;;;;;;;;;;;;;;;;;;;;;;;;;;;
V000945;2024-09-23;10:52;S08;E0047;C0291;1;87,58;0;P022;shoe;New Balance;Running;Pro;41;Deep Blue;false;87,58;87,58;0;0;0;0;0;;;;;;;;;;;;;;;;;;;;;;;;;;;;;;;;;;;;;;;;;;;;;
V000946;2024-06-07;13:14;S05;E0034;C0024;1;128,24;0;P028;shoe;Jordans;Casual;Elite;39;Red Blood;false;128,24;128,24;0;0;0;0;0;;;;;;;;;;;;;;;;;;;;;;;;;;;;;;;;;;;;;;;;;;;;;
V000947;2024-09-17;10:29;S06;E0037;C0336;1;82,77;0;P044;shoe;Nike;Basketball;Flex;32;Pink;false;82,77;82,77;0;0;0;0;0;;;;;;;;;;;;;;;;;;;;;;;;;;;;;;;;;;;;;;;;;;;;;
V000948;2024-02-28;15:13;S08;E0047;C0209;1;105;0;P067;shoe;Adidas;Running;Pro;30;Light Green;false;105;105;0;0;0;0;0;;;;;;;;;;;;;;;;;;;;;;;;;;;;;;;;;;;;;;;;;;;;;
V000949;2024-11-21;11:31;S02;E0011;C0284;1;153,5;0;P006;shoe;Asics;Limited Edition;Air;36;Pink;false;153,5;153,5;0;0;0;0;0;;;;;;;;;;;;;;;;;;;;;;;;;;;;;;;;;;;;;;;;;;;;;
V000950;2024-02-12;10:28;S07;E0045;C0282;1;129,6;0;P083;shoe;New Balance;Trail;Flex;33;Brown Bear;true;129,6;129,6;0;0;0;0;0;;;;;;;;;;;;;;;;;;;;;;;;;;;;;;;;;;;;;;;;;;;;;
V000951;2024-07-05;11:08;S03;E0020;C0244;1;105,62;0;P088;shoe;Adidas;Running;Zoom;36;Black;true;105,62;105,62;0;0;0;0;0;;;;;;;;;;;;;;;;;;;;;;;;;;;;;;;;;;;;;;;;;;;;;
V000952;2024-03-01;16:45;S04;E0024;C0179;1;274,13;0;P073;shoe;Reebok;Limited Edition;Elite;39;Deep Blue;true;274,13;274,13;0;0;0;0;0;;;;;;;;;;;;;;;;;;;;;;;;;;;;;;;;;;;;;;;;;;;;;
V000953;2024-12-25;11:28;S08;E0047;C0357;1;104,48;0;P088;shoe;Adidas;Running;Zoom;36;Black;true;104,48;104,48;0;0;0;0;0;;;;;;;;;;;;;;;;;;;;;;;;;;;;;;;;;;;;;;;;;;;;;
V000954;2024-10-18;17:03;S08;E0051;C0153;1;129,73;0;P047;shoe;Jordans;Trail;Air;37;Premium Black;true;129,73;129,73;0;0;0;0;0;;;;;;;;;;;;;;;;;;;;;;;;;;;;;;;;;;;;;;;;;;;;;
V000955;2024-12-03;16:53;S07;E0043;C0020;1;85,32;0;P068;shoe;New Balance;Trail;Zoom;40;Light Green;true;85,32;85,32;0;0;0;0;0;;;;;;;;;;;;;;;;;;;;;;;;;;;;;;;;;;;;;;;;;;;;;
V000956;2024-12-19;14:06;S06;E0040;C0103;1;138,59;0;P062;shoe;Nike;Limited Edition;Air;42;White;false;138,59;138,59;0;0;0;0;0;;;;;;;;;;;;;;;;;;;;;;;;;;;;;;;;;;;;;;;;;;;;;
V000957;2024-06-10;11:50;S03;E0016;C0103;1;134,74;15;P052;shoe;Nike;Limited Edition;Max;30;Deep Purple;true;134,74;149,74;15;0;15;0;10,02;;;;;;;;;;;;;;;;;;;;;;;;;;;;;;;;;;;;;;;;;;;;;
V000958;2024-12-19;15:44;S08;E0048;C0170;1;100,83;20,74;P019;shoe;Asics;Casual;Zoom;37;Deep Purple;false;100,83;121,57;20,74;20,74;0;0;17,06;;;;;;;;;;;;;;;;;;;;;;;;;;;;;;;;;;;;;;;;;;;;;
V000959;2024-12-24;14:42;S08;E0053;C0349;1;49,06;21;P079;shoe;New Balance;Basketball;Flex;32;Deep Blue;true;49,06;70,06;21;0;21;0;29,97;;;;;;;;;;;;;;;;;;;;;;;;;;;;;;;;;;;;;;;;;;;;;
V000960;2024-09-20;14:47;S08;E0054;C0014;1;130,25;10,5;P026;shoe;Asics;Running;Air;43;Gold;true;130,25;140,75;10,5;0;10,5;0;7,46;;;;;;;;;;;;;;;;;;;;;;;;;;;;;;;;;;;;;;;;;;;;;
V000961;2024-01-20;17:51;S05;E0033;C0409;1;95,77;41,7;P053;shoe;Nike;Limited Edition;Zoom;38;Deep Blue;false;95,77;137,47;41,7;21,08;0;20,62;30,33;;;;;;;;;;;;;;;;;;;;;;;;;;;;;;;;;;;;;;;;;;;;;
V000962;2024-01-31;09:02;S01;E0002;C0190;1;200,34;0;P084;shoe;Reebok;Trail;Air;44;Premium Black;false;200,34;200,34;0;0;0;0;0;;;;;;;;;;;;;;;;;;;;;;;;;;;;;;;;;;;;;;;;;;;;;
V000963;2024-12-09;17:04;S02;E0009;C0379;1;164,37;0;P012;shoe;Puma;Limited Edition;Elite;33;Gold;false;164,37;164,37;0;0;0;0;0;;;;;;;;;;;;;;;;;;;;;;;;;;;;;;;;;;;;;;;;;;;;;
V000964;2024-10-07;12:03;S06;E0039;C0022;2;124,17;0;P063;shoe;Nike;Casual;Max;40;Pink;true;93,64;93,64;0;0;0;0;0;A003;accessory;Accessoire;Tee-shirt;Tee-shirt;S;White;false;30,53;30,53;0;0;0;0;0;;;;;;;;;;;;;;;;;;;;;;;;;;;;;;
V000965;2024-09-19;12:51;S01;E0002;C0017;1;116,6;0;P061;shoe;Reebok;Casual;Pro;41;White;false;116,6;116,6;0;0;0;0;0;;;;;;;;;;;;;;;;;;;;;;;;;;;;;;;;;;;;;;;;;;;;;
V000966;2024-05-14;14:12;S02;E0009;C0307;1;136,56;0;P053;shoe;Nike;Limited Edition;Zoom;38;Deep Blue;false;136,56;136,56;0;0;0;0;0;;;;;;;;;;;;;;;;;;;;;;;;;;;;;;;;;;;;;;;;;;;;;
V000967;2024-09-16;10:16;S01;E0002;C0160;1;136,23;12,17;P055;shoe;Reebok;Training;Zoom;31;Gold;false;136,23;148,4;12,17;12,17;0;0;8,2;;;;;;;;;;;;;;;;;;;;;;;;;;;;;;;;;;;;;;;;;;;;;
V000968;2024-06-19;16:32;S05;E0031;C0009;1;141,76;9,02;P052;shoe;Nike;Limited Edition;Max;30;Deep Purple;true;141,76;150,78;9,02;9,02;0;0;5,98;;;;;;;;;;;;;;;;;;;;;;;;;;;;;;;;;;;;;;;;;;;;;
V000969;2024-02-01;16:57;S02;E0013;C0003;1;131,78;0;P041;shoe;Puma;Trail;Pro;39;Premium Black;false;131,78;131,78;0;0;0;0;0;;;;;;;;;;;;;;;;;;;;;;;;;;;;;;;;;;;;;;;;;;;;;
V000970;2024-08-06;12:29;S05;E0031;C0177;1;91,48;0;P063;shoe;Nike;Casual;Max;40;Pink;true;91,48;91,48;0;0;0;0;0;;;;;;;;;;;;;;;;;;;;;;;;;;;;;;;;;;;;;;;;;;;;;
V000971;2024-03-18;12:28;S03;E0020;C0383;1;136,56;0;P053;shoe;Nike;Limited Edition;Zoom;38;Deep Blue;false;136,56;136,56;0;0;0;0;0;;;;;;;;;;;;;;;;;;;;;;;;;;;;;;;;;;;;;;;;;;;;;
V000972;2024-02-12;12:25;S07;E0045;C0127;2;223,51;5,61;P001;shoe;New Balance;Training;Max;41;Electric Blue;true;150,12;150,12;0;0;0;0;0;P022;shoe;New Balance;Running;Pro;41;Deep Blue;false;73,39;79;5,61;5,61;0;0;7,1;;;;;;;;;;;;;;;;;;;;;;;;;;;;;;
V000973;2024-09-05;12:47;S04;E0025;C0281;1;116,42;0;P088;shoe;Adidas;Running;Zoom;36;Black;true;116,42;116,42;0;0;0;0;0;;;;;;;;;;;;;;;;;;;;;;;;;;;;;;;;;;;;;;;;;;;;;
V000974;2024-11-14;14:33;S05;E0034;C0379;1;137,47;0;P053;shoe;Nike;Limited Edition;Zoom;38;Deep Blue;false;137,47;137,47;0;0;0;0;0;;;;;;;;;;;;;;;;;;;;;;;;;;;;;;;;;;;;;;;;;;;;;
V000975;2024-01-19;12:53;S08;E0050;C0347;1;115,62;0;P023;shoe;Adidas;Basketball;Zoom;38;Pink;false;115,62;115,62;0;0;0;0;0;;;;;;;;;;;;;;;;;;;;;;;;;;;;;;;;;;;;;;;;;;;;;
V000976;2024-12-12;12:24;S07;E0044;C0400;1;79;0;P030;shoe;New Balance;Running;Pro;42;Light Green;false;79;79;0;0;0;0;0;;;;;;;;;;;;;;;;;;;;;;;;;;;;;;;;;;;;;;;;;;;;;
V000977;2024-12-06;14:54;S08;E0052;C0328;1;129,73;0;P047;shoe;Jordans;Trail;Air;37;Premium Black;true;129,73;129,73;0;0;0;0;0;;;;;;;;;;;;;;;;;;;;;;;;;;;;;;;;;;;;;;;;;;;;;
V000978;2024-07-12;15:25;S05;E0033;C0056;1;103,45;16,5;P027;shoe;Jordans;Trail;Flex;40;Pink;true;103,45;119,95;16,5;0;16,5;0;13,76;;;;;;;;;;;;;;;;;;;;;;;;;;;;;;;;;;;;;;;;;;;;;
V000979;2024-01-27;16:57;S05;E0028;C0075;1;112,87;0;P013;shoe;Jordans;Casual;Pro;30;White;false;112,87;112,87;0;0;0;0;0;;;;;;;;;;;;;;;;;;;;;;;;;;;;;;;;;;;;;;;;;;;;;
V000980;2024-01-22;16:46;S07;E0045;C0238;1;204,12;0;P026;shoe;Asics;Running;Air;43;Gold;true;204,12;204,12;0;0;0;0;0;;;;;;;;;;;;;;;;;;;;;;;;;;;;;;;;;;;;;;;;;;;;;
V000981;2024-11-07;10:27;S03;E0015;C0343;1;149,74;0;P052;shoe;Nike;Limited Edition;Max;30;Deep Purple;true;149,74;149,74;0;0;0;0;0;;;;;;;;;;;;;;;;;;;;;;;;;;;;;;;;;;;;;;;;;;;;;
V000982;2024-10-25;18:33;S08;E0047;C0333;1;121,57;0;P056;shoe;Reebok;Basketball;Elite;45;Black;false;121,57;121,57;0;0;0;0;0;;;;;;;;;;;;;;;;;;;;;;;;;;;;;;;;;;;;;;;;;;;;;
V000983;2024-09-14;17:13;S05;E0034;C0226;1;106,19;0;P088;shoe;Adidas;Running;Zoom;36;Black;true;106,19;106,19;0;0;0;0;0;;;;;;;;;;;;;;;;;;;;;;;;;;;;;;;;;;;;;;;;;;;;;
V000984;2024-02-20;09:24;S02;E0006;C0236;1;116,57;0;P046;shoe;Asics;Trail;Flex;32;Classic Grey;false;116,57;116,57;0;0;0;0;0;;;;;;;;;;;;;;;;;;;;;;;;;;;;;;;;;;;;;;;;;;;;;
V000985;2024-04-11;15:21;S03;E0020;C0229;1;114,44;22,12;P062;shoe;Nike;Limited Edition;Air;42;White;false;114,44;136,56;22,12;22,12;0;0;16,2;;;;;;;;;;;;;;;;;;;;;;;;;;;;;;;;;;;;;;;;;;;;;
V000986;2024-10-21;12:19;S08;E0053;C0357;1;172,88;0;P073;shoe;Reebok;Limited Edition;Elite;39;Deep Blue;true;172,88;172,88;0;0;0;0;0;;;;;;;;;;;;;;;;;;;;;;;;;;;;;;;;;;;;;;;;;;;;;
V000987;2024-04-12;16:19;S05;E0034;C0191;1;80,36;0;P040;shoe;Nike;Trail;Zoom;44;Black;false;80,36;80,36;0;0;0;0;0;;;;;;;;;;;;;;;;;;;;;;;;;;;;;;;;;;;;;;;;;;;;;
V000988;2024-12-30;09:09;S08;E0049;C0391;1;81,12;9,01;P010;shoe;Asics;Training;Air;33;Brown Bear;false;81,12;90,13;9,01;0;0;9,01;10;;;;;;;;;;;;;;;;;;;;;;;;;;;;;;;;;;;;;;;;;;;;;
V000989;2024-07-15;09:55;S05;E0034;C0179;1;77,72;0;P033;shoe;Jordans;Running;Max;31;Red Blood;false;77,72;77,72;0;0;0;0;0;;;;;;;;;;;;;;;;;;;;;;;;;;;;;;;;;;;;;;;;;;;;;
V000990;2024-10-22;14:49;S08;E0051;C0310;1;172,88;0;P073;shoe;Reebok;Limited Edition;Elite;39;Deep Blue;true;172,88;172,88;0;0;0;0;0;;;;;;;;;;;;;;;;;;;;;;;;;;;;;;;;;;;;;;;;;;;;;
V000991;2024-08-07;15:45;S06;E0039;C0117;3;113,29;0;P014;shoe;Adidas;Basketball;Flex;30;Brown Bear;false;82,77;82,77;0;0;0;0;0;A011;accessory;Accessoire;Casquette;Casquette;L;Classic Grey;false;13,08;13,08;0;0;0;0;0;A010;accessory;Accessoire;Tee-shirt;Tee-shirt;XL;Black;false;17,44;17,44;0;0;0;0;0;;;;;;;;;;;;;;;
V000992;2024-10-01;18:54;S08;E0054;C0177;1;99,61;18,19;P027;shoe;Jordans;Trail;Flex;40;Pink;true;99,61;117,8;18,19;18,19;0;0;15,44;;;;;;;;;;;;;;;;;;;;;;;;;;;;;;;;;;;;;;;;;;;;;
V000993;2024-07-20;15:24;S04;E0026;C0288;1;116,42;0;P088;shoe;Adidas;Running;Zoom;36;Black;true;116,42;116,42;0;0;0;0;0;;;;;;;;;;;;;;;;;;;;;;;;;;;;;;;;;;;;;;;;;;;;;
V000994;2024-08-30;14:16;S02;E0013;C0246;1;80,07;0;P049;shoe;Puma;Training;Max;31;Deep Purple;false;80,07;80,07;0;0;0;0;0;;;;;;;;;;;;;;;;;;;;;;;;;;;;;;;;;;;;;;;;;;;;;
V000995;2024-05-21;11:13;S03;E0016;C0316;1;132,11;4,45;P053;shoe;Nike;Limited Edition;Zoom;38;Deep Blue;false;132,11;136,56;4,45;4,45;0;0;3,26;;;;;;;;;;;;;;;;;;;;;;;;;;;;;;;;;;;;;;;;;;;;;
V000996;2024-11-01;18:10;S08;E0051;C0218;1;117,8;0;P027;shoe;Jordans;Trail;Flex;40;Pink;true;117,8;117,8;0;0;0;0;0;;;;;;;;;;;;;;;;;;;;;;;;;;;;;;;;;;;;;;;;;;;;;
V000997;2024-04-11;17:53;S04;E0023;C0102;2;140,92;0;P088;shoe;Adidas;Running;Zoom;36;Black;true;116,42;116,42;0;0;0;0;0;A005;accessory;Accessoire;Bonnet;Bonnet;M;Deep Blue;false;24,5;24,5;0;0;0;0;0;;;;;;;;;;;;;;;;;;;;;;;;;;;;;;
V000998;2024-10-17;18:49;S05;E0032;C0151;2;219,94;0;P018;shoe;Nike;Casual;Air;42;Red Blood;true;82,47;82,47;0;0;0;0;0;P062;shoe;Nike;Limited Edition;Air;42;White;false;137,47;137,47;0;0;0;0;0;;;;;;;;;;;;;;;;;;;;;;;;;;;;;;
V000999;2024-07-05;10:29;S06;E0038;C0032;1;119,27;0;P023;shoe;Adidas;Basketball;Zoom;38;Pink;false;119,27;119,27;0;0;0;0;0;;;;;;;;;;;;;;;;;;;;;;;;;;;;;;;;;;;;;;;;;;;;;
V001000;2024-01-26;14:47;S05;E0034;C0050;2;78,4;0;P066;shoe;Adidas;Casual;Air;34;Black;false;69,38;69,38;0;0;0;0;0;A001;accessory;Accessoire;Sac de sport;Sac de sport;XS;Deep Blue;false;9,02;9,02;0;0;0;0;0;;;;;;;;;;;;;;;;;;;;;;;;;;;;;;
V001001;2024-03-02;09:06;S05;E0034;C0233;1;80,36;0;P014;shoe;Adidas;Basketball;Flex;30;Brown Bear;false;80,36;80,36;0;0;0;0;0;;;;;;;;;;;;;;;;;;;;;;;;;;;;;;;;;;;;;;;;;;;;;
V001002;2024-12-05;17:57;S08;E0051;C0333;1;123,69;0;P021;shoe;Reebok;Casual;Air;32;Gold;false;123,69;123,69;0;0;0;0;0;;;;;;;;;;;;;;;;;;;;;;;;;;;;;;;;;;;;;;;;;;;;;
V001003;2024-09-05;12:55;S03;E0016;C0131;2;129;25,4;P053;shoe;Nike;Limited Edition;Zoom;38;Deep Blue;false;111,16;136,56;25,4;11,74;0;13,66;18,6;A009;accessory;Accessoire;Lacets;Lacets;L;Classic Grey;false;17,84;17,84;0;0;0;0;0;;;;;;;;;;;;;;;;;;;;;;;;;;;;;;
V001004;2024-02-09;11:13;S07;E0044;C0347;1;139;0;P070;shoe;Adidas;Casual;Pro;40;Deep Purple;false;139;139;0;0;0;0;0;;;;;;;;;;;;;;;;;;;;;;;;;;;;;;;;;;;;;;;;;;;;;
V001005;2024-01-10;15:30;S05;E0031;C0232;1;150,78;0;P052;shoe;Nike;Limited Edition;Max;30;Deep Purple;true;150,78;150,78;0;0;0;0;0;;;;;;;;;;;;;;;;;;;;;;;;;;;;;;;;;;;;;;;;;;;;;
V001006;2024-09-02;17:26;S03;E0015;C0306;1;60,89;30,19;P063;shoe;Nike;Casual;Max;40;Pink;true;60,89;91,08;30,19;12,79;17,4;0;33,15;;;;;;;;;;;;;;;;;;;;;;;;;;;;;;;;;;;;;;;;;;;;;
V001007;2024-02-22;11:08;S08;E0047;C0183;1;87,58;0;P034;shoe;Jordans;Running;Zoom;38;Deep Purple;false;87,58;87,58;0;0;0;0;0;;;;;;;;;;;;;;;;;;;;;;;;;;;;;;;;;;;;;;;;;;;;;
V001008;2024-11-01;10:51;S03;E0020;C0055;1;105,62;0;P088;shoe;Adidas;Running;Zoom;36;Black;true;105,62;105,62;0;0;0;0;0;;;;;;;;;;;;;;;;;;;;;;;;;;;;;;;;;;;;;;;;;;;;;
V001009;2024-02-29;19:07;S04;E0023;C0102;1;116,42;0;P088;shoe;Adidas;Running;Zoom;36;Black;true;116,42;116,42;0;0;0;0;0;;;;;;;;;;;;;;;;;;;;;;;;;;;;;;;;;;;;;;;;;;;;;
V001010;2024-08-03;11:24;S04;E0024;C0338;2;223,38;56,23;P003;shoe;New Balance;Limited Edition;Max;40;Electric Blue;false;148,88;196;47,12;27,52;0;19,6;24,04;P068;shoe;New Balance;Trail;Zoom;40;Light Green;true;74,5;83,61;9,11;9,11;0;0;10,9;;;;;;;;;;;;;;;;;;;;;;;;;;;;;;
V001011;2024-06-05;17:49;S06;E0039;C0116;1;119,27;0;P077;shoe;Puma;Basketball;Zoom;39;Brown Bear;false;119,27;119,27;0;0;0;0;0;;;;;;;;;;;;;;;;;;;;;;;;;;;;;;;;;;;;;;;;;;;;;
V001012;2024-06-12;14:20;S07;E0045;C0110;1;104,5;5,5;P009;shoe;Asics;Trail;Flex;40;Red Blood;false;104,5;110;5,5;0;0;5,5;5;;;;;;;;;;;;;;;;;;;;;;;;;;;;;;;;;;;;;;;;;;;;;
V001013;2024-02-14;14:18;S07;E0042;C0163;1;165;0;P086;shoe;Adidas;Casual;Zoom;44;Premium Black;false;165;165;0;0;0;0;0;;;;;;;;;;;;;;;;;;;;;;;;;;;;;;;;;;;;;;;;;;;;;
V001014;2024-03-08;17:16;S05;E0034;C0022;1;132,28;0;P047;shoe;Jordans;Trail;Air;37;Premium Black;true;132,28;132,28;0;0;0;0;0;;;;;;;;;;;;;;;;;;;;;;;;;;;;;;;;;;;;;;;;;;;;;
V001015;2024-05-10;13:26;S02;E0010;C0120;1;184,93;0;P037;shoe;Puma;Limited Edition;Zoom;38;Gold;true;184,93;184,93;0;0;0;0;0;;;;;;;;;;;;;;;;;;;;;;;;;;;;;;;;;;;;;;;;;;;;;
V001016;2024-12-18;13:40;S02;E0007;C0043;1;136,56;0;P053;shoe;Nike;Limited Edition;Zoom;38;Deep Blue;false;136,56;136,56;0;0;0;0;0;;;;;;;;;;;;;;;;;;;;;;;;;;;;;;;;;;;;;;;;;;;;;
V001017;2024-08-12;17:42;S05;E0031;C0140;2;110,95;2,7;P005;shoe;Nike;Casual;Max;33;Premium Black;false;100,13;100,13;0;0;0;0;0;A011;accessory;Accessoire;Casquette;Casquette;L;Classic Grey;false;10,82;13,52;2,7;0;0;2,7;19,97;;;;;;;;;;;;;;;;;;;;;;;;;;;;;;
V001018;2024-01-10;16:29;S03;E0017;C0348;1;105,62;0;P088;shoe;Adidas;Running;Zoom;36;Black;true;105,62;105,62;0;0;0;0;0;;;;;;;;;;;;;;;;;;;;;;;;;;;;;;;;;;;;;;;;;;;;;
V001019;2024-08-24;13:02;S05;E0034;C0075;1;88,7;0;P034;shoe;Jordans;Running;Zoom;38;Deep Purple;false;88,7;88,7;0;0;0;0;0;;;;;;;;;;;;;;;;;;;;;;;;;;;;;;;;;;;;;;;;;;;;;
V001020;2024-06-29;14:00;S04;E0023;C0282;1;161,7;0;P065;shoe;Reebok;Trail;Flex;41;Premium Black;false;161,7;161,7;0;0;0;0;0;;;;;;;;;;;;;;;;;;;;;;;;;;;;;;;;;;;;;;;;;;;;;
V001021;2024-10-25;14:04;S06;E0039;C0132;1;112,4;0;P072;shoe;Puma;Trail;Pro;43;Sunny Yellow;false;112,4;112,4;0;0;0;0;0;;;;;;;;;;;;;;;;;;;;;;;;;;;;;;;;;;;;;;;;;;;;;
V001022;2024-07-09;15:29;S06;E0038;C0018;1;102,09;0;P005;shoe;Nike;Casual;Max;33;Premium Black;false;102,09;102,09;0;0;0;0;0;;;;;;;;;;;;;;;;;;;;;;;;;;;;;;;;;;;;;;;;;;;;;
V001023;2024-09-23;14:17;S04;E0025;C0026;1;37,04;0;P079;shoe;New Balance;Basketball;Flex;32;Deep Blue;true;37,04;37,04;0;0;0;0;0;;;;;;;;;;;;;;;;;;;;;;;;;;;;;;;;;;;;;;;;;;;;;
V001024;2024-07-13;09:51;S04;E0026;C0168;1;147,12;0;P001;shoe;New Balance;Training;Max;41;Electric Blue;true;147,12;147,12;0;0;0;0;0;;;;;;;;;;;;;;;;;;;;;;;;;;;;;;;;;;;;;;;;;;;;;
V001025;2024-06-08;18:02;S04;E0025;C0005;2;219,52;0;P084;shoe;Reebok;Trail;Air;44;Premium Black;false;185,22;185,22;0;0;0;0;0;A003;accessory;Accessoire;Tee-shirt;Tee-shirt;S;White;false;34,3;34,3;0;0;0;0;0;;;;;;;;;;;;;;;;;;;;;;;;;;;;;;
V001026;2024-01-02;17:53;S03;E0015;C0048;1;103,53;0;P082;shoe;Asics;Running;Air;34;Pink;false;103,53;103,53;0;0;0;0;0;;;;;;;;;;;;;;;;;;;;;;;;;;;;;;;;;;;;;;;;;;;;;
V001027;2024-02-26;17:47;S07;E0043;C0147;1;301,32;0;P037;shoe;Puma;Limited Edition;Zoom;38;Gold;true;301,32;301,32;0;0;0;0;0;;;;;;;;;;;;;;;;;;;;;;;;;;;;;;;;;;;;;;;;;;;;;
V001028;2024-02-29;13:04;S06;E0040;C0234;1;88,09;14;P005;shoe;Nike;Casual;Max;33;Premium Black;false;88,09;102,09;14;14;0;0;13,71;;;;;;;;;;;;;;;;;;;;;;;;;;;;;;;;;;;;;;;;;;;;;
V001029;2024-06-14;13:11;S08;E0047;C0175;2;156,44;0;P003;shoe;New Balance;Limited Edition;Max;40;Electric Blue;false;139;139;0;0;0;0;0;A010;accessory;Accessoire;Tee-shirt;Tee-shirt;XL;Black;false;17,44;17,44;0;0;0;0;0;;;;;;;;;;;;;;;;;;;;;;;;;;;;;;
V001030;2024-10-01;16:17;S08;E0054;C0201;1;123,69;0;P021;shoe;Reebok;Casual;Air;32;Gold;false;123,69;123,69;0;0;0;0;0;;;;;;;;;;;;;;;;;;;;;;;;;;;;;;;;;;;;;;;;;;;;;
V001031;2024-10-02;10:12;S05;E0028;C0206;1;68,3;12,06;P040;shoe;Nike;Trail;Zoom;44;Black;false;68,3;80,36;12,06;12,06;0;0;15,01;;;;;;;;;;;;;;;;;;;;;;;;;;;;;;;;;;;;;;;;;;;;;
V001032;2024-03-15;09:52;S02;E0006;C0247;1;77,3;13,64;P010;shoe;Asics;Training;Air;33;Brown Bear;false;77,3;90,94;13,64;0;0;13,64;15;;;;;;;;;;;;;;;;;;;;;;;;;;;;;;;;;;;;;;;;;;;;;
V001033;2024-12-24;09:28;S08;E0048;C0059;1;119,44;0;P076;shoe;Asics;Trail;Air;35;Premium Black;false;119,44;119,44;0;0;0;0;0;;;;;;;;;;;;;;;;;;;;;;;;;;;;;;;;;;;;;;;;;;;;;
V001034;2024-03-07;13:19;S08;E0047;C0332;1;140,75;0;P026;shoe;Asics;Running;Air;43;Gold;true;140,75;140,75;0;0;0;0;0;;;;;;;;;;;;;;;;;;;;;;;;;;;;;;;;;;;;;;;;;;;;;
V001035;2024-05-24;14:39;S03;E0017;C0020;1;90,29;26,28;P046;shoe;Asics;Trail;Flex;32;Classic Grey;false;90,29;116,57;26,28;20,45;0;5,83;22,54;;;;;;;;;;;;;;;;;;;;;;;;;;;;;;;;;;;;;;;;;;;;;
V001036;2024-10-14;12:48;S08;E0053;C0178;2;121,92;0;P088;shoe;Adidas;Running;Zoom;36;Black;true;104,48;104,48;0;0;0;0;0;A010;accessory;Accessoire;Tee-shirt;Tee-shirt;XL;Black;false;17,44;17,44;0;0;0;0;0;;;;;;;;;;;;;;;;;;;;;;;;;;;;;;
V001037;2024-07-13;17:37;S05;E0034;C0078;3;127,18;0;P005;shoe;Nike;Casual;Max;33;Premium Black;false;100,13;100,13;0;0;0;0;0;A009;accessory;Accessoire;Lacets;Lacets;L;Classic Grey;false;18,03;18,03;0;0;0;0;0;A004;accessory;Accessoire;Bonnet;Bonnet;XS;Black;false;9,02;9,02;0;0;0;0;0;;;;;;;;;;;;;;;
V001038;2024-08-03;09:57;S05;E0035;C0073;1;150,78;0;P052;shoe;Nike;Limited Edition;Max;30;Deep Purple;true;150,78;150,78;0;0;0;0;0;;;;;;;;;;;;;;;;;;;;;;;;;;;;;;;;;;;;;;;;;;;;;
V001039;2024-06-26;13:14;S03;E0017;C0420;1;116,94;6,15;P019;shoe;Asics;Casual;Zoom;37;Deep Purple;false;116,94;123,09;6,15;0;0;6,15;5;;;;;;;;;;;;;;;;;;;;;;;;;;;;;;;;;;;;;;;;;;;;;
V001040;2024-04-02;12:18;S08;E0049;C0259;1;103,93;9,14;P070;shoe;Adidas;Casual;Pro;40;Deep Purple;false;103,93;113,07;9,14;9,14;0;0;8,08;;;;;;;;;;;;;;;;;;;;;;;;;;;;;;;;;;;;;;;;;;;;;
V001041;2024-06-13;13:22;S06;E0039;C0095;1;108,02;0;P088;shoe;Adidas;Running;Zoom;36;Black;true;108,02;108,02;0;0;0;0;0;;;;;;;;;;;;;;;;;;;;;;;;;;;;;;;;;;;;;;;;;;;;;
V001042;2024-12-21;11:07;S05;E0033;C0310;1;117,7;0;P023;shoe;Adidas;Basketball;Zoom;38;Pink;false;117,7;117,7;0;0;0;0;0;;;;;;;;;;;;;;;;;;;;;;;;;;;;;;;;;;;;;;;;;;;;;
V001043;2024-11-27;12:45;S05;E0032;C0342;1;150,78;0;P052;shoe;Nike;Limited Edition;Max;30;Deep Purple;true;150,78;150,78;0;0;0;0;0;;;;;;;;;;;;;;;;;;;;;;;;;;;;;;;;;;;;;;;;;;;;;
V001044;2024-01-31;17:54;S03;E0018;C0183;1;59,64;9,57;P066;shoe;Adidas;Casual;Air;34;Black;false;59,64;69,21;9,57;9,57;0;0;13,83;;;;;;;;;;;;;;;;;;;;;;;;;;;;;;;;;;;;;;;;;;;;;
V001045;2024-07-20;12:19;S05;E0033;C0172;1;85,49;20,7;P088;shoe;Adidas;Running;Zoom;36;Black;true;85,49;106,19;20,7;0;20,7;0;19,49;;;;;;;;;;;;;;;;;;;;;;;;;;;;;;;;;;;;;;;;;;;;;
V001046;2024-05-06;15:30;S08;E0047;C0262;1;108,3;6,89;P046;shoe;Asics;Trail;Flex;32;Classic Grey;false;108,3;115,19;6,89;6,89;0;0;5,98;;;;;;;;;;;;;;;;;;;;;;;;;;;;;;;;;;;;;;;;;;;;;
V001047;2024-06-13;13:53;S08;E0052;C0172;2;207,93;0;P075;shoe;Jordans;Casual;Air;40;Deep Blue;false;90,13;90,13;0;0;0;0;0;P027;shoe;Jordans;Trail;Flex;40;Pink;true;117,8;117,8;0;0;0;0;0;;;;;;;;;;;;;;;;;;;;;;;;;;;;;;
V001048;2024-12-19;12:20;S02;E0012;C0025;1;127,44;0;P058;shoe;Asics;Basketball;Air;45;Pink;false;127,44;127,44;0;0;0;0;0;;;;;;;;;;;;;;;;;;;;;;;;;;;;;;;;;;;;;;;;;;;;;
V001049;2024-09-04;16:50;S08;E0048;C0236;1;115,57;6;P015;shoe;Asics;Training;Air;45;Deep Purple;false;115,57;121,57;6;6;0;0;4,94;;;;;;;;;;;;;;;;;;;;;;;;;;;;;;;;;;;;;;;;;;;;;
V001050;2024-06-27;17:56;S05;E0034;C0176;1;106,19;0;P088;shoe;Adidas;Running;Zoom;36;Black;true;106,19;106,19;0;0;0;0;0;;;;;;;;;;;;;;;;;;;;;;;;;;;;;;;;;;;;;;;;;;;;;
V001051;2024-04-06;15:07;S04;E0023;C0209;1;111,72;0;P038;shoe;Reebok;Training;Elite;33;Brown Bear;false;111,72;111,72;0;0;0;0;0;;;;;;;;;;;;;;;;;;;;;;;;;;;;;;;;;;;;;;;;;;;;;
V001052;2024-12-25;10:12;S06;E0040;C0301;1;72,03;0;P066;shoe;Adidas;Casual;Air;34;Black;false;72,03;72,03;0;0;0;0;0;;;;;;;;;;;;;;;;;;;;;;;;;;;;;;;;;;;;;;;;;;;;;
V001053;2024-12-02;16:00;S03;E0017;C0010;1;58,44;21,63;P040;shoe;Nike;Trail;Zoom;44;Black;false;58,44;80,07;21,63;13,62;0;8,01;27,01;;;;;;;;;;;;;;;;;;;;;;;;;;;;;;;;;;;;;;;;;;;;;
V001054;2024-04-24;16:55;S02;E0006;C0068;1;136,56;0;P053;shoe;Nike;Limited Edition;Zoom;38;Deep Blue;false;136,56;136,56;0;0;0;0;0;;;;;;;;;;;;;;;;;;;;;;;;;;;;;;;;;;;;;;;;;;;;;
V001055;2024-12-20;16:39;S08;E0049;C0339;1;106,28;4,66;P013;shoe;Jordans;Casual;Pro;30;White;false;106,28;110,94;4,66;4,66;0;0;4,2;;;;;;;;;;;;;;;;;;;;;;;;;;;;;;;;;;;;;;;;;;;;;
V001056;2024-12-18;12:21;S08;E0054;C0172;1;98,28;17,34;P023;shoe;Adidas;Basketball;Zoom;38;Pink;false;98,28;115,62;17,34;0;0;17,34;15;;;;;;;;;;;;;;;;;;;;;;;;;;;;;;;;;;;;;;;;;;;;;
V001057;2024-12-18;15:00;S08;E0048;C0223;1;117,8;0;P001;shoe;New Balance;Training;Max;41;Electric Blue;true;117,8;117,8;0;0;0;0;0;;;;;;;;;;;;;;;;;;;;;;;;;;;;;;;;;;;;;;;;;;;;;
V001058;2024-12-05;12:00;S04;E0023;C0171;1;127,01;0;P083;shoe;New Balance;Trail;Flex;33;Brown Bear;true;127,01;127,01;0;0;0;0;0;;;;;;;;;;;;;;;;;;;;;;;;;;;;;;;;;;;;;;;;;;;;;
V001059;2024-03-07;09:38;S03;E0015;C0031;1;80,07;0;P040;shoe;Nike;Trail;Zoom;44;Black;false;80,07;80,07;0;0;0;0;0;;;;;;;;;;;;;;;;;;;;;;;;;;;;;;;;;;;;;;;;;;;;;
V001060;2024-07-03;18:23;S04;E0023;C0168;1;253,82;0;P080;shoe;New Balance;Limited Edition;Flex;38;Black;false;253,82;253,82;0;0;0;0;0;;;;;;;;;;;;;;;;;;;;;;;;;;;;;;;;;;;;;;;;;;;;;
V001061;2024-01-26;15:02;S02;E0010;C0049;1;107,45;46,05;P006;shoe;Asics;Limited Edition;Air;36;Pink;false;107,45;153,5;46,05;0;0;46,05;30;;;;;;;;;;;;;;;;;;;;;;;;;;;;;;;;;;;;;;;;;;;;;
V001062;2024-10-15;13:29;S05;E0030;C0340;1;119,95;0;P027;shoe;Jordans;Trail;Flex;40;Pink;true;119,95;119,95;0;0;0;0;0;;;;;;;;;;;;;;;;;;;;;;;;;;;;;;;;;;;;;;;;;;;;;
V001063;2024-11-08;13:38;S02;E0007;C0262;1;101,8;0;P009;shoe;Asics;Trail;Flex;40;Red Blood;false;101,8;101,8;0;0;0;0;0;;;;;;;;;;;;;;;;;;;;;;;;;;;;;;;;;;;;;;;;;;;;;
V001064;2024-09-18;12:26;S02;E0009;C0240;2;218,72;0;P018;shoe;Nike;Casual;Air;42;Red Blood;true;82,16;82,16;0;0;0;0;0;P062;shoe;Nike;Limited Edition;Air;42;White;false;136,56;136,56;0;0;0;0;0;;;;;;;;;;;;;;;;;;;;;;;;;;;;;;
V001065;2024-08-22;12:03;S07;E0043;C0404;1;204,12;0;P026;shoe;Asics;Running;Air;43;Gold;true;204,12;204,12;0;0;0;0;0;;;;;;;;;;;;;;;;;;;;;;;;;;;;;;;;;;;;;;;;;;;;;
V001066;2024-12-11;11:03;S07;E0042;C0244;1;175;0;P031;shoe;Puma;Limited Edition;Elite;32;Black;false;175;175;0;0;0;0;0;;;;;;;;;;;;;;;;;;;;;;;;;;;;;;;;;;;;;;;;;;;;;
V001067;2024-10-11;10:35;S02;E0006;C0008;1;64,06;16,01;P044;shoe;Nike;Basketball;Flex;32;Pink;false;64,06;80,07;16,01;0;0;16,01;20;;;;;;;;;;;;;;;;;;;;;;;;;;;;;;;;;;;;;;;;;;;;;
V001068;2024-11-04;14:25;S05;E0033;C0009;2;155,5;0;P053;shoe;Nike;Limited Edition;Zoom;38;Deep Blue;false;137,47;137,47;0;0;0;0;0;A009;accessory;Accessoire;Lacets;Lacets;L;Classic Grey;false;18,03;18,03;0;0;0;0;0;;;;;;;;;;;;;;;;;;;;;;;;;;;;;;
V001069;2024-05-17;16:14;S08;E0050;C0129;3;198,17;0,87;P073;shoe;Reebok;Limited Edition;Elite;39;Deep Blue;true;172,88;172,88;0;0;0;0;0;A012;accessory;Accessoire;Lacets;Lacets;XL;White;false;17,44;17,44;0;0;0;0;0;A004;accessory;Accessoire;Bonnet;Bonnet;XS;Black;false;7,85;8,72;0,87;0;0;0,87;9,98;;;;;;;;;;;;;;;
V001070;2024-02-23;19:40;S02;E0006;C0305;1;149,74;0;P052;shoe;Nike;Limited Edition;Max;30;Deep Purple;true;149,74;149,74;0;0;0;0;0;;;;;;;;;;;;;;;;;;;;;;;;;;;;;;;;;;;;;;;;;;;;;
V001071;2024-12-30;13:25;S02;E0009;C0186;1;136,56;0;P053;shoe;Nike;Limited Edition;Zoom;38;Deep Blue;false;136,56;136,56;0;0;0;0;0;;;;;;;;;;;;;;;;;;;;;;;;;;;;;;;;;;;;;;;;;;;;;
V001072;2024-03-11;10:15;S04;E0025;C0074;1;131,32;0;P081;shoe;Adidas;Basketball;Max;32;Black;false;131,32;131,32;0;0;0;0;0;;;;;;;;;;;;;;;;;;;;;;;;;;;;;;;;;;;;;;;;;;;;;
V001073;2024-03-30;16:09;S05;E0033;C0281;2;195,39;15,9;P027;shoe;Jordans;Trail;Flex;40;Pink;true;104,05;119,95;15,9;0;15,9;0;13,26;P075;shoe;Jordans;Casual;Air;40;Deep Blue;false;91,34;91,34;0;0;0;0;0;;;;;;;;;;;;;;;;;;;;;;;;;;;;;;
V001074;2024-11-20;11:12;S03;E0015;C0056;2;175,79;0;P006;shoe;Asics;Limited Edition;Air;36;Pink;false;153,5;153,5;0;0;0;0;0;A008;accessory;Accessoire;Bonnet;Bonnet;XS;White;false;22,29;22,29;0;0;0;0;0;;;;;;;;;;;;;;;;;;;;;;;;;;;;;;
V001075;2024-11-14;15:44;S05;E0034;C0129;2;211,29;0;P027;shoe;Jordans;Trail;Flex;40;Pink;true;119,95;119,95;0;0;0;0;0;P075;shoe;Jordans;Casual;Air;40;Deep Blue;false;91,34;91,34;0;0;0;0;0;;;;;;;;;;;;;;;;;;;;;;;;;;;;;;
V001076;2024-03-04;12:03;S04;E0023;C0250;1;155,82;0;P045;shoe;New Balance;Training;Pro;45;Electric Blue;false;155,82;155,82;0;0;0;0;0;;;;;;;;;;;;;;;;;;;;;;;;;;;;;;;;;;;;;;;;;;;;;
V001077;2024-07-04;10:25;S03;E0020;C0078;1;129,96;6,6;P062;shoe;Nike;Limited Edition;Air;42;White;false;129,96;136,56;6,6;6,6;0;0;4,83;;;;;;;;;;;;;;;;;;;;;;;;;;;;;;;;;;;;;;;;;;;;;
V001078;2024-10-24;18:19;S05;E0027;C0310;1;106,19;0;P088;shoe;Adidas;Running;Zoom;36;Black;true;106,19;106,19;0;0;0;0;0;;;;;;;;;;;;;;;;;;;;;;;;;;;;;;;;;;;;;;;;;;;;;
V001079;2024-05-04;13:59;S05;E0034;C0119;1;119,95;0;P027;shoe;Jordans;Trail;Flex;40;Pink;true;119,95;119,95;0;0;0;0;0;;;;;;;;;;;;;;;;;;;;;;;;;;;;;;;;;;;;;;;;;;;;;
V001080;2024-05-24;10:41;S04;E0023;C0172;1;116,42;0;P088;shoe;Adidas;Running;Zoom;36;Black;true;116,42;116,42;0;0;0;0;0;;;;;;;;;;;;;;;;;;;;;;;;;;;;;;;;;;;;;;;;;;;;;
V001081;2024-07-29;17:53;S03;E0015;C0183;1;125,97;23,77;P052;shoe;Nike;Limited Edition;Max;30;Deep Purple;true;125,97;149,74;23,77;23,77;0;0;15,87;;;;;;;;;;;;;;;;;;;;;;;;;;;;;;;;;;;;;;;;;;;;;
V001082;2024-09-30;13:32;S06;E0040;C0313;2;149,46;0;P074;shoe;Puma;Limited Edition;Zoom;36;Classic Grey;false;140,74;140,74;0;0;0;0;0;A004;accessory;Accessoire;Bonnet;Bonnet;XS;Black;false;8,72;8,72;0;0;0;0;0;;;;;;;;;;;;;;;;;;;;;;;;;;;;;;
V001083;2024-02-17;11:20;S05;E0028;C0349;1;103,55;11,51;P002;shoe;Jordans;Trail;Flex;44;Sunny Yellow;false;103,55;115,06;11,51;0;0;11,51;10;;;;;;;;;;;;;;;;;;;;;;;;;;;;;;;;;;;;;;;;;;;;;
V001084;2024-08-08;16:52;S08;E0049;C0168;1;121,57;0;P019;shoe;Asics;Casual;Zoom;37;Deep Purple;false;121,57;121,57;0;0;0;0;0;;;;;;;;;;;;;;;;;;;;;;;;;;;;;;;;;;;;;;;;;;;;;
V001085;2024-02-10;17:36;S05;E0028;C0343;1;80,36;0;P040;shoe;Nike;Trail;Zoom;44;Black;false;80,36;80,36;0;0;0;0;0;;;;;;;;;;;;;;;;;;;;;;;;;;;;;;;;;;;;;;;;;;;;;
V001086;2024-12-19;11:29;S02;E0006;C0148;1;110,06;0;P072;shoe;Puma;Trail;Pro;43;Sunny Yellow;false;110,06;110,06;0;0;0;0;0;;;;;;;;;;;;;;;;;;;;;;;;;;;;;;;;;;;;;;;;;;;;;
V001087;2024-02-22;15:53;S02;E0013;C0240;1;136,56;0;P062;shoe;Nike;Limited Edition;Air;42;White;false;136,56;136,56;0;0;0;0;0;;;;;;;;;;;;;;;;;;;;;;;;;;;;;;;;;;;;;;;;;;;;;
V001088;2024-12-30;09:39;S03;E0016;C0036;2;218,72;0;P018;shoe;Nike;Casual;Air;42;Red Blood;true;82,16;82,16;0;0;0;0;0;P062;shoe;Nike;Limited Edition;Air;42;White;false;136,56;136,56;0;0;0;0;0;;;;;;;;;;;;;;;;;;;;;;;;;;;;;;
V001089;2024-10-30;17:40;S02;E0009;C0043;1;79,34;0;P004;shoe;Puma;Basketball;Max;34;White;true;79,34;79,34;0;0;0;0;0;;;;;;;;;;;;;;;;;;;;;;;;;;;;;;;;;;;;;;;;;;;;;
V001090;2024-02-27;14:33;S03;E0015;C0397;1;136,56;0;P053;shoe;Nike;Limited Edition;Zoom;38;Deep Blue;false;136,56;136,56;0;0;0;0;0;;;;;;;;;;;;;;;;;;;;;;;;;;;;;;;;;;;;;;;;;;;;;
V001091;2024-03-22;12:27;S05;E0028;C0219;2;148,91;0;P069;shoe;Jordans;Limited Edition;Zoom;33;Deep Blue;false;130,88;130,88;0;0;0;0;0;A009;accessory;Accessoire;Lacets;Lacets;L;Classic Grey;false;18,03;18,03;0;0;0;0;0;;;;;;;;;;;;;;;;;;;;;;;;;;;;;;
V001092;2024-07-29;15:12;S03;E0015;C0009;1;82,16;0;P018;shoe;Nike;Casual;Air;42;Red Blood;true;82,16;82,16;0;0;0;0;0;;;;;;;;;;;;;;;;;;;;;;;;;;;;;;;;;;;;;;;;;;;;;
V001093;2024-05-25;09:35;S04;E0026;C0254;1;133,88;13,24;P001;shoe;New Balance;Training;Max;41;Electric Blue;true;133,88;147,12;13,24;13,24;0;0;9;;;;;;;;;;;;;;;;;;;;;;;;;;;;;;;;;;;;;;;;;;;;;
V001094;2024-06-26;10:33;S06;E0039;C0022;3;229,78;0;P016;shoe;Puma;Basketball;Flex;44;Brown Bear;false;129,57;129,57;0;0;0;0;0;P060;shoe;Puma;Casual;Flex;44;Deep Blue;false;82,77;82,77;0;0;0;0;0;A012;accessory;Accessoire;Lacets;Lacets;XL;White;false;17,44;17,44;0;0;0;0;0;;;;;;;;;;;;;;;
V001095;2024-06-28;13:01;S05;E0028;C0098;1;112,87;0;P081;shoe;Adidas;Basketball;Max;32;Black;false;112,87;112,87;0;0;0;0;0;;;;;;;;;;;;;;;;;;;;;;;;;;;;;;;;;;;;;;;;;;;;;
V001096;2024-10-23;16:10;S03;E0017;C0185;1;93,3;23,7;P087;shoe;Asics;Training;Elite;39;Black;false;93,3;117;23,7;0;23,7;0;20,26;;;;;;;;;;;;;;;;;;;;;;;;;;;;;;;;;;;;;;;;;;;;;
V001097;2024-07-13;14:25;S05;E0034;C0241;1;94,03;12,16;P088;shoe;Adidas;Running;Zoom;36;Black;true;94,03;106,19;12,16;12,16;0;0;11,45;;;;;;;;;;;;;;;;;;;;;;;;;;;;;;;;;;;;;;;;;;;;;
V001098;2024-05-24;14:18;S03;E0018;C0117;1;99,19;0;P007;shoe;Adidas;Basketball;Max;33;Electric Blue;false;99,19;99,19;0;0;0;0;0;;;;;;;;;;;;;;;;;;;;;;;;;;;;;;;;;;;;;;;;;;;;;
V001099;2024-02-28;15:26;S07;E0042;C0323;1;186,16;17,96;P026;shoe;Asics;Running;Air;43;Gold;true;186,16;204,12;17,96;17,96;0;0;8,8;;;;;;;;;;;;;;;;;;;;;;;;;;;;;;;;;;;;;;;;;;;;;
V001100;2024-01-16;09:45;S05;E0034;C0040;1;106,19;0;P088;shoe;Adidas;Running;Zoom;36;Black;true;106,19;106,19;0;0;0;0;0;;;;;;;;;;;;;;;;;;;;;;;;;;;;;;;;;;;;;;;;;;;;;
V001101;2024-10-29;13:38;S08;E0047;C0127;1;117,8;0;P001;shoe;New Balance;Training;Max;41;Electric Blue;true;117,8;117,8;0;0;0;0;0;;;;;;;;;;;;;;;;;;;;;;;;;;;;;;;;;;;;;;;;;;;;;
V001102;2024-05-02;14:12;S06;E0040;C0330;1;108,02;0;P088;shoe;Adidas;Running;Zoom;36;Black;true;108,02;108,02;0;0;0;0;0;;;;;;;;;;;;;;;;;;;;;;;;;;;;;;;;;;;;;;;;;;;;;
V001103;2024-11-11;09:37;S08;E0054;C0157;2;226,84;3,98;P006;shoe;Asics;Limited Edition;Air;36;Pink;false;151,32;151,32;0;0;0;0;0;P025;shoe;Asics;Trail;Flex;36;Sunny Yellow;false;75,52;79,5;3,98;0;0;3,98;5,01;;;;;;;;;;;;;;;;;;;;;;;;;;;;;;
V001104;2024-07-30;09:39;S08;E0053;C0351;1;104,48;0;P088;shoe;Adidas;Running;Zoom;36;Black;true;104,48;104,48;0;0;0;0;0;;;;;;;;;;;;;;;;;;;;;;;;;;;;;;;;;;;;;;;;;;;;;
V001105;2024-01-12;17:07;S08;E0048;C0324;1;104,48;0;P088;shoe;Adidas;Running;Zoom;36;Black;true;104,48;104,48;0;0;0;0;0;;;;;;;;;;;;;;;;;;;;;;;;;;;;;;;;;;;;;;;;;;;;;
V001106;2024-12-07;18:13;S05;E0030;C0349;1;91,34;0;P075;shoe;Jordans;Casual;Air;40;Deep Blue;false;91,34;91,34;0;0;0;0;0;;;;;;;;;;;;;;;;;;;;;;;;;;;;;;;;;;;;;;;;;;;;;
V001107;2024-10-30;12:08;S02;E0006;C0107;1;149,74;0;P052;shoe;Nike;Limited Edition;Max;30;Deep Purple;true;149,74;149,74;0;0;0;0;0;;;;;;;;;;;;;;;;;;;;;;;;;;;;;;;;;;;;;;;;;;;;;
V001108;2024-06-20;12:16;S08;E0054;C0190;1;129,73;0;P047;shoe;Jordans;Trail;Air;37;Premium Black;true;129,73;129,73;0;0;0;0;0;;;;;;;;;;;;;;;;;;;;;;;;;;;;;;;;;;;;;;;;;;;;;
V001109;2024-02-14;14:20;S08;E0054;C0100;1;104,48;0;P088;shoe;Adidas;Running;Zoom;36;Black;true;104,48;104,48;0;0;0;0;0;;;;;;;;;;;;;;;;;;;;;;;;;;;;;;;;;;;;;;;;;;;;;
V001110;2024-03-02;18:45;S05;E0033;C0107;1;82,47;0;P018;shoe;Nike;Casual;Air;42;Red Blood;true;82,47;82,47;0;0;0;0;0;;;;;;;;;;;;;;;;;;;;;;;;;;;;;;;;;;;;;;;;;;;;;
V001111;2024-12-13;14:20;S08;E0049;C0234;2;138,88;19,31;P026;shoe;Asics;Running;Air;43;Gold;true;121,44;140,75;19,31;19,31;0;0;13,72;A010;accessory;Accessoire;Tee-shirt;Tee-shirt;XL;Black;false;17,44;17,44;0;0;0;0;0;;;;;;;;;;;;;;;;;;;;;;;;;;;;;;
V001112;2024-01-18;16:28;S04;E0025;C0226;1;116,42;0;P088;shoe;Adidas;Running;Zoom;36;Black;true;116,42;116,42;0;0;0;0;0;;;;;;;;;;;;;;;;;;;;;;;;;;;;;;;;;;;;;;;;;;;;;
V001113;2024-07-22;15:02;S03;E0015;C0123;2;123,46;0;P088;shoe;Adidas;Running;Zoom;36;Black;true;105,62;105,62;0;0;0;0;0;A009;accessory;Accessoire;Lacets;Lacets;L;Classic Grey;false;17,84;17,84;0;0;0;0;0;;;;;;;;;;;;;;;;;;;;;;;;;;;;;;
V001114;2024-08-21;17:08;S03;E0016;C0261;1;140,77;12,73;P006;shoe;Asics;Limited Edition;Air;36;Pink;false;140,77;153,5;12,73;12,73;0;0;8,29;;;;;;;;;;;;;;;;;;;;;;;;;;;;;;;;;;;;;;;;;;;;;
V001115;2024-05-13;16:24;S08;E0047;C0324;1;90,26;0;P068;shoe;New Balance;Trail;Zoom;40;Light Green;true;90,26;90,26;0;0;0;0;0;;;;;;;;;;;;;;;;;;;;;;;;;;;;;;;;;;;;;;;;;;;;;
V001116;2024-01-11;18:19;S08;E0048;C0170;2;230,82;0;P025;shoe;Asics;Trail;Flex;36;Sunny Yellow;false;79,5;79,5;0;0;0;0;0;P006;shoe;Asics;Limited Edition;Air;36;Pink;false;151,32;151,32;0;0;0;0;0;;;;;;;;;;;;;;;;;;;;;;;;;;;;;;
V001117;2024-09-11;10:09;S05;E0035;C0022;1;77,41;2,95;P040;shoe;Nike;Trail;Zoom;44;Black;false;77,41;80,36;2,95;2,95;0;0;3,67;;;;;;;;;;;;;;;;;;;;;;;;;;;;;;;;;;;;;;;;;;;;;
V001118;2024-03-07;15:22;S08;E0048;C0172;1;172,88;0;P073;shoe;Reebok;Limited Edition;Elite;39;Deep Blue;true;172,88;172,88;0;0;0;0;0;;;;;;;;;;;;;;;;;;;;;;;;;;;;;;;;;;;;;;;;;;;;;
V001119;2024-11-04;09:21;S06;E0039;C0401;1;166,07;0;P012;shoe;Puma;Limited Edition;Elite;33;Gold;false;166,07;166,07;0;0;0;0;0;;;;;;;;;;;;;;;;;;;;;;;;;;;;;;;;;;;;;;;;;;;;;
V001120;2024-08-19;17:34;S02;E0011;C0197;1;136,56;0;P062;shoe;Nike;Limited Edition;Air;42;White;false;136,56;136,56;0;0;0;0;0;;;;;;;;;;;;;;;;;;;;;;;;;;;;;;;;;;;;;;;;;;;;;
V001121;2024-08-13;14:09;S05;E0034;C0241;1;64,74;15,62;P014;shoe;Adidas;Basketball;Flex;30;Brown Bear;false;64,74;80,36;15,62;15,62;0;0;19,44;;;;;;;;;;;;;;;;;;;;;;;;;;;;;;;;;;;;;;;;;;;;;
V001122;2024-09-11;14:30;S04;E0023;C0120;1;116,42;0;P088;shoe;Adidas;Running;Zoom;36;Black;true;116,42;116,42;0;0;0;0;0;;;;;;;;;;;;;;;;;;;;;;;;;;;;;;;;;;;;;;;;;;;;;
V001123;2024-05-17;15:34;S04;E0023;C0300;2;409,64;0;P011;shoe;New Balance;Running;Max;38;Electric Blue;false;155,82;155,82;0;0;0;0;0;P080;shoe;New Balance;Limited Edition;Flex;38;Black;false;253,82;253,82;0;0;0;0;0;;;;;;;;;;;;;;;;;;;;;;;;;;;;;;
V001124;2024-01-26;11:54;S03;E0020;C0368;1;117;0;P087;shoe;Asics;Training;Elite;39;Black;false;117;117;0;0;0;0;0;;;;;;;;;;;;;;;;;;;;;;;;;;;;;;;;;;;;;;;;;;;;;
V001125;2024-12-07;16:45;S05;E0035;C0235;1;88,7;0;P034;shoe;Jordans;Running;Zoom;38;Deep Purple;false;88,7;88,7;0;0;0;0;0;;;;;;;;;;;;;;;;;;;;;;;;;;;;;;;;;;;;;;;;;;;;;
V001126;2024-06-04;19:11;S02;E0010;C0227;1;123,09;0;P015;shoe;Asics;Training;Air;45;Deep Purple;false;123,09;123,09;0;0;0;0;0;;;;;;;;;;;;;;;;;;;;;;;;;;;;;;;;;;;;;;;;;;;;;
V001127;2024-02-12;16:57;S03;E0020;C0009;2;158,85;0;P062;shoe;Nike;Limited Edition;Air;42;White;false;136,56;136,56;0;0;0;0;0;A005;accessory;Accessoire;Bonnet;Bonnet;M;Deep Blue;false;22,29;22,29;0;0;0;0;0;;;;;;;;;;;;;;;;;;;;;;;;;;;;;;
V001128;2024-05-09;13:59;S03;E0017;C0163;2;104,46;0;P063;shoe;Nike;Casual;Max;40;Pink;true;91,08;91,08;0;0;0;0;0;A011;accessory;Accessoire;Casquette;Casquette;L;Classic Grey;false;13,38;13,38;0;0;0;0;0;;;;;;;;;;;;;;;;;;;;;;;;;;;;;;
V001129;2024-05-30;17:32;S03;E0019;C0288;3;106,83;0;P025;shoe;Asics;Trail;Flex;36;Sunny Yellow;false;80,07;80,07;0;0;0;0;0;A011;accessory;Accessoire;Casquette;Casquette;L;Classic Grey;false;13,38;13,38;0;0;0;0;0;A011;accessory;Accessoire;Casquette;Casquette;L;Classic Grey;false;13,38;13,38;0;0;0;0;0;;;;;;;;;;;;;;;
V001130;2024-12-17;10:41;S08;E0051;C0328;2;190,32;0;P073;shoe;Reebok;Limited Edition;Elite;39;Deep Blue;true;172,88;172,88;0;0;0;0;0;A009;accessory;Accessoire;Lacets;Lacets;L;Classic Grey;false;17,44;17,44;0;0;0;0;0;;;;;;;;;;;;;;;;;;;;;;;;;;;;;;
V001131;2024-11-19;17:57;S08;E0053;C0043;1;104,48;0;P088;shoe;Adidas;Running;Zoom;36;Black;true;104,48;104,48;0;0;0;0;0;;;;;;;;;;;;;;;;;;;;;;;;;;;;;;;;;;;;;;;;;;;;;
V001132;2024-03-26;11:00;S06;E0038;C0176;1;93,64;0;P063;shoe;Nike;Casual;Max;40;Pink;true;93,64;93,64;0;0;0;0;0;;;;;;;;;;;;;;;;;;;;;;;;;;;;;;;;;;;;;;;;;;;;;
V001133;2024-12-10;10:59;S06;E0037;C0335;1;118,84;0;P043;shoe;Adidas;Running;Max;32;Pink;false;118,84;118,84;0;0;0;0;0;;;;;;;;;;;;;;;;;;;;;;;;;;;;;;;;;;;;;;;;;;;;;
V001134;2024-04-18;12:03;S05;E0033;C0103;1;80,36;0;P040;shoe;Nike;Trail;Zoom;44;Black;false;80,36;80,36;0;0;0;0;0;;;;;;;;;;;;;;;;;;;;;;;;;;;;;;;;;;;;;;;;;;;;;
V001135;2024-01-24;09:22;S07;E0042;C0157;1;229;0;P006;shoe;Asics;Limited Edition;Air;36;Pink;false;229;229;0;0;0;0;0;;;;;;;;;;;;;;;;;;;;;;;;;;;;;;;;;;;;;;;;;;;;;
V001136;2024-12-05;16:15;S08;E0048;C0383;1;151,32;0;P006;shoe;Asics;Limited Edition;Air;36;Pink;false;151,32;151,32;0;0;0;0;0;;;;;;;;;;;;;;;;;;;;;;;;;;;;;;;;;;;;;;;;;;;;;
V001137;2024-10-26;13:29;S05;E0031;C0038;2;219,94;0;P062;shoe;Nike;Limited Edition;Air;42;White;false;137,47;137,47;0;0;0;0;0;P018;shoe;Nike;Casual;Air;42;Red Blood;true;82,47;82,47;0;0;0;0;0;;;;;;;;;;;;;;;;;;;;;;;;;;;;;;
V001138;2024-06-13;15:27;S05;E0034;C0292;1;130,88;0;P069;shoe;Jordans;Limited Edition;Zoom;33;Deep Blue;false;130,88;130,88;0;0;0;0;0;;;;;;;;;;;;;;;;;;;;;;;;;;;;;;;;;;;;;;;;;;;;;
V001139;2024-08-23;14:17;S05;E0031;C0325;1;130,88;0;P069;shoe;Jordans;Limited Edition;Zoom;33;Deep Blue;false;130,88;130,88;0;0;0;0;0;;;;;;;;;;;;;;;;;;;;;;;;;;;;;;;;;;;;;;;;;;;;;
V001140;2024-01-17;09:43;S05;E0034;C0219;2;211,29;0;P075;shoe;Jordans;Casual;Air;40;Deep Blue;false;91,34;91,34;0;0;0;0;0;P027;shoe;Jordans;Trail;Flex;40;Pink;true;119,95;119,95;0;0;0;0;0;;;;;;;;;;;;;;;;;;;;;;;;;;;;;;
V001141;2024-05-08;18:32;S08;E0047;C0145;2;86,32;0;P066;shoe;Adidas;Casual;Air;34;Black;false;68,88;68,88;0;0;0;0;0;A012;accessory;Accessoire;Lacets;Lacets;XL;White;false;17,44;17,44;0;0;0;0;0;;;;;;;;;;;;;;;;;;;;;;;;;;;;;;
V001142;2024-04-12;13:51;S05;E0031;C0343;1;91,29;14,9;P088;shoe;Adidas;Running;Zoom;36;Black;true;91,29;106,19;14,9;0;14,9;0;14,03;;;;;;;;;;;;;;;;;;;;;;;;;;;;;;;;;;;;;;;;;;;;;
V001143;2024-11-05;12:49;S02;E0006;C0032;1;88,45;38,99;P039;shoe;Puma;Trail;Flex;38;Deep Purple;false;88,45;127,44;38,99;0;13,5;25,49;30,59;;;;;;;;;;;;;;;;;;;;;;;;;;;;;;;;;;;;;;;;;;;;;
V001144;2024-10-18;09:31;S08;E0048;C0174;1;113,24;12,58;P036;shoe;New Balance;Training;Flex;44;Sunny Yellow;false;113,24;125,82;12,58;0;0;12,58;10;;;;;;;;;;;;;;;;;;;;;;;;;;;;;;;;;;;;;;;;;;;;;
V001145;2024-04-08;18:40;S05;E0034;C0171;2;102,9;0;P051;shoe;Jordans;Trail;Elite;31;Sunny Yellow;false;80,36;80,36;0;0;0;0;0;A002;accessory;Accessoire;Lacets;Lacets;M;White;false;22,54;22,54;0;0;0;0;0;;;;;;;;;;;;;;;;;;;;;;;;;;;;;;
V001146;2024-09-10;13:11;S06;E0040;C0369;1;108,02;0;P088;shoe;Adidas;Running;Zoom;36;Black;true;108,02;108,02;0;0;0;0;0;;;;;;;;;;;;;;;;;;;;;;;;;;;;;;;;;;;;;;;;;;;;;
V001147;2024-10-07;09:35;S04;E0023;C0321;2;94,18;2,84;P030;shoe;New Balance;Running;Pro;42;Light Green;false;77,42;77,42;0;0;0;0;0;A012;accessory;Accessoire;Lacets;Lacets;XL;White;false;16,76;19,6;2,84;1,86;0;0,98;14,49;;;;;;;;;;;;;;;;;;;;;;;;;;;;;;
V001148;2024-12-27;13:32;S08;E0052;C0275;1;68,88;0;P066;shoe;Adidas;Casual;Air;34;Black;false;68,88;68,88;0;0;0;0;0;;;;;;;;;;;;;;;;;;;;;;;;;;;;;;;;;;;;;;;;;;;;;
V001149;2024-04-11;14:33;S08;E0053;C0052;1;100,75;0;P085;shoe;Asics;Casual;Pro;39;White;false;100,75;100,75;0;0;0;0;0;;;;;;;;;;;;;;;;;;;;;;;;;;;;;;;;;;;;;;;;;;;;;
V001150;2024-10-22;18:31;S02;E0014;C0174;1;105,99;10,58;P046;shoe;Asics;Trail;Flex;32;Classic Grey;false;105,99;116,57;10,58;10,58;0;0;9,08;;;;;;;;;;;;;;;;;;;;;;;;;;;;;;;;;;;;;;;;;;;;;
V001151;2024-08-01;16:34;S08;E0050;C0071;1;123,69;0;P021;shoe;Reebok;Casual;Air;32;Gold;false;123,69;123,69;0;0;0;0;0;;;;;;;;;;;;;;;;;;;;;;;;;;;;;;;;;;;;;;;;;;;;;
V001152;2024-05-22;12:45;S08;E0047;C0043;1;172,88;0;P073;shoe;Reebok;Limited Edition;Elite;39;Deep Blue;true;172,88;172,88;0;0;0;0;0;;;;;;;;;;;;;;;;;;;;;;;;;;;;;;;;;;;;;;;;;;;;;
V001153;2024-10-11;10:02;S03;E0015;C0397;2;135,36;14,58;P053;shoe;Nike;Limited Edition;Zoom;38;Deep Blue;false;124,66;136,56;11,9;11,9;0;0;8,71;A011;accessory;Accessoire;Casquette;Casquette;L;Classic Grey;false;10,7;13,38;2,68;0;0;2,68;20,03;;;;;;;;;;;;;;;;;;;;;;;;;;;;;;
V001154;2024-03-19;13:44;S02;E0006;C0179;1;79,34;0;P004;shoe;Puma;Basketball;Max;34;White;true;79,34;79,34;0;0;0;0;0;;;;;;;;;;;;;;;;;;;;;;;;;;;;;;;;;;;;;;;;;;;;;
V001155;2024-10-29;12:23;S05;E0028;C0263;1;119,95;0;P027;shoe;Jordans;Trail;Flex;40;Pink;true;119,95;119,95;0;0;0;0;0;;;;;;;;;;;;;;;;;;;;;;;;;;;;;;;;;;;;;;;;;;;;;
V001156;2024-02-20;16:57;S08;E0053;C0319;1;121,57;0;P056;shoe;Reebok;Basketball;Elite;45;Black;false;121,57;121,57;0;0;0;0;0;;;;;;;;;;;;;;;;;;;;;;;;;;;;;;;;;;;;;;;;;;;;;
V001157;2024-04-17;15:08;S06;E0039;C0241;1;119,27;0;P023;shoe;Adidas;Basketball;Zoom;38;Pink;false;119,27;119,27;0;0;0;0;0;;;;;;;;;;;;;;;;;;;;;;;;;;;;;;;;;;;;;;;;;;;;;
V001158;2024-12-05;15:29;S05;E0028;C0175;1;91,48;0;P063;shoe;Nike;Casual;Max;40;Pink;true;91,48;91,48;0;0;0;0;0;;;;;;;;;;;;;;;;;;;;;;;;;;;;;;;;;;;;;;;;;;;;;
V001159;2024-02-21;14:00;S08;E0047;C0287;1;113,5;0;P055;shoe;Reebok;Training;Zoom;31;Gold;false;113,5;113,5;0;0;0;0;0;;;;;;;;;;;;;;;;;;;;;;;;;;;;;;;;;;;;;;;;;;;;;
V001160;2024-12-09;11:36;S03;E0015;C0170;1;83,44;15,75;P007;shoe;Adidas;Basketball;Max;33;Electric Blue;false;83,44;99,19;15,75;15,75;0;0;15,88;;;;;;;;;;;;;;;;;;;;;;;;;;;;;;;;;;;;;;;;;;;;;
V001161;2024-11-12;11:42;S03;E0015;C0178;1;142,69;0;P026;shoe;Asics;Running;Air;43;Gold;true;142,69;142,69;0;0;0;0;0;;;;;;;;;;;;;;;;;;;;;;;;;;;;;;;;;;;;;;;;;;;;;
V001162;2024-03-16;15:35;S05;E0027;C0032;1;119,95;0;P027;shoe;Jordans;Trail;Flex;40;Pink;true;119,95;119,95;0;0;0;0;0;;;;;;;;;;;;;;;;;;;;;;;;;;;;;;;;;;;;;;;;;;;;;
V001163;2024-03-13;10:39;S05;E0034;C0157;3;157,13;3,16;P088;shoe;Adidas;Running;Zoom;36;Black;true;106,19;106,19;0;0;0;0;0;A008;accessory;Accessoire;Bonnet;Bonnet;XS;White;false;22,54;22,54;0;0;0;0;0;A007;accessory;Accessoire;Casquette;Casquette;M;Deep Blue;false;28,4;31,56;3,16;0;0;3,16;10,01;;;;;;;;;;;;;;;
V001164;2024-05-09;13:15;S05;E0032;C0009;2;100,5;0;P063;shoe;Nike;Casual;Max;40;Pink;true;91,48;91,48;0;0;0;0;0;A001;accessory;Accessoire;Sac de sport;Sac de sport;XS;Deep Blue;false;9,02;9,02;0;0;0;0;0;;;;;;;;;;;;;;;;;;;;;;;;;;;;;;
V001165;2024-06-17;13:44;S03;E0017;C0124;1;82,16;0;P018;shoe;Nike;Casual;Air;42;Red Blood;true;82,16;82,16;0;0;0;0;0;;;;;;;;;;;;;;;;;;;;;;;;;;;;;;;;;;;;;;;;;;;;;
V001166;2024-04-26;09:36;S08;E0054;C0167;1;121,57;0;P015;shoe;Asics;Training;Air;45;Deep Purple;false;121,57;121,57;0;0;0;0;0;;;;;;;;;;;;;;;;;;;;;;;;;;;;;;;;;;;;;;;;;;;;;
V001167;2024-08-22;14:09;S03;E0018;C0253;1;123,09;0;P019;shoe;Asics;Casual;Zoom;37;Deep Purple;false;123,09;123,09;0;0;0;0;0;;;;;;;;;;;;;;;;;;;;;;;;;;;;;;;;;;;;;;;;;;;;;
V001168;2024-04-15;12:43;S08;E0048;C0052;1;121,57;0;P015;shoe;Asics;Training;Air;45;Deep Purple;false;121,57;121,57;0;0;0;0;0;;;;;;;;;;;;;;;;;;;;;;;;;;;;;;;;;;;;;;;;;;;;;
V001169;2024-11-01;19:20;S02;E0006;C0286;1;184,93;0;P037;shoe;Puma;Limited Edition;Zoom;38;Gold;true;184,93;184,93;0;0;0;0;0;;;;;;;;;;;;;;;;;;;;;;;;;;;;;;;;;;;;;;;;;;;;;
V001170;2024-12-04;12:07;S04;E0025;C0231;2;93,1;0;P008;shoe;Reebok;Casual;Elite;35;Deep Blue;false;58,8;58,8;0;0;0;0;0;A007;accessory;Accessoire;Casquette;Casquette;M;Deep Blue;false;34,3;34,3;0;0;0;0;0;;;;;;;;;;;;;;;;;;;;;;;;;;;;;;
V001171;2024-04-16;09:42;S04;E0024;C0242;2;229,24;1,06;P003;shoe;New Balance;Limited Edition;Max;40;Electric Blue;false;196;196;0;0;0;0;0;A007;accessory;Accessoire;Casquette;Casquette;M;Deep Blue;false;33,24;34,3;1,06;1,06;0;0;3,09;;;;;;;;;;;;;;;;;;;;;;;;;;;;;;
V001172;2024-04-12;11:35;S08;E0049;C0324;1;129,73;0;P047;shoe;Jordans;Trail;Air;37;Premium Black;true;129,73;129,73;0;0;0;0;0;;;;;;;;;;;;;;;;;;;;;;;;;;;;;;;;;;;;;;;;;;;;;
V001173;2024-12-17;10:43;S08;E0048;C0110;1;100,75;0;P009;shoe;Asics;Trail;Flex;40;Red Blood;false;100,75;100,75;0;0;0;0;0;;;;;;;;;;;;;;;;;;;;;;;;;;;;;;;;;;;;;;;;;;;;;
V001174;2024-03-08;12:38;S05;E0030;C0271;1;65,27;17,2;P018;shoe;Nike;Casual;Air;42;Red Blood;true;65,27;82,47;17,2;0;17,2;0;20,86;;;;;;;;;;;;;;;;;;;;;;;;;;;;;;;;;;;;;;;;;;;;;
V001175;2024-01-19;10:27;S08;E0054;C0345;2;149,47;0;P026;shoe;Asics;Running;Air;43;Gold;true;140,75;140,75;0;0;0;0;0;A004;accessory;Accessoire;Bonnet;Bonnet;XS;Black;false;8,72;8,72;0;0;0;0;0;;;;;;;;;;;;;;;;;;;;;;;;;;;;;;
V001176;2024-11-20;13:09;S08;E0051;C0038;1;104,48;0;P088;shoe;Adidas;Running;Zoom;36;Black;true;104,48;104,48;0;0;0;0;0;;;;;;;;;;;;;;;;;;;;;;;;;;;;;;;;;;;;;;;;;;;;;
V001177;2024-02-09;15:13;S05;E0033;C0007;1;137,47;0;P062;shoe;Nike;Limited Edition;Air;42;White;false;137,47;137,47;0;0;0;0;0;;;;;;;;;;;;;;;;;;;;;;;;;;;;;;;;;;;;;;;;;;;;;
V001178;2024-12-12;12:47;S03;E0017;C0048;3;147,9;0;P081;shoe;Adidas;Basketball;Max;32;Black;false;112,22;112,22;0;0;0;0;0;A010;accessory;Accessoire;Tee-shirt;Tee-shirt;XL;Black;false;17,84;17,84;0;0;0;0;0;A012;accessory;Accessoire;Lacets;Lacets;XL;White;false;17,84;17,84;0;0;0;0;0;;;;;;;;;;;;;;;
V001179;2024-02-23;13:00;S03;E0020;C0390;1;91,08;0;P063;shoe;Nike;Casual;Max;40;Pink;true;91,08;91,08;0;0;0;0;0;;;;;;;;;;;;;;;;;;;;;;;;;;;;;;;;;;;;;;;;;;;;;
V001180;2024-03-27;17:57;S05;E0034;C0352;2;168,81;0;P052;shoe;Nike;Limited Edition;Max;30;Deep Purple;true;150,78;150,78;0;0;0;0;0;A009;accessory;Accessoire;Lacets;Lacets;L;Classic Grey;false;18,03;18,03;0;0;0;0;0;;;;;;;;;;;;;;;;;;;;;;;;;;;;;;
V001181;2024-08-02;11:25;S03;E0020;C0183;2;123,84;27,77;P026;shoe;Asics;Running;Air;43;Gold;true;117,42;142,69;25,27;25,27;0;0;17,71;A001;accessory;Accessoire;Sac de sport;Sac de sport;XS;Deep Blue;false;6,42;8,92;2,5;0,72;0;1,78;28,03;;;;;;;;;;;;;;;;;;;;;;;;;;;;;;
V001182;2024-04-11;10:07;S07;E0042;C0397;1;118,8;0;P088;shoe;Adidas;Running;Zoom;36;Black;true;118,8;118,8;0;0;0;0;0;;;;;;;;;;;;;;;;;;;;;;;;;;;;;;;;;;;;;;;;;;;;;
V001183;2024-12-12;12:16;S03;E0020;C0094;1;105,62;0;P088;shoe;Adidas;Running;Zoom;36;Black;true;105,62;105,62;0;0;0;0;0;;;;;;;;;;;;;;;;;;;;;;;;;;;;;;;;;;;;;;;;;;;;;
V001184;2024-06-28;17:34;S08;E0051;C0046;1;98,19;0;P007;shoe;Adidas;Basketball;Max;33;Electric Blue;false;98,19;98,19;0;0;0;0;0;;;;;;;;;;;;;;;;;;;;;;;;;;;;;;;;;;;;;;;;;;;;;
V001185;2024-03-30;17:09;S04;E0024;C0305;3;90,86;4,98;P079;shoe;New Balance;Basketball;Flex;32;Deep Blue;true;37,04;37,04;0;0;0;0;0;A003;accessory;Accessoire;Tee-shirt;Tee-shirt;S;White;false;34,3;34,3;0;0;0;0;0;A002;accessory;Accessoire;Lacets;Lacets;M;White;false;19,52;24,5;4,98;3,75;0;1,23;20,33;;;;;;;;;;;;;;;
V001186;2024-04-29;17:36;S06;E0039;C0389;2;188;0;P004;shoe;Puma;Basketball;Max;34;White;true;82,05;82,05;0;0;0;0;0;P054;shoe;Puma;Running;Pro;34;Pink;false;105,95;105,95;0;0;0;0;0;;;;;;;;;;;;;;;;;;;;;;;;;;;;;;
V001187;2024-03-01;19:44;S02;E0008;C0362;1;101,8;0;P085;shoe;Asics;Casual;Pro;39;White;false;101,8;101,8;0;0;0;0;0;;;;;;;;;;;;;;;;;;;;;;;;;;;;;;;;;;;;;;;;;;;;;
V001188;2024-08-19;11:55;S02;E0014;C0137;1;110,06;0;P072;shoe;Puma;Trail;Pro;43;Sunny Yellow;false;110,06;110,06;0;0;0;0;0;;;;;;;;;;;;;;;;;;;;;;;;;;;;;;;;;;;;;;;;;;;;;
V001189;2024-12-09;09:00;S08;E0048;C0088;1;70,06;0;P079;shoe;New Balance;Basketball;Flex;32;Deep Blue;true;70,06;70,06;0;0;0;0;0;;;;;;;;;;;;;;;;;;;;;;;;;;;;;;;;;;;;;;;;;;;;;
V001190;2024-07-22;12:38;S05;E0035;C0356;1;83,51;7,97;P063;shoe;Nike;Casual;Max;40;Pink;true;83,51;91,48;7,97;7,97;0;0;8,71;;;;;;;;;;;;;;;;;;;;;;;;;;;;;;;;;;;;;;;;;;;;;
V001191;2024-09-04;12:23;S03;E0020;C0232;1;91,08;0;P063;shoe;Nike;Casual;Max;40;Pink;true;91,08;91,08;0;0;0;0;0;;;;;;;;;;;;;;;;;;;;;;;;;;;;;;;;;;;;;;;;;;;;;
V001192;2024-08-28;11:09;S03;E0015;C0386;1;99,19;0;P007;shoe;Adidas;Basketball;Max;33;Electric Blue;false;99,19;99,19;0;0;0;0;0;;;;;;;;;;;;;;;;;;;;;;;;;;;;;;;;;;;;;;;;;;;;;
V001193;2024-02-19;16:00;S03;E0015;C0167;2;225,56;8,01;P025;shoe;Asics;Trail;Flex;36;Sunny Yellow;false;72,06;80,07;8,01;0;0;8,01;10;P006;shoe;Asics;Limited Edition;Air;36;Pink;false;153,5;153,5;0;0;0;0;0;;;;;;;;;;;;;;;;;;;;;;;;;;;;;;
V001194;2024-11-13;13:09;S05;E0033;C0364;1;80,36;0;P044;shoe;Nike;Basketball;Flex;32;Pink;false;80,36;80,36;0;0;0;0;0;;;;;;;;;;;;;;;;;;;;;;;;;;;;;;;;;;;;;;;;;;;;;
V001195;2024-07-20;10:02;S05;E0031;C0065;1;130,88;0;P069;shoe;Jordans;Limited Edition;Zoom;33;Deep Blue;false;130,88;130,88;0;0;0;0;0;;;;;;;;;;;;;;;;;;;;;;;;;;;;;;;;;;;;;;;;;;;;;
V001196;2024-12-04;11:23;S06;E0039;C0323;1;134,92;51,48;P037;shoe;Puma;Limited Edition;Zoom;38;Gold;true;134,92;186,4;51,48;28,18;23,3;0;27,62;;;;;;;;;;;;;;;;;;;;;;;;;;;;;;;;;;;;;;;;;;;;;
V001197;2024-10-30;16:04;S02;E0009;C0059;1;105,88;24,16;P031;shoe;Puma;Limited Edition;Elite;32;Black;false;105,88;130,04;24,16;24,16;0;0;18,58;;;;;;;;;;;;;;;;;;;;;;;;;;;;;;;;;;;;;;;;;;;;;
V001198;2024-02-13;15:49;S03;E0015;C0087;1;136,56;0;P053;shoe;Nike;Limited Edition;Zoom;38;Deep Blue;false;136,56;136,56;0;0;0;0;0;;;;;;;;;;;;;;;;;;;;;;;;;;;;;;;;;;;;;;;;;;;;;
V001199;2024-09-24;14:52;S02;E0006;C0056;1;130,04;0;P031;shoe;Puma;Limited Edition;Elite;32;Black;false;130,04;130,04;0;0;0;0;0;;;;;;;;;;;;;;;;;;;;;;;;;;;;;;;;;;;;;;;;;;;;;
V001200;2024-08-26;16:17;S02;E0009;C0379;2;248,78;0;P041;shoe;Puma;Trail;Pro;39;Premium Black;false;131,78;131,78;0;0;0;0;0;P077;shoe;Puma;Basketball;Zoom;39;Brown Bear;false;117;117;0;0;0;0;0;;;;;;;;;;;;;;;;;;;;;;;;;;;;;;
V001201;2024-11-02;16:06;S05;E0035;C0241;1;91,48;0;P063;shoe;Nike;Casual;Max;40;Pink;true;91,48;91,48;0;0;0;0;0;;;;;;;;;;;;;;;;;;;;;;;;;;;;;;;;;;;;;;;;;;;;;
V001202;2024-04-18;16:57;S02;E0010;C0398;1;103,53;0;P054;shoe;Puma;Running;Pro;34;Pink;false;103,53;103,53;0;0;0;0;0;;;;;;;;;;;;;;;;;;;;;;;;;;;;;;;;;;;;;;;;;;;;;
V001203;2024-05-09;09:51;S08;E0048;C0333;1;172,88;0;P073;shoe;Reebok;Limited Edition;Elite;39;Deep Blue;true;172,88;172,88;0;0;0;0;0;;;;;;;;;;;;;;;;;;;;;;;;;;;;;;;;;;;;;;;;;;;;;
V001204;2024-09-16;13:42;S05;E0035;C0151;1;91,48;0;P063;shoe;Nike;Casual;Max;40;Pink;true;91,48;91,48;0;0;0;0;0;;;;;;;;;;;;;;;;;;;;;;;;;;;;;;;;;;;;;;;;;;;;;
V001205;2024-08-16;18:59;S07;E0044;C0386;1;198,08;30,92;P006;shoe;Asics;Limited Edition;Air;36;Pink;false;198,08;229;30,92;30,92;0;0;13,5;;;;;;;;;;;;;;;;;;;;;;;;;;;;;;;;;;;;;;;;;;;;;
V001206;2024-05-09;13:19;S05;E0034;C0158;1;115,06;0;P002;shoe;Jordans;Trail;Flex;44;Sunny Yellow;false;115,06;115,06;0;0;0;0;0;;;;;;;;;;;;;;;;;;;;;;;;;;;;;;;;;;;;;;;;;;;;;
V001207;2024-03-12;17:38;S08;E0054;C0052;1;100,75;0;P009;shoe;Asics;Trail;Flex;40;Red Blood;false;100,75;100,75;0;0;0;0;0;;;;;;;;;;;;;;;;;;;;;;;;;;;;;;;;;;;;;;;;;;;;;
V001208;2024-03-19;17:12;S03;E0018;C0120;1;80,28;10,8;P063;shoe;Nike;Casual;Max;40;Pink;true;80,28;91,08;10,8;0;10,8;0;11,86;;;;;;;;;;;;;;;;;;;;;;;;;;;;;;;;;;;;;;;;;;;;;
V001209;2024-05-27;17:57;S08;E0052;C0225;2;215,43;10,7;P043;shoe;Adidas;Running;Max;32;Pink;false;104,49;115,19;10,7;0;10,7;0;9,29;P081;shoe;Adidas;Basketball;Max;32;Black;false;110,94;110,94;0;0;0;0;0;;;;;;;;;;;;;;;;;;;;;;;;;;;;;;
V001210;2024-12-11;11:16;S01;E0005;C0010;2;332,92;5,98;P073;shoe;Reebok;Limited Edition;Elite;39;Deep Blue;true;296,5;296,5;0;0;0;0;0;A006;accessory;Accessoire;Sac de sport;Sac de sport;XS;Black;false;36,42;42,4;5,98;5,98;0;0;14,1;;;;;;;;;;;;;;;;;;;;;;;;;;;;;;
V001211;2024-01-03;15:27;S03;E0015;C0396;2;137,47;0;P085;shoe;Asics;Casual;Pro;39;White;false;101,8;101,8;0;0;0;0;0;A006;accessory;Accessoire;Sac de sport;Sac de sport;XS;Black;false;35,67;35,67;0;0;0;0;0;;;;;;;;;;;;;;;;;;;;;;;;;;;;;;
V001212;2024-02-22;16:18;S08;E0048;C0136;1;100,75;0;P009;shoe;Asics;Trail;Flex;40;Red Blood;false;100,75;100,75;0;0;0;0;0;;;;;;;;;;;;;;;;;;;;;;;;;;;;;;;;;;;;;;;;;;;;;
V001213;2024-11-22;11:07;S05;E0030;C0192;2;127,78;30,3;P051;shoe;Jordans;Trail;Elite;31;Sunny Yellow;false;50,06;80,36;30,3;0;30,3;0;37,71;P033;shoe;Jordans;Running;Max;31;Red Blood;false;77,72;77,72;0;0;0;0;0;;;;;;;;;;;;;;;;;;;;;;;;;;;;;;
V001214;2024-05-18;18:51;S05;E0034;C0392;1;89,72;9,97;P007;shoe;Adidas;Basketball;Max;33;Electric Blue;false;89,72;99,69;9,97;0;0;9,97;10;;;;;;;;;;;;;;;;;;;;;;;;;;;;;;;;;;;;;;;;;;;;;
V001215;2024-01-06;10:16;S05;E0028;C0078;1;132,28;0;P047;shoe;Jordans;Trail;Air;37;Premium Black;true;132,28;132,28;0;0;0;0;0;;;;;;;;;;;;;;;;;;;;;;;;;;;;;;;;;;;;;;;;;;;;;
V001216;2024-11-27;09:44;S05;E0030;C0043;1;122,8;0;P048;shoe;Jordans;Casual;Air;45;Brown Bear;true;122,8;122,8;0;0;0;0;0;;;;;;;;;;;;;;;;;;;;;;;;;;;;;;;;;;;;;;;;;;;;;
V001217;2024-03-28;11:04;S02;E0011;C0397;1;99,63;0;P005;shoe;Nike;Casual;Max;33;Premium Black;false;99,63;99,63;0;0;0;0;0;;;;;;;;;;;;;;;;;;;;;;;;;;;;;;;;;;;;;;;;;;;;;
V001218;2024-01-29;12:12;S03;E0017;C0091;1;116,57;0;P043;shoe;Adidas;Running;Max;32;Pink;false;116,57;116,57;0;0;0;0;0;;;;;;;;;;;;;;;;;;;;;;;;;;;;;;;;;;;;;;;;;;;;;
V001219;2024-02-16;15:08;S08;E0054;C0236;1;140,75;0;P026;shoe;Asics;Running;Air;43;Gold;true;140,75;140,75;0;0;0;0;0;;;;;;;;;;;;;;;;;;;;;;;;;;;;;;;;;;;;;;;;;;;;;
V001220;2024-02-26;12:04;S08;E0051;C0208;1;172,88;0;P073;shoe;Reebok;Limited Edition;Elite;39;Deep Blue;true;172,88;172,88;0;0;0;0;0;;;;;;;;;;;;;;;;;;;;;;;;;;;;;;;;;;;;;;;;;;;;;
V001221;2024-08-07;19:50;S02;E0009;C0140;1;80,07;0;P040;shoe;Nike;Trail;Zoom;44;Black;false;80,07;80,07;0;0;0;0;0;;;;;;;;;;;;;;;;;;;;;;;;;;;;;;;;;;;;;;;;;;;;;
V001222;2024-07-11;14:37;S07;E0043;C0309;1;118,8;0;P088;shoe;Adidas;Running;Zoom;36;Black;true;118,8;118,8;0;0;0;0;0;;;;;;;;;;;;;;;;;;;;;;;;;;;;;;;;;;;;;;;;;;;;;
V001223;2024-12-04;18:12;S08;E0052;C0340;1;113,07;0;P002;shoe;Jordans;Trail;Flex;44;Sunny Yellow;false;113,07;113,07;0;0;0;0;0;;;;;;;;;;;;;;;;;;;;;;;;;;;;;;;;;;;;;;;;;;;;;
V001224;2024-03-11;10:07;S05;E0027;C0232;1;137,47;0;P053;shoe;Nike;Limited Edition;Zoom;38;Deep Blue;false;137,47;137,47;0;0;0;0;0;;;;;;;;;;;;;;;;;;;;;;;;;;;;;;;;;;;;;;;;;;;;;
V001225;2024-03-12;16:37;S08;E0047;C0262;1;79,5;0;P025;shoe;Asics;Trail;Flex;36;Sunny Yellow;false;79,5;79,5;0;0;0;0;0;;;;;;;;;;;;;;;;;;;;;;;;;;;;;;;;;;;;;;;;;;;;;
V001226;2024-05-28;16:04;S03;E0015;C0098;1;88,33;0;P029;shoe;Adidas;Basketball;Zoom;45;Brown Bear;false;88,33;88,33;0;0;0;0;0;;;;;;;;;;;;;;;;;;;;;;;;;;;;;;;;;;;;;;;;;;;;;
V001227;2024-11-08;15:27;S05;E0027;C0407;1;150,78;0;P052;shoe;Nike;Limited Edition;Max;30;Deep Purple;true;150,78;150,78;0;0;0;0;0;;;;;;;;;;;;;;;;;;;;;;;;;;;;;;;;;;;;;;;;;;;;;
V001228;2024-05-13;09:39;S08;E0052;C0217;2;224,87;0;P065;shoe;Reebok;Trail;Flex;41;Premium Black;false;124,12;124,12;0;0;0;0;0;P061;shoe;Reebok;Casual;Pro;41;White;false;100,75;100,75;0;0;0;0;0;;;;;;;;;;;;;;;;;;;;;;;;;;;;;;
V001229;2024-05-02;13:52;S08;E0048;C0008;2;201,3;10,22;P083;shoe;New Balance;Trail;Flex;33;Brown Bear;true;109,08;109,08;0;0;0;0;0;P050;shoe;New Balance;Training;Max;33;Pink;false;92,22;102,44;10,22;10,22;0;0;9,98;;;;;;;;;;;;;;;;;;;;;;;;;;;;;;
V001230;2024-09-16;09:47;S08;E0054;C0354;1;120,55;0;P048;shoe;Jordans;Casual;Air;45;Brown Bear;true;120,55;120,55;0;0;0;0;0;;;;;;;;;;;;;;;;;;;;;;;;;;;;;;;;;;;;;;;;;;;;;
V001231;2024-06-05;16:23;S07;E0045;C0357;2;180;0;P067;shoe;Adidas;Running;Pro;30;Light Green;false;120;120;0;0;0;0;0;P014;shoe;Adidas;Basketball;Flex;30;Brown Bear;false;60;60;0;0;0;0;0;;;;;;;;;;;;;;;;;;;;;;;;;;;;;;
V001232;2024-11-15;14:29;S07;E0042;C0095;1;118,8;0;P088;shoe;Adidas;Running;Zoom;36;Black;true;118,8;118,8;0;0;0;0;0;;;;;;;;;;;;;;;;;;;;;;;;;;;;;;;;;;;;;;;;;;;;;
V001233;2024-12-28;12:57;S05;E0028;C0202;1;84,51;15,18;P007;shoe;Adidas;Basketball;Max;33;Electric Blue;false;84,51;99,69;15,18;15,18;0;0;15,23;;;;;;;;;;;;;;;;;;;;;;;;;;;;;;;;;;;;;;;;;;;;;
V001234;2024-08-09;09:41;S02;E0009;C0129;1;130,04;0;P031;shoe;Puma;Limited Edition;Elite;32;Black;false;130,04;130,04;0;0;0;0;0;;;;;;;;;;;;;;;;;;;;;;;;;;;;;;;;;;;;;;;;;;;;;
V001235;2024-08-16;16:56;S08;E0048;C0089;1;123,69;0;P021;shoe;Reebok;Casual;Air;32;Gold;false;123,69;123,69;0;0;0;0;0;;;;;;;;;;;;;;;;;;;;;;;;;;;;;;;;;;;;;;;;;;;;;
V001236;2024-04-12;18:14;S08;E0048;C0088;2;162,55;0;P026;shoe;Asics;Running;Air;43;Gold;true;140,75;140,75;0;0;0;0;0;A005;accessory;Accessoire;Bonnet;Bonnet;M;Deep Blue;false;21,8;21,8;0;0;0;0;0;;;;;;;;;;;;;;;;;;;;;;;;;;;;;;
V001237;2024-03-20;16:20;S07;E0044;C0154;1;159;0;P015;shoe;Asics;Training;Air;45;Deep Purple;false;159;159;0;0;0;0;0;;;;;;;;;;;;;;;;;;;;;;;;;;;;;;;;;;;;;;;;;;;;;
V001238;2024-12-23;16:21;S01;E0005;C0303;3;119,78;2,12;P059;shoe;Reebok;Running;Elite;43;Black;false;90,1;90,1;0;0;0;0;0;A004;accessory;Accessoire;Bonnet;Bonnet;XS;Black;false;8,48;10,6;2,12;0;0;2,12;20;A012;accessory;Accessoire;Lacets;Lacets;XL;White;false;21,2;21,2;0;0;0;0;0;;;;;;;;;;;;;;;
V001239;2024-09-13;10:37;S03;E0015;C0103;1;80,07;0;P040;shoe;Nike;Trail;Zoom;44;Black;false;80,07;80,07;0;0;0;0;0;;;;;;;;;;;;;;;;;;;;;;;;;;;;;;;;;;;;;;;;;;;;;
V001240;2024-11-26;15:30;S05;E0027;C0140;1;64,29;16,07;P040;shoe;Nike;Trail;Zoom;44;Black;false;64,29;80,36;16,07;0;0;16,07;20;;;;;;;;;;;;;;;;;;;;;;;;;;;;;;;;;;;;;;;;;;;;;
V001241;2024-12-07;14:34;S05;E0027;C0159;1;132,28;0;P047;shoe;Jordans;Trail;Air;37;Premium Black;true;132,28;132,28;0;0;0;0;0;;;;;;;;;;;;;;;;;;;;;;;;;;;;;;;;;;;;;;;;;;;;;
V001242;2024-04-05;15:02;S02;E0011;C0051;1;116,57;0;P046;shoe;Asics;Trail;Flex;32;Classic Grey;false;116,57;116,57;0;0;0;0;0;;;;;;;;;;;;;;;;;;;;;;;;;;;;;;;;;;;;;;;;;;;;;
V001243;2024-08-14;16:07;S04;E0026;C0244;1;126,41;9,81;P070;shoe;Adidas;Casual;Pro;40;Deep Purple;false;126,41;136,22;9,81;9,81;0;0;7,2;;;;;;;;;;;;;;;;;;;;;;;;;;;;;;;;;;;;;;;;;;;;;
V001244;2024-12-31;15:47;S05;E0035;C0010;1;122,8;0;P048;shoe;Jordans;Casual;Air;45;Brown Bear;true;122,8;122,8;0;0;0;0;0;;;;;;;;;;;;;;;;;;;;;;;;;;;;;;;;;;;;;;;;;;;;;
V001245;2024-02-09;17:11;S06;E0039;C0332;2;207,85;15,57;P062;shoe;Nike;Limited Edition;Air;42;White;false;138,59;138,59;0;0;0;0;0;P018;shoe;Nike;Casual;Air;42;Red Blood;true;69,26;84,83;15,57;15,57;0;0;18,35;;;;;;;;;;;;;;;;;;;;;;;;;;;;;;
V001246;2024-10-08;09:45;S02;E0006;C0135;1;80,07;0;P040;shoe;Nike;Trail;Zoom;44;Black;false;80,07;80,07;0;0;0;0;0;;;;;;;;;;;;;;;;;;;;;;;;;;;;;;;;;;;;;;;;;;;;;
V001247;2024-01-30;15:52;S08;E0053;C0353;1;113,07;0;P070;shoe;Adidas;Casual;Pro;40;Deep Purple;false;113,07;113,07;0;0;0;0;0;;;;;;;;;;;;;;;;;;;;;;;;;;;;;;;;;;;;;;;;;;;;;
V001248;2024-11-28;12:43;S02;E0008;C0355;1;80,07;0;P040;shoe;Nike;Trail;Zoom;44;Black;false;80,07;80,07;0;0;0;0;0;;;;;;;;;;;;;;;;;;;;;;;;;;;;;;;;;;;;;;;;;;;;;
V001249;2024-06-24;10:23;S08;E0051;C0039;1;103,98;17,59;P011;shoe;New Balance;Running;Max;38;Electric Blue;false;103,98;121,57;17,59;17,59;0;0;14,47;;;;;;;;;;;;;;;;;;;;;;;;;;;;;;;;;;;;;;;;;;;;;
V001250;2024-05-29;09:53;S08;E0048;C0324;1;119,44;0;P076;shoe;Asics;Trail;Air;35;Premium Black;false;119,44;119,44;0;0;0;0;0;;;;;;;;;;;;;;;;;;;;;;;;;;;;;;;;;;;;;;;;;;;;;
V001251;2024-10-19;16:08;S05;E0033;C0020;1;69,16;11,2;P014;shoe;Adidas;Basketball;Flex;30;Brown Bear;false;69,16;80,36;11,2;11,2;0;0;13,94;;;;;;;;;;;;;;;;;;;;;;;;;;;;;;;;;;;;;;;;;;;;;
V001252;2024-08-23;10:23;S08;E0048;C0046;2;179,32;5,18;P067;shoe;Adidas;Running;Pro;30;Light Green;false;99,82;105;5,18;5,18;0;0;4,93;P014;shoe;Adidas;Basketball;Flex;30;Brown Bear;false;79,5;79,5;0;0;0;0;0;;;;;;;;;;;;;;;;;;;;;;;;;;;;;;
V001253;2024-12-30;12:30;S03;E0017;C0383;1;153,5;0;P006;shoe;Asics;Limited Edition;Air;36;Pink;false;153,5;153,5;0;0;0;0;0;;;;;;;;;;;;;;;;;;;;;;;;;;;;;;;;;;;;;;;;;;;;;
V001254;2024-02-26;14:15;S05;E0028;C0002;1;117,7;0;P023;shoe;Adidas;Basketball;Zoom;38;Pink;false;117,7;117,7;0;0;0;0;0;;;;;;;;;;;;;;;;;;;;;;;;;;;;;;;;;;;;;;;;;;;;;
V001255;2024-04-04;10:29;S06;E0040;C0054;1;102,09;0;P005;shoe;Nike;Casual;Max;33;Premium Black;false;102,09;102,09;0;0;0;0;0;;;;;;;;;;;;;;;;;;;;;;;;;;;;;;;;;;;;;;;;;;;;;
V001256;2024-09-09;17:22;S02;E0006;C0078;1;120,92;0;P076;shoe;Asics;Trail;Air;35;Premium Black;false;120,92;120,92;0;0;0;0;0;;;;;;;;;;;;;;;;;;;;;;;;;;;;;;;;;;;;;;;;;;;;;
V001257;2024-06-21;11:49;S06;E0040;C0265;1;112,4;0;P072;shoe;Puma;Trail;Pro;43;Sunny Yellow;false;112,4;112,4;0;0;0;0;0;;;;;;;;;;;;;;;;;;;;;;;;;;;;;;;;;;;;;;;;;;;;;
V001258;2024-04-05;14:36;S08;E0051;C0080;1;109,41;12,16;P045;shoe;New Balance;Training;Pro;45;Electric Blue;false;109,41;121,57;12,16;0;0;12,16;10;;;;;;;;;;;;;;;;;;;;;;;;;;;;;;;;;;;;;;;;;;;;;
V001259;2024-05-11;15:10;S05;E0034;C0050;1;119,95;0;P027;shoe;Jordans;Trail;Flex;40;Pink;true;119,95;119,95;0;0;0;0;0;;;;;;;;;;;;;;;;;;;;;;;;;;;;;;;;;;;;;;;;;;;;;
V001260;2024-01-02;10:55;S01;E0001;C0100;1;296,5;0;P073;shoe;Reebok;Limited Edition;Elite;39;Deep Blue;true;296,5;296,5;0;0;0;0;0;;;;;;;;;;;;;;;;;;;;;;;;;;;;;;;;;;;;;;;;;;;;;
V001261;2024-11-28;12:58;S08;E0048;C0372;2;247,39;0;P058;shoe;Asics;Basketball;Air;45;Pink;false;125,82;125,82;0;0;0;0;0;P015;shoe;Asics;Training;Air;45;Deep Purple;false;121,57;121,57;0;0;0;0;0;;;;;;;;;;;;;;;;;;;;;;;;;;;;;;
V001262;2024-05-11;14:59;S05;E0033;C0203;2;154,36;0;P048;shoe;Jordans;Casual;Air;45;Brown Bear;true;122,8;122,8;0;0;0;0;0;A003;accessory;Accessoire;Tee-shirt;Tee-shirt;S;White;false;31,56;31,56;0;0;0;0;0;;;;;;;;;;;;;;;;;;;;;;;;;;;;;;
V001263;2024-10-30;12:29;S05;E0033;C0050;1;117,7;0;P023;shoe;Adidas;Basketball;Zoom;38;Pink;false;117,7;117,7;0;0;0;0;0;;;;;;;;;;;;;;;;;;;;;;;;;;;;;;;;;;;;;;;;;;;;;
V001264;2024-04-29;16:57;S05;E0033;C0373;1;99,69;0;P007;shoe;Adidas;Basketball;Max;33;Electric Blue;false;99,69;99,69;0;0;0;0;0;;;;;;;;;;;;;;;;;;;;;;;;;;;;;;;;;;;;;;;;;;;;;
V001265;2024-07-16;15:59;S05;E0033;C0304;1;92,57;7,12;P007;shoe;Adidas;Basketball;Max;33;Electric Blue;false;92,57;99,69;7,12;7,12;0;0;7,14;;;;;;;;;;;;;;;;;;;;;;;;;;;;;;;;;;;;;;;;;;;;;
V001266;2024-09-18;14:55;S08;E0051;C0079;1;128,37;0;P069;shoe;Jordans;Limited Edition;Zoom;33;Deep Blue;false;128,37;128,37;0;0;0;0;0;;;;;;;;;;;;;;;;;;;;;;;;;;;;;;;;;;;;;;;;;;;;;
V001267;2024-06-04;11:02;S01;E0001;C0329;1;75,59;14,51;P059;shoe;Reebok;Running;Elite;43;Black;false;75,59;90,1;14,51;14,51;0;0;16,1;;;;;;;;;;;;;;;;;;;;;;;;;;;;;;;;;;;;;;;;;;;;;
V001268;2024-10-12;15:28;S05;E0034;C0088;1;122,8;0;P048;shoe;Jordans;Casual;Air;45;Brown Bear;true;122,8;122,8;0;0;0;0;0;;;;;;;;;;;;;;;;;;;;;;;;;;;;;;;;;;;;;;;;;;;;;
V001269;2024-07-26;17:10;S08;E0050;C0262;1;121,57;0;P015;shoe;Asics;Training;Air;45;Deep Purple;false;121,57;121,57;0;0;0;0;0;;;;;;;;;;;;;;;;;;;;;;;;;;;;;;;;;;;;;;;;;;;;;
V001270;2024-09-18;11:17;S08;E0048;C0353;1;140,75;0;P026;shoe;Asics;Running;Air;43;Gold;true;140,75;140,75;0;0;0;0;0;;;;;;;;;;;;;;;;;;;;;;;;;;;;;;;;;;;;;;;;;;;;;
V001271;2024-11-26;13:48;S02;E0012;C0366;1;72,06;8,01;P040;shoe;Nike;Trail;Zoom;44;Black;false;72,06;80,07;8,01;0;0;8,01;10;;;;;;;;;;;;;;;;;;;;;;;;;;;;;;;;;;;;;;;;;;;;;
V001272;2024-03-29;13:53;S07;E0042;C0188;1;169;0;P064;shoe;Puma;Training;Pro;41;Black;false;169;169;0;0;0;0;0;;;;;;;;;;;;;;;;;;;;;;;;;;;;;;;;;;;;;;;;;;;;;
V001273;2024-09-10;16:07;S07;E0045;C0038;1;229;0;P006;shoe;Asics;Limited Edition;Air;36;Pink;false;229;229;0;0;0;0;0;;;;;;;;;;;;;;;;;;;;;;;;;;;;;;;;;;;;;;;;;;;;;
V001274;2024-04-26;11:55;S05;E0031;C0119;2;154,36;0;P048;shoe;Jordans;Casual;Air;45;Brown Bear;true;122,8;122,8;0;0;0;0;0;A007;accessory;Accessoire;Casquette;Casquette;M;Deep Blue;false;31,56;31,56;0;0;0;0;0;;;;;;;;;;;;;;;;;;;;;;;;;;;;;;
V001275;2024-09-14;11:27;S05;E0031;C0043;1;106,19;0;P088;shoe;Adidas;Running;Zoom;36;Black;true;106,19;106,19;0;0;0;0;0;;;;;;;;;;;;;;;;;;;;;;;;;;;;;;;;;;;;;;;;;;;;;
V001276;2024-07-12;11:03;S05;E0027;C0367;1;119,95;17,52;P053;shoe;Nike;Limited Edition;Zoom;38;Deep Blue;false;119,95;137,47;17,52;17,52;0;0;12,74;;;;;;;;;;;;;;;;;;;;;;;;;;;;;;;;;;;;;;;;;;;;;
V001277;2024-10-10;12:24;S03;E0020;C0129;2;84,31;6,77;P018;shoe;Nike;Casual;Air;42;Red Blood;true;76,73;82,16;5,43;5,43;0;0;6,61;A004;accessory;Accessoire;Bonnet;Bonnet;XS;Black;false;7,58;8,92;1,34;0;0;1,34;15,02;;;;;;;;;;;;;;;;;;;;;;;;;;;;;;
V001278;2024-03-16;14:55;S05;E0027;C0241;1;137,47;0;P053;shoe;Nike;Limited Edition;Zoom;38;Deep Blue;false;137,47;137,47;0;0;0;0;0;;;;;;;;;;;;;;;;;;;;;;;;;;;;;;;;;;;;;;;;;;;;;
V001279;2024-05-27;14:38;S04;E0023;C0069;2;303,8;0;P003;shoe;New Balance;Limited Edition;Max;40;Electric Blue;false;196;196;0;0;0;0;0;P017;shoe;New Balance;Trail;Zoom;40;Classic Grey;false;107,8;107,8;0;0;0;0;0;;;;;;;;;;;;;;;;;;;;;;;;;;;;;;
V001280;2024-06-22;17:30;S05;E0028;C0222;1;119,95;0;P027;shoe;Jordans;Trail;Flex;40;Pink;true;119,95;119,95;0;0;0;0;0;;;;;;;;;;;;;;;;;;;;;;;;;;;;;;;;;;;;;;;;;;;;;
V001281;2024-10-03;13:33;S03;E0019;C0087;1;99,63;0;P005;shoe;Nike;Casual;Max;33;Premium Black;false;99,63;99,63;0;0;0;0;0;;;;;;;;;;;;;;;;;;;;;;;;;;;;;;;;;;;;;;;;;;;;;
V001282;2024-05-10;09:10;S02;E0011;C0247;1;101,8;0;P085;shoe;Asics;Casual;Pro;39;White;false;101,8;101,8;0;0;0;0;0;;;;;;;;;;;;;;;;;;;;;;;;;;;;;;;;;;;;;;;;;;;;;
V001283;2024-01-11;09:34;S08;E0054;C0236;1;115,62;0;P087;shoe;Asics;Training;Elite;39;Black;false;115,62;115,62;0;0;0;0;0;;;;;;;;;;;;;;;;;;;;;;;;;;;;;;;;;;;;;;;;;;;;;
V001284;2024-12-23;15:17;S04;E0022;C0008;2;385,04;24,6;P080;shoe;New Balance;Limited Edition;Flex;38;Black;false;229,22;253,82;24,6;0;24,6;0;9,69;P011;shoe;New Balance;Running;Max;38;Electric Blue;false;155,82;155,82;0;0;0;0;0;;;;;;;;;;;;;;;;;;;;;;;;;;;;;;
V001285;2024-11-08;15:29;S02;E0014;C0190;1;130,04;0;P031;shoe;Puma;Limited Edition;Elite;32;Black;false;130,04;130,04;0;0;0;0;0;;;;;;;;;;;;;;;;;;;;;;;;;;;;;;;;;;;;;;;;;;;;;
V001286;2024-02-22;14:29;S05;E0028;C0371;1;106,19;0;P088;shoe;Adidas;Running;Zoom;36;Black;true;106,19;106,19;0;0;0;0;0;;;;;;;;;;;;;;;;;;;;;;;;;;;;;;;;;;;;;;;;;;;;;
V001287;2024-09-04;15:20;S05;E0030;C0232;1;150,78;0;P052;shoe;Nike;Limited Edition;Max;30;Deep Purple;true;150,78;150,78;0;0;0;0;0;;;;;;;;;;;;;;;;;;;;;;;;;;;;;;;;;;;;;;;;;;;;;
V001288;2024-01-09;16:58;S04;E0023;C0098;1;77,42;0;P029;shoe;Adidas;Basketball;Zoom;45;Brown Bear;false;77,42;77,42;0;0;0;0;0;;;;;;;;;;;;;;;;;;;;;;;;;;;;;;;;;;;;;;;;;;;;;
V001289;2024-12-11;14:47;S03;E0015;C0373;1;90,94;0;P010;shoe;Asics;Training;Air;33;Brown Bear;false;90,94;90,94;0;0;0;0;0;;;;;;;;;;;;;;;;;;;;;;;;;;;;;;;;;;;;;;;;;;;;;
V001290;2024-12-02;14:00;S02;E0007;C0404;1;142,69;0;P026;shoe;Asics;Running;Air;43;Gold;true;142,69;142,69;0;0;0;0;0;;;;;;;;;;;;;;;;;;;;;;;;;;;;;;;;;;;;;;;;;;;;;
V001291;2024-04-10;09:21;S05;E0031;C0208;1;74,72;7,75;P018;shoe;Nike;Casual;Air;42;Red Blood;true;74,72;82,47;7,75;7,75;0;0;9,4;;;;;;;;;;;;;;;;;;;;;;;;;;;;;;;;;;;;;;;;;;;;;
V001292;2024-12-20;09:28;S03;E0017;C0247;2;119,64;0;P085;shoe;Asics;Casual;Pro;39;White;false;101,8;101,8;0;0;0;0;0;A009;accessory;Accessoire;Lacets;Lacets;L;Classic Grey;false;17,84;17,84;0;0;0;0;0;;;;;;;;;;;;;;;;;;;;;;;;;;;;;;
V001293;2024-11-01;17:14;S05;E0028;C0157;1;107,06;5,81;P013;shoe;Jordans;Casual;Pro;30;White;false;107,06;112,87;5,81;5,81;0;0;5,15;;;;;;;;;;;;;;;;;;;;;;;;;;;;;;;;;;;;;;;;;;;;;
V001294;2024-12-16;09:33;S02;E0006;C0394;1;99,63;0;P005;shoe;Nike;Casual;Max;33;Premium Black;false;99,63;99,63;0;0;0;0;0;;;;;;;;;;;;;;;;;;;;;;;;;;;;;;;;;;;;;;;;;;;;;
V001295;2024-12-02;16:38;S08;E0054;C0369;1;129,73;0;P047;shoe;Jordans;Trail;Air;37;Premium Black;true;129,73;129,73;0;0;0;0;0;;;;;;;;;;;;;;;;;;;;;;;;;;;;;;;;;;;;;;;;;;;;;
V001296;2024-08-20;18:47;S02;E0010;C0336;2;210,69;8,03;P062;shoe;Nike;Limited Edition;Air;42;White;false;128,53;136,56;8,03;8,03;0;0;5,88;P018;shoe;Nike;Casual;Air;42;Red Blood;true;82,16;82,16;0;0;0;0;0;;;;;;;;;;;;;;;;;;;;;;;;;;;;;;
V001297;2024-03-28;11:50;S04;E0024;C0250;2;128;12,92;P088;shoe;Adidas;Running;Zoom;36;Black;true;103,5;116,42;12,92;12,92;0;0;11,1;A005;accessory;Accessoire;Bonnet;Bonnet;M;Deep Blue;false;24,5;24,5;0;0;0;0;0;;;;;;;;;;;;;;;;;;;;;;;;;;;;;;
V001298;2024-08-22;12:37;S02;E0014;C0258;1;91,08;0;P063;shoe;Nike;Casual;Max;40;Pink;true;91,08;91,08;0;0;0;0;0;;;;;;;;;;;;;;;;;;;;;;;;;;;;;;;;;;;;;;;;;;;;;
V001299;2024-01-30;09:58;S02;E0006;C0391;1;104,63;18,46;P015;shoe;Asics;Training;Air;45;Deep Purple;false;104,63;123,09;18,46;0;0;18,46;15;;;;;;;;;;;;;;;;;;;;;;;;;;;;;;;;;;;;;;;;;;;;;
V001300;2024-02-22;13:39;S07;E0042;C0195;1;104;0;P007;shoe;Adidas;Basketball;Max;33;Electric Blue;false;104;104;0;0;0;0;0;;;;;;;;;;;;;;;;;;;;;;;;;;;;;;;;;;;;;;;;;;;;;
V001301;2024-07-17;16:01;S03;E0020;C0379;1;105,62;0;P088;shoe;Adidas;Running;Zoom;36;Black;true;105,62;105,62;0;0;0;0;0;;;;;;;;;;;;;;;;;;;;;;;;;;;;;;;;;;;;;;;;;;;;;
V001302;2024-07-20;14:33;S04;E0023;C0032;1;116,42;0;P088;shoe;Adidas;Running;Zoom;36;Black;true;116,42;116,42;0;0;0;0;0;;;;;;;;;;;;;;;;;;;;;;;;;;;;;;;;;;;;;;;;;;;;;
V001303;2024-05-10;14:52;S05;E0034;C0153;1;80,36;0;P044;shoe;Nike;Basketball;Flex;32;Pink;false;80,36;80,36;0;0;0;0;0;;;;;;;;;;;;;;;;;;;;;;;;;;;;;;;;;;;;;;;;;;;;;
V001304;2024-12-10;14:04;S05;E0031;C0332;1;117,7;0;P023;shoe;Adidas;Basketball;Zoom;38;Pink;false;117,7;117,7;0;0;0;0;0;;;;;;;;;;;;;;;;;;;;;;;;;;;;;;;;;;;;;;;;;;;;;
V001305;2024-02-15;13:20;S03;E0020;C0383;2;173,9;0;P026;shoe;Asics;Running;Air;43;Gold;true;142,69;142,69;0;0;0;0;0;A007;accessory;Accessoire;Casquette;Casquette;M;Deep Blue;false;31,21;31,21;0;0;0;0;0;;;;;;;;;;;;;;;;;;;;;;;;;;;;;;
V001306;2024-08-15;17:26;S08;E0050;C0356;1;98,19;0;P007;shoe;Adidas;Basketball;Max;33;Electric Blue;false;98,19;98,19;0;0;0;0;0;;;;;;;;;;;;;;;;;;;;;;;;;;;;;;;;;;;;;;;;;;;;;
V001307;2024-02-24;09:51;S04;E0024;C0316;1;215,75;38,07;P080;shoe;New Balance;Limited Edition;Flex;38;Black;false;215,75;253,82;38,07;0;0;38,07;15;;;;;;;;;;;;;;;;;;;;;;;;;;;;;;;;;;;;;;;;;;;;;
V001308;2024-04-15;18:12;S02;E0006;C0041;1;142,69;0;P026;shoe;Asics;Running;Air;43;Gold;true;142,69;142,69;0;0;0;0;0;;;;;;;;;;;;;;;;;;;;;;;;;;;;;;;;;;;;;;;;;;;;;
V001309;2024-09-03;14:43;S05;E0030;C0349;1;80,36;0;P051;shoe;Jordans;Trail;Elite;31;Sunny Yellow;false;80,36;80,36;0;0;0;0;0;;;;;;;;;;;;;;;;;;;;;;;;;;;;;;;;;;;;;;;;;;;;;
V001310;2024-05-24;12:58;S02;E0014;C0221;1;80,07;0;P025;shoe;Asics;Trail;Flex;36;Sunny Yellow;false;80,07;80,07;0;0;0;0;0;;;;;;;;;;;;;;;;;;;;;;;;;;;;;;;;;;;;;;;;;;;;;
V001311;2024-11-11;12:11;S07;E0043;C0195;1;301,32;0;P037;shoe;Puma;Limited Edition;Zoom;38;Gold;true;301,32;301,32;0;0;0;0;0;;;;;;;;;;;;;;;;;;;;;;;;;;;;;;;;;;;;;;;;;;;;;
V001312;2024-05-30;15:19;S05;E0031;C0371;1;106,19;0;P088;shoe;Adidas;Running;Zoom;36;Black;true;106,19;106,19;0;0;0;0;0;;;;;;;;;;;;;;;;;;;;;;;;;;;;;;;;;;;;;;;;;;;;;
V001313;2024-09-09;12:43;S02;E0006;C0103;2;122,29;0;P063;shoe;Nike;Casual;Max;40;Pink;true;91,08;91,08;0;0;0;0;0;A003;accessory;Accessoire;Tee-shirt;Tee-shirt;S;White;false;31,21;31,21;0;0;0;0;0;;;;;;;;;;;;;;;;;;;;;;;;;;;;;;
V001314;2024-03-28;09:04;S08;E0048;C0120;1;90,26;0;P068;shoe;New Balance;Trail;Zoom;40;Light Green;true;90,26;90,26;0;0;0;0;0;;;;;;;;;;;;;;;;;;;;;;;;;;;;;;;;;;;;;;;;;;;;;
V001315;2024-05-31;18:20;S08;E0048;C0156;1;134,32;0;P084;shoe;Reebok;Trail;Air;44;Premium Black;false;134,32;134,32;0;0;0;0;0;;;;;;;;;;;;;;;;;;;;;;;;;;;;;;;;;;;;;;;;;;;;;
V001316;2024-04-01;17:16;S07;E0043;C0388;2;172,32;0;P004;shoe;Puma;Basketball;Max;34;White;true;58,32;58,32;0;0;0;0;0;P054;shoe;Puma;Running;Pro;34;Pink;false;114;114;0;0;0;0;0;;;;;;;;;;;;;;;;;;;;;;;;;;;;;;
V001317;2024-05-04;19:49;S04;E0023;C0093;1;137,2;0;P055;shoe;Reebok;Training;Zoom;31;Gold;false;137,2;137,2;0;0;0;0;0;;;;;;;;;;;;;;;;;;;;;;;;;;;;;;;;;;;;;;;;;;;;;
V001318;2024-04-15;10:38;S05;E0033;C0020;1;97,41;22,54;P027;shoe;Jordans;Trail;Flex;40;Pink;true;97,41;119,95;22,54;22,54;0;0;18,79;;;;;;;;;;;;;;;;;;;;;;;;;;;;;;;;;;;;;;;;;;;;;
V001319;2024-10-09;13:39;S01;E0005;C0338;1;249,95;46,55;P073;shoe;Reebok;Limited Edition;Elite;39;Deep Blue;true;249,95;296,5;46,55;46,55;0;0;15,7;;;;;;;;;;;;;;;;;;;;;;;;;;;;;;;;;;;;;;;;;;;;;
V001320;2024-06-14;10:49;S05;E0030;C0009;2;219,94;0;P018;shoe;Nike;Casual;Air;42;Red Blood;true;82,47;82,47;0;0;0;0;0;P062;shoe;Nike;Limited Edition;Air;42;White;false;137,47;137,47;0;0;0;0;0;;;;;;;;;;;;;;;;;;;;;;;;;;;;;;
V001321;2024-10-22;09:03;S06;E0039;C0095;1;82,77;0;P060;shoe;Puma;Casual;Flex;44;Deep Blue;false;82,77;82,77;0;0;0;0;0;;;;;;;;;;;;;;;;;;;;;;;;;;;;;;;;;;;;;;;;;;;;;
V001322;2024-07-31;09:23;S03;E0019;C0056;1;105,62;0;P088;shoe;Adidas;Running;Zoom;36;Black;true;105,62;105,62;0;0;0;0;0;;;;;;;;;;;;;;;;;;;;;;;;;;;;;;;;;;;;;;;;;;;;;
V001323;2024-04-18;14:59;S02;E0006;C0017;1;131,78;0;P041;shoe;Puma;Trail;Pro;39;Premium Black;false;131,78;131,78;0;0;0;0;0;;;;;;;;;;;;;;;;;;;;;;;;;;;;;;;;;;;;;;;;;;;;;
V001324;2024-05-20;16:42;S06;E0037;C0393;1;101,66;0;P007;shoe;Adidas;Basketball;Max;33;Electric Blue;false;101,66;101,66;0;0;0;0;0;;;;;;;;;;;;;;;;;;;;;;;;;;;;;;;;;;;;;;;;;;;;;
V001325;2024-07-05;12:53;S05;E0031;C0016;2;219,94;0;P018;shoe;Nike;Casual;Air;42;Red Blood;true;82,47;82,47;0;0;0;0;0;P062;shoe;Nike;Limited Edition;Air;42;White;false;137,47;137,47;0;0;0;0;0;;;;;;;;;;;;;;;;;;;;;;;;;;;;;;
V001326;2024-03-19;15:16;S06;E0039;C0008;2;156,03;0;P053;shoe;Nike;Limited Edition;Zoom;38;Deep Blue;false;138,59;138,59;0;0;0;0;0;A009;accessory;Accessoire;Lacets;Lacets;L;Classic Grey;false;17,44;17,44;0;0;0;0;0;;;;;;;;;;;;;;;;;;;;;;;;;;;;;;
V001327;2024-10-08;16:44;S08;E0054;C0218;1;70,06;0;P079;shoe;New Balance;Basketball;Flex;32;Deep Blue;true;70,06;70,06;0;0;0;0;0;;;;;;;;;;;;;;;;;;;;;;;;;;;;;;;;;;;;;;;;;;;;;
V001328;2024-06-22;13:33;S04;E0024;C0226;1;112,69;3,73;P088;shoe;Adidas;Running;Zoom;36;Black;true;112,69;116,42;3,73;3,73;0;0;3,2;;;;;;;;;;;;;;;;;;;;;;;;;;;;;;;;;;;;;;;;;;;;;
V001329;2024-03-01;14:07;S03;E0020;C0094;1;95,52;10,1;P088;shoe;Adidas;Running;Zoom;36;Black;true;95,52;105,62;10,1;0;10,1;0;9,56;;;;;;;;;;;;;;;;;;;;;;;;;;;;;;;;;;;;;;;;;;;;;
V001330;2024-11-01;14:59;S02;E0008;C0123;1;101,8;0;P009;shoe;Asics;Trail;Flex;40;Red Blood;false;101,8;101,8;0;0;0;0;0;;;;;;;;;;;;;;;;;;;;;;;;;;;;;;;;;;;;;;;;;;;;;
V001331;2024-01-23;11:58;S05;E0033;C0261;1;96,15;23,8;P027;shoe;Jordans;Trail;Flex;40;Pink;true;96,15;119,95;23,8;0;23,8;0;19,84;;;;;;;;;;;;;;;;;;;;;;;;;;;;;;;;;;;;;;;;;;;;;
V001332;2024-05-07;12:59;S03;E0020;C0122;1;105,62;0;P088;shoe;Adidas;Running;Zoom;36;Black;true;105,62;105,62;0;0;0;0;0;;;;;;;;;;;;;;;;;;;;;;;;;;;;;;;;;;;;;;;;;;;;;
V001333;2024-07-24;15:30;S08;E0050;C0050;2;160,26;0;P047;shoe;Jordans;Trail;Air;37;Premium Black;true;129,73;129,73;0;0;0;0;0;A007;accessory;Accessoire;Casquette;Casquette;M;Deep Blue;false;30,53;30,53;0;0;0;0;0;;;;;;;;;;;;;;;;;;;;;;;;;;;;;;
V001334;2024-01-29;17:14;S08;E0047;C0141;3;170,54;8,32;P001;shoe;New Balance;Training;Max;41;Electric Blue;true;117,8;117,8;0;0;0;0;0;A007;accessory;Accessoire;Casquette;Casquette;M;Deep Blue;false;30,53;30,53;0;0;0;0;0;A007;accessory;Accessoire;Casquette;Casquette;M;Deep Blue;false;22,21;30,53;8,32;2,21;0;6,11;27,25;;;;;;;;;;;;;;;
V001335;2024-11-26;14:10;S03;E0017;C0288;1;149,74;0;P052;shoe;Nike;Limited Edition;Max;30;Deep Purple;true;149,74;149,74;0;0;0;0;0;;;;;;;;;;;;;;;;;;;;;;;;;;;;;;;;;;;;;;;;;;;;;
V001336;2024-01-31;15:58;S08;E0054;C0193;1;139;0;P003;shoe;New Balance;Limited Edition;Max;40;Electric Blue;false;139;139;0;0;0;0;0;;;;;;;;;;;;;;;;;;;;;;;;;;;;;;;;;;;;;;;;;;;;;
V001337;2024-10-08;09:06;S07;E0042;C0284;1;204,12;0;P026;shoe;Asics;Running;Air;43;Gold;true;204,12;204,12;0;0;0;0;0;;;;;;;;;;;;;;;;;;;;;;;;;;;;;;;;;;;;;;;;;;;;;
V001338;2024-08-07;09:00;S08;E0047;C0043;1;160,72;12,16;P073;shoe;Reebok;Limited Edition;Elite;39;Deep Blue;true;160,72;172,88;12,16;12,16;0;0;7,03;;;;;;;;;;;;;;;;;;;;;;;;;;;;;;;;;;;;;;;;;;;;;
V001339;2024-07-22;12:59;S06;E0036;C0240;1;93,64;0;P063;shoe;Nike;Casual;Max;40;Pink;true;93,64;93,64;0;0;0;0;0;;;;;;;;;;;;;;;;;;;;;;;;;;;;;;;;;;;;;;;;;;;;;
V001340;2024-05-24;12:27;S07;E0042;C0312;1;129,6;0;P083;shoe;New Balance;Trail;Flex;33;Brown Bear;true;129,6;129,6;0;0;0;0;0;;;;;;;;;;;;;;;;;;;;;;;;;;;;;;;;;;;;;;;;;;;;;
V001341;2024-11-21;12:30;S08;E0048;C0037;1;68,88;0;P066;shoe;Adidas;Casual;Air;34;Black;false;68,88;68,88;0;0;0;0;0;;;;;;;;;;;;;;;;;;;;;;;;;;;;;;;;;;;;;;;;;;;;;
V001342;2024-10-18;12:53;S02;E0006;C0226;2;233,57;0;P006;shoe;Asics;Limited Edition;Air;36;Pink;false;153,5;153,5;0;0;0;0;0;P025;shoe;Asics;Trail;Flex;36;Sunny Yellow;false;80,07;80,07;0;0;0;0;0;;;;;;;;;;;;;;;;;;;;;;;;;;;;;;
V001343;2024-03-27;13:24;S05;E0032;C0382;1;88,7;0;P029;shoe;Adidas;Basketball;Zoom;45;Brown Bear;false;88,7;88,7;0;0;0;0;0;;;;;;;;;;;;;;;;;;;;;;;;;;;;;;;;;;;;;;;;;;;;;
V001344;2024-09-16;09:22;S06;E0039;C0126;1;82,77;0;P014;shoe;Adidas;Basketball;Flex;30;Brown Bear;false;82,77;82,77;0;0;0;0;0;;;;;;;;;;;;;;;;;;;;;;;;;;;;;;;;;;;;;;;;;;;;;
V001345;2024-06-19;09:20;S05;E0033;C0232;1;100,13;0;P005;shoe;Nike;Casual;Max;33;Premium Black;false;100,13;100,13;0;0;0;0;0;;;;;;;;;;;;;;;;;;;;;;;;;;;;;;;;;;;;;;;;;;;;;
V001346;2024-09-10;16:25;S04;E0023;C0032;1;116,42;0;P088;shoe;Adidas;Running;Zoom;36;Black;true;116,42;116,42;0;0;0;0;0;;;;;;;;;;;;;;;;;;;;;;;;;;;;;;;;;;;;;;;;;;;;;
V001347;2024-10-29;14:26;S03;E0016;C0309;2;186,22;0;P014;shoe;Adidas;Basketball;Flex;30;Brown Bear;false;80,07;80,07;0;0;0;0;0;P067;shoe;Adidas;Running;Pro;30;Light Green;false;106,15;106,15;0;0;0;0;0;;;;;;;;;;;;;;;;;;;;;;;;;;;;;;
V001348;2024-01-17;13:16;S07;E0043;C0199;1;129,6;0;P083;shoe;New Balance;Trail;Flex;33;Brown Bear;true;129,6;129,6;0;0;0;0;0;;;;;;;;;;;;;;;;;;;;;;;;;;;;;;;;;;;;;;;;;;;;;
V001349;2024-09-05;09:07;S05;E0031;C0190;1;106,19;0;P088;shoe;Adidas;Running;Zoom;36;Black;true;106,19;106,19;0;0;0;0;0;;;;;;;;;;;;;;;;;;;;;;;;;;;;;;;;;;;;;;;;;;;;;
V001350;2024-09-18;17:49;S03;E0020;C0291;2;233,57;0;P025;shoe;Asics;Trail;Flex;36;Sunny Yellow;false;80,07;80,07;0;0;0;0;0;P006;shoe;Asics;Limited Edition;Air;36;Pink;false;153,5;153,5;0;0;0;0;0;;;;;;;;;;;;;;;;;;;;;;;;;;;;;;
V001351;2024-12-03;19:48;S04;E0024;C0369;2;276;12,83;P073;shoe;Reebok;Limited Edition;Elite;39;Deep Blue;true;262,03;274,13;12,1;0;12,1;0;4,41;A011;accessory;Accessoire;Casquette;Casquette;L;Classic Grey;false;13,97;14,7;0,73;0,73;0;0;4,97;;;;;;;;;;;;;;;;;;;;;;;;;;;;;;
V001352;2024-07-11;12:14;S06;E0040;C0286;3;91,46;15,17;P018;shoe;Nike;Casual;Air;42;Red Blood;true;72,93;84,83;11,9;0;11,9;0;14,03;A004;accessory;Accessoire;Bonnet;Bonnet;XS;Black;false;8,72;8,72;0;0;0;0;0;A011;accessory;Accessoire;Casquette;Casquette;L;Classic Grey;false;9,81;13,08;3,27;0;0;3,27;25;;;;;;;;;;;;;;;
V001353;2024-08-27;13:08;S04;E0023;C0159;1;138,86;21,86;P021;shoe;Reebok;Casual;Air;32;Gold;false;138,86;160,72;21,86;21,86;0;0;13,6;;;;;;;;;;;;;;;;;;;;;;;;;;;;;;;;;;;;;;;;;;;;;
V001354;2024-07-11;14:20;S03;E0020;C0168;1;107,45;46,05;P006;shoe;Asics;Limited Edition;Air;36;Pink;false;107,45;153,5;46,05;0;0;46,05;30;;;;;;;;;;;;;;;;;;;;;;;;;;;;;;;;;;;;;;;;;;;;;
V001355;2024-06-12;17:01;S02;E0011;C0369;1;149,74;0;P052;shoe;Nike;Limited Edition;Max;30;Deep Purple;true;149,74;149,74;0;0;0;0;0;;;;;;;;;;;;;;;;;;;;;;;;;;;;;;;;;;;;;;;;;;;;;
V001356;2024-10-25;14:35;S08;E0049;C0192;2;126,08;0,44;P001;shoe;New Balance;Training;Max;41;Electric Blue;true;117,8;117,8;0;0;0;0;0;A004;accessory;Accessoire;Bonnet;Bonnet;XS;Black;false;8,28;8,72;0,44;0;0;0,44;5,05;;;;;;;;;;;;;;;;;;;;;;;;;;;;;;
V001357;2024-03-20;17:31;S08;E0048;C0016;1;109,43;6,19;P023;shoe;Adidas;Basketball;Zoom;38;Pink;false;109,43;115,62;6,19;6,19;0;0;5,35;;;;;;;;;;;;;;;;;;;;;;;;;;;;;;;;;;;;;;;;;;;;;
V001358;2024-04-01;14:32;S08;E0048;C0325;1;76,95;0;P033;shoe;Jordans;Running;Max;31;Red Blood;false;76,95;76,95;0;0;0;0;0;;;;;;;;;;;;;;;;;;;;;;;;;;;;;;;;;;;;;;;;;;;;;
V001359;2024-10-28;13:59;S02;E0006;C0379;1;184,93;0;P037;shoe;Puma;Limited Edition;Zoom;38;Gold;true;184,93;184,93;0;0;0;0;0;;;;;;;;;;;;;;;;;;;;;;;;;;;;;;;;;;;;;;;;;;;;;
V001360;2024-07-19;11:53;S03;E0018;C0363;1;91,08;0;P063;shoe;Nike;Casual;Max;40;Pink;true;91,08;91,08;0;0;0;0;0;;;;;;;;;;;;;;;;;;;;;;;;;;;;;;;;;;;;;;;;;;;;;
V001361;2024-09-11;10:34;S08;E0054;C0119;1;109,08;0;P083;shoe;New Balance;Trail;Flex;33;Brown Bear;true;109,08;109,08;0;0;0;0;0;;;;;;;;;;;;;;;;;;;;;;;;;;;;;;;;;;;;;;;;;;;;;
V001362;2024-09-05;13:38;S03;E0015;C0321;1;69,21;0;P066;shoe;Adidas;Casual;Air;34;Black;false;69,21;69,21;0;0;0;0;0;;;;;;;;;;;;;;;;;;;;;;;;;;;;;;;;;;;;;;;;;;;;;
V001363;2024-01-13;09:26;S05;E0035;C0196;1;82,47;0;P018;shoe;Nike;Casual;Air;42;Red Blood;true;82,47;82,47;0;0;0;0;0;;;;;;;;;;;;;;;;;;;;;;;;;;;;;;;;;;;;;;;;;;;;;
V001364;2024-06-28;17:45;S08;E0054;C0150;1;104,48;0;P088;shoe;Adidas;Running;Zoom;36;Black;true;104,48;104,48;0;0;0;0;0;;;;;;;;;;;;;;;;;;;;;;;;;;;;;;;;;;;;;;;;;;;;;
V001365;2024-06-25;14:29;S03;E0017;C0102;1;80,07;0;P025;shoe;Asics;Trail;Flex;36;Sunny Yellow;false;80,07;80,07;0;0;0;0;0;;;;;;;;;;;;;;;;;;;;;;;;;;;;;;;;;;;;;;;;;;;;;
V001366;2024-05-29;13:47;S06;E0038;C0182;1;74,49;8,28;P044;shoe;Nike;Basketball;Flex;32;Pink;false;74,49;82,77;8,28;0;0;8,28;10;;;;;;;;;;;;;;;;;;;;;;;;;;;;;;;;;;;;;;;;;;;;;
V001367;2024-12-24;12:06;S07;E0043;C0199;1;85,32;0;P068;shoe;New Balance;Trail;Zoom;40;Light Green;true;85,32;85,32;0;0;0;0;0;;;;;;;;;;;;;;;;;;;;;;;;;;;;;;;;;;;;;;;;;;;;;
V001368;2024-07-05;11:27;S02;E0006;C0139;2;138,76;0;P076;shoe;Asics;Trail;Air;35;Premium Black;false;120,92;120,92;0;0;0;0;0;A010;accessory;Accessoire;Tee-shirt;Tee-shirt;XL;Black;false;17,84;17,84;0;0;0;0;0;;;;;;;;;;;;;;;;;;;;;;;;;;;;;;
V001369;2024-12-03;09:13;S08;E0051;C0273;1;79,5;0;P008;shoe;Reebok;Casual;Elite;35;Deep Blue;false;79,5;79,5;0;0;0;0;0;;;;;;;;;;;;;;;;;;;;;;;;;;;;;;;;;;;;;;;;;;;;;
V001370;2024-09-27;16:18;S05;E0031;C0118;1;150,78;0;P052;shoe;Nike;Limited Edition;Max;30;Deep Purple;true;150,78;150,78;0;0;0;0;0;;;;;;;;;;;;;;;;;;;;;;;;;;;;;;;;;;;;;;;;;;;;;
V001371;2024-03-04;16:36;S02;E0010;C0366;1;136,56;0;P053;shoe;Nike;Limited Edition;Zoom;38;Deep Blue;false;136,56;136,56;0;0;0;0;0;;;;;;;;;;;;;;;;;;;;;;;;;;;;;;;;;;;;;;;;;;;;;
V001372;2024-05-30;10:03;S04;E0023;C0095;1;116,42;0;P088;shoe;Adidas;Running;Zoom;36;Black;true;116,42;116,42;0;0;0;0;0;;;;;;;;;;;;;;;;;;;;;;;;;;;;;;;;;;;;;;;;;;;;;
V001373;2024-12-19;18:15;S08;E0051;C0225;1;124,12;0;P086;shoe;Adidas;Casual;Zoom;44;Premium Black;false;124,12;124,12;0;0;0;0;0;;;;;;;;;;;;;;;;;;;;;;;;;;;;;;;;;;;;;;;;;;;;;
V001374;2024-07-01;12:20;S07;E0044;C0010;1;229;0;P006;shoe;Asics;Limited Edition;Air;36;Pink;false;229;229;0;0;0;0;0;;;;;;;;;;;;;;;;;;;;;;;;;;;;;;;;;;;;;;;;;;;;;
V001375;2024-01-26;19:29;S04;E0025;C0129;1;58,8;0;P014;shoe;Adidas;Basketball;Flex;30;Brown Bear;false;58,8;58,8;0;0;0;0;0;;;;;;;;;;;;;;;;;;;;;;;;;;;;;;;;;;;;;;;;;;;;;
V001376;2024-09-10;16:12;S06;E0037;C0179;2;323,56;0;P020;shoe;Puma;Limited Edition;Zoom;33;Red Blood;false;157,49;157,49;0;0;0;0;0;P012;shoe;Puma;Limited Edition;Elite;33;Gold;false;166,07;166,07;0;0;0;0;0;;;;;;;;;;;;;;;;;;;;;;;;;;;;;;
V001377;2024-01-18;09:08;S02;E0013;C0068;1;59,16;23;P018;shoe;Nike;Casual;Air;42;Red Blood;true;59,16;82,16;23;0;23;0;27,99;;;;;;;;;;;;;;;;;;;;;;;;;;;;;;;;;;;;;;;;;;;;;
V001378;2024-12-25;18:22;S02;E0009;C0386;1;117;0;P035;shoe;Puma;Training;Pro;39;Red Blood;false;117;117;0;0;0;0;0;;;;;;;;;;;;;;;;;;;;;;;;;;;;;;;;;;;;;;;;;;;;;
V001379;2024-03-27;17:38;S01;E0002;C0051;1;174,9;0;P065;shoe;Reebok;Trail;Flex;41;Premium Black;false;174,9;174,9;0;0;0;0;0;;;;;;;;;;;;;;;;;;;;;;;;;;;;;;;;;;;;;;;;;;;;;
V001380;2024-07-05;11:58;S02;E0014;C0286;1;101,8;0;P009;shoe;Asics;Trail;Flex;40;Red Blood;false;101,8;101,8;0;0;0;0;0;;;;;;;;;;;;;;;;;;;;;;;;;;;;;;;;;;;;;;;;;;;;;
V001381;2024-02-19;11:31;S04;E0024;C0287;3;323,13;0;P073;shoe;Reebok;Limited Edition;Elite;39;Deep Blue;true;274,13;274,13;0;0;0;0;0;A006;accessory;Accessoire;Sac de sport;Sac de sport;XS;Black;false;39,2;39,2;0;0;0;0;0;A004;accessory;Accessoire;Bonnet;Bonnet;XS;Black;false;9,8;9,8;0;0;0;0;0;;;;;;;;;;;;;;;
V001382;2024-10-29;15:33;S05;E0030;C0095;1;106,19;0;P088;shoe;Adidas;Running;Zoom;36;Black;true;106,19;106,19;0;0;0;0;0;;;;;;;;;;;;;;;;;;;;;;;;;;;;;;;;;;;;;;;;;;;;;
V001383;2024-05-23;12:43;S03;E0015;C0021;1;153,5;0;P006;shoe;Asics;Limited Edition;Air;36;Pink;false;153,5;153,5;0;0;0;0;0;;;;;;;;;;;;;;;;;;;;;;;;;;;;;;;;;;;;;;;;;;;;;
V001384;2024-03-21;10:05;S01;E0002;C0172;1;174,9;0;P065;shoe;Reebok;Trail;Flex;41;Premium Black;false;174,9;174,9;0;0;0;0;0;;;;;;;;;;;;;;;;;;;;;;;;;;;;;;;;;;;;;;;;;;;;;
V001385;2024-11-12;17:03;S08;E0048;C0413;1;151,32;0;P006;shoe;Asics;Limited Edition;Air;36;Pink;false;151,32;151,32;0;0;0;0;0;;;;;;;;;;;;;;;;;;;;;;;;;;;;;;;;;;;;;;;;;;;;;
V001386;2024-12-11;16:19;S05;E0035;C0343;1;130,88;0;P069;shoe;Jordans;Limited Edition;Zoom;33;Deep Blue;false;130,88;130,88;0;0;0;0;0;;;;;;;;;;;;;;;;;;;;;;;;;;;;;;;;;;;;;;;;;;;;;
V001387;2024-03-18;12:46;S05;E0033;C0084;1;69,38;0;P066;shoe;Adidas;Casual;Air;34;Black;false;69,38;69,38;0;0;0;0;0;;;;;;;;;;;;;;;;;;;;;;;;;;;;;;;;;;;;;;;;;;;;;
V001388;2024-09-11;15:36;S05;E0032;C0068;1;122,8;0;P048;shoe;Jordans;Casual;Air;45;Brown Bear;true;122,8;122,8;0;0;0;0;0;;;;;;;;;;;;;;;;;;;;;;;;;;;;;;;;;;;;;;;;;;;;;
V001389;2024-04-09;10:49;S04;E0026;C0298;1;161,7;0;P065;shoe;Reebok;Trail;Flex;41;Premium Black;false;161,7;161,7;0;0;0;0;0;;;;;;;;;;;;;;;;;;;;;;;;;;;;;;;;;;;;;;;;;;;;;
V001390;2024-04-25;14:30;S07;E0042;C0190;1;229;0;P006;shoe;Asics;Limited Edition;Air;36;Pink;false;229;229;0;0;0;0;0;;;;;;;;;;;;;;;;;;;;;;;;;;;;;;;;;;;;;;;;;;;;;
V001391;2024-11-26;11:06;S08;E0054;C0054;1;110,94;0;P081;shoe;Adidas;Basketball;Max;32;Black;false;110,94;110,94;0;0;0;0;0;;;;;;;;;;;;;;;;;;;;;;;;;;;;;;;;;;;;;;;;;;;;;
V001392;2024-01-31;09:46;S08;E0050;C0088;1;76,95;0;P042;shoe;New Balance;Basketball;Air;30;Sunny Yellow;false;76,95;76,95;0;0;0;0;0;;;;;;;;;;;;;;;;;;;;;;;;;;;;;;;;;;;;;;;;;;;;;
V001393;2024-02-21;10:23;S02;E0008;C0398;1;118,75;0;P032;shoe;Puma;Training;Air;45;Premium Black;false;118,75;118,75;0;0;0;0;0;;;;;;;;;;;;;;;;;;;;;;;;;;;;;;;;;;;;;;;;;;;;;
V001394;2024-10-14;13:33;S03;E0018;C0094;1;136,56;0;P053;shoe;Nike;Limited Edition;Zoom;38;Deep Blue;false;136,56;136,56;0;0;0;0;0;;;;;;;;;;;;;;;;;;;;;;;;;;;;;;;;;;;;;;;;;;;;;
V001395;2024-08-07;15:40;S06;E0039;C0047;3;164,19;3,05;P077;shoe;Puma;Basketball;Zoom;39;Brown Bear;false;119,27;119,27;0;0;0;0;0;A012;accessory;Accessoire;Lacets;Lacets;XL;White;false;17,44;17,44;0;0;0;0;0;A003;accessory;Accessoire;Tee-shirt;Tee-shirt;S;White;false;27,48;30,53;3,05;0;0;3,05;9,99;;;;;;;;;;;;;;;
V001396;2024-07-30;12:25;S01;E0002;C0367;1;90,1;0;P071;shoe;Reebok;Casual;Elite;32;Brown Bear;false;90,1;90,1;0;0;0;0;0;;;;;;;;;;;;;;;;;;;;;;;;;;;;;;;;;;;;;;;;;;;;;
V001397;2024-12-27;19:29;S02;E0014;C0105;1;153,5;0;P006;shoe;Asics;Limited Edition;Air;36;Pink;false;153,5;153,5;0;0;0;0;0;;;;;;;;;;;;;;;;;;;;;;;;;;;;;;;;;;;;;;;;;;;;;
V001398;2024-11-18;12:07;S08;E0051;C0233;1;104,28;19,84;P065;shoe;Reebok;Trail;Flex;41;Premium Black;false;104,28;124,12;19,84;19,84;0;0;15,98;;;;;;;;;;;;;;;;;;;;;;;;;;;;;;;;;;;;;;;;;;;;;
V001399;2024-05-17;16:58;S06;E0040;C0171;1;68,74;14,03;P040;shoe;Nike;Trail;Zoom;44;Black;false;68,74;82,77;14,03;14,03;0;0;16,95;;;;;;;;;;;;;;;;;;;;;;;;;;;;;;;;;;;;;;;;;;;;;
V001400;2024-12-18;19:59;S02;E0011;C0188;1;184,93;0;P037;shoe;Puma;Limited Edition;Zoom;38;Gold;true;184,93;184,93;0;0;0;0;0;;;;;;;;;;;;;;;;;;;;;;;;;;;;;;;;;;;;;;;;;;;;;
V001401;2024-07-17;14:37;S03;E0015;C0379;1;91,08;0;P063;shoe;Nike;Casual;Max;40;Pink;true;91,08;91,08;0;0;0;0;0;;;;;;;;;;;;;;;;;;;;;;;;;;;;;;;;;;;;;;;;;;;;;
V001402;2024-02-15;18:54;S02;E0006;C0179;2;154,06;2,01;P026;shoe;Asics;Running;Air;43;Gold;true;142,69;142,69;0;0;0;0;0;A011;accessory;Accessoire;Casquette;Casquette;L;Classic Grey;false;11,37;13,38;2,01;0;0;2,01;15,02;;;;;;;;;;;;;;;;;;;;;;;;;;;;;;
V001403;2024-09-17;12:38;S08;E0050;C0088;1;117,8;0;P027;shoe;Jordans;Trail;Flex;40;Pink;true;117,8;117,8;0;0;0;0;0;;;;;;;;;;;;;;;;;;;;;;;;;;;;;;;;;;;;;;;;;;;;;
V001404;2024-09-25;09:47;S06;E0037;C0335;1;114,74;14,83;P064;shoe;Puma;Training;Pro;41;Black;false;114,74;129,57;14,83;14,83;0;0;11,45;;;;;;;;;;;;;;;;;;;;;;;;;;;;;;;;;;;;;;;;;;;;;
V001405;2024-04-01;09:39;S02;E0006;C0172;1;149,74;0;P052;shoe;Nike;Limited Edition;Max;30;Deep Purple;true;149,74;149,74;0;0;0;0;0;;;;;;;;;;;;;;;;;;;;;;;;;;;;;;;;;;;;;;;;;;;;;
V001406;2024-12-18;18:33;S02;E0009;C0236;2;218,8;0;P085;shoe;Asics;Casual;Pro;39;White;false;101,8;101,8;0;0;0;0;0;P087;shoe;Asics;Training;Elite;39;Black;false;117;117;0;0;0;0;0;;;;;;;;;;;;;;;;;;;;;;;;;;;;;;
V001407;2024-12-12;12:03;S04;E0026;C0168;1;142,1;0;P023;shoe;Adidas;Basketball;Zoom;38;Pink;false;142,1;142,1;0;0;0;0;0;;;;;;;;;;;;;;;;;;;;;;;;;;;;;;;;;;;;;;;;;;;;;
V001408;2024-08-20;18:32;S05;E0034;C0179;1;88,39;17,8;P088;shoe;Adidas;Running;Zoom;36;Black;true;88,39;106,19;17,8;0;17,8;0;16,76;;;;;;;;;;;;;;;;;;;;;;;;;;;;;;;;;;;;;;;;;;;;;
V001409;2024-07-01;16:08;S02;E0010;C0166;1;79,34;0;P004;shoe;Puma;Basketball;Max;34;White;true;79,34;79,34;0;0;0;0;0;;;;;;;;;;;;;;;;;;;;;;;;;;;;;;;;;;;;;;;;;;;;;
V001410;2024-03-04;17:40;S03;E0017;C0288;1;91,08;0;P063;shoe;Nike;Casual;Max;40;Pink;true;91,08;91,08;0;0;0;0;0;;;;;;;;;;;;;;;;;;;;;;;;;;;;;;;;;;;;;;;;;;;;;
V001411;2024-09-07;16:38;S04;E0023;C0038;1;274,13;0;P073;shoe;Reebok;Limited Edition;Elite;39;Deep Blue;true;274,13;274,13;0;0;0;0;0;;;;;;;;;;;;;;;;;;;;;;;;;;;;;;;;;;;;;;;;;;;;;
V001412;2024-02-14;15:43;S03;E0015;C0031;1;91,08;0;P063;shoe;Nike;Casual;Max;40;Pink;true;91,08;91,08;0;0;0;0;0;;;;;;;;;;;;;;;;;;;;;;;;;;;;;;;;;;;;;;;;;;;;;
V001413;2024-12-20;18:53;S08;E0054;C0319;1;100,75;0;P061;shoe;Reebok;Casual;Pro;41;White;false;100,75;100,75;0;0;0;0;0;;;;;;;;;;;;;;;;;;;;;;;;;;;;;;;;;;;;;;;;;;;;;
V001414;2024-04-10;14:19;S03;E0020;C0266;1;91,08;0;P063;shoe;Nike;Casual;Max;40;Pink;true;91,08;91,08;0;0;0;0;0;;;;;;;;;;;;;;;;;;;;;;;;;;;;;;;;;;;;;;;;;;;;;
V001415;2024-03-13;16:20;S04;E0024;C0352;1;264,81;9,32;P073;shoe;Reebok;Limited Edition;Elite;39;Deep Blue;true;264,81;274,13;9,32;9,32;0;0;3,4;;;;;;;;;;;;;;;;;;;;;;;;;;;;;;;;;;;;;;;;;;;;;
V001416;2024-12-03;13:09;S07;E0045;C0271;1;79;0;P029;shoe;Adidas;Basketball;Zoom;45;Brown Bear;false;79;79;0;0;0;0;0;;;;;;;;;;;;;;;;;;;;;;;;;;;;;;;;;;;;;;;;;;;;;
V001417;2024-07-30;13:23;S05;E0031;C0335;1;150,78;0;P052;shoe;Nike;Limited Edition;Max;30;Deep Purple;true;150,78;150,78;0;0;0;0;0;;;;;;;;;;;;;;;;;;;;;;;;;;;;;;;;;;;;;;;;;;;;;
V001418;2024-02-20;11:28;S08;E0054;C0019;1;104,48;0;P088;shoe;Adidas;Running;Zoom;36;Black;true;104,48;104,48;0;0;0;0;0;;;;;;;;;;;;;;;;;;;;;;;;;;;;;;;;;;;;;;;;;;;;;
V001419;2024-02-09;09:16;S05;E0027;C0342;1;66,66;13,7;P044;shoe;Nike;Basketball;Flex;32;Pink;false;66,66;80,36;13,7;0;13,7;0;17,05;;;;;;;;;;;;;;;;;;;;;;;;;;;;;;;;;;;;;;;;;;;;;
V001420;2024-02-01;14:00;S03;E0020;C0174;1;63,78;27,3;P063;shoe;Nike;Casual;Max;40;Pink;true;63,78;91,08;27,3;0;27,3;0;29,97;;;;;;;;;;;;;;;;;;;;;;;;;;;;;;;;;;;;;;;;;;;;;
V001421;2024-12-11;18:00;S07;E0043;C0213;1;301,32;0;P037;shoe;Puma;Limited Edition;Zoom;38;Gold;true;301,32;301,32;0;0;0;0;0;;;;;;;;;;;;;;;;;;;;;;;;;;;;;;;;;;;;;;;;;;;;;
V001422;2024-09-14;13:32;S04;E0024;C0287;1;274,13;0;P073;shoe;Reebok;Limited Edition;Elite;39;Deep Blue;true;274,13;274,13;0;0;0;0;0;;;;;;;;;;;;;;;;;;;;;;;;;;;;;;;;;;;;;;;;;;;;;
V001423;2024-03-25;13:35;S03;E0016;C0019;1;75,38;15,7;P063;shoe;Nike;Casual;Max;40;Pink;true;75,38;91,08;15,7;0;15,7;0;17,24;;;;;;;;;;;;;;;;;;;;;;;;;;;;;;;;;;;;;;;;;;;;;
V001424;2024-11-29;10:21;S08;E0047;C0156;1;124,12;0;P065;shoe;Reebok;Trail;Flex;41;Premium Black;false;124,12;124,12;0;0;0;0;0;;;;;;;;;;;;;;;;;;;;;;;;;;;;;;;;;;;;;;;;;;;;;
V001425;2024-02-16;13:06;S03;E0017;C0247;1;123,09;0;P019;shoe;Asics;Casual;Zoom;37;Deep Purple;false;123,09;123,09;0;0;0;0;0;;;;;;;;;;;;;;;;;;;;;;;;;;;;;;;;;;;;;;;;;;;;;
V001426;2024-12-21;16:43;S05;E0033;C0284;1;150,78;0;P052;shoe;Nike;Limited Edition;Max;30;Deep Purple;true;150,78;150,78;0;0;0;0;0;;;;;;;;;;;;;;;;;;;;;;;;;;;;;;;;;;;;;;;;;;;;;
V001427;2024-06-06;17:10;S08;E0049;C0330;1;104,48;0;P088;shoe;Adidas;Running;Zoom;36;Black;true;104,48;104,48;0;0;0;0;0;;;;;;;;;;;;;;;;;;;;;;;;;;;;;;;;;;;;;;;;;;;;;
V001428;2024-05-31;15:56;S02;E0010;C0275;1;99,63;0;P005;shoe;Nike;Casual;Max;33;Premium Black;false;99,63;99,63;0;0;0;0;0;;;;;;;;;;;;;;;;;;;;;;;;;;;;;;;;;;;;;;;;;;;;;
V001429;2024-05-28;17:06;S08;E0054;C0344;2;140,67;28,09;P006;shoe;Asics;Limited Edition;Air;36;Pink;false;126,15;151,32;25,17;25,17;0;0;16,63;A010;accessory;Accessoire;Tee-shirt;Tee-shirt;XL;Black;false;14,52;17,44;2,92;2,92;0;0;16,74;;;;;;;;;;;;;;;;;;;;;;;;;;;;;;
V001430;2024-02-08;18:55;S07;E0043;C0369;1;57,48;2,52;P057;shoe;Asics;Trail;Zoom;33;Brown Bear;false;57,48;60;2,52;2,52;0;0;4,2;;;;;;;;;;;;;;;;;;;;;;;;;;;;;;;;;;;;;;;;;;;;;
V001431;2024-10-31;14:44;S04;E0024;C0088;3;162,48;2,94;P088;shoe;Adidas;Running;Zoom;36;Black;true;116,42;116,42;0;0;0;0;0;A007;accessory;Accessoire;Casquette;Casquette;M;Deep Blue;false;34,3;34,3;0;0;0;0;0;A011;accessory;Accessoire;Casquette;Casquette;L;Classic Grey;false;11,76;14,7;2,94;0;0;2,94;20;;;;;;;;;;;;;;;
V001432;2024-10-05;17:25;S04;E0024;C0307;1;274,13;0;P073;shoe;Reebok;Limited Edition;Elite;39;Deep Blue;true;274,13;274,13;0;0;0;0;0;;;;;;;;;;;;;;;;;;;;;;;;;;;;;;;;;;;;;;;;;;;;;
V001433;2024-03-23;17:50;S05;E0034;C0127;3;181,87;0;P047;shoe;Jordans;Trail;Air;37;Premium Black;true;132,28;132,28;0;0;0;0;0;A007;accessory;Accessoire;Casquette;Casquette;M;Deep Blue;false;31,56;31,56;0;0;0;0;0;A012;accessory;Accessoire;Lacets;Lacets;XL;White;false;18,03;18,03;0;0;0;0;0;;;;;;;;;;;;;;;
V001434;2024-09-10;14:21;S04;E0026;C0064;1;274,13;0;P073;shoe;Reebok;Limited Edition;Elite;39;Deep Blue;true;274,13;274,13;0;0;0;0;0;;;;;;;;;;;;;;;;;;;;;;;;;;;;;;;;;;;;;;;;;;;;;
V001435;2024-08-28;09:11;S06;E0040;C0172;1;82,77;0;P040;shoe;Nike;Trail;Zoom;44;Black;false;82,77;82,77;0;0;0;0;0;;;;;;;;;;;;;;;;;;;;;;;;;;;;;;;;;;;;;;;;;;;;;
V001436;2024-05-20;13:11;S06;E0039;C0417;2;89,59;6,26;P014;shoe;Adidas;Basketball;Flex;30;Brown Bear;false;76,51;82,77;6,26;6,26;0;0;7,56;A011;accessory;Accessoire;Casquette;Casquette;L;Classic Grey;false;13,08;13,08;0;0;0;0;0;;;;;;;;;;;;;;;;;;;;;;;;;;;;;;
V001437;2024-03-25;14:14;S05;E0033;C0119;2;211,29;0;P027;shoe;Jordans;Trail;Flex;40;Pink;true;119,95;119,95;0;0;0;0;0;P075;shoe;Jordans;Casual;Air;40;Deep Blue;false;91,34;91,34;0;0;0;0;0;;;;;;;;;;;;;;;;;;;;;;;;;;;;;;
V001438;2024-08-14;15:44;S05;E0032;C0172;1;91,48;0;P063;shoe;Nike;Casual;Max;40;Pink;true;91,48;91,48;0;0;0;0;0;;;;;;;;;;;;;;;;;;;;;;;;;;;;;;;;;;;;;;;;;;;;;
V001439;2024-10-29;18:03;S07;E0043;C0302;1;73,21;45,59;P088;shoe;Adidas;Running;Zoom;36;Black;true;73,21;118,8;45,59;16,39;29,2;0;38,38;;;;;;;;;;;;;;;;;;;;;;;;;;;;;;;;;;;;;;;;;;;;;
V001440;2024-05-13;16:56;S06;E0039;C0251;1;118,84;0;P043;shoe;Adidas;Running;Max;32;Pink;false;118,84;118,84;0;0;0;0;0;;;;;;;;;;;;;;;;;;;;;;;;;;;;;;;;;;;;;;;;;;;;;
V001441;2024-03-15;16:15;S07;E0045;C0379;2;209;6;P031;shoe;Puma;Limited Edition;Elite;32;Black;false;175;175;0;0;0;0;0;A006;accessory;Accessoire;Sac de sport;Sac de sport;XS;Black;false;34;40;6;0;0;6;15;;;;;;;;;;;;;;;;;;;;;;;;;;;;;;
V001442;2024-10-05;15:27;S05;E0035;C0281;1;82,47;0;P018;shoe;Nike;Casual;Air;42;Red Blood;true;82,47;82,47;0;0;0;0;0;;;;;;;;;;;;;;;;;;;;;;;;;;;;;;;;;;;;;;;;;;;;;
V001443;2024-10-19;16:46;S05;E0028;C0038;1;135,68;15,1;P052;shoe;Nike;Limited Edition;Max;30;Deep Purple;true;135,68;150,78;15,1;0;15,1;0;10,01;;;;;;;;;;;;;;;;;;;;;;;;;;;;;;;;;;;;;;;;;;;;;
V001444;2024-12-19;09:51;S07;E0044;C0368;1;54;0;P078;shoe;Puma;Training;Elite;30;Light Green;false;54;54;0;0;0;0;0;;;;;;;;;;;;;;;;;;;;;;;;;;;;;;;;;;;;;;;;;;;;;
V001445;2024-12-06;13:04;S05;E0032;C0301;1;137,47;0;P053;shoe;Nike;Limited Edition;Zoom;38;Deep Blue;false;137,47;137,47;0;0;0;0;0;;;;;;;;;;;;;;;;;;;;;;;;;;;;;;;;;;;;;;;;;;;;;
V001446;2024-02-17;14:51;S04;E0023;C0311;1;101,92;0;P007;shoe;Adidas;Basketball;Max;33;Electric Blue;false;101,92;101,92;0;0;0;0;0;;;;;;;;;;;;;;;;;;;;;;;;;;;;;;;;;;;;;;;;;;;;;
V001447;2024-12-24;09:37;S08;E0048;C0383;1;117,8;0;P027;shoe;Jordans;Trail;Flex;40;Pink;true;117,8;117,8;0;0;0;0;0;;;;;;;;;;;;;;;;;;;;;;;;;;;;;;;;;;;;;;;;;;;;;
V001448;2024-09-13;11:05;S08;E0047;C0190;1;125,95;14,8;P026;shoe;Asics;Running;Air;43;Gold;true;125,95;140,75;14,8;0;14,8;0;10,52;;;;;;;;;;;;;;;;;;;;;;;;;;;;;;;;;;;;;;;;;;;;;
V001449;2024-11-09;16:11;S05;E0028;C0342;1;80,36;0;P044;shoe;Nike;Basketball;Flex;32;Pink;false;80,36;80,36;0;0;0;0;0;;;;;;;;;;;;;;;;;;;;;;;;;;;;;;;;;;;;;;;;;;;;;
V001450;2024-12-13;12:18;S08;E0048;C0036;1;109,11;19,26;P069;shoe;Jordans;Limited Edition;Zoom;33;Deep Blue;false;109,11;128,37;19,26;0;0;19,26;15;;;;;;;;;;;;;;;;;;;;;;;;;;;;;;;;;;;;;;;;;;;;;
V001451;2024-11-11;11:11;S01;E0001;C0050;2;276,98;14,52;P061;shoe;Reebok;Casual;Pro;41;White;false;116,6;116,6;0;0;0;0;0;P065;shoe;Reebok;Trail;Flex;41;Premium Black;false;160,38;174,9;14,52;14,52;0;0;8,3;;;;;;;;;;;;;;;;;;;;;;;;;;;;;;
V001452;2024-07-17;11:30;S05;E0033;C0100;1;100,17;6,02;P088;shoe;Adidas;Running;Zoom;36;Black;true;100,17;106,19;6,02;6,02;0;0;5,67;;;;;;;;;;;;;;;;;;;;;;;;;;;;;;;;;;;;;;;;;;;;;
V001453;2024-04-10;11:59;S06;E0039;C0291;1;138,59;0;P062;shoe;Nike;Limited Edition;Air;42;White;false;138,59;138,59;0;0;0;0;0;;;;;;;;;;;;;;;;;;;;;;;;;;;;;;;;;;;;;;;;;;;;;
V001454;2024-09-09;12:48;S06;E0040;C0336;1;151,61;0;P052;shoe;Nike;Limited Edition;Max;30;Deep Purple;true;151,61;151,61;0;0;0;0;0;;;;;;;;;;;;;;;;;;;;;;;;;;;;;;;;;;;;;;;;;;;;;
V001455;2024-12-24;12:26;S03;E0018;C0041;1;142,69;0;P026;shoe;Asics;Running;Air;43;Gold;true;142,69;142,69;0;0;0;0;0;;;;;;;;;;;;;;;;;;;;;;;;;;;;;;;;;;;;;;;;;;;;;
V001456;2024-01-10;18:35;S08;E0054;C0411;2;143,37;0;P015;shoe;Asics;Training;Air;45;Deep Purple;false;121,57;121,57;0;0;0;0;0;A002;accessory;Accessoire;Lacets;Lacets;M;White;false;21,8;21,8;0;0;0;0;0;;;;;;;;;;;;;;;;;;;;;;;;;;;;;;
V001457;2024-04-22;10:06;S01;E0005;C0015;1;283,75;12,75;P073;shoe;Reebok;Limited Edition;Elite;39;Deep Blue;true;283,75;296,5;12,75;12,75;0;0;4,3;;;;;;;;;;;;;;;;;;;;;;;;;;;;;;;;;;;;;;;;;;;;;
V001458;2024-03-29;17:49;S07;E0043;C0026;2;138,8;0;P088;shoe;Adidas;Running;Zoom;36;Black;true;118,8;118,8;0;0;0;0;0;A010;accessory;Accessoire;Tee-shirt;Tee-shirt;XL;Black;false;20;20;0;0;0;0;0;;;;;;;;;;;;;;;;;;;;;;;;;;;;;;
V001459;2024-01-04;15:59;S08;E0049;C0234;1;104,08;21,74;P036;shoe;New Balance;Training;Flex;44;Sunny Yellow;false;104,08;125,82;21,74;21,74;0;0;17,28;;;;;;;;;;;;;;;;;;;;;;;;;;;;;;;;;;;;;;;;;;;;;
V001460;2024-06-07;12:56;S05;E0032;C0040;3;138,96;0;P040;shoe;Nike;Trail;Zoom;44;Black;false;80,36;80,36;0;0;0;0;0;A005;accessory;Accessoire;Bonnet;Bonnet;M;Deep Blue;false;22,54;22,54;0;0;0;0;0;A006;accessory;Accessoire;Sac de sport;Sac de sport;XS;Black;false;36,06;36,06;0;0;0;0;0;;;;;;;;;;;;;;;
V001461;2024-06-21;15:48;S06;E0039;C0355;2;166,21;0;P020;shoe;Puma;Limited Edition;Zoom;33;Red Blood;false;157,49;157,49;0;0;0;0;0;A001;accessory;Accessoire;Sac de sport;Sac de sport;XS;Deep Blue;false;8,72;8,72;0;0;0;0;0;;;;;;;;;;;;;;;;;;;;;;;;;;;;;;