sale_id;line_id;date;time;store_id;store_type;zone;surface;open_to_clients_hours;open_days;foot_traffic_by_hour;employee_id;monthly_salary;hire_date;job_role;average_day_time_backoffice;average_day_time_frontoffice;customer_id;genre;age;has_loyalty_card;loyalty_points_used;loyalty_points_earned;product_id;product_kind;price_sold;tva_rate;price_ht;tva_amount;loyalty_discount_ttc;gross_price_ttc_before_loyalty;base_price;brand;category;model;size;color;is_best_seller
V000001;L0000001;2024-10-01;12:22;S03;Discount;Peripherie;222;9h/18h;open 5/7;51;E0019;1959;2021-03-27;Support;0,17;0,83;C0358;M;18;false;0;0;P058;shoe;127,44;0,2;106,2;21,24;0;127,44;127,44;Asics;Basketball;Air;45;Pink;false
V000002;L0000002;2024-01-05;10:33;S04;Standard;Centre-ville;95;9h/20h;open 6/7;16;E0023;2557;2016-03-21;Sales;0,07;0,93;C0254;M;40;true;0;7;P030;shoe;77,42;0,2;64,52;12,9;0;77,42;77,42;New Balance;Running;Pro;42;Light Green;false
V000003;L0000003;2024-05-31;16:49;S06;Discount;Centre-ville;131;9h/18h;open 5/7;26;E0039;2587;2014-08-05;Sales;0,09;0,91;C0044;M;53;true;0;8;P044;shoe;82,77;0,2;68,97;13,8;0;82,77;82,77;Nike;Basketball;Flex;32;Pink;false
V000004;L0000004;2024-11-19;16:39;S08;Discount;Peripherie;305;9h/19h;open 5/7;71;E0051;2396;2019-11-14;Sales;0,14;0,86;C0098;M;32;true;0;6;P066;shoe;68,88;0,2;57,4;11,48;0;68,88;68,88;Adidas;Casual;Air;34;Black;false
V000005;L0000005;2024-04-26;11:18;S04;Standard;Centre-ville;95;9h/20h;open 6/7;16;E0023;2557;2016-03-21;Sales;0,07;0,93;C0238;F;27;true;0;10;P061;shoe;107,8;0,2;89,83;17,97;0;107,8;107,8;Reebok;Casual;Pro;41;White;false
V000006;L0000006;2024-03-30;17:48;S05;Discount;Peripherie;271;9h/19h;open 6/7;64;E0028;2394;2021-02-14;Sales;0,15;0,85;C0140;M;28;false;0;0;P044;shoe;80,36;0,2;66,97;13,39;0;80,36;80,36;Nike;Basketball;Flex;32;Pink;false
V000007;L0000007;2024-11-14;18:47;S07;Standard;Centre-ville;95;9h/19h;open 5/7;18;E0043;2926;2014-01-15;Sales;0,03;0,97;C0191;F;32;true;0;14;P058;shoe;144,5;0,2;120,42;24,08;0;144,5;169;Asics;Basketball;Air;45;Pink;false
V000008;L0000008;2024-08-12;16:48;S05;Discount;Peripherie;271;9h/19h;open 6/7;64;E0035;2349;2010-01-14;Sales;0,22;0,78;C0203;M;26;true;0;15;P052;shoe;150,78;0,2;125,65;25,13;0;150,78;150,78;Nike;Limited Edition;Max;30;Deep Purple;true
V000009;L0000009;2024-01-19;18:39;S08;Discount;Peripherie;305;9h/19h;open 5/7;71;E0051;2396;2019-11-14;Sales;0,14;0,86;C0044;M;53;true;0;12;P047;shoe;129,73;0,2;108,11;21,62;0;129,73;129,73;Jordans;Trail;Air;37;Premium Black;true
V000010;L0000010;2024-10-03;13:18;S05;Discount;Peripherie;271;9h/19h;open 6/7;64;E0035;2349;2010-01-14;Sales;0,22;0,78;C0259;M;32;true;0;11;P027;shoe;119,95;0,2;99,96;19,99;0;119,95;119,95;Jordans;Trail;Flex;40;Pink;true
V000011;L0000011;2024-12-20;14:59;S03;Discount;Peripherie;222;9h/18h;open 5/7;51;E0019;1959;2021-03-27;Support;0,17;0,83;C0321;F;33;true;164;8;P070;shoe;84,04;0,2;70,03;14,01;16,4;100,44;114,4;Adidas;Casual;Pro;40;Deep Purple;false
V000012;L0000012;2024-06-17;16:02;S02;Discount;Peripherie;289;9h/20h;open 5/7;67;E0009;2331;2024-04-14;Sales;0,08;0,92;C0310;F;16;true;0;8;P025;shoe;80,07;0,2;66,72;13,35;0;80,07;80,07;Asics;Trail;Flex;36;Sunny Yellow;false
V000013;L0000013;2024-06-25;09:34;S05;Discount;Peripherie;271;9h/19h;open 6/7;64;E0032;2701;2008-11-13;Sales;0,25;0,75;C0055;F;58;true;0;16;P062;shoe;137,47;0,2;114,56;22,91;0;137,47;137,47;Nike;Limited Edition;Air;42;White;false
V000013;L0000014;2024-06-25;09:34;S05;Discount;Peripherie;271;9h/19h;open 6/7;64;E0032;2701;2008-11-13;Sales;0,25;0,75;C0055;F;58;true;0;16;A001;accessory;9,02;0,2;7,52;1,5;0;9,02;9,02;Accessoire;Sac de sport;Sac de sport;XS;Deep Blue;false
V000013;L0000015;2024-06-25;09:34;S05;Discount;Peripherie;271;9h/19h;open 6/7;64;E0032;2701;2008-11-13;Sales;0,25;0,75;C0055;F;58;true;0;16;A002;accessory;22,54;0,2;18,78;3,76;0;22,54;22,54;Accessoire;Lacets;Lacets;M;White;false
V000014;L0000016;2024-07-10;13:52;S08;Discount;Peripherie;305;9h/19h;open 5/7;71;E0048;2463;2018-07-09;Sales;0,07;0,93;C0052;F;19;true;0;11;P087;shoe;115,62;0,2;96,35;19,27;0;115,62;115,62;Asics;Training;Elite;39;Black;false
V000015;L0000017;2024-09-30;16:20;S04;Standard;Centre-ville;95;9h/20h;open 6/7;16;E0023;2557;2016-03-21;Sales;0,07;0,93;C0117;M;48;true;0;8;P067;shoe;85,99;0,2;71,66;14,33;0;85,99;117,6;Adidas;Running;Pro;30;Light Green;false
V000016;L0000018;2024-08-20;12:08;S05;Discount;Peripherie;271;9h/19h;open 6/7;64;E0034;2989;2019-04-19;Sales;0,08;0,92;C0070;F;50;false;0;0;P043;shoe;117,26;0,2;97,72;19,54;0;117,26;117,26;Adidas;Running;Max;32;Pink;false
V000016;L0000019;2024-08-20;12:08;S05;Discount;Peripherie;271;9h/19h;open 6/7;64;E0034;2989;2019-04-19;Sales;0,08;0,92;C0070;F;50;false;0;0;P081;shoe;112,87;0,2;94,06;18,81;0;112,87;112,87;Adidas;Basketball;Max;32;Black;false
V000016;L0000020;2024-08-20;12:08;S05;Discount;Peripherie;271;9h/19h;open 6/7;64;E0034;2989;2019-04-19;Sales;0,08;0,92;C0070;F;50;false;0;0;A002;accessory;22,54;0,2;18,78;3,76;0;22,54;22,54;Accessoire;Lacets;Lacets;M;White;false
V000017;L0000021;2024-09-18;17:10;S06;Discount;Centre-ville;131;9h/18h;open 5/7;26;E0039;2587;2014-08-05;Sales;0,09;0,91;C0394;M;49;true;0;13;P053;shoe;131,66;0,2;109,72;21,94;0;131,66;138,59;Nike;Limited Edition;Zoom;38;Deep Blue;false
V000018;L0000022;2024-04-16;10:35;S08;Discount;Peripherie;305;9h/19h;open 5/7;71;E0047;2787;2013-12-27;Manager;0,11;0,89;C0062;M;38;true;0;11;P015;shoe;110,46;0,2;92,05;18,41;0;110,46;121,57;Asics;Training;Air;45;Deep Purple;false
V000019;L0000023;2024-01-23;12:38;S05;Discount;Peripherie;271;9h/19h;open 6/7;64;E0034;2989;2019-04-19;Sales;0,08;0,92;C0026;F;16;false;0;0;P047;shoe;113,14;0,2;94,28;18,86;0;113,14;132,28;Jordans;Trail;Air;37;Premium Black;true
V000020;L0000024;2024-12-17;13:02;S05;Discount;Peripherie;271;9h/19h;open 6/7;64;E0033;2055;2019-07-02;Sales;0,11;0,89;C0061;M;27;false;0;0;P067;shoe;106,72;0,2;88,93;17,79;0;106,72;106,72;Adidas;Running;Pro;30;Light Green;false
V000021;L0000025;2024-03-22;17:41;S04;Standard;Centre-ville;95;9h/20h;open 6/7;16;E0023;2557;2016-03-21;Sales;0,07;0,93;C0115;M;46;true;0;27;P080;shoe;253,82;0,2;211,52;42,3;0;253,82;253,82;New Balance;Limited Edition;Flex;38;Black;false
V000021;L0000026;2024-03-22;17:41;S04;Standard;Centre-ville;95;9h/20h;open 6/7;16;E0023;2557;2016-03-21;Sales;0,07;0,93;C0115;M;46;true;0;27;A010;accessory;19,6;0,2;16,33;3,27;0;19,6;19,6;Accessoire;Tee-shirt;Tee-shirt;XL;Black;false
V000022;L0000027;2024-08-02;11:57;S07;Standard;Centre-ville;95;9h/19h;open 5/7;18;E0043;2926;2014-01-15;Sales;0,03;0,97;C0419;F;35;true;0;11;P009;shoe;110;0,2;91,67;18,33;0;110;110;Asics;Trail;Flex;40;Red Blood;false
V000023;L0000028;2024-03-22;11:09;S05;Discount;Peripherie;271;9h/19h;open 6/7;64;E0034;2989;2019-04-19;Sales;0,08;0,92;C0170;F;30;true;0;17;P027;shoe;109,2;0,2;91;18,2;0;109,2;119,95;Jordans;Trail;Flex;40;Pink;true
V000023;L0000029;2024-03-22;11:09;S05;Discount;Peripherie;271;9h/19h;open 6/7;64;E0034;2989;2019-04-19;Sales;0,08;0,92;C0170;F;30;true;0;17;P075;shoe;66,4;0,2;55,33;11,07;0;66,4;91,34;Jordans;Casual;Air;40;Deep Blue;false
V000024;L0000030;2024-12-10;13:54;S05;Discount;Peripherie;271;9h/19h;open 6/7;64;E0034;2989;2019-04-19;Sales;0,08;0,92;C0044;M;53;true;0;9;P081;shoe;98,85;0,2;82,38;16,47;0;98,85;112,87;Adidas;Basketball;Max;32;Black;false
V000025;L0000031;2024-08-29;09:22;S06;Discount;Centre-ville;131;9h/18h;open 5/7;26;E0040;2438;2015-03-10;Sales;0,09;0,91;C0095;M;35;true;0;11;P064;shoe;110,13;0,2;91,78;18,35;0;110,13;129,57;Puma;Training;Pro;41;Black;false
V000026;L0000032;2024-08-22;12:07;S02;Discount;Peripherie;289;9h/20h;open 5/7;67;E0009;2331;2024-04-14;Sales;0,08;0,92;C0131;M;52;false;0;0;P063;shoe;91,08;0,2;75,9;15,18;0;91,08;91,08;Nike;Casual;Max;40;Pink;true
V000027;L0000033;2024-11-11;12:07;S07;Standard;Centre-ville;95;9h/19h;open 5/7;18;E0043;2926;2014-01-15;Sales;0,03;0,97;C0250;M;23;false;0;0;P077;shoe;137,75;0,2;114,79;22,96;0;137,75;145;Puma;Basketball;Zoom;39;Brown Bear;false
V000027;L0000034;2024-11-11;12:07;S07;Standard;Centre-ville;95;9h/19h;open 5/7;18;E0043;2926;2014-01-15;Sales;0,03;0,97;C0250;M;23;false;0;0;P041;shoe;179;0,2;149,17;29,83;0;179;179;Puma;Trail;Pro;39;Premium Black;false
V000028;L0000035;2024-11-30;14:25;S05;Discount;Peripherie;271;9h/19h;open 6/7;64;E0028;2394;2021-02-14;Sales;0,15;0,85;C0202;M;40;true;0;11;P013;shoe;112,87;0,2;94,06;18,81;0;112,87;112,87;Jordans;Casual;Pro;30;White;false
V000029;L0000036;2024-06-03;11:59;S08;Discount;Peripherie;305;9h/19h;open 5/7;71;E0052;2362;2009-01-13;Sales;0,27;0,73;C0019;M;18;true;0;10;P083;shoe;109,08;0,2;90,9;18,18;0;109,08;109,08;New Balance;Trail;Flex;33;Brown Bear;true
V000030;L0000037;2024-09-12;10:25;S03;Discount;Peripherie;222;9h/18h;open 5/7;51;E0017;2560;2012-12-22;Support;0,1;0,9;C0179;F;37;true;0;14;P062;shoe;136,56;0,2;113,8;22,76;0;136,56;136,56;Nike;Limited Edition;Air;42;White;false
V000030;L0000038;2024-09-12;10:25;S03;Discount;Peripherie;222;9h/18h;open 5/7;51;E0017;2560;2012-12-22;Support;0,1;0,9;C0179;F;37;true;0;14;A001;accessory;8,92;0,2;7,43;1,49;0;8,92;8,92;Accessoire;Sac de sport;Sac de sport;XS;Deep Blue;false
V000031;L0000039;2024-06-03;13:58;S08;Discount;Peripherie;305;9h/19h;open 5/7;71;E0047;2787;2013-12-27;Manager;0,11;0,89;C0061;M;27;false;0;0;P028;shoe;125,82;0,2;104,85;20,97;0;125,82;125,82;Jordans;Casual;Elite;39;Red Blood;false
V000032;L0000040;2024-08-02;14:59;S05;Discount;Peripherie;271;9h/19h;open 6/7;64;E0027;2218;2019-03-23;Sales;0,11;0,89;C0087;M;38;false;0;0;P063;shoe;91,48;0,2;76,23;15,25;0;91,48;91,48;Nike;Casual;Max;40;Pink;true
V000033;L0000041;2024-02-13;17:40;S06;Discount;Centre-ville;131;9h/18h;open 5/7;26;E0040;2438;2015-03-10;Sales;0,09;0,91;C0029;M;25;true;0;9;P018;shoe;84,83;0,2;70,69;14,14;0;84,83;84,83;Nike;Casual;Air;42;Red Blood;true
V000033;L0000042;2024-02-13;17:40;S06;Discount;Centre-ville;131;9h/18h;open 5/7;26;E0040;2438;2015-03-10;Sales;0,09;0,91;C0029;M;25;true;0;9;A001;accessory;6,98;0,2;5,82;1,16;0;6,98;8,72;Accessoire;Sac de sport;Sac de sport;XS;Deep Blue;false
V000034;L0000043;2024-12-23;14:42;S02;Discount;Peripherie;289;9h/20h;open 5/7;67;E0012;2424;2024-10-12;Sales;0,25;0,75;C0013;M;30;true;280;15;P037;shoe;156,93;0,2;130,78;26,15;28;184,93;184,93;Puma;Limited Edition;Zoom;38;Gold;true
V000035;L0000044;2024-04-08;17:11;S05;Discount;Peripherie;271;9h/19h;open 6/7;64;E0034;2989;2019-04-19;Sales;0,08;0,92;C0057;M;33;false;0;0;P051;shoe;68,31;0,2;56,93;11,38;0;68,31;80,36;Jordans;Trail;Elite;31;Sunny Yellow;false
V000036;L0000045;2024-09-03;16:02;S03;Discount;Peripherie;222;9h/18h;open 5/7;51;E0015;2776;2012-04-21;Support;0,11;0,89;C0088;F;16;true;0;13;P062;shoe;136,56;0,2;113,8;22,76;0;136,56;136,56;Nike;Limited Edition;Air;42;White;false
V000037;L0000046;2024-08-29;14:25;S05;Discount;Peripherie;271;9h/19h;open 6/7;64;E0034;2989;2019-04-19;Sales;0,08;0,92;C0077;F;29;true;0;9;P005;shoe;91,26;0,2;76,05;15,21;0;91,26;100,13;Nike;Casual;Max;33;Premium Black;false
V000038;L0000047;2024-12-06;10:32;S05;Discount;Peripherie;271;9h/19h;open 6/7;64;E0034;2989;2019-04-19;Sales;0,08;0,92;C0325;F;29;true;0;13;P047;shoe;132,28;0,2;110,23;22,05;0;132,28;132,28;Jordans;Trail;Air;37;Premium Black;true
V000039;L0000048;2024-05-07;16:31;S03;Discount;Peripherie;222;9h/18h;open 5/7;51;E0015;2776;2012-04-21;Support;0,11;0,89;C0105;F;39;true;0;8;P044;shoe;80,07;0,2;66,72;13,35;0;80,07;80,07;Nike;Basketball;Flex;32;Pink;false
V000040;L0000049;2024-08-13;11:45;S08;Discount;Peripherie;305;9h/19h;open 5/7;71;E0051;2396;2019-11-14;Sales;0,14;0,86;C0074;F;19;true;0;6;P042;shoe;64,73;0,2;53,94;10,79;0;64,73;76,95;New Balance;Basketball;Air;30;Sunny Yellow;false
V000041;L0000050;2024-02-08;15:54;S06;Discount;Centre-ville;131;9h/18h;open 5/7;26;E0040;2438;2015-03-10;Sales;0,09;0,91;C0014;F;16;true;0;13;P053;shoe;138,59;0,2;115,49;23,1;0;138,59;138,59;Nike;Limited Edition;Zoom;38;Deep Blue;false
V000042;L0000051;2024-05-28;16:35;S05;Discount;Peripherie;271;9h/19h;open 6/7;64;E0031;2900;2015-02-28;Manager;0,06;0,94;C0072;M;41;true;0;10;P088;shoe;106,19;0,2;88,49;17,7;0;106,19;106,19;Adidas;Running;Zoom;36;Black;true
V000043;L0000052;2024-11-20;10:51;S01;Premium;Centre-ville;81;9h/18h;open 5/7;11;E0003;700;2023-03-28;Apprentice;0,19;0,81;C0373;F;51;false;0;0;P008;shoe;50,88;0,2;42,4;8,48;0;50,88;63,6;Reebok;Casual;Elite;35;Deep Blue;false
V000044;L0000053;2024-07-26;12:28;S02;Discount;Peripherie;289;9h/20h;open 5/7;67;E0006;2836;2022-05-06;Sales;0,11;0,89;C0351;M;37;true;0;14;P026;shoe;142,69;0,2;118,91;23,78;0;142,69;142,69;Asics;Running;Air;43;Gold;true
V000045;L0000054;2024-10-14;09:03;S05;Discount;Peripherie;271;9h/19h;open 6/7;64;E0028;2394;2021-02-14;Sales;0,15;0,85;C0058;F;18;true;0;12;P048;shoe;122,8;0,2;102,33;20,47;0;122,8;122,8;Jordans;Casual;Air;45;Brown Bear;true
V000046;L0000055;2024-01-24;11:39;S05;Discount;Peripherie;271;9h/19h;open 6/7;64;E0034;2989;2019-04-19;Sales;0,08;0,92;C0291;M;37;true;0;8;P044;shoe;80,36;0,2;66,97;13,39;0;80,36;80,36;Nike;Basketball;Flex;32;Pink;false
V000047;L0000056;2024-10-07;14:08;S04;Standard;Centre-ville;95;9h/20h;open 6/7;16;E0024;3374;2014-08-24;Sales;0,02;0,98;C0260;F;44;true;0;25;P073;shoe;256,04;0,2;213,37;42,67;0;256,04;274,13;Reebok;Limited Edition;Elite;39;Deep Blue;true
V000048;L0000057;2024-05-01;11:48;S06;Discount;Centre-ville;131;9h/18h;open 5/7;26;E0038;2382;2014-10-09;Support;0,22;0,78;C0321;F;33;true;0;10;P007;shoe;101,66;0,2;84,72;16,94;0;101,66;101,66;Adidas;Basketball;Max;33;Electric Blue;false
V000049;L0000058;2024-01-10;14:49;S08;Discount;Peripherie;305;9h/19h;open 5/7;71;E0048;2463;2018-07-09;Sales;0,07;0,93;C0008;M;36;true;0;10;P088;shoe;104,48;0,2;87,07;17,41;0;104,48;104,48;Adidas;Running;Zoom;36;Black;true
V000050;L0000059;2024-09-21;18:05;S05;Discount;Peripherie;271;9h/19h;open 6/7;64;E0027;2218;2019-03-23;Sales;0,11;0,89;C0036;F;51;true;0;10;P088;shoe;106,19;0,2;88,49;17,7;0;106,19;106,19;Adidas;Running;Zoom;36;Black;true
V000051;L0000060;2024-12-31;16:04;S08;Discount;Peripherie;305;9h/19h;open 5/7;71;E0048;2463;2018-07-09;Sales;0,07;0,93;C0117;M;48;true;131;6;P079;shoe;56,96;0,2;47,47;9,49;13,1;70,06;70,06;New Balance;Basketball;Flex;32;Deep Blue;true
V000051;L0000061;2024-12-31;16:04;S08;Discount;Peripherie;305;9h/19h;open 5/7;71;E0048;2463;2018-07-09;Sales;0,07;0,93;C0117;M;48;true;131;6;A001;accessory;8,72;0,2;7,27;1,45;0;8,72;8,72;Accessoire;Sac de sport;Sac de sport;XS;Deep Blue;false
V000052;L0000062;2024-10-14;16:30;S08;Discount;Peripherie;305;9h/19h;open 5/7;71;E0048;2463;2018-07-09;Sales;0,07;0,93;C0287;F;39;true;161;8;P038;shoe;86,34;0,2;71,95;14,39;16,1;102,44;102,44;Reebok;Training;Elite;33;Brown Bear;false
V000053;L0000063;2024-04-17;11:20;S03;Discount;Peripherie;222;9h/18h;open 5/7;51;E0017;2560;2012-12-22;Support;0,1;0,9;C0387;M;16;true;0;11;P018;shoe;82,16;0,2;68,47;13,69;0;82,16;82,16;Nike;Casual;Air;42;Red Blood;true
V000053;L0000064;2024-04-17;11:20;S03;Discount;Peripherie;222;9h/18h;open 5/7;51;E0017;2560;2012-12-22;Support;0,1;0,9;C0387;M;16;true;0;11;A003;accessory;31,21;0,2;26,01;5,2;0;31,21;31,21;Accessoire;Tee-shirt;Tee-shirt;S;White;false
V000054;L0000065;2024-11-04;13:40;S07;Standard;Centre-ville;95;9h/19h;open 5/7;18;E0045;2224;2018-01-08;Sales;0,15;0,85;C0157;F;16;true;0;11;P088;shoe;118,8;0,2;99;19,8;0;118,8;118,8;Adidas;Running;Zoom;36;Black;true
V000055;L0000066;2024-11-28;13:02;S08;Discount;Peripherie;305;9h/19h;open 5/7;71;E0054;2726;2017-12-28;Sales;0,09;0,91;C0347;M;38;false;0;0;P086;shoe;124,12;0,2;103,43;20,69;0;124,12;124,12;Adidas;Casual;Zoom;44;Premium Black;false
V000055;L0000067;2024-11-28;13:02;S08;Discount;Peripherie;305;9h/19h;open 5/7;71;E0054;2726;2017-12-28;Sales;0,09;0,91;C0347;M;38;false;0;0;A009;accessory;15,88;0,2;13,23;2,65;0;15,88;17,44;Accessoire;Lacets;Lacets;L;Classic Grey;false
V000056;L0000068;2024-01-02;11:04;S08;Discount;Peripherie;305;9h/19h;open 5/7;71;E0053;2046;2020-08-26;Manager;0,14;0,86;C0300;F;38;true;0;8;P022;shoe;87,58;0,2;72,98;14,6;0;87,58;87,58;New Balance;Running;Pro;41;Deep Blue;false
V000057;L0000069;2024-09-04;11:36;S02;Discount;Peripherie;289;9h/20h;open 5/7;67;E0010;2189;2023-11-12;Sales;0,18;0,82;C0222;M;36;true;0;15;P006;shoe;153,5;0,2;127,92;25,58;0;153,5;153,5;Asics;Limited Edition;Air;36;Pink;false
V000058;L0000070;2024-09-18;16:09;S05;Discount;Peripherie;271;9h/19h;open 6/7;64;E0028;2394;2021-02-14;Sales;0,15;0,85;C0386;F;26;true;160;6;P044;shoe;64,36;0,2;53,63;10,73;16;80,36;80,36;Nike;Basketball;Flex;32;Pink;false
V000059;L0000071;2024-12-05;11:50;S06;Discount;Centre-ville;131;9h/18h;open 5/7;26;E0039;2587;2014-08-05;Sales;0,09;0,91;C0077;F;29;true;0;10;P064;shoe;108,72;0,2;90,6;18,12;0;108,72;129,57;Puma;Training;Pro;41;Black;false
V000060;L0000072;2024-01-23;14:19;S04;Standard;Centre-ville;95;9h/20h;open 6/7;16;E0024;3374;2014-08-24;Sales;0,02;0,98;C0370;M;38;true;0;17;P036;shoe;165,62;0,2;138,02;27,6;0;165,62;165,62;New Balance;Training;Flex;44;Sunny Yellow;false
V000060;L0000073;2024-01-23;14:19;S04;Standard;Centre-ville;95;9h/20h;open 6/7;16;E0024;3374;2014-08-24;Sales;0,02;0,98;C0370;M;38;true;0;17;A004;accessory;9,8;0,2;8,17;1,63;0;9,8;9,8;Accessoire;Bonnet;Bonnet;XS;Black;false
V000061;L0000074;2024-04-18;12:21;S03;Discount;Peripherie;222;9h/18h;open 5/7;51;E0018;2742;2004-10-20;Sales;0,2;0,8;C0289;F;16;false;0;0;P076;shoe;102,43;0,2;85,36;17,07;0;102,43;120,92;Asics;Trail;Air;35;Premium Black;false
V000062;L0000075;2024-05-01;10:36;S08;Discount;Peripherie;305;9h/19h;open 5/7;71;E0052;2362;2009-01-13;Sales;0,27;0,73;C0334;M;44;true;0;11;P001;shoe;117,8;0,2;98,17;19,63;0;117,8;117,8;New Balance;Training;Max;41;Electric Blue;true
V000063;L0000076;2024-10-09;10:08;S05;Discount;Peripherie;271;9h/19h;open 6/7;64;E0034;2989;2019-04-19;Sales;0,08;0,92;C0354;M;26;true;0;13;P062;shoe;137,47;0,2;114,56;22,91;0;137,47;137,47;Nike;Limited Edition;Air;42;White;false
V000064;L0000077;2024-12-11;16:30;S06;Discount;Centre-ville;131;9h/18h;open 5/7;26;E0037;2317;2019-10-08;Manager;0,17;0,83;C0168;F;48;true;0;18;P037;shoe;186,4;0,2;155,33;31,07;0;186,4;186,4;Puma;Limited Edition;Zoom;38;Gold;true
V000065;L0000078;2024-08-21;17:25;S08;Discount;Peripherie;305;9h/19h;open 5/7;71;E0048;2463;2018-07-09;Sales;0,07;0,93;C0391;M;37;false;0;0;P006;shoe;151,32;0,2;126,1;25,22;0;151,32;151,32;Asics;Limited Edition;Air;36;Pink;false
V000066;L0000079;2024-11-21;12:50;S05;Discount;Peripherie;271;9h/19h;open 6/7;64;E0031;2900;2015-02-28;Manager;0,06;0,94;C0258;M;40;true;0;9;P063;shoe;91,48;0,2;76,23;15,25;0;91,48;91,48;Nike;Casual;Max;40;Pink;true
V000067;L0000080;2024-04-19;18:35;S07;Standard;Centre-ville;95;9h/19h;open 5/7;18;E0044;1980;2020-02-22;Sales;0,11;0,89;C0274;M;25;true;0;13;P070;shoe;139;0,2;115,83;23,17;0;139;139;Adidas;Casual;Pro;40;Deep Purple;false
V000068;L0000081;2024-01-18;14:48;S05;Discount;Peripherie;271;9h/19h;open 6/7;64;E0028;2394;2021-02-14;Sales;0,15;0,85;C0295;F;49;true;139;6;P044;shoe;66,46;0,2;55,38;11,08;13,9;80,36;80,36;Nike;Basketball;Flex;32;Pink;false
V000069;L0000082;2024-12-14;17:00;S05;Discount;Peripherie;271;9h/19h;open 6/7;64;E0035;2349;2010-01-14;Sales;0,22;0,78;C0228;F;32;true;0;12;P053;shoe;125,59;0,2;104,66;20,93;0;125,59;137,47;Nike;Limited Edition;Zoom;38;Deep Blue;false
V000070;L0000083;2024-11-07;16:17;S05;Discount;Peripherie;271;9h/19h;open 6/7;64;E0034;2989;2019-04-19;Sales;0,08;0,92;C0158;F;31;true;0;14;P047;shoe;132,28;0,2;110,23;22,05;0;132,28;132,28;Jordans;Trail;Air;37;Premium Black;true
V000070;L0000084;2024-11-07;16:17;S05;Discount;Peripherie;271;9h/19h;open 6/7;64;E0034;2989;2019-04-19;Sales;0,08;0,92;C0158;F;31;true;0;14;A001;accessory;9,02;0,2;7,52;1,5;0;9,02;9,02;Accessoire;Sac de sport;Sac de sport;XS;Deep Blue;false
V000071;L0000085;2024-01-13;10:18;S05;Discount;Peripherie;271;9h/19h;open 6/7;64;E0034;2989;2019-04-19;Sales;0,08;0,92;C0336;F;28;true;0;11;P044;shoe;80,36;0,2;66,97;13,39;0;80,36;80,36;Nike;Basketball;Flex;32;Pink;false
V000071;L0000086;2024-01-13;10:18;S05;Discount;Peripherie;271;9h/19h;open 6/7;64;E0034;2989;2019-04-19;Sales;0,08;0,92;C0336;F;28;true;0;11;A007;accessory;31,56;0,2;26,3;5,26;0;31,56;31,56;Accessoire;Casquette;Casquette;M;Deep Blue;false
V000072;L0000087;2024-09-18;12:11;S08;Discount;Peripherie;305;9h/19h;open 5/7;71;E0050;2303;2014-09-25;Support;0,29;0,71;C0128;M;40;true;0;13;P076;shoe;100,48;0,2;83,73;16,75;0;100,48;119,44;Asics;Trail;Air;35;Premium Black;false
V000072;L0000088;2024-09-18;12:11;S08;Discount;Peripherie;305;9h/19h;open 5/7;71;E0050;2303;2014-09-25;Support;0,29;0,71;C0128;M;40;true;0;13;A006;accessory;31,4;0,2;26,17;5,23;0;31,4;34,89;Accessoire;Sac de sport;Sac de sport;XS;Black;false
V000073;L0000089;2024-11-05;16:06;S03;Discount;Peripherie;222;9h/18h;open 5/7;51;E0015;2776;2012-04-21;Support;0,11;0,89;C0113;M;28;true;0;9;P005;shoe;99,63;0,2;83,03;16,6;0;99,63;99,63;Nike;Casual;Max;33;Premium Black;false
V000074;L0000090;2024-01-15;14:00;S02;Discount;Peripherie;289;9h/20h;open 5/7;67;E0006;2836;2022-05-06;Sales;0,11;0,89;C0273;M;47;true;0;17;P020;shoe;155,68;0,2;129,73;25,95;0;155,68;155,68;Puma;Limited Edition;Zoom;33;Red Blood;false
V000074;L0000091;2024-01-15;14:00;S02;Discount;Peripherie;289;9h/20h;open 5/7;67;E0006;2836;2022-05-06;Sales;0,11;0,89;C0273;M;47;true;0;17;A002;accessory;22,29;0,2;18,57;3,72;0;22,29;22,29;Accessoire;Lacets;Lacets;M;White;false
V000075;L0000092;2024-09-04;17:23;S08;Discount;Peripherie;305;9h/19h;open 5/7;71;E0048;2463;2018-07-09;Sales;0,07;0,93;C0061;M;27;false;0;0;P073;shoe;172,88;0,2;144,07;28,81;0;172,88;172,88;Reebok;Limited Edition;Elite;39;Deep Blue;true
V000075;L0000093;2024-09-04;17:23;S08;Discount;Peripherie;305;9h/19h;open 5/7;71;E0048;2463;2018-07-09;Sales;0,07;0,93;C0061;M;27;false;0;0;A006;accessory;31,4;0,2;26,17;5,23;0;31,4;34,89;Accessoire;Sac de sport;Sac de sport;XS;Black;false
V000076;L0000094;2024-05-04;09:36;S05;Discount;Peripherie;271;9h/19h;open 6/7;64;E0034;2989;2019-04-19;Sales;0,08;0,92;C0019;M;18;true;0;13;P069;shoe;130,88;0,2;109,07;21,81;0;130,88;130,88;Jordans;Limited Edition;Zoom;33;Deep Blue;false
V000077;L0000095;2024-10-01;12:18;S08;Discount;Peripherie;305;9h/19h;open 5/7;71;E0051;2396;2019-11-14;Sales;0,14;0,86;C0175;F;16;true;0;17;P073;shoe;172,88;0,2;144,07;28,81;0;172,88;172,88;Reebok;Limited Edition;Elite;39;Deep Blue;true
V000078;L0000096;2024-08-08;15:44;S02;Discount;Peripherie;289;9h/20h;open 5/7;67;E0014;2449;2024-05-13;Support;0,07;0,93;C0126;M;35;true;111;12;P053;shoe;125,46;0,2;104,55;20,91;11,1;136,56;136,56;Nike;Limited Edition;Zoom;38;Deep Blue;false
V000079;L0000097;2024-06-11;10:16;S08;Discount;Peripherie;305;9h/19h;open 5/7;71;E0047;2787;2013-12-27;Manager;0,11;0,89;C0055;F;58;true;0;10;P088;shoe;104,48;0,2;87,07;17,41;0;104,48;104,48;Adidas;Running;Zoom;36;Black;true
V000080;L0000098;2024-10-03;13:34;S03;Discount;Peripherie;222;9h/18h;open 5/7;51;E0015;2776;2012-04-21;Support;0,11;0,89;C0364;F;30;false;0;0;P005;shoe;99,63;0,2;83,03;16,6;0;99,63;99,63;Nike;Casual;Max;33;Premium Black;false
V000081;L0000099;2024-06-22;18:23;S05;Discount;Peripherie;271;9h/19h;open 6/7;64;E0034;2989;2019-04-19;Sales;0,08;0,92;C0175;F;16;true;0;15;P052;shoe;150,78;0,2;125,65;25,13;0;150,78;150,78;Nike;Limited Edition;Max;30;Deep Purple;true
V000082;L0000100;2024-04-17;15:36;S08;Discount;Peripherie;305;9h/19h;open 5/7;71;E0054;2726;2017-12-28;Sales;0,09;0,91;C0100;M;30;true;0;15;P026;shoe;140,75;0,2;117,29;23,46;0;140,75;140,75;Asics;Running;Air;43;Gold;true
V000082;L0000101;2024-04-17;15:36;S08;Discount;Peripherie;305;9h/19h;open 5/7;71;E0054;2726;2017-12-28;Sales;0,09;0,91;C0100;M;30;true;0;15;A010;accessory;16,57;0,2;13,81;2,76;0;16,57;17,44;Accessoire;Tee-shirt;Tee-shirt;XL;Black;false
V000083;L0000102;2024-01-31;13:24;S05;Discount;Peripherie;271;9h/19h;open 6/7;64;E0033;2055;2019-07-02;Sales;0,11;0,89;C0183;F;37;false;0;0;P062;shoe;137,47;0,2;114,56;22,91;0;137,47;137,47;Nike;Limited Edition;Air;42;White;false
V000084;L0000103;2024-08-22;09:12;S07;Standard;Centre-ville;95;9h/19h;open 5/7;18;E0043;2926;2014-01-15;Sales;0,03;0,97;C0275;M;16;true;0;24;P080;shoe;246,05;0,2;205,04;41,01;0;246,05;259;New Balance;Limited Edition;Flex;38;Black;false
V000085;L0000104;2024-06-03;10:42;S07;Standard;Centre-ville;95;9h/19h;open 5/7;18;E0042;2118;2019-04-24;Sales;0,1;0,9;C0111;F;27;false;0;0;P070;shoe;139;0,2;115,83;23,17;0;139;139;Adidas;Casual;Pro;40;Deep Purple;false
V000085;L0000105;2024-06-03;10:42;S07;Standard;Centre-ville;95;9h/19h;open 5/7;18;E0042;2118;2019-04-24;Sales;0,1;0,9;C0111;F;27;false;0;0;A011;accessory;15;0,2;12,5;2,5;0;15;15;Accessoire;Casquette;Casquette;L;Classic Grey;false
V000086;L0000106;2024-09-13;11:23;S03;Discount;Peripherie;222;9h/18h;open 5/7;51;E0015;2776;2012-04-21;Support;0,11;0,89;C0281;F;24;true;0;12;P062;shoe;129,73;0,2;108,11;21,62;0;129,73;136,56;Nike;Limited Edition;Air;42;White;false
V000087;L0000107;2024-12-02;10:48;S07;Standard;Centre-ville;95;9h/19h;open 5/7;18;E0043;2926;2014-01-15;Sales;0,03;0,97;C0288;F;29;true;0;28;P025;shoe;60;0,2;50;10;0;60;60;Asics;Trail;Flex;36;Sunny Yellow;false
V000087;L0000108;2024-12-02;10:48;S07;Standard;Centre-ville;95;9h/19h;open 5/7;18;E0043;2926;2014-01-15;Sales;0,03;0,97;C0288;F;29;true;0;28;P006;shoe;229;0,2;190,83;38,17;0;229;229;Asics;Limited Edition;Air;36;Pink;false
V000088;L0000109;2024-12-07;11:12;S05;Discount;Peripherie;271;9h/19h;open 6/7;64;E0028;2394;2021-02-14;Sales;0,15;0,85;C0120;M;58;true;0;12;P048;shoe;122,8;0,2;102,33;20,47;0;122,8;122,8;Jordans;Casual;Air;45;Brown Bear;true
V000089;L0000110;2024-09-23;18:57;S07;Standard;Centre-ville;95;9h/19h;open 5/7;18;E0045;2224;2018-01-08;Sales;0,15;0,85;C0246;M;32;true;0;9;P017;shoe;98,89;0,2;82,41;16,48;0;98,89;110;New Balance;Trail;Zoom;40;Classic Grey;false
V000090;L0000111;2024-12-19;18:47;S05;Discount;Peripherie;271;9h/19h;open 6/7;64;E0028;2394;2021-02-14;Sales;0,15;0,85;C0379;M;30;true;0;11;P048;shoe;112,87;0,2;94,06;18,81;0;112,87;122,8;Jordans;Casual;Air;45;Brown Bear;true
V000091;L0000112;2024-07-19;09:44;S08;Discount;Peripherie;305;9h/19h;open 5/7;71;E0048;2463;2018-07-09;Sales;0,07;0,93;C0248;F;16;false;0;0;P073;shoe;172,88;0,2;144,07;28,81;0;172,88;172,88;Reebok;Limited Edition;Elite;39;Deep Blue;true
V000092;L0000113;2024-09-02;11:13;S07;Standard;Centre-ville;95;9h/19h;open 5/7;18;E0045;2224;2018-01-08;Sales;0,15;0,85;C0375;M;25;false;0;0;P031;shoe;175;0,2;145,83;29,17;0;175;175;Puma;Limited Edition;Elite;32;Black;false
V000093;L0000114;2024-11-20;13:12;S03;Discount;Peripherie;222;9h/18h;open 5/7;51;E0018;2742;2004-10-20;Sales;0,2;0,8;C0210;F;34;false;0;0;P026;shoe;142,69;0,2;118,91;23,78;0;142,69;142,69;Asics;Running;Air;43;Gold;true
V000094;L0000115;2024-08-19;10:29;S03;Discount;Peripherie;222;9h/18h;open 5/7;51;E0017;2560;2012-12-22;Support;0,1;0,9;C0351;M;37;true;0;9;P063;shoe;91,08;0,2;75,9;15,18;0;91,08;91,08;Nike;Casual;Max;40;Pink;true
V000095;L0000116;2024-12-02;14:20;S08;Discount;Peripherie;305;9h/19h;open 5/7;71;E0053;2046;2020-08-26;Manager;0,14;0,86;C0218;M;17;true;0;17;P073;shoe;172,88;0,2;144,07;28,81;0;172,88;172,88;Reebok;Limited Edition;Elite;39;Deep Blue;true
V000096;L0000117;2024-07-29;18:19;S04;Standard;Centre-ville;95;9h/20h;open 6/7;16;E0026;2442;2016-11-14;Sales;0,11;0,89;C0291;M;37;true;0;11;P081;shoe;117,4;0,2;97,83;19,57;0;117,4;131,32;Adidas;Basketball;Max;32;Black;false
V000097;L0000118;2024-08-15;17:44;S08;Discount;Peripherie;305;9h/19h;open 5/7;71;E0052;2362;2009-01-13;Sales;0,27;0,73;C0335;F;27;true;0;8;P034;shoe;87,58;0,2;72,98;14,6;0;87,58;87,58;Jordans;Running;Zoom;38;Deep Purple;false
V000098;L0000119;2024-12-11;09:06;S03;Discount;Peripherie;222;9h/18h;open 5/7;51;E0018;2742;2004-10-20;Sales;0,2;0,8;C0013;M;30;true;0;11;P087;shoe;105,3;0,2;87,75;17,55;0;105,3;117;Asics;Training;Elite;39;Black;false
V000098;L0000120;2024-12-11;09:06;S03;Discount;Peripherie;222;9h/18h;open 5/7;51;E0018;2742;2004-10-20;Sales;0,2;0,8;C0013;M;30;true;0;11;A011;accessory;13,38;0,2;11,15;2,23;0;13,38;13,38;Accessoire;Casquette;Casquette;L;Classic Grey;false
V000099;L0000121;2024-12-25;10:47;S06;Discount;Centre-ville;131;9h/18h;open 5/7;26;E0040;2438;2015-03-10;Sales;0,09;0,91;C0238;F;27;true;0;9;P063;shoe;93,64;0,2;78,03;15,61;0;93,64;93,64;Nike;Casual;Max;40;Pink;true
V000100;L0000122;2024-09-24;16:56;S02;Discount;Peripherie;289;9h/20h;open 5/7;67;E0009;2331;2024-04-14;Sales;0,08;0,92;C0017;M;34;true;0;30;P039;shoe;121,07;0,2;100,89;20,18;0;121,07;127,44;Puma;Trail;Flex;38;Deep Purple;false
V000100;L0000123;2024-09-24;16:56;S02;Discount;Peripherie;289;9h/20h;open 5/7;67;E0009;2331;2024-04-14;Sales;0,08;0,92;C0017;M;34;true;0;30;P037;shoe;184,93;0,2;154,11;30,82;0;184,93;184,93;Puma;Limited Edition;Zoom;38;Gold;true
V000101;L0000124;2024-12-31;17:01;S07;Standard;Centre-ville;95;9h/19h;open 5/7;18;E0042;2118;2019-04-24;Sales;0,1;0,9;C0200;M;54;true;0;7;P022;shoe;79;0,2;65,83;13,17;0;79;79;New Balance;Running;Pro;41;Deep Blue;false
V000102;L0000125;2024-10-07;18:28;S05;Discount;Peripherie;271;9h/19h;open 6/7;64;E0034;2989;2019-04-19;Sales;0,08;0,92;C0124;M;44;true;0;9;P014;shoe;80,36;0,2;66,97;13,39;0;80,36;80,36;Adidas;Basketball;Flex;30;Brown Bear;false
V000102;L0000126;2024-10-07;18:28;S05;Discount;Peripherie;271;9h/19h;open 6/7;64;E0034;2989;2019-04-19;Sales;0,08;0,92;C0124;M;44;true;0;9;A012;accessory;15,33;0,2;12,78;2,55;0;15,33;18,03;Accessoire;Lacets;Lacets;XL;White;false
V000103;L0000127;2024-09-23;18:54;S08;Discount;Peripherie;305;9h/19h;open 5/7;71;E0049;2362;2018-06-15;Manager;0,11;0,89;C0374;F;16;true;0;8;P022;shoe;87,58;0,2;72,98;14,6;0;87,58;87,58;New Balance;Running;Pro;41;Deep Blue;false
V000104;L0000128;2024-06-27;18:10;S08;Discount;Peripherie;305;9h/19h;open 5/7;71;E0050;2303;2014-09-25;Support;0,29;0,71;C0163;F;58;false;0;0;P015;shoe;121,57;0,2;101,31;20,26;0;121,57;121,57;Asics;Training;Air;45;Deep Purple;false
V000105;L0000129;2024-09-21;17:57;S05;Discount;Peripherie;271;9h/19h;open 6/7;64;E0031;2900;2015-02-28;Manager;0,06;0,94;C0162;F;24;true;0;6;P033;shoe;66,06;0,2;55,05;11,01;0;66,06;77,72;Jordans;Running;Max;31;Red Blood;false
V000106;L0000130;2024-10-21;10:12;S06;Discount;Centre-ville;131;9h/18h;open 5/7;26;E0040;2438;2015-03-10;Sales;0,09;0,91;C0407;M;29;true;0;8;P040;shoe;82,77;0,2;68,97;13,8;0;82,77;82,77;Nike;Trail;Zoom;44;Black;false
V000107;L0000131;2024-10-12;15:46;S05;Discount;Peripherie;271;9h/19h;open 6/7;64;E0027;2218;2019-03-23;Sales;0,11;0,89;C0012;F;23;true;0;6;P066;shoe;69,38;0,2;57,82;11,56;0;69,38;69,38;Adidas;Casual;Air;34;Black;false
V000108;L0000132;2024-09-19;15:30;S07;Standard;Centre-ville;95;9h/19h;open 5/7;18;E0044;1980;2020-02-22;Sales;0,11;0,89;C0399;F;49;true;272;20;P001;shoe;122,92;0,2;102,43;20,49;27,2;150,12;150,12;New Balance;Training;Max;41;Electric Blue;true
V000108;L0000133;2024-09-19;15:30;S07;Standard;Centre-ville;95;9h/19h;open 5/7;18;E0044;1980;2020-02-22;Sales;0,11;0,89;C0399;F;49;true;272;20;P022;shoe;79;0,2;65,83;13,17;0;79;79;New Balance;Running;Pro;41;Deep Blue;false
V000109;L0000134;2024-09-03;18:38;S04;Standard;Centre-ville;95;9h/20h;open 6/7;16;E0024;3374;2014-08-24;Sales;0,02;0,98;C0303;F;29;true;0;27;P073;shoe;274,13;0,2;228,44;45,69;0;274,13;274,13;Reebok;Limited Edition;Elite;39;Deep Blue;true
V000110;L0000135;2024-10-07;10:22;S04;Standard;Centre-ville;95;9h/20h;open 6/7;16;E0023;2557;2016-03-21;Sales;0,07;0,93;C0306;M;50;true;0;11;P070;shoe;115,11;0,2;95,92;19,19;0;115,11;136,22;Adidas;Casual;Pro;40;Deep Purple;false
V000111;L0000136;2024-03-27;14:09;S04;Standard;Centre-ville;95;9h/20h;open 6/7;16;E0023;2557;2016-03-21;Sales;0,07;0,93;C0222;M;36;true;0;11;P088;shoe;116,42;0,2;97,02;19,4;0;116,42;116,42;Adidas;Running;Zoom;36;Black;true
V000112;L0000137;2024-11-26;13:59;S07;Standard;Centre-ville;95;9h/19h;open 5/7;18;E0045;2224;2018-01-08;Sales;0,15;0,85;C0054;F;22;true;0;25;P020;shoe;234;0,2;195;39;0;234;234;Puma;Limited Edition;Zoom;33;Red Blood;false
V000112;L0000138;2024-11-26;13:59;S07;Standard;Centre-ville;95;9h/19h;open 5/7;18;E0045;2224;2018-01-08;Sales;0,15;0,85;C0054;F;22;true;0;25;A010;accessory;20;0,2;16,67;3,33;0;20;20;Accessoire;Tee-shirt;Tee-shirt;XL;Black;false
V000113;L0000139;2024-03-22;16:56;S06;Discount;Centre-ville;131;9h/18h;open 5/7;26;E0040;2438;2015-03-10;Sales;0,09;0,91;C0365;M;34;true;0;7;P060;shoe;74,6;0,2;62,17;12,43;0;74,6;82,77;Puma;Casual;Flex;44;Deep Blue;false
V000114;L0000140;2024-07-09;16:19;S06;Discount;Centre-ville;131;9h/18h;open 5/7;26;E0039;2587;2014-08-05;Sales;0,09;0,91;C0321;F;33;true;0;7;P066;shoe;72,03;0,2;60,03;12;0;72,03;72,03;Adidas;Casual;Air;34;Black;false
V000115;L0000141;2024-02-13;17:13;S08;Discount;Peripherie;305;9h/19h;open 5/7;71;E0052;2362;2009-01-13;Sales;0,27;0,73;C0372;M;64;true;0;10;P009;shoe;100,75;0,2;83,96;16,79;0;100,75;100,75;Asics;Trail;Flex;40;Red Blood;false
V000116;L0000142;2024-08-14;12:15;S03;Discount;Peripherie;222;9h/18h;open 5/7;51;E0020;3242;2015-11-25;Sales;0,03;0,97;C0170;F;30;true;0;7;P029;shoe;75,08;0,2;62,57;12,51;0;75,08;88,33;Adidas;Basketball;Zoom;45;Brown Bear;false
V000117;L0000143;2024-08-15;14:16;S04;Standard;Centre-ville;95;9h/20h;open 6/7;16;E0023;2557;2016-03-21;Sales;0,07;0,93;C0017;M;34;true;0;13;P081;shoe;131,32;0,2;109,43;21,89;0;131,32;131,32;Adidas;Basketball;Max;32;Black;false
V000118;L0000144;2024-01-12;12:00;S02;Discount;Peripherie;289;9h/20h;open 5/7;67;E0010;2189;2023-11-12;Sales;0,18;0,82;C0199;M;16;true;0;11;P077;shoe;117;0,2;97,5;19,5;0;117;117;Puma;Basketball;Zoom;39;Brown Bear;false
V000119;L0000145;2024-08-23;14:31;S02;Discount;Peripherie;289;9h/20h;open 5/7;67;E0009;2331;2024-04-14;Sales;0,08;0,92;C0278;F;32;true;0;10;P063;shoe;81,99;0,2;68,33;13,66;0;81,99;91,08;Nike;Casual;Max;40;Pink;true
V000119;L0000146;2024-08-23;14:31;S02;Discount;Peripherie;289;9h/20h;open 5/7;67;E0009;2331;2024-04-14;Sales;0,08;0,92;C0278;F;32;true;0;10;A008;accessory;22,29;0,2;18,57;3,72;0;22,29;22,29;Accessoire;Bonnet;Bonnet;XS;White;false
V000120;L0000147;2024-12-10;13:18;S08;Discount;Peripherie;305;9h/19h;open 5/7;71;E0053;2046;2020-08-26;Manager;0,14;0,86;C0008;M;36;true;0;17;P073;shoe;172,88;0,2;144,07;28,81;0;172,88;172,88;Reebok;Limited Edition;Elite;39;Deep Blue;true
V000121;L0000148;2024-11-19;09:52;S03;Discount;Peripherie;222;9h/18h;open 5/7;51;E0020;3242;2015-11-25;Sales;0,03;0,97;C0240;M;35;false;0;0;P018;shoe;75,34;0,2;62,78;12,56;0;75,34;82,16;Nike;Casual;Air;42;Red Blood;true
V000121;L0000149;2024-11-19;09:52;S03;Discount;Peripherie;222;9h/18h;open 5/7;51;E0020;3242;2015-11-25;Sales;0,03;0,97;C0240;M;35;false;0;0;P062;shoe;136,56;0,2;113,8;22,76;0;136,56;136,56;Nike;Limited Edition;Air;42;White;false
V000122;L0000150;2024-02-29;09:27;S02;Discount;Peripherie;289;9h/20h;open 5/7;67;E0006;2836;2022-05-06;Sales;0,11;0,89;C0211;M;40;true;0;14;P052;shoe;149,74;0,2;124,78;24,96;0;149,74;149,74;Nike;Limited Edition;Max;30;Deep Purple;true
V000123;L0000151;2024-04-19;17:34;S02;Discount;Peripherie;289;9h/20h;open 5/7;67;E0011;1917;2024-03-22;Sales;0,16;0,84;C0276;M;22;true;0;8;P018;shoe;82,16;0,2;68,47;13,69;0;82,16;82,16;Nike;Casual;Air;42;Red Blood;true
V000124;L0000152;2024-07-29;16:05;S02;Discount;Peripherie;289;9h/20h;open 5/7;67;E0006;2836;2022-05-06;Sales;0,11;0,89;C0291;M;37;true;0;8;P016;shoe;89,21;0,2;74,34;14,87;0;89,21;127,44;Puma;Basketball;Flex;44;Brown Bear;false
V000125;L0000153;2024-08-12;18:34;S02;Discount;Peripherie;289;9h/20h;open 5/7;67;E0014;2449;2024-05-13;Support;0,07;0,93;C0020;F;35;true;0;8;P060;shoe;80,07;0,2;66,72;13,35;0;80,07;80,07;Puma;Casual;Flex;44;Deep Blue;false
V000126;L0000154;2024-06-06;13:58;S06;Discount;Centre-ville;131;9h/18h;open 5/7;26;E0039;2587;2014-08-05;Sales;0,09;0,91;C0223;F;18;true;0;7;P063;shoe;76,85;0,2;64,04;12,81;0;76,85;93,64;Nike;Casual;Max;40;Pink;true
V000127;L0000155;2024-07-30;17:47;S01;Premium;Centre-ville;81;9h/18h;open 5/7;11;E0002;2848;2013-08-07;Sales;0,09;0,91;C0299;M;20;true;0;17;P021;shoe;173,84;0,2;144,87;28,97;0;173,84;173,84;Reebok;Casual;Air;32;Gold;false
V000128;L0000156;2024-10-23;15:33;S02;Discount;Peripherie;289;9h/20h;open 5/7;67;E0012;2424;2024-10-12;Sales;0,25;0,75;C0335;F;27;true;0;13;P041;shoe;131,78;0,2;109,82;21,96;0;131,78;131,78;Puma;Trail;Pro;39;Premium Black;false
V000129;L0000157;2024-06-14;10:32;S06;Discount;Centre-ville;131;9h/18h;open 5/7;26;E0037;2317;2019-10-08;Manager;0,17;0,83;C0095;M;35;true;0;11;P031;shoe;112,33;0,2;93,61;18,72;0;112,33;132,15;Puma;Limited Edition;Elite;32;Black;false
V000130;L0000158;2024-12-20;17:26;S03;Discount;Peripherie;222;9h/18h;open 5/7;51;E0017;2560;2012-12-22;Support;0,1;0,9;C0332;F;40;true;0;8;P005;shoe;81,55;0,2;67,96;13,59;0;81,55;99,63;Nike;Casual;Max;33;Premium Black;false
V000131;L0000159;2024-11-05;16:55;S05;Discount;Peripherie;271;9h/19h;open 6/7;64;E0032;2701;2008-11-13;Sales;0,25;0,75;C0143;M;44;true;0;11;P043;shoe;117,26;0,2;97,72;19,54;0;117,26;117,26;Adidas;Running;Max;32;Pink;false
V000132;L0000160;2024-02-01;10:13;S03;Discount;Peripherie;222;9h/18h;open 5/7;51;E0020;3242;2015-11-25;Sales;0,03;0,97;C0348;F;28;true;0;9;P063;shoe;91,08;0,2;75,9;15,18;0;91,08;91,08;Nike;Casual;Max;40;Pink;true
V000133;L0000161;2024-12-14;11:31;S05;Discount;Peripherie;271;9h/19h;open 6/7;64;E0034;2989;2019-04-19;Sales;0,08;0,92;C0341;F;41;false;0;0;P023;shoe;117,7;0,2;98,08;19,62;0;117,7;117,7;Adidas;Basketball;Zoom;38;Pink;false
V000134;L0000162;2024-11-13;11:27;S01;Premium;Centre-ville;81;9h/18h;open 5/7;11;E0002;2848;2013-08-07;Sales;0,09;0,91;C0306;M;50;true;0;12;P061;shoe;110,77;0,2;92,31;18,46;0;110,77;116,6;Reebok;Casual;Pro;41;White;false
V000134;L0000163;2024-11-13;11:27;S01;Premium;Centre-ville;81;9h/18h;open 5/7;11;E0002;2848;2013-08-07;Sales;0,09;0,91;C0306;M;50;true;0;12;A001;accessory;10,6;0,2;8,83;1,77;0;10,6;10,6;Accessoire;Sac de sport;Sac de sport;XS;Deep Blue;false
V000135;L0000164;2024-04-17;18:45;S04;Standard;Centre-ville;95;9h/20h;open 6/7;16;E0024;3374;2014-08-24;Sales;0,02;0,98;C0035;M;44;true;0;6;P079;shoe;37,04;0,2;30,87;6,17;0;37,04;37,04;New Balance;Basketball;Flex;32;Deep Blue;true
V000135;L0000165;2024-04-17;18:45;S04;Standard;Centre-ville;95;9h/20h;open 6/7;16;E0024;3374;2014-08-24;Sales;0,02;0,98;C0035;M;44;true;0;6;A005;accessory;24,5;0,2;20,42;4,08;0;24,5;24,5;Accessoire;Bonnet;Bonnet;M;Deep Blue;false
V000136;L0000166;2024-03-15;11:14;S05;Discount;Peripherie;271;9h/19h;open 6/7;64;E0033;2055;2019-07-02;Sales;0,11;0,89;C0234;F;26;false;0;0;P062;shoe;137,47;0,2;114,56;22,91;0;137,47;137,47;Nike;Limited Edition;Air;42;White;false
V000136;L0000167;2024-03-15;11:14;S05;Discount;Peripherie;271;9h/19h;open 6/7;64;E0033;2055;2019-07-02;Sales;0,11;0,89;C0234;F;26;false;0;0;P018;shoe;72,32;0,2;60,27;12,05;0;72,32;82,47;Nike;Casual;Air;42;Red Blood;true
V000137;L0000168;2024-05-16;09:15;S04;Standard;Centre-ville;95;9h/20h;open 6/7;16;E0026;2442;2016-11-14;Sales;0,11;0,89;C0347;M;38;false;0;0;P029;shoe;77,42;0,2;64,52;12,9;0;77,42;77,42;Adidas;Basketball;Zoom;45;Brown Bear;false
V000138;L0000169;2024-07-29;10:25;S05;Discount;Peripherie;271;9h/19h;open 6/7;64;E0028;2394;2021-02-14;Sales;0,15;0,85;C0324;M;22;true;0;10;P088;shoe;106,19;0,2;88,49;17,7;0;106,19;106,19;Adidas;Running;Zoom;36;Black;true
V000139;L0000170;2024-01-08;12:42;S05;Discount;Peripherie;271;9h/19h;open 6/7;64;E0028;2394;2021-02-14;Sales;0,15;0,85;C0379;M;30;true;0;13;P053;shoe;137,47;0,2;114,56;22,91;0;137,47;137,47;Nike;Limited Edition;Zoom;38;Deep Blue;false
V000140;L0000171;2024-04-06;09:48;S05;Discount;Peripherie;271;9h/19h;open 6/7;64;E0028;2394;2021-02-14;Sales;0,15;0,85;C0241;M;34;true;179;11;P069;shoe;112,98;0,2;94,15;18,83;17,9;130,88;130,88;Jordans;Limited Edition;Zoom;33;Deep Blue;false
V000141;L0000172;2024-10-28;14:16;S02;Discount;Peripherie;289;9h/20h;open 5/7;67;E0014;2449;2024-05-13;Support;0,07;0,93;C0409;F;25;true;0;8;P060;shoe;80,07;0,2;66,72;13,35;0;80,07;80,07;Puma;Casual;Flex;44;Deep Blue;false
V000142;L0000173;2024-03-27;13:18;S06;Discount;Centre-ville;131;9h/18h;open 5/7;26;E0037;2317;2019-10-08;Manager;0,17;0,83;C0150;F;58;true;0;13;P062;shoe;138,59;0,2;115,49;23,1;0;138,59;138,59;Nike;Limited Edition;Air;42;White;false
V000143;L0000174;2024-10-22;13:00;S01;Premium;Centre-ville;81;9h/18h;open 5/7;11;E0001;2356;2009-12-04;Sales;0,23;0,77;C0119;F;32;true;0;29;P073;shoe;296,5;0,2;247,08;49,42;0;296,5;296,5;Reebok;Limited Edition;Elite;39;Deep Blue;true
V000144;L0000175;2024-03-29;09:30;S07;Standard;Centre-ville;95;9h/19h;open 5/7;18;E0043;2926;2014-01-15;Sales;0,03;0,97;C0135;F;16;true;0;16;P067;shoe;105,24;0,2;87,7;17,54;0;105,24;120;Adidas;Running;Pro;30;Light Green;false
V000144;L0000176;2024-03-29;09:30;S07;Standard;Centre-ville;95;9h/19h;open 5/7;18;E0043;2926;2014-01-15;Sales;0,03;0,97;C0135;F;16;true;0;16;P014;shoe;60;0,2;50;10;0;60;60;Adidas;Basketball;Flex;30;Brown Bear;false
V000145;L0000177;2024-03-12;16:05;S08;Discount;Peripherie;305;9h/19h;open 5/7;71;E0049;2362;2018-06-15;Manager;0,11;0,89;C0322;F;22;false;0;0;P061;shoe;100,75;0,2;83,96;16,79;0;100,75;100,75;Reebok;Casual;Pro;41;White;false
V000145;L0000178;2024-03-12;16:05;S08;Discount;Peripherie;305;9h/19h;open 5/7;71;E0049;2362;2018-06-15;Manager;0,11;0,89;C0322;F;22;false;0;0;P065;shoe;124,12;0,2;103,43;20,69;0;124,12;124,12;Reebok;Trail;Flex;41;Premium Black;false
V000146;L0000179;2024-10-28;15:03;S05;Discount;Peripherie;271;9h/19h;open 6/7;64;E0033;2055;2019-07-02;Sales;0,11;0,89;C0029;M;25;true;0;15;P052;shoe;140,23;0,2;116,86;23,37;0;140,23;150,78;Nike;Limited Edition;Max;30;Deep Purple;true
V000146;L0000180;2024-10-28;15:03;S05;Discount;Peripherie;271;9h/19h;open 6/7;64;E0033;2055;2019-07-02;Sales;0,11;0,89;C0029;M;25;true;0;15;A011;accessory;12,17;0,2;10,14;2,03;0;12,17;13,52;Accessoire;Casquette;Casquette;L;Classic Grey;false
V000147;L0000181;2024-06-05;17:32;S01;Premium;Centre-ville;81;9h/18h;open 5/7;11;E0001;2356;2009-12-04;Sales;0,23;0,77;C0252;F;39;false;0;0;P038;shoe;120,84;0,2;100,7;20,14;0;120,84;120,84;Reebok;Training;Elite;33;Brown Bear;false
V000148;L0000182;2024-11-13;11:18;S03;Discount;Peripherie;222;9h/18h;open 5/7;51;E0020;3242;2015-11-25;Sales;0,03;0,97;C0086;M;35;true;0;14;P088;shoe;105,62;0,2;88,02;17,6;0;105,62;105,62;Adidas;Running;Zoom;36;Black;true
V000148;L0000183;2024-11-13;11:18;S03;Discount;Peripherie;222;9h/18h;open 5/7;51;E0020;3242;2015-11-25;Sales;0,03;0,97;C0086;M;35;true;0;14;A009;accessory;17,84;0,2;14,87;2,97;0;17,84;17,84;Accessoire;Lacets;Lacets;L;Classic Grey;false
V000148;L0000184;2024-11-13;11:18;S03;Discount;Peripherie;222;9h/18h;open 5/7;51;E0020;3242;2015-11-25;Sales;0,03;0,97;C0086;M;35;true;0;14;A012;accessory;16,95;0,2;14,13;2,82;0;16,95;17,84;Accessoire;Lacets;Lacets;XL;White;false
V000149;L0000185;2024-05-15;09:00;S05;Discount;Peripherie;271;9h/19h;open 6/7;64;E0034;2989;2019-04-19;Sales;0,08;0,92;C0100;M;30;true;0;10;P088;shoe;106,19;0,2;88,49;17,7;0;106,19;106,19;Adidas;Running;Zoom;36;Black;true
V000150;L0000186;2024-08-01;17:01;S01;Premium;Centre-ville;81;9h/18h;open 5/7;11;E0005;2812;2014-07-24;Sales;0,07;0,93;C0176;M;33;false;0;0;P073;shoe;296,5;0,2;247,08;49,42;0;296,5;296,5;Reebok;Limited Edition;Elite;39;Deep Blue;true
V000151;L0000187;2024-06-12;17:07;S05;Discount;Peripherie;271;9h/19h;open 6/7;64;E0028;2394;2021-02-14;Sales;0,15;0,85;C0190;F;22;true;0;13;P047;shoe;132,28;0,2;110,23;22,05;0;132,28;132,28;Jordans;Trail;Air;37;Premium Black;true
V000152;L0000188;2024-11-04;18:32;S05;Discount;Peripherie;271;9h/19h;open 6/7;64;E0030;2758;2008-04-16;Support;0,29;0,71;C0048;M;32;true;0;15;P047;shoe;132,28;0,2;110,23;22,05;0;132,28;132,28;Jordans;Trail;Air;37;Premium Black;true
V000152;L0000189;2024-11-04;18:32;S05;Discount;Peripherie;271;9h/19h;open 6/7;64;E0030;2758;2008-04-16;Support;0,29;0,71;C0048;M;32;true;0;15;A005;accessory;22,54;0,2;18,78;3,76;0;22,54;22,54;Accessoire;Bonnet;Bonnet;M;Deep Blue;false
V000153;L0000190;2024-06-27;14:52;S06;Discount;Centre-ville;131;9h/18h;open 5/7;26;E0040;2438;2015-03-10;Sales;0,09;0,91;C0318;F;27;true;0;8;P040;shoe;82,77;0,2;68,97;13,8;0;82,77;82,77;Nike;Trail;Zoom;44;Black;false
V000154;L0000191;2024-01-02;09:27;S03;Discount;Peripherie;222;9h/18h;open 5/7;51;E0018;2742;2004-10-20;Sales;0,2;0,8;C0157;F;16;true;0;23;P006;shoe;153,5;0,2;127,92;25,58;0;153,5;153,5;Asics;Limited Edition;Air;36;Pink;false
V000154;L0000192;2024-01-02;09:27;S03;Discount;Peripherie;222;9h/18h;open 5/7;51;E0018;2742;2004-10-20;Sales;0,2;0,8;C0157;F;16;true;0;23;P025;shoe;80,07;0,2;66,72;13,35;0;80,07;80,07;Asics;Trail;Flex;36;Sunny Yellow;false
V000155;L0000193;2024-09-13;16:39;S04;Standard;Centre-ville;95;9h/20h;open 6/7;16;E0023;2557;2016-03-21;Sales;0,07;0,93;C0168;F;48;true;178;25;P073;shoe;256,33;0,2;213,61;42,72;17,8;274,13;274,13;Reebok;Limited Edition;Elite;39;Deep Blue;true
V000156;L0000194;2024-06-14;15:03;S05;Discount;Peripherie;271;9h/19h;open 6/7;64;E0034;2989;2019-04-19;Sales;0,08;0,92;C0356;F;22;true;0;12;P088;shoe;106,19;0,2;88,49;17,7;0;106,19;106,19;Adidas;Running;Zoom;36;Black;true
V000156;L0000195;2024-06-14;15:03;S05;Discount;Peripherie;271;9h/19h;open 6/7;64;E0034;2989;2019-04-19;Sales;0,08;0,92;C0356;F;22;true;0;12;A002;accessory;22,54;0,2;18,78;3,76;0;22,54;22,54;Accessoire;Lacets;Lacets;M;White;false
V000157;L0000196;2024-05-21;16:10;S05;Discount;Peripherie;271;9h/19h;open 6/7;64;E0033;2055;2019-07-02;Sales;0,11;0,89;C0248;F;16;false;0;0;P052;shoe;150,78;0,2;125,65;25,13;0;150,78;150,78;Nike;Limited Edition;Max;30;Deep Purple;true
V000158;L0000197;2024-12-05;09:14;S02;Discount;Peripherie;289;9h/20h;open 5/7;67;E0006;2836;2022-05-06;Sales;0,11;0,89;C0149;M;47;false;0;0;P016;shoe;127,44;0,2;106,2;21,24;0;127,44;127,44;Puma;Basketball;Flex;44;Brown Bear;false
V000159;L0000198;2024-11-02;15:29;S04;Standard;Centre-ville;95;9h/20h;open 6/7;16;E0025;2018;2019-10-07;Sales;0,15;0,85;C0397;M;23;true;0;7;P029;shoe;77,42;0,2;64,52;12,9;0;77,42;77,42;Adidas;Basketball;Zoom;45;Brown Bear;false
V000160;L0000199;2024-02-19;18:04;S05;Discount;Peripherie;271;9h/19h;open 6/7;64;E0028;2394;2021-02-14;Sales;0,15;0,85;C0055;F;58;true;0;8;P034;shoe;88,7;0,2;73,92;14,78;0;88,7;88,7;Jordans;Running;Zoom;38;Deep Purple;false
V000161;L0000200;2024-10-18;13:55;S08;Discount;Peripherie;305;9h/19h;open 5/7;71;E0047;2787;2013-12-27;Manager;0,11;0,89;C0102;M;21;true;0;6;P051;shoe;63,6;0,2;53;10,6;0;63,6;79,5;Jordans;Trail;Elite;31;Sunny Yellow;false
V000162;L0000201;2024-02-06;10:49;S07;Standard;Centre-ville;95;9h/19h;open 5/7;18;E0045;2224;2018-01-08;Sales;0,15;0,85;C0246;M;32;true;0;14;P011;shoe;144,05;0,2;120,04;24,01;0;144,05;159;New Balance;Running;Max;38;Electric Blue;false
V000163;L0000202;2024-05-18;10:02;S04;Standard;Centre-ville;95;9h/20h;open 6/7;16;E0026;2442;2016-11-14;Sales;0,11;0,89;C0356;F;22;true;0;5;P008;shoe;55,86;0,2;46,55;9,31;0;55,86;58,8;Reebok;Casual;Elite;35;Deep Blue;false
V000164;L0000203;2024-09-25;09:03;S08;Discount;Peripherie;305;9h/19h;open 5/7;71;E0052;2362;2009-01-13;Sales;0,27;0,73;C0184;F;25;true;0;13;P084;shoe;134,32;0,2;111,93;22,39;0;134,32;134,32;Reebok;Trail;Air;44;Premium Black;false
V000165;L0000204;2024-08-02;13:15;S08;Discount;Peripherie;305;9h/19h;open 5/7;71;E0054;2726;2017-12-28;Sales;0,09;0,91;C0316;F;35;true;0;14;P027;shoe;117,8;0,2;98,17;19,63;0;117,8;117,8;Jordans;Trail;Flex;40;Pink;true
V000165;L0000205;2024-08-02;13:15;S08;Discount;Peripherie;305;9h/19h;open 5/7;71;E0054;2726;2017-12-28;Sales;0,09;0,91;C0316;F;35;true;0;14;A003;accessory;30,53;0,2;25,44;5,09;0;30,53;30,53;Accessoire;Tee-shirt;Tee-shirt;S;White;false
V000166;L0000206;2024-12-11;13:43;S08;Discount;Peripherie;305;9h/19h;open 5/7;71;E0051;2396;2019-11-14;Sales;0,14;0,86;C0015;F;30;true;0;17;P073;shoe;172,88;0,2;144,07;28,81;0;172,88;172,88;Reebok;Limited Edition;Elite;39;Deep Blue;true
V000167;L0000207;2024-12-28;16:38;S04;Standard;Centre-ville;95;9h/20h;open 6/7;16;E0026;2442;2016-11-14;Sales;0,11;0,89;C0003;F;17;false;0;0;P008;shoe;58,8;0,2;49;9,8;0;58,8;58,8;Reebok;Casual;Elite;35;Deep Blue;false
V000168;L0000208;2024-05-23;17:38;S06;Discount;Centre-ville;131;9h/18h;open 5/7;26;E0038;2382;2014-10-09;Support;0,22;0,78;C0390;F;53;true;0;12;P062;shoe;122,57;0,2;102,14;20,43;0;122,57;138,59;Nike;Limited Edition;Air;42;White;false
V000169;L0000209;2024-11-21;15:00;S08;Discount;Peripherie;305;9h/19h;open 5/7;71;E0049;2362;2018-06-15;Manager;0,11;0,89;C0035;M;44;true;226;9;P024;shoe;93,02;0,2;77,52;15,5;22,6;115,62;115,62;New Balance;Trail;Max;38;Electric Blue;false
V000170;L0000210;2024-03-05;11:27;S05;Discount;Peripherie;271;9h/19h;open 6/7;64;E0029;713;2023-06-27;Apprentice;0,2;0,8;C0054;F;22;true;220;8;P088;shoe;84,19;0,2;70,16;14,03;22;106,19;106,19;Adidas;Running;Zoom;36;Black;true
V000171;L0000211;2024-09-19;13:53;S02;Discount;Peripherie;289;9h/20h;open 5/7;67;E0014;2449;2024-05-13;Support;0,07;0,93;C0006;F;55;true;0;12;P020;shoe;124,54;0,2;103,78;20,76;0;124,54;155,68;Puma;Limited Edition;Zoom;33;Red Blood;false
V000172;L0000212;2024-11-13;17:01;S04;Standard;Centre-ville;95;9h/20h;open 6/7;16;E0026;2442;2016-11-14;Sales;0,11;0,89;C0096;F;31;true;0;18;P084;shoe;185,22;0,2;154,35;30,87;0;185,22;185,22;Reebok;Trail;Air;44;Premium Black;false
V000173;L0000213;2024-05-21;16:21;S05;Discount;Peripherie;271;9h/19h;open 6/7;64;E0031;2900;2015-02-28;Manager;0,06;0,94;C0329;M;42;true;129;8;P063;shoe;69,69;0,2;58,08;11,61;12,9;82,59;91,48;Nike;Casual;Max;40;Pink;true
V000173;L0000214;2024-05-21;16:21;S05;Discount;Peripherie;271;9h/19h;open 6/7;64;E0031;2900;2015-02-28;Manager;0,06;0,94;C0329;M;42;true;129;8;A011;accessory;12,17;0,2;10,14;2,03;0;12,17;13,52;Accessoire;Casquette;Casquette;L;Classic Grey;false
V000174;L0000215;2024-10-14;15:14;S05;Discount;Peripherie;271;9h/19h;open 6/7;64;E0035;2349;2010-01-14;Sales;0,22;0,78;C0170;F;30;true;0;11;P081;shoe;112,87;0,2;94,06;18,81;0;112,87;112,87;Adidas;Basketball;Max;32;Black;false
V000175;L0000216;2024-11-21;12:16;S07;Standard;Centre-ville;95;9h/19h;open 5/7;18;E0043;2926;2014-01-15;Sales;0,03;0,97;C0200;M;54;true;0;20;P003;shoe;200;0,2;166,67;33,33;0;200;200;New Balance;Limited Edition;Max;40;Electric Blue;false
V000176;L0000217;2024-04-18;16:48;S08;Discount;Peripherie;305;9h/19h;open 5/7;71;E0051;2396;2019-11-14;Sales;0,14;0,86;C0288;F;29;true;0;23;P006;shoe;151,32;0,2;126,1;25,22;0;151,32;151,32;Asics;Limited Edition;Air;36;Pink;false
V000176;L0000218;2024-04-18;16:48;S08;Discount;Peripherie;305;9h/19h;open 5/7;71;E0051;2396;2019-11-14;Sales;0,14;0,86;C0288;F;29;true;0;23;P025;shoe;79,5;0,2;66,25;13,25;0;79,5;79,5;Asics;Trail;Flex;36;Sunny Yellow;false
V000177;L0000219;2024-06-28;13:53;S06;Discount;Centre-ville;131;9h/18h;open 5/7;26;E0040;2438;2015-03-10;Sales;0,09;0,91;C0268;M;29;false;0;0;P052;shoe;151,61;0,2;126,34;25,27;0;151,61;151,61;Nike;Limited Edition;Max;30;Deep Purple;true
V000178;L0000220;2024-05-31;14:07;S08;Discount;Peripherie;305;9h/19h;open 5/7;71;E0048;2463;2018-07-09;Sales;0,07;0,93;C0341;F;41;false;0;0;P027;shoe;117,8;0,2;98,17;19,63;0;117,8;117,8;Jordans;Trail;Flex;40;Pink;true
V000179;L0000221;2024-04-30;12:03;S02;Discount;Peripherie;289;9h/20h;open 5/7;67;E0006;2836;2022-05-06;Sales;0,11;0,89;C0344;M;27;false;0;0;P058;shoe;127,44;0,2;106,2;21,24;0;127,44;127,44;Asics;Basketball;Air;45;Pink;false
V000180;L0000222;2024-03-19;11:58;S08;Discount;Peripherie;305;9h/19h;open 5/7;71;E0050;2303;2014-09-25;Support;0,29;0,71;C0157;F;16;true;0;10;P088;shoe;104,48;0,2;87,07;17,41;0;104,48;104,48;Adidas;Running;Zoom;36;Black;true
V000181;L0000223;2024-12-11;11:41;S03;Discount;Peripherie;222;9h/18h;open 5/7;51;E0018;2742;2004-10-20;Sales;0,2;0,8;C0396;F;27;false;0;0;P006;shoe;153,5;0,2;127,92;25,58;0;153,5;153,5;Asics;Limited Edition;Air;36;Pink;false
V000182;L0000224;2024-06-07;17:54;S06;Discount;Centre-ville;131;9h/18h;open 5/7;26;E0038;2382;2014-10-09;Support;0,22;0,78;C0026;F;16;false;0;0;P018;shoe;68,43;0,2;57,03;11,4;0;68,43;84,83;Nike;Casual;Air;42;Red Blood;true
V000183;L0000225;2024-11-15;13:44;S07;Standard;Centre-ville;95;9h/19h;open 5/7;18;E0042;2118;2019-04-24;Sales;0,1;0,9;C0400;M;46;true;0;12;P083;shoe;129,6;0,2;108;21,6;0;129,6;129,6;New Balance;Trail;Flex;33;Brown Bear;true
V000184;L0000226;2024-07-08;16:03;S04;Standard;Centre-ville;95;9h/20h;open 6/7;16;E0024;3374;2014-08-24;Sales;0,02;0,98;C0084;M;43;false;0;0;P073;shoe;274,13;0,2;228,44;45,69;0;274,13;274,13;Reebok;Limited Edition;Elite;39;Deep Blue;true
V000185;L0000227;2024-11-14;14:57;S03;Discount;Peripherie;222;9h/18h;open 5/7;51;E0017;2560;2012-12-22;Support;0,1;0,9;C0119;F;32;true;0;14;P052;shoe;149,74;0,2;124,78;24,96;0;149,74;149,74;Nike;Limited Edition;Max;30;Deep Purple;true
V000186;L0000228;2024-01-12;12:00;S05;Discount;Peripherie;271;9h/19h;open 6/7;64;E0035;2349;2010-01-14;Sales;0,22;0,78;C0076;M;28;true;0;11;P005;shoe;100,13;0,2;83,44;16,69;0;100,13;100,13;Nike;Casual;Max;33;Premium Black;false
V000186;L0000229;2024-01-12;12:00;S05;Discount;Peripherie;271;9h/19h;open 6/7;64;E0035;2349;2010-01-14;Sales;0,22;0,78;C0076;M;28;true;0;11;A012;accessory;18,03;0,2;15,03;3;0;18,03;18,03;Accessoire;Lacets;Lacets;XL;White;false
V000187;L0000230;2024-04-04;16:32;S02;Discount;Peripherie;289;9h/20h;open 5/7;67;E0008;2145;2023-10-11;Sales;0,29;0,71;C0171;M;36;true;0;8;P082;shoe;89,78;0,2;74,82;14,96;0;89,78;103,53;Asics;Running;Air;34;Pink;false
V000188;L0000231;2024-06-25;16:45;S05;Discount;Peripherie;271;9h/19h;open 6/7;64;E0033;2055;2019-07-02;Sales;0,11;0,89;C0232;M;50;false;0;0;P053;shoe;137,47;0,2;114,56;22,91;0;137,47;137,47;Nike;Limited Edition;Zoom;38;Deep Blue;false
V000189;L0000232;2024-04-10;17:37;S08;Discount;Peripherie;305;9h/19h;open 5/7;71;E0048;2463;2018-07-09;Sales;0,07;0,93;C0045;F;25;false;0;0;P079;shoe;70,06;0,2;58,38;11,68;0;70,06;70,06;New Balance;Basketball;Flex;32;Deep Blue;true
V000190;L0000233;2024-12-27;09:51;S07;Standard;Centre-ville;95;9h/19h;open 5/7;18;E0043;2926;2014-01-15;Sales;0,03;0,97;C0312;M;38;true;0;3;P079;shoe;37,8;0,2;31,5;6,3;0;37,8;37,8;New Balance;Basketball;Flex;32;Deep Blue;true
V000191;L0000234;2024-11-18;17:24;S06;Discount;Centre-ville;131;9h/18h;open 5/7;26;E0039;2587;2014-08-05;Sales;0,09;0,91;C0073;F;22;false;0;0;P023;shoe;119,27;0,2;99,39;19,88;0;119,27;119,27;Adidas;Basketball;Zoom;38;Pink;false
V000191;L0000235;2024-11-18;17:24;S06;Discount;Centre-ville;131;9h/18h;open 5/7;26;E0039;2587;2014-08-05;Sales;0,09;0,91;C0073;F;22;false;0;0;A011;accessory;13,08;0,2;10,9;2,18;0;13,08;13,08;Accessoire;Casquette;Casquette;L;Classic Grey;false
V000192;L0000236;2024-09-24;18:37;S05;Discount;Peripherie;271;9h/19h;open 6/7;64;E0028;2394;2021-02-14;Sales;0,15;0,85;C0125;F;28;true;0;7;P051;shoe;76,34;0,2;63,62;12,72;0;76,34;80,36;Jordans;Trail;Elite;31;Sunny Yellow;false
V000193;L0000237;2024-03-19;13:14;S04;Standard;Centre-ville;95;9h/20h;open 6/7;16;E0026;2442;2016-11-14;Sales;0,11;0,89;C0005;F;34;true;0;11;P083;shoe;118,12;0,2;98,43;19,69;0;118,12;127,01;New Balance;Trail;Flex;33;Brown Bear;true
V000194;L0000238;2024-05-10;17:06;S06;Discount;Centre-ville;131;9h/18h;open 5/7;26;E0038;2382;2014-10-09;Support;0,22;0,78;C0095;M;35;true;118;7;P044;shoe;70,97;0,2;59,14;11,83;11,8;82,77;82,77;Nike;Basketball;Flex;32;Pink;false
V000195;L0000239;2024-08-05;16:01;S02;Discount;Peripherie;289;9h/20h;open 5/7;67;E0006;2836;2022-05-06;Sales;0,11;0,89;C0374;F;16;true;0;14;P064;shoe;127,44;0,2;106,2;21,24;0;127,44;127,44;Puma;Training;Pro;41;Black;false
V000195;L0000240;2024-08-05;16:01;S02;Discount;Peripherie;289;9h/20h;open 5/7;67;E0006;2836;2022-05-06;Sales;0,11;0,89;C0374;F;16;true;0;14;A004;accessory;8,92;0,2;7,43;1,49;0;8,92;8,92;Accessoire;Bonnet;Bonnet;XS;Black;false
V000195;L0000241;2024-08-05;16:01;S02;Discount;Peripherie;289;9h/20h;open 5/7;67;E0006;2836;2022-05-06;Sales;0,11;0,89;C0374;F;16;true;0;14;A001;accessory;8,92;0,2;7,43;1,49;0;8,92;8,92;Accessoire;Sac de sport;Sac de sport;XS;Deep Blue;false
V000196;L0000242;2024-09-18;17:32;S02;Discount;Peripherie;289;9h/20h;open 5/7;67;E0009;2331;2024-04-14;Sales;0,08;0,92;C0273;M;47;true;0;11;P087;shoe;105,3;0,2;87,75;17,55;0;105,3;117;Asics;Training;Elite;39;Black;false
V000196;L0000243;2024-09-18;17:32;S02;Discount;Peripherie;289;9h/20h;open 5/7;67;E0009;2331;2024-04-14;Sales;0,08;0,92;C0273;M;47;true;0;11;A004;accessory;8,92;0,2;7,43;1,49;0;8,92;8,92;Accessoire;Bonnet;Bonnet;XS;Black;false
V000197;L0000244;2024-04-02;11:24;S05;Discount;Peripherie;271;9h/19h;open 6/7;64;E0027;2218;2019-03-23;Sales;0,11;0,89;C0172;M;24;true;0;12;P048;shoe;122,8;0,2;102,33;20,47;0;122,8;122,8;Jordans;Casual;Air;45;Brown Bear;true
V000198;L0000245;2024-11-01;12:15;S06;Discount;Centre-ville;131;9h/18h;open 5/7;26;E0040;2438;2015-03-10;Sales;0,09;0,91;C0109;M;31;true;268;8;P086;shoe;89,74;0,2;74,78;14,96;26,8;116,54;127,86;Adidas;Casual;Zoom;44;Premium Black;false
V000199;L0000246;2024-10-18;11:18;S05;Discount;Peripherie;271;9h/19h;open 6/7;64;E0027;2218;2019-03-23;Sales;0,11;0,89;C0241;M;34;true;0;7;P033;shoe;77,72;0,2;64,77;12,95;0;77,72;77,72;Jordans;Running;Max;31;Red Blood;false
V000200;L0000247;2024-07-15;16:06;S07;Standard;Centre-ville;95;9h/19h;open 5/7;18;E0045;2224;2018-01-08;Sales;0,15;0,85;C0253;F;35;false;0;0;P057;shoe;60;0,2;50;10;0;60;60;Asics;Trail;Zoom;33;Brown Bear;false
V000201;L0000248;2024-02-27;18:55;S04;Standard;Centre-ville;95;9h/20h;open 6/7;16;E0026;2442;2016-11-14;Sales;0,11;0,89;C0135;F;16;true;0;5;P042;shoe;52,92;0,2;44,1;8,82;0;52,92;52,92;New Balance;Basketball;Air;30;Sunny Yellow;false
V000202;L0000249;2024-04-24;15:40;S06;Discount;Centre-ville;131;9h/18h;open 5/7;26;E0039;2587;2014-08-05;Sales;0,09;0,91;C0380;F;34;true;0;14;P077;shoe;119,27;0,2;99,39;19,88;0;119,27;119,27;Puma;Basketball;Zoom;39;Brown Bear;false
V000202;L0000250;2024-04-24;15:40;S06;Discount;Centre-ville;131;9h/18h;open 5/7;26;E0039;2587;2014-08-05;Sales;0,09;0,91;C0380;F;34;true;0;14;A003;accessory;30,53;0,2;25,44;5,09;0;30,53;30,53;Accessoire;Tee-shirt;Tee-shirt;S;White;false
V000203;L0000251;2024-12-04;15:47;S02;Discount;Peripherie;289;9h/20h;open 5/7;67;E0014;2449;2024-05-13;Support;0,07;0,93;C0258;M;40;true;0;14;P005;shoe;99,63;0,2;83,03;16,6;0;99,63;99,63;Nike;Casual;Max;33;Premium Black;false
V000203;L0000252;2024-12-04;15:47;S02;Discount;Peripherie;289;9h/20h;open 5/7;67;E0014;2449;2024-05-13;Support;0,07;0,93;C0258;M;40;true;0;14;A009;accessory;17,84;0,2;14,87;2,97;0;17,84;17,84;Accessoire;Lacets;Lacets;L;Classic Grey;false
V000203;L0000253;2024-12-04;15:47;S02;Discount;Peripherie;289;9h/20h;open 5/7;67;E0014;2449;2024-05-13;Support;0,07;0,93;C0258;M;40;true;0;14;A003;accessory;31,21;0,2;26,01;5,2;0;31,21;31,21;Accessoire;Tee-shirt;Tee-shirt;S;White;false
V000204;L0000254;2024-04-22;15:49;S05;Discount;Peripherie;271;9h/19h;open 6/7;64;E0035;2349;2010-01-14;Sales;0,22;0,78;C0338;F;37;true;235;5;P040;shoe;56,86;0,2;47,38;9,48;23,5;80,36;80,36;Nike;Trail;Zoom;44;Black;false
V000205;L0000255;2024-01-30;12:49;S03;Discount;Peripherie;222;9h/18h;open 5/7;51;E0017;2560;2012-12-22;Support;0,1;0,9;C0363;M;27;true;0;9;P063;shoe;91,08;0,2;75,9;15,18;0;91,08;91,08;Nike;Casual;Max;40;Pink;true
V000206;L0000256;2024-01-24;17:28;S05;Discount;Peripherie;271;9h/19h;open 6/7;64;E0035;2349;2010-01-14;Sales;0,22;0,78;C0140;M;28;false;0;0;P053;shoe;103,1;0,2;85,92;17,18;0;103,1;137,47;Nike;Limited Edition;Zoom;38;Deep Blue;false
V000207;L0000257;2024-03-01;11:51;S02;Discount;Peripherie;289;9h/20h;open 5/7;67;E0010;2189;2023-11-12;Sales;0,18;0,82;C0013;M;30;true;0;9;P063;shoe;91,08;0,2;75,9;15,18;0;91,08;91,08;Nike;Casual;Max;40;Pink;true
V000208;L0000258;2024-03-28;10:20;S07;Standard;Centre-ville;95;9h/19h;open 5/7;18;E0045;2224;2018-01-08;Sales;0,15;0,85;C0170;F;30;true;276;10;P015;shoe;107,55;0,2;89,63;17,92;27,6;135,15;159;Asics;Training;Air;45;Deep Purple;false
V000209;L0000259;2024-02-22;09:29;S08;Discount;Peripherie;305;9h/19h;open 5/7;71;E0052;2362;2009-01-13;Sales;0,27;0,73;C0230;F;49;true;0;7;P014;shoe;79,5;0,2;66,25;13,25;0;79,5;79,5;Adidas;Basketball;Flex;30;Brown Bear;false
V000210;L0000260;2024-10-24;12:22;S02;Discount;Peripherie;289;9h/20h;open 5/7;67;E0014;2449;2024-05-13;Support;0,07;0,93;C0119;F;32;true;0;14;P053;shoe;136,56;0,2;113,8;22,76;0;136,56;136,56;Nike;Limited Edition;Zoom;38;Deep Blue;false
V000210;L0000261;2024-10-24;12:22;S02;Discount;Peripherie;289;9h/20h;open 5/7;67;E0014;2449;2024-05-13;Support;0,07;0,93;C0119;F;32;true;0;14;A004;accessory;8,92;0,2;7,43;1,49;0;8,92;8,92;Accessoire;Bonnet;Bonnet;XS;Black;false
V000211;L0000262;2024-10-18;11:46;S02;Discount;Peripherie;289;9h/20h;open 5/7;67;E0011;1917;2024-03-22;Sales;0,16;0,84;C0147;M;37;true;0;11;P035;shoe;117;0,2;97,5;19,5;0;117;117;Puma;Training;Pro;39;Red Blood;false
V000212;L0000263;2024-02-24;17:52;S05;Discount;Peripherie;271;9h/19h;open 6/7;64;E0034;2989;2019-04-19;Sales;0,08;0,92;C0279;F;40;false;0;0;P048;shoe;122,8;0,2;102,33;20,47;0;122,8;122,8;Jordans;Casual;Air;45;Brown Bear;true
V000213;L0000264;2024-12-02;14:47;S05;Discount;Peripherie;271;9h/19h;open 6/7;64;E0027;2218;2019-03-23;Sales;0,11;0,89;C0044;M;53;true;299;6;P007;shoe;69,79;0,2;58,16;11,63;29,9;99,69;99,69;Adidas;Basketball;Max;33;Electric Blue;false
V000214;L0000265;2024-10-23;10:44;S05;Discount;Peripherie;271;9h/19h;open 6/7;64;E0034;2989;2019-04-19;Sales;0,08;0,92;C0005;F;34;true;0;10;P088;shoe;106,19;0,2;88,49;17,7;0;106,19;106,19;Adidas;Running;Zoom;36;Black;true
V000215;L0000266;2024-04-30;18:37;S02;Discount;Peripherie;289;9h/20h;open 5/7;67;E0013;2207;2023-11-19;Sales;0,19;0,81;C0346;F;16;true;0;13;P062;shoe;136,56;0,2;113,8;22,76;0;136,56;136,56;Nike;Limited Edition;Air;42;White;false
V000216;L0000267;2024-01-26;14:57;S07;Standard;Centre-ville;95;9h/19h;open 5/7;18;E0045;2224;2018-01-08;Sales;0,15;0,85;C0077;F;29;true;0;14;P041;shoe;143,2;0,2;119,33;23,87;0;143,2;179;Puma;Trail;Pro;39;Premium Black;false
V000217;L0000268;2024-04-18;17:42;S08;Discount;Peripherie;305;9h/19h;open 5/7;71;E0052;2362;2009-01-13;Sales;0,27;0,73;C0086;M;35;true;0;11;P043;shoe;115,19;0,2;95,99;19,2;0;115,19;115,19;Adidas;Running;Max;32;Pink;false
V000218;L0000269;2024-10-12;09:18;S05;Discount;Peripherie;271;9h/19h;open 6/7;64;E0034;2989;2019-04-19;Sales;0,08;0,92;C0335;F;27;true;0;9;P069;shoe;95,2;0,2;79,33;15,87;0;95,2;130,88;Jordans;Limited Edition;Zoom;33;Deep Blue;false
V000219;L0000270;2024-09-25;13:58;S08;Discount;Peripherie;305;9h/19h;open 5/7;71;E0049;2362;2018-06-15;Manager;0,11;0,89;C0257;M;21;true;0;8;P030;shoe;87,58;0,2;72,98;14,6;0;87,58;87,58;New Balance;Running;Pro;42;Light Green;false
V000220;L0000271;2024-11-12;18:20;S02;Discount;Peripherie;289;9h/20h;open 5/7;67;E0006;2836;2022-05-06;Sales;0,11;0,89;C0295;F;49;true;0;7;P040;shoe;73,01;0,2;60,84;12,17;0;73,01;80,07;Nike;Trail;Zoom;44;Black;false
V000221;L0000272;2024-04-05;10:48;S03;Discount;Peripherie;222;9h/18h;open 5/7;51;E0019;1959;2021-03-27;Support;0,17;0,83;C0418;M;16;false;0;0;P040;shoe;80,07;0,2;66,72;13,35;0;80,07;80,07;Nike;Trail;Zoom;44;Black;false
V000221;L0000273;2024-04-05;10:48;S03;Discount;Peripherie;222;9h/18h;open 5/7;51;E0019;1959;2021-03-27;Support;0,17;0,83;C0418;M;16;false;0;0;A007;accessory;31,21;0,2;26,01;5,2;0;31,21;31,21;Accessoire;Casquette;Casquette;M;Deep Blue;false
V000222;L0000274;2024-12-13;15:46;S03;Discount;Peripherie;222;9h/18h;open 5/7;51;E0017;2560;2012-12-22;Support;0,1;0,9;C0296;F;31;true;0;15;P026;shoe;142,69;0,2;118,91;23,78;0;142,69;142,69;Asics;Running;Air;43;Gold;true
V000222;L0000275;2024-12-13;15:46;S03;Discount;Peripherie;222;9h/18h;open 5/7;51;E0017;2560;2012-12-22;Support;0,1;0,9;C0296;F;31;true;0;15;A011;accessory;13,38;0,2;11,15;2,23;0;13,38;13,38;Accessoire;Casquette;Casquette;L;Classic Grey;false
V000223;L0000276;2024-08-01;12:47;S06;Discount;Centre-ville;131;9h/18h;open 5/7;26;E0039;2587;2014-08-05;Sales;0,09;0,91;C0210;F;34;false;0;0;P044;shoe;82,77;0,2;68,97;13,8;0;82,77;82,77;Nike;Basketball;Flex;32;Pink;false
V000224;L0000277;2024-04-20;18:16;S05;Discount;Peripherie;271;9h/19h;open 6/7;64;E0028;2394;2021-02-14;Sales;0,15;0,85;C0104;M;50;false;0;0;P075;shoe;91,34;0,2;76,12;15,22;0;91,34;91,34;Jordans;Casual;Air;40;Deep Blue;false
V000225;L0000278;2024-01-29;10:36;S01;Premium;Centre-ville;81;9h/18h;open 5/7;11;E0001;2356;2009-12-04;Sales;0,23;0,77;C0047;M;32;true;0;11;P059;shoe;81,09;0,2;67,58;13,51;0;81,09;90,1;Reebok;Running;Elite;43;Black;false
V000225;L0000279;2024-01-29;10:36;S01;Premium;Centre-ville;81;9h/18h;open 5/7;11;E0001;2356;2009-12-04;Sales;0,23;0,77;C0047;M;32;true;0;11;A007;accessory;37,1;0,2;30,92;6,18;0;37,1;37,1;Accessoire;Casquette;Casquette;M;Deep Blue;false
V000226;L0000280;2024-08-01;14:13;S08;Discount;Peripherie;305;9h/19h;open 5/7;71;E0054;2726;2017-12-28;Sales;0,09;0,91;C0045;F;25;false;0;0;P001;shoe;117,8;0,2;98,17;19,63;0;117,8;117,8;New Balance;Training;Max;41;Electric Blue;true
V000227;L0000281;2024-12-25;13:40;S06;Discount;Centre-ville;131;9h/18h;open 5/7;26;E0040;2438;2015-03-10;Sales;0,09;0,91;C0383;F;20;true;124;7;P029;shoe;78,52;0,2;65,43;13,09;12,4;90,92;90,92;Adidas;Basketball;Zoom;45;Brown Bear;false
V000228;L0000282;2024-08-02;15:11;S08;Discount;Peripherie;305;9h/19h;open 5/7;71;E0052;2362;2009-01-13;Sales;0,27;0,73;C0219;F;35;true;0;7;P051;shoe;79,5;0,2;66,25;13,25;0;79,5;79,5;Jordans;Trail;Elite;31;Sunny Yellow;false
V000229;L0000283;2024-02-07;15:23;S05;Discount;Peripherie;271;9h/19h;open 6/7;64;E0033;2055;2019-07-02;Sales;0,11;0,89;C0227;F;44;false;0;0;P062;shoe;137,47;0,2;114,56;22,91;0;137,47;137,47;Nike;Limited Edition;Air;42;White;false
V000230;L0000284;2024-03-29;16:01;S03;Discount;Peripherie;222;9h/18h;open 5/7;51;E0020;3242;2015-11-25;Sales;0,03;0,97;C0120;M;58;true;0;10;P088;shoe;105,62;0,2;88,02;17,6;0;105,62;105,62;Adidas;Running;Zoom;36;Black;true
V000231;L0000285;2024-10-04;17:56;S05;Discount;Peripherie;271;9h/19h;open 6/7;64;E0028;2394;2021-02-14;Sales;0,15;0,85;C0049;M;45;false;0;0;P007;shoe;99,69;0,2;83,08;16,61;0;99,69;99,69;Adidas;Basketball;Max;33;Electric Blue;false
V000232;L0000286;2024-11-11;13:36;S07;Standard;Centre-ville;95;9h/19h;open 5/7;18;E0043;2926;2014-01-15;Sales;0,03;0,97;C0054;F;22;true;0;19;P074;shoe;195;0,2;162,5;32,5;0;195;195;Puma;Limited Edition;Zoom;36;Classic Grey;false
V000233;L0000287;2024-11-19;12:15;S04;Standard;Centre-ville;95;9h/20h;open 6/7;16;E0026;2442;2016-11-14;Sales;0,11;0,89;C0048;M;32;true;0;11;P067;shoe;117,6;0,2;98;19,6;0;117,6;117,6;Adidas;Running;Pro;30;Light Green;false
V000234;L0000288;2024-08-21;16:36;S08;Discount;Peripherie;305;9h/19h;open 5/7;71;E0052;2362;2009-01-13;Sales;0,27;0,73;C0075;M;49;true;0;16;P047;shoe;129,73;0,2;108,11;21,62;0;129,73;129,73;Jordans;Trail;Air;37;Premium Black;true
V000234;L0000289;2024-08-21;16:36;S08;Discount;Peripherie;305;9h/19h;open 5/7;71;E0052;2362;2009-01-13;Sales;0,27;0,73;C0075;M;49;true;0;16;A008;accessory;18,45;0,2;15,38;3,07;0;18,45;21,8;Accessoire;Bonnet;Bonnet;XS;White;false
V000234;L0000290;2024-08-21;16:36;S08;Discount;Peripherie;305;9h/19h;open 5/7;71;E0052;2362;2009-01-13;Sales;0,27;0,73;C0075;M;49;true;0;16;A011;accessory;13,08;0,2;10,9;2,18;0;13,08;13,08;Accessoire;Casquette;Casquette;L;Classic Grey;false
V000235;L0000291;2024-05-10;17:28;S05;Discount;Peripherie;271;9h/19h;open 6/7;64;E0034;2989;2019-04-19;Sales;0,08;0,92;C0079;F;38;true;0;8;P051;shoe;80,36;0,2;66,97;13,39;0;80,36;80,36;Jordans;Trail;Elite;31;Sunny Yellow;false
V000236;L0000292;2024-12-31;12:34;S02;Discount;Peripherie;289;9h/20h;open 5/7;67;E0006;2836;2022-05-06;Sales;0,11;0,89;C0271;F;30;true;0;13;P053;shoe;136,56;0,2;113,8;22,76;0;136,56;136,56;Nike;Limited Edition;Zoom;38;Deep Blue;false
V000237;L0000293;2024-03-05;13:57;S05;Discount;Peripherie;271;9h/19h;open 6/7;64;E0034;2989;2019-04-19;Sales;0,08;0,92;C0103;M;45;true;0;13;P053;shoe;137,47;0,2;114,56;22,91;0;137,47;137,47;Nike;Limited Edition;Zoom;38;Deep Blue;false
V000238;L0000294;2024-01-22;14:46;S03;Discount;Peripherie;222;9h/18h;open 5/7;51;E0015;2776;2012-04-21;Support;0,11;0,89;C0368;F;17;false;0;0;P062;shoe;136,56;0,2;113,8;22,76;0;136,56;136,56;Nike;Limited Edition;Air;42;White;false
V000239;L0000295;2024-05-06;18:38;S08;Discount;Peripherie;305;9h/19h;open 5/7;71;E0048;2463;2018-07-09;Sales;0,07;0,93;C0197;F;22;false;0;0;P043;shoe;115,19;0,2;95,99;19,2;0;115,19;115,19;Adidas;Running;Max;32;Pink;false
V000240;L0000296;2024-12-13;09:28;S08;Discount;Peripherie;305;9h/19h;open 5/7;71;E0050;2303;2014-09-25;Support;0,29;0,71;C0325;F;29;true;0;20;P027;shoe;110,5;0,2;92,08;18,42;0;110,5;117,8;Jordans;Trail;Flex;40;Pink;true
V000240;L0000297;2024-12-13;09:28;S08;Discount;Peripherie;305;9h/19h;open 5/7;71;E0050;2303;2014-09-25;Support;0,29;0,71;C0325;F;29;true;0;20;P075;shoe;90,13;0,2;75,11;15,02;0;90,13;90,13;Jordans;Casual;Air;40;Deep Blue;false
V000241;L0000298;2024-10-10;11:26;S03;Discount;Peripherie;222;9h/18h;open 5/7;51;E0015;2776;2012-04-21;Support;0,11;0,89;C0363;M;27;true;0;14;P052;shoe;149,74;0,2;124,78;24,96;0;149,74;149,74;Nike;Limited Edition;Max;30;Deep Purple;true
V000242;L0000299;2024-11-13;16:27;S06;Discount;Centre-ville;131;9h/18h;open 5/7;26;E0039;2587;2014-08-05;Sales;0,09;0,91;C0234;F;26;false;0;0;P063;shoe;93,64;0,2;78,03;15,61;0;93,64;93,64;Nike;Casual;Max;40;Pink;true
V000243;L0000300;2024-06-25;09:45;S08;Discount;Peripherie;305;9h/19h;open 5/7;71;E0054;2726;2017-12-28;Sales;0,09;0,91;C0276;M;22;true;0;12;P028;shoe;125,82;0,2;104,85;20,97;0;125,82;125,82;Jordans;Casual;Elite;39;Red Blood;false
V000244;L0000301;2024-05-02;16:39;S03;Discount;Peripherie;222;9h/18h;open 5/7;51;E0020;3242;2015-11-25;Sales;0,03;0,97;C0132;M;25;true;0;10;P088;shoe;105,62;0,2;88,02;17,6;0;105,62;105,62;Adidas;Running;Zoom;36;Black;true
V000245;L0000302;2024-11-08;14:56;S05;Discount;Peripherie;271;9h/19h;open 6/7;64;E0033;2055;2019-07-02;Sales;0,11;0,89;C0066;F;22;true;0;11;P081;shoe;112,87;0,2;94,06;18,81;0;112,87;112,87;Adidas;Basketball;Max;32;Black;false
V000246;L0000303;2024-03-11;12:15;S03;Discount;Peripherie;222;9h/18h;open 5/7;51;E0018;2742;2004-10-20;Sales;0,2;0,8;C0030;F;16;true;0;8;P014;shoe;80,07;0,2;66,72;13,35;0;80,07;80,07;Adidas;Basketball;Flex;30;Brown Bear;false
V000247;L0000304;2024-03-21;16:37;S03;Discount;Peripherie;222;9h/18h;open 5/7;51;E0018;2742;2004-10-20;Sales;0,2;0,8;C0094;F;41;true;0;10;P088;shoe;105,62;0,2;88,02;17,6;0;105,62;105,62;Adidas;Running;Zoom;36;Black;true
V000248;L0000305;2024-12-03;18:26;S02;Discount;Peripherie;289;9h/20h;open 5/7;67;E0009;2331;2024-04-14;Sales;0,08;0,92;C0391;M;37;false;0;0;P082;shoe;103,53;0,2;86,28;17,25;0;103,53;103,53;Asics;Running;Air;34;Pink;false
V000249;L0000306;2024-04-08;12:07;S02;Discount;Peripherie;289;9h/20h;open 5/7;67;E0010;2189;2023-11-12;Sales;0,18;0,82;C0407;M;29;true;0;9;P063;shoe;91,08;0,2;75,9;15,18;0;91,08;91,08;Nike;Casual;Max;40;Pink;true
V000250;L0000307;2024-11-02;16:15;S05;Discount;Peripherie;271;9h/19h;open 6/7;64;E0035;2349;2010-01-14;Sales;0,22;0,78;C0357;F;16;true;0;10;P088;shoe;106,19;0,2;88,49;17,7;0;106,19;106,19;Adidas;Running;Zoom;36;Black;true
V000251;L0000308;2024-12-11;12:12;S05;Discount;Peripherie;271;9h/19h;open 6/7;64;E0035;2349;2010-01-14;Sales;0,22;0,78;C0098;M;32;true;0;11;P081;shoe;112,87;0,2;94,06;18,81;0;112,87;112,87;Adidas;Basketball;Max;32;Black;false
V000252;L0000309;2024-11-18;09:58;S02;Discount;Peripherie;289;9h/20h;open 5/7;67;E0006;2836;2022-05-06;Sales;0,11;0,89;C0026;F;16;false;0;0;P064;shoe;127,44;0,2;106,2;21,24;0;127,44;127,44;Puma;Training;Pro;41;Black;false
V000253;L0000310;2024-09-04;09:32;S07;Standard;Centre-ville;95;9h/19h;open 5/7;18;E0043;2926;2014-01-15;Sales;0,03;0,97;C0119;F;32;true;201;10;P083;shoe;109,5;0,2;91,25;18,25;20,1;129,6;129,6;New Balance;Trail;Flex;33;Brown Bear;true
V000254;L0000311;2024-11-12;13:16;S01;Premium;Centre-ville;81;9h/18h;open 5/7;11;E0005;2812;2014-07-24;Sales;0,07;0,93;C0338;F;37;true;0;29;P073;shoe;296,5;0,2;247,08;49,42;0;296,5;296,5;Reebok;Limited Edition;Elite;39;Deep Blue;true
V000255;L0000312;2024-05-20;16:26;S06;Discount;Centre-ville;131;9h/18h;open 5/7;26;E0038;2382;2014-10-09;Support;0,22;0,78;C0189;F;32;true;0;8;P018;shoe;84,83;0,2;70,69;14,14;0;84,83;84,83;Nike;Casual;Air;42;Red Blood;true
V000256;L0000313;2024-03-08;12:45;S02;Discount;Peripherie;289;9h/20h;open 5/7;67;E0013;2207;2023-11-19;Sales;0,19;0,81;C0285;F;34;true;229;6;P063;shoe;68,18;0,2;56,82;11,36;22,9;91,08;91,08;Nike;Casual;Max;40;Pink;true
V000257;L0000314;2024-08-20;15:44;S03;Discount;Peripherie;222;9h/18h;open 5/7;51;E0015;2776;2012-04-21;Support;0,11;0,89;C0178;F;35;true;0;9;P007;shoe;99,19;0,2;82,66;16,53;0;99,19;99,19;Adidas;Basketball;Max;33;Electric Blue;false
V000258;L0000315;2024-11-27;14:59;S05;Discount;Peripherie;271;9h/19h;open 6/7;64;E0031;2900;2015-02-28;Manager;0,06;0,94;C0158;F;31;true;0;16;P047;shoe;132,28;0,2;110,23;22,05;0;132,28;132,28;Jordans;Trail;Air;37;Premium Black;true
V000258;L0000316;2024-11-27;14:59;S05;Discount;Peripherie;271;9h/19h;open 6/7;64;E0031;2900;2015-02-28;Manager;0,06;0,94;C0158;F;31;true;0;16;A003;accessory;31,56;0,2;26,3;5,26;0;31,56;31,56;Accessoire;Tee-shirt;Tee-shirt;S;White;false
V000259;L0000317;2024-02-22;15:42;S08;Discount;Peripherie;305;9h/19h;open 5/7;71;E0050;2303;2014-09-25;Support;0,29;0,71;C0372;M;64;true;0;11;P076;shoe;119,44;0,2;99,53;19,91;0;119,44;119,44;Asics;Trail;Air;35;Premium Black;false
V000260;L0000318;2024-06-20;09:44;S07;Standard;Centre-ville;95;9h/19h;open 5/7;18;E0045;2224;2018-01-08;Sales;0,15;0,85;C0218;M;17;true;0;30;P037;shoe;301,32;0,2;251,1;50,22;0;301,32;301,32;Puma;Limited Edition;Zoom;38;Gold;true
V000261;L0000319;2024-09-03;12:03;S06;Discount;Centre-ville;131;9h/18h;open 5/7;26;E0039;2587;2014-08-05;Sales;0,09;0,91;C0264;F;37;true;0;10;P088;shoe;108,02;0,2;90,02;18;0;108,02;108,02;Adidas;Running;Zoom;36;Black;true
V000262;L0000320;2024-06-10;17:32;S03;Discount;Peripherie;222;9h/18h;open 5/7;51;E0020;3242;2015-11-25;Sales;0,03;0,97;C0404;F;45;true;0;14;P026;shoe;142,69;0,2;118,91;23,78;0;142,69;142,69;Asics;Running;Air;43;Gold;true
V000263;L0000321;2024-03-22;09:05;S07;Standard;Centre-ville;95;9h/19h;open 5/7;18;E0043;2926;2014-01-15;Sales;0,03;0,97;C0233;M;20;true;0;12;P067;shoe;120;0,2;100;20;0;120;120;Adidas;Running;Pro;30;Light Green;false
V000264;L0000322;2024-10-10;15:47;S03;Discount;Peripherie;222;9h/18h;open 5/7;51;E0020;3242;2015-11-25;Sales;0,03;0,97;C0157;F;16;true;0;23;P018;shoe;82,16;0,2;68,47;13,69;0;82,16;82,16;Nike;Casual;Air;42;Red Blood;true
V000264;L0000323;2024-10-10;15:47;S03;Discount;Peripherie;222;9h/18h;open 5/7;51;E0020;3242;2015-11-25;Sales;0,03;0,97;C0157;F;16;true;0;23;P062;shoe;136,56;0,2;113,8;22,76;0;136,56;136,56;Nike;Limited Edition;Air;42;White;false
V000264;L0000324;2024-10-10;15:47;S03;Discount;Peripherie;222;9h/18h;open 5/7;51;E0020;3242;2015-11-25;Sales;0,03;0,97;C0157;F;16;true;0;23;A010;accessory;17,84;0,2;14,87;2,97;0;17,84;17,84;Accessoire;Tee-shirt;Tee-shirt;XL;Black;false
V000265;L0000325;2024-12-13;09:03;S08;Discount;Peripherie;305;9h/19h;open 5/7;71;E0048;2463;2018-07-09;Sales;0,07;0,93;C0164;F;33;true;0;9;P010;shoe;90,13;0,2;75,11;15,02;0;90,13;90,13;Asics;Training;Air;33;Brown Bear;false
V000266;L0000326;2024-03-08;18:56;S02;Discount;Peripherie;289;9h/20h;open 5/7;67;E0006;2836;2022-05-06;Sales;0,11;0,89;C0203;M;26;true;0;7;P004;shoe;79,34;0,2;66,12;13,22;0;79,34;79,34;Puma;Basketball;Max;34;White;true
V000267;L0000327;2024-12-13;15:13;S07;Standard;Centre-ville;95;9h/19h;open 5/7;18;E0043;2926;2014-01-15;Sales;0,03;0,97;C0191;F;32;true;0;5;P004;shoe;58,32;0,2;48,6;9,72;0;58,32;58,32;Puma;Basketball;Max;34;White;true
V000268;L0000328;2024-12-06;10:06;S04;Standard;Centre-ville;95;9h/20h;open 6/7;16;E0024;3374;2014-08-24;Sales;0,02;0,98;C0345;F;45;false;0;0;P001;shoe;147,12;0,2;122,6;24,52;0;147,12;147,12;New Balance;Training;Max;41;Electric Blue;true
V000268;L0000329;2024-12-06;10:06;S04;Standard;Centre-ville;95;9h/20h;open 6/7;16;E0024;3374;2014-08-24;Sales;0,02;0,98;C0345;F;45;false;0;0;P022;shoe;77,42;0,2;64,52;12,9;0;77,42;77,42;New Balance;Running;Pro;41;Deep Blue;false
V000269;L0000330;2024-09-11;16:12;S08;Discount;Peripherie;305;9h/19h;open 5/7;71;E0052;2362;2009-01-13;Sales;0,27;0,73;C0042;M;29;true;176;10;P006;shoe;103,46;0,2;86,22;17,24;17,6;121,06;151,32;Asics;Limited Edition;Air;36;Pink;false
V000270;L0000331;2024-01-30;14:35;S03;Discount;Peripherie;222;9h/18h;open 5/7;51;E0017;2560;2012-12-22;Support;0,1;0,9;C0299;M;20;true;0;8;P018;shoe;82,16;0,2;68,47;13,69;0;82,16;82,16;Nike;Casual;Air;42;Red Blood;true
V000271;L0000332;2024-11-19;16:23;S08;Discount;Peripherie;305;9h/19h;open 5/7;71;E0051;2396;2019-11-14;Sales;0,14;0,86;C0174;M;28;true;0;11;P059;shoe;90,13;0,2;75,11;15,02;0;90,13;90,13;Reebok;Running;Elite;43;Black;false
V000271;L0000333;2024-11-19;16:23;S08;Discount;Peripherie;305;9h/19h;open 5/7;71;E0051;2396;2019-11-14;Sales;0,14;0,86;C0174;M;28;true;0;11;A005;accessory;21,8;0,2;18,17;3,63;0;21,8;21,8;Accessoire;Bonnet;Bonnet;M;Deep Blue;false
V000272;L0000334;2024-01-08;11:05;S03;Discount;Peripherie;222;9h/18h;open 5/7;51;E0020;3242;2015-11-25;Sales;0,03;0,97;C0091;F;39;true;0;14;P052;shoe;149,74;0,2;124,78;24,96;0;149,74;149,74;Nike;Limited Edition;Max;30;Deep Purple;true
V000273;L0000335;2024-07-09;16:14;S02;Discount;Peripherie;289;9h/20h;open 5/7;67;E0013;2207;2023-11-19;Sales;0,19;0,81;C0148;M;40;true;282;6;P082;shoe;65,83;0,2;54,86;10,97;28,2;94,03;103,53;Asics;Running;Air;34;Pink;false
V000274;L0000336;2024-03-13;10:00;S02;Discount;Peripherie;289;9h/20h;open 5/7;67;E0010;2189;2023-11-12;Sales;0,18;0,82;C0222;M;36;true;105;20;P062;shoe;126,06;0,2;105,05;21,01;10,5;136,56;136,56;Nike;Limited Edition;Air;42;White;false
V000274;L0000337;2024-03-13;10:00;S02;Discount;Peripherie;289;9h/20h;open 5/7;67;E0010;2189;2023-11-12;Sales;0,18;0,82;C0222;M;36;true;105;20;P018;shoe;82,16;0,2;68,47;13,69;0;82,16;82,16;Nike;Casual;Air;42;Red Blood;true
V000275;L0000338;2024-09-27;10:39;S08;Discount;Peripherie;305;9h/19h;open 5/7;71;E0051;2396;2019-11-14;Sales;0,14;0,86;C0217;M;53;false;0;0;P055;shoe;113,5;0,2;94,58;18,92;0;113,5;113,5;Reebok;Training;Zoom;31;Gold;false
V000276;L0000339;2024-12-27;10:51;S05;Discount;Peripherie;271;9h/19h;open 6/7;64;E0034;2989;2019-04-19;Sales;0,08;0,92;C0305;F;36;false;0;0;P075;shoe;91,34;0,2;76,12;15,22;0;91,34;91,34;Jordans;Casual;Air;40;Deep Blue;false
V000277;L0000340;2024-04-04;13:51;S05;Discount;Peripherie;271;9h/19h;open 6/7;64;E0034;2989;2019-04-19;Sales;0,08;0,92;C0346;F;16;true;0;10;P005;shoe;100,13;0,2;83,44;16,69;0;100,13;100,13;Nike;Casual;Max;33;Premium Black;false
V000278;L0000341;2024-04-25;13:33;S08;Discount;Peripherie;305;9h/19h;open 5/7;71;E0051;2396;2019-11-14;Sales;0,14;0,86;C0128;M;40;true;0;14;P026;shoe;124,79;0,2;103,99;20,8;0;124,79;140,75;Asics;Running;Air;43;Gold;true
V000278;L0000342;2024-04-25;13:33;S08;Discount;Peripherie;305;9h/19h;open 5/7;71;E0051;2396;2019-11-14;Sales;0,14;0,86;C0128;M;40;true;0;14;A008;accessory;19,78;0,2;16,48;3,3;0;19,78;21,8;Accessoire;Bonnet;Bonnet;XS;White;false
V000279;L0000343;2024-09-25;10:00;S08;Discount;Peripherie;305;9h/19h;open 5/7;71;E0054;2726;2017-12-28;Sales;0,09;0,91;C0304;M;37;true;0;10;P088;shoe;104,48;0,2;87,07;17,41;0;104,48;104,48;Adidas;Running;Zoom;36;Black;true
V000280;L0000344;2024-01-02;14:57;S03;Discount;Peripherie;222;9h/18h;open 5/7;51;E0017;2560;2012-12-22;Support;0,1;0,9;C0214;M;27;false;0;0;P018;shoe;82,16;0,2;68,47;13,69;0;82,16;82,16;Nike;Casual;Air;42;Red Blood;true
V000281;L0000345;2024-12-13;18:01;S08;Discount;Peripherie;305;9h/19h;open 5/7;71;E0054;2726;2017-12-28;Sales;0,09;0,91;C0078;F;41;true;177;8;P088;shoe;86,78;0,2;72,32;14,46;17,7;104,48;104,48;Adidas;Running;Zoom;36;Black;true
V000282;L0000346;2024-02-24;10:30;S04;Standard;Centre-ville;95;9h/20h;open 6/7;16;E0023;2557;2016-03-21;Sales;0,07;0,93;C0361;F;25;true;0;11;P088;shoe;116,42;0,2;97,02;19,4;0;116,42;116,42;Adidas;Running;Zoom;36;Black;true
V000283;L0000347;2024-09-03;17:29;S05;Discount;Peripherie;271;9h/19h;open 6/7;64;E0030;2758;2008-04-16;Support;0,29;0,71;C0158;F;31;true;0;11;P027;shoe;119,95;0,2;99,96;19,99;0;119,95;119,95;Jordans;Trail;Flex;40;Pink;true
V000284;L0000348;2024-11-23;15:21;S04;Standard;Centre-ville;95;9h/20h;open 6/7;16;E0024;3374;2014-08-24;Sales;0,02;0,98;C0170;F;30;true;0;13;P083;shoe;110,5;0,2;92,08;18,42;0;110,5;127,01;New Balance;Trail;Flex;33;Brown Bear;true
V000284;L0000349;2024-11-23;15:21;S04;Standard;Centre-ville;95;9h/20h;open 6/7;16;E0024;3374;2014-08-24;Sales;0,02;0,98;C0170;F;30;true;0;13;A010;accessory;19,6;0,2;16,33;3,27;0;19,6;19,6;Accessoire;Tee-shirt;Tee-shirt;XL;Black;false
V000284;L0000350;2024-11-23;15:21;S04;Standard;Centre-ville;95;9h/20h;open 6/7;16;E0024;3374;2014-08-24;Sales;0,02;0,98;C0170;F;30;true;0;13;A001;accessory;9,8;0,2;8,17;1,63;0;9,8;9,8;Accessoire;Sac de sport;Sac de sport;XS;Deep Blue;false
V000285;L0000351;2024-11-05;13:09;S06;Discount;Centre-ville;131;9h/18h;open 5/7;26;E0038;2382;2014-10-09;Support;0,22;0,78;C0281;F;24;true;0;15;P052;shoe;151,61;0,2;126,34;25,27;0;151,61;151,61;Nike;Limited Edition;Max;30;Deep Purple;true
V000286;L0000352;2024-08-07;15:28;S08;Discount;Peripherie;305;9h/19h;open 5/7;71;E0053;2046;2020-08-26;Manager;0,14;0,86;C0057;M;33;false;0;0;P083;shoe;109,08;0,2;90,9;18,18;0;109,08;109,08;New Balance;Trail;Flex;33;Brown Bear;true
V000287;L0000353;2024-05-24;09:01;S08;Discount;Peripherie;305;9h/19h;open 5/7;71;E0048;2463;2018-07-09;Sales;0,07;0,93;C0221;M;32;false;0;0;P087;shoe;115,62;0,2;96,35;19,27;0;115,62;115,62;Asics;Training;Elite;39;Black;false
V000288;L0000354;2024-08-30;14:34;S01;Premium;Centre-ville;81;9h/18h;open 5/7;11;E0002;2848;2013-08-07;Sales;0,09;0,91;C0329;M;42;true;0;16;P056;shoe;168,54;0,2;140,45;28,09;0;168,54;168,54;Reebok;Basketball;Elite;45;Black;false
V000289;L0000355;2024-09-03;09:59;S03;Discount;Peripherie;222;9h/18h;open 5/7;51;E0017;2560;2012-12-22;Support;0,1;0,9;C0005;F;34;true;191;10;P023;shoe;97,9;0,2;81,58;16,32;19,1;117;117;Adidas;Basketball;Zoom;38;Pink;false
V000289;L0000356;2024-09-03;09:59;S03;Discount;Peripherie;222;9h/18h;open 5/7;51;E0017;2560;2012-12-22;Support;0,1;0,9;C0005;F;34;true;191;10;A004;accessory;8,92;0,2;7,43;1,49;0;8,92;8,92;Accessoire;Bonnet;Bonnet;XS;Black;false
V000290;L0000357;2024-05-02;10:39;S05;Discount;Peripherie;271;9h/19h;open 6/7;64;E0028;2394;2021-02-14;Sales;0,15;0,85;C0409;F;25;true;0;11;P027;shoe;119,95;0,2;99,96;19,99;0;119,95;119,95;Jordans;Trail;Flex;40;Pink;true
V000291;L0000358;2024-03-12;11:49;S04;Standard;Centre-ville;95;9h/20h;open 6/7;16;E0026;2442;2016-11-14;Sales;0,11;0,89;C0264;F;37;true;0;14;P001;shoe;147,12;0,2;122,6;24,52;0;147,12;147,12;New Balance;Training;Max;41;Electric Blue;true
V000292;L0000359;2024-04-18;16:14;S04;Standard;Centre-ville;95;9h/20h;open 6/7;16;E0024;3374;2014-08-24;Sales;0,02;0,98;C0207;M;21;true;0;15;P084;shoe;157,44;0,2;131,2;26,24;0;157,44;185,22;Reebok;Trail;Air;44;Premium Black;false
V000293;L0000360;2024-08-28;14:09;S08;Discount;Peripherie;305;9h/19h;open 5/7;71;E0048;2463;2018-07-09;Sales;0,07;0,93;C0101;M;36;false;0;0;P071;shoe;90,13;0,2;75,11;15,02;0;90,13;90,13;Reebok;Casual;Elite;32;Brown Bear;false
V000293;L0000361;2024-08-28;14:09;S08;Discount;Peripherie;305;9h/19h;open 5/7;71;E0048;2463;2018-07-09;Sales;0,07;0,93;C0101;M;36;false;0;0;A001;accessory;8,72;0,2;7,27;1,45;0;8,72;8,72;Accessoire;Sac de sport;Sac de sport;XS;Deep Blue;false
V000293;L0000362;2024-08-28;14:09;S08;Discount;Peripherie;305;9h/19h;open 5/7;71;E0048;2463;2018-07-09;Sales;0,07;0,93;C0101;M;36;false;0;0;A006;accessory;34,89;0,2;29,08;5,81;0;34,89;34,89;Accessoire;Sac de sport;Sac de sport;XS;Black;false
V000294;L0000363;2024-08-02;13:41;S01;Premium;Centre-ville;81;9h/18h;open 5/7;11;E0004;813;2023-12-17;Apprentice;0,22;0,78;C0159;F;43;true;309;8;P061;shoe;85,7;0,2;71,42;14,28;30,9;116,6;116,6;Reebok;Casual;Pro;41;White;false
V000295;L0000364;2024-01-18;17:44;S02;Discount;Peripherie;289;9h/20h;open 5/7;67;E0010;2189;2023-11-12;Sales;0,18;0,82;C0335;F;27;true;0;5;P040;shoe;59,24;0,2;49,37;9,87;0;59,24;80,07;Nike;Trail;Zoom;44;Black;false
V000296;L0000365;2024-06-29;10:31;S05;Discount;Peripherie;271;9h/19h;open 6/7;64;E0035;2349;2010-01-14;Sales;0,22;0,78;C0196;F;32;true;0;9;P007;shoe;99,69;0,2;83,08;16,61;0;99,69;99,69;Adidas;Basketball;Max;33;Electric Blue;false
V000297;L0000366;2024-07-12;13:06;S01;Premium;Centre-ville;81;9h/18h;open 5/7;11;E0005;2812;2014-07-24;Sales;0,07;0,93;C0115;M;46;true;0;29;P073;shoe;296,5;0,2;247,08;49,42;0;296,5;296,5;Reebok;Limited Edition;Elite;39;Deep Blue;true
V000298;L0000367;2024-03-21;13:43;S08;Discount;Peripherie;305;9h/19h;open 5/7;71;E0048;2463;2018-07-09;Sales;0,07;0,93;C0233;M;20;true;0;7;P034;shoe;78,78;0,2;65,65;13,13;0;78,78;87,58;Jordans;Running;Zoom;38;Deep Purple;false
V000299;L0000368;2024-11-06;16:15;S08;Discount;Peripherie;305;9h/19h;open 5/7;71;E0054;2726;2017-12-28;Sales;0,09;0,91;C0119;F;32;true;0;10;P088;shoe;104,48;0,2;87,07;17,41;0;104,48;104,48;Adidas;Running;Zoom;36;Black;true
V000300;L0000369;2024-01-31;18:08;S08;Discount;Peripherie;305;9h/19h;open 5/7;71;E0048;2463;2018-07-09;Sales;0,07;0,93;C0253;F;35;false;0;0;P058;shoe;125,82;0,2;104,85;20,97;0;125,82;125,82;Asics;Basketball;Air;45;Pink;false
V000301;L0000370;2024-03-28;18:25;S08;Discount;Peripherie;305;9h/19h;open 5/7;71;E0054;2726;2017-12-28;Sales;0,09;0,91;C0005;F;34;true;0;15;P026;shoe;140,75;0,2;117,29;23,46;0;140,75;140,75;Asics;Running;Air;43;Gold;true
V000301;L0000371;2024-03-28;18:25;S08;Discount;Peripherie;305;9h/19h;open 5/7;71;E0054;2726;2017-12-28;Sales;0,09;0,91;C0005;F;34;true;0;15;A005;accessory;17,99;0,2;14,99;3;0;17,99;21,8;Accessoire;Bonnet;Bonnet;M;Deep Blue;false
V000302;L0000372;2024-05-08;12:30;S04;Standard;Centre-ville;95;9h/20h;open 6/7;16;E0025;2018;2019-10-07;Sales;0,15;0,85;C0150;F;58;true;0;35;P080;shoe;203,06;0,2;169,22;33,84;0;203,06;253,82;New Balance;Limited Edition;Flex;38;Black;false
V000302;L0000373;2024-05-08;12:30;S04;Standard;Centre-ville;95;9h/20h;open 6/7;16;E0025;2018;2019-10-07;Sales;0,15;0,85;C0150;F;58;true;0;35;P011;shoe;155,82;0,2;129,85;25,97;0;155,82;155,82;New Balance;Running;Max;38;Electric Blue;false
V000303;L0000374;2024-11-22;17:40;S08;Discount;Peripherie;305;9h/19h;open 5/7;71;E0047;2787;2013-12-27;Manager;0,11;0,89;C0403;F;16;false;0;0;P047;shoe;129,73;0,2;108,11;21,62;0;129,73;129,73;Jordans;Trail;Air;37;Premium Black;true
V000303;L0000375;2024-11-22;17:40;S08;Discount;Peripherie;305;9h/19h;open 5/7;71;E0047;2787;2013-12-27;Manager;0,11;0,89;C0403;F;16;false;0;0;A007;accessory;30,53;0,2;25,44;5,09;0;30,53;30,53;Accessoire;Casquette;Casquette;M;Deep Blue;false
V000304;L0000376;2024-06-07;13:12;S02;Discount;Peripherie;289;9h/20h;open 5/7;67;E0006;2836;2022-05-06;Sales;0,11;0,89;C0006;F;55;true;0;6;P049;shoe;64,06;0,2;53,38;10,68;0;64,06;80,07;Puma;Training;Max;31;Deep Purple;false
V000305;L0000377;2024-04-24;16:19;S03;Discount;Peripherie;222;9h/18h;open 5/7;51;E0017;2560;2012-12-22;Support;0,1;0,9;C0367;F;43;true;162;8;P005;shoe;83,43;0,2;69,53;13,9;16,2;99,63;99,63;Nike;Casual;Max;33;Premium Black;false
V000306;L0000378;2024-11-22;12:04;S06;Discount;Centre-ville;131;9h/18h;open 5/7;26;E0039;2587;2014-08-05;Sales;0,09;0,91;C0407;M;29;true;0;10;P018;shoe;84,83;0,2;70,69;14,14;0;84,83;84,83;Nike;Casual;Air;42;Red Blood;true
V000306;L0000379;2024-11-22;12:04;S06;Discount;Centre-ville;131;9h/18h;open 5/7;26;E0039;2587;2014-08-05;Sales;0,09;0,91;C0407;M;29;true;0;10;A010;accessory;16,25;0,2;13,54;2,71;0;16,25;17,44;Accessoire;Tee-shirt;Tee-shirt;XL;Black;false
V000307;L0000380;2024-08-20;14:50;S05;Discount;Peripherie;271;9h/19h;open 6/7;64;E0027;2218;2019-03-23;Sales;0,11;0,89;C0135;F;16;true;0;10;P005;shoe;100,13;0,2;83,44;16,69;0;100,13;100,13;Nike;Casual;Max;33;Premium Black;false
V000308;L0000381;2024-02-21;19:16;S02;Discount;Peripherie;289;9h/20h;open 5/7;67;E0013;2207;2023-11-19;Sales;0,19;0,81;C0282;M;41;true;0;11;P087;shoe;117;0,2;97,5;19,5;0;117;117;Asics;Training;Elite;39;Black;false
V000309;L0000382;2024-11-22;10:39;S01;Premium;Centre-ville;81;9h/18h;open 5/7;11;E0002;2848;2013-08-07;Sales;0,09;0,91;C0108;M;49;true;0;10;P038;shoe;107,55;0,2;89,63;17,92;0;107,55;120,84;Reebok;Training;Elite;33;Brown Bear;false
V000310;L0000383;2024-05-15;13:12;S02;Discount;Peripherie;289;9h/20h;open 5/7;67;E0011;1917;2024-03-22;Sales;0,16;0,84;C0285;F;34;true;0;9;P063;shoe;91,08;0,2;75,9;15,18;0;91,08;91,08;Nike;Casual;Max;40;Pink;true
V000311;L0000384;2024-08-19;18:09;S08;Discount;Peripherie;305;9h/19h;open 5/7;71;E0052;2362;2009-01-13;Sales;0,27;0,73;C0124;M;44;true;0;9;P007;shoe;93,28;0,2;77,73;15,55;0;93,28;98,19;Adidas;Basketball;Max;33;Electric Blue;false
V000312;L0000385;2024-06-03;15:02;S08;Discount;Peripherie;305;9h/19h;open 5/7;71;E0051;2396;2019-11-14;Sales;0,14;0,86;C0041;M;46;true;0;10;P088;shoe;104,48;0,2;87,07;17,41;0;104,48;104,48;Adidas;Running;Zoom;36;Black;true
V000313;L0000386;2024-12-25;17:43;S06;Discount;Centre-ville;131;9h/18h;open 5/7;26;E0039;2587;2014-08-05;Sales;0,09;0,91;C0183;F;37;false;0;0;P018;shoe;84,83;0,2;70,69;14,14;0;84,83;84,83;Nike;Casual;Air;42;Red Blood;true
V000314;L0000387;2024-02-07;16:03;S04;Standard;Centre-ville;95;9h/20h;open 6/7;16;E0024;3374;2014-08-24;Sales;0,02;0,98;C0038;M;16;true;136;10;P088;shoe;102,82;0,2;85,68;17,14;13,6;116,42;116,42;Adidas;Running;Zoom;36;Black;true
V000315;L0000388;2024-03-01;10:00;S08;Discount;Peripherie;305;9h/19h;open 5/7;71;E0051;2396;2019-11-14;Sales;0,14;0,86;C0088;F;16;true;0;10;P088;shoe;104,48;0,2;87,07;17,41;0;104,48;104,48;Adidas;Running;Zoom;36;Black;true
V000316;L0000389;2024-10-25;13:15;S03;Discount;Peripherie;222;9h/18h;open 5/7;51;E0015;2776;2012-04-21;Support;0,11;0,89;C0337;F;34;false;0;0;P088;shoe;105,62;0,2;88,02;17,6;0;105,62;105,62;Adidas;Running;Zoom;36;Black;true
V000317;L0000390;2024-03-08;17:44;S05;Discount;Peripherie;271;9h/19h;open 6/7;64;E0033;2055;2019-07-02;Sales;0,11;0,89;C0006;F;55;true;241;9;P048;shoe;98,7;0,2;82,25;16,45;24,1;122,8;122,8;Jordans;Casual;Air;45;Brown Bear;true
V000318;L0000391;2024-10-14;15:28;S03;Discount;Peripherie;222;9h/18h;open 5/7;51;E0020;3242;2015-11-25;Sales;0,03;0,97;C0302;M;22;true;0;10;P088;shoe;105,62;0,2;88,02;17,6;0;105,62;105,62;Adidas;Running;Zoom;36;Black;true
V000319;L0000392;2024-05-07;09:16;S07;Standard;Centre-ville;95;9h/19h;open 5/7;18;E0042;2118;2019-04-24;Sales;0,1;0,9;C0113;M;28;true;0;5;P042;shoe;54;0,2;45;9;0;54;54;New Balance;Basketball;Air;30;Sunny Yellow;false
V000320;L0000393;2024-03-18;09:14;S08;Discount;Peripherie;305;9h/19h;open 5/7;71;E0047;2787;2013-12-27;Manager;0,11;0,89;C0019;M;18;true;0;10;P083;shoe;109,08;0,2;90,9;18,18;0;109,08;109,08;New Balance;Trail;Flex;33;Brown Bear;true
V000321;L0000394;2024-10-21;19:56;S02;Discount;Peripherie;289;9h/20h;open 5/7;67;E0009;2331;2024-04-14;Sales;0,08;0,92;C0362;F;42;false;0;0;P085;shoe;96,71;0,2;80,59;16,12;0;96,71;101,8;Asics;Casual;Pro;39;White;false
V000322;L0000395;2024-01-04;18:00;S07;Standard;Centre-ville;95;9h/19h;open 5/7;18;E0044;1980;2020-02-22;Sales;0,11;0,89;C0321;F;33;true;0;7;P030;shoe;79;0,2;65,83;13,17;0;79;79;New Balance;Running;Pro;42;Light Green;false
V000323;L0000396;2024-08-08;14:43;S02;Discount;Peripherie;289;9h/20h;open 5/7;67;E0014;2449;2024-05-13;Support;0,07;0,93;C0238;F;27;true;0;8;P057;shoe;80,07;0,2;66,72;13,35;0;80,07;80,07;Asics;Trail;Zoom;33;Brown Bear;false
V000324;L0000397;2024-05-17;14:40;S02;Discount;Peripherie;289;9h/20h;open 5/7;67;E0006;2836;2022-05-06;Sales;0,11;0,89;C0296;F;31;true;0;13;P074;shoe;138,73;0,2;115,61;23,12;0;138,73;138,73;Puma;Limited Edition;Zoom;36;Classic Grey;false
V000325;L0000398;2024-11-21;14:50;S03;Discount;Peripherie;222;9h/18h;open 5/7;51;E0020;3242;2015-11-25;Sales;0,03;0,97;C0244;F;42;true;0;15;P026;shoe;142,69;0,2;118,91;23,78;0;142,69;142,69;Asics;Running;Air;43;Gold;true
V000325;L0000399;2024-11-21;14:50;S03;Discount;Peripherie;222;9h/18h;open 5/7;51;E0020;3242;2015-11-25;Sales;0,03;0,97;C0244;F;42;true;0;15;A001;accessory;8,92;0,2;7,43;1,49;0;8,92;8,92;Accessoire;Sac de sport;Sac de sport;XS;Deep Blue;false
V000326;L0000400;2024-08-26;15:08;S06;Discount;Centre-ville;131;9h/18h;open 5/7;26;E0037;2317;2019-10-08;Manager;0,17;0,83;C0321;F;33;true;0;7;P060;shoe;75,53;0,2;62,94;12,59;0;75,53;82,77;Puma;Casual;Flex;44;Deep Blue;false
V000327;L0000401;2024-06-10;14:16;S03;Discount;Peripherie;222;9h/18h;open 5/7;51;E0015;2776;2012-04-21;Support;0,11;0,89;C0040;F;16;true;0;10;P088;shoe;105,62;0,2;88,02;17,6;0;105,62;105,62;Adidas;Running;Zoom;36;Black;true
V000328;L0000402;2024-10-16;17:39;S01;Premium;Centre-ville;81;9h/18h;open 5/7;11;E0005;2812;2014-07-24;Sales;0,07;0,93;C0305;F;36;false;0;0;P038;shoe;120,84;0,2;100,7;20,14;0;120,84;120,84;Reebok;Training;Elite;33;Brown Bear;false
V000329;L0000403;2024-05-11;11:56;S05;Discount;Peripherie;271;9h/19h;open 6/7;64;E0030;2758;2008-04-16;Support;0,29;0,71;C0173;M;66;false;0;0;P027;shoe;119,95;0,2;99,96;19,99;0;119,95;119,95;Jordans;Trail;Flex;40;Pink;true
V000330;L0000404;2024-09-04;18:31;S05;Discount;Peripherie;271;9h/19h;open 6/7;64;E0034;2989;2019-04-19;Sales;0,08;0,92;C0151;F;50;false;0;0;P062;shoe;137,47;0,2;114,56;22,91;0;137,47;137,47;Nike;Limited Edition;Air;42;White;false
V000331;L0000405;2024-08-10;17:19;S05;Discount;Peripherie;271;9h/19h;open 6/7;64;E0031;2900;2015-02-28;Manager;0,06;0,94;C0357;F;16;true;0;11;P063;shoe;91,48;0,2;76,23;15,25;0;91,48;91,48;Nike;Casual;Max;40;Pink;true
V000331;L0000406;2024-08-10;17:19;S05;Discount;Peripherie;271;9h/19h;open 6/7;64;E0031;2900;2015-02-28;Manager;0,06;0,94;C0357;F;16;true;0;11;A002;accessory;22,54;0,2;18,78;3,76;0;22,54;22,54;Accessoire;Lacets;Lacets;M;White;false
V000332;L0000407;2024-11-15;14:06;S01;Premium;Centre-ville;81;9h/18h;open 5/7;11;E0001;2356;2009-12-04;Sales;0,23;0,77;C0088;F;16;true;0;29;P073;shoe;296,5;0,2;247,08;49,42;0;296,5;296,5;Reebok;Limited Edition;Elite;39;Deep Blue;true
V000333;L0000408;2024-11-20;17:24;S04;Standard;Centre-ville;95;9h/20h;open 6/7;16;E0023;2557;2016-03-21;Sales;0,07;0,93;C0071;M;23;true;0;16;P021;shoe;160,72;0,2;133,93;26,79;0;160,72;160,72;Reebok;Casual;Air;32;Gold;false
V000334;L0000409;2024-04-15;16:23;S01;Premium;Centre-ville;81;9h/18h;open 5/7;11;E0001;2356;2009-12-04;Sales;0,23;0,77;C0156;M;37;true;0;9;P071;shoe;90,1;0,2;75,08;15,02;0;90,1;90,1;Reebok;Casual;Elite;32;Brown Bear;false
V000335;L0000410;2024-12-16;12:06;S08;Discount;Peripherie;305;9h/19h;open 5/7;71;E0046;831;2023-08-14;Apprentice;0,2;0,8;C0037;M;16;true;0;20;P068;shoe;90,26;0,2;75,22;15,04;0;90,26;90,26;New Balance;Trail;Zoom;40;Light Green;true
V000335;L0000411;2024-12-16;12:06;S08;Discount;Peripherie;305;9h/19h;open 5/7;71;E0046;831;2023-08-14;Apprentice;0,2;0,8;C0037;M;16;true;0;20;P003;shoe;111,2;0,2;92,67;18,53;0;111,2;139;New Balance;Limited Edition;Max;40;Electric Blue;false
V000336;L0000412;2024-12-26;10:47;S08;Discount;Peripherie;305;9h/19h;open 5/7;71;E0047;2787;2013-12-27;Manager;0,11;0,89;C0354;M;26;true;0;11;P027;shoe;117,8;0,2;98,17;19,63;0;117,8;117,8;Jordans;Trail;Flex;40;Pink;true
V000337;L0000413;2024-03-16;16:20;S05;Discount;Peripherie;271;9h/19h;open 6/7;64;E0034;2989;2019-04-19;Sales;0,08;0,92;C0208;F;16;false;0;0;P088;shoe;86,69;0,2;72,24;14,45;0;86,69;106,19;Adidas;Running;Zoom;36;Black;true
V000338;L0000414;2024-07-15;10:39;S02;Discount;Peripherie;289;9h/20h;open 5/7;67;E0006;2836;2022-05-06;Sales;0,11;0,89;C0301;F;54;false;0;0;P015;shoe;123,09;0,2;102,58;20,51;0;123,09;123,09;Asics;Training;Air;45;Deep Purple;false
V000338;L0000415;2024-07-15;10:39;S02;Discount;Peripherie;289;9h/20h;open 5/7;67;E0006;2836;2022-05-06;Sales;0,11;0,89;C0301;F;54;false;0;0;A002;accessory;22,29;0,2;18,57;3,72;0;22,29;22,29;Accessoire;Lacets;Lacets;M;White;false
V000339;L0000416;2024-09-25;15:22;S05;Discount;Peripherie;271;9h/19h;open 6/7;64;E0033;2055;2019-07-02;Sales;0,11;0,89;C0105;F;39;true;0;10;P088;shoe;103;0,2;85,83;17,17;0;103;106,19;Adidas;Running;Zoom;36;Black;true
V000340;L0000417;2024-06-13;15:43;S03;Discount;Peripherie;222;9h/18h;open 5/7;51;E0020;3242;2015-11-25;Sales;0,03;0,97;C0290;F;38;true;0;15;P006;shoe;153,5;0,2;127,92;25,58;0;153,5;153,5;Asics;Limited Edition;Air;36;Pink;false
V000341;L0000418;2024-12-10;12:49;S02;Discount;Peripherie;289;9h/20h;open 5/7;67;E0014;2449;2024-05-13;Support;0,07;0,93;C0102;M;21;true;0;14;P006;shoe;148,66;0,2;123,88;24,78;0;148,66;153,5;Asics;Limited Edition;Air;36;Pink;false
V000342;L0000419;2024-06-12;18:50;S02;Discount;Peripherie;289;9h/20h;open 5/7;67;E0008;2145;2023-10-11;Sales;0,29;0,71;C0006;F;55;true;0;11;P039;shoe;114,78;0,2;95,65;19,13;0;114,78;127,44;Puma;Trail;Flex;38;Deep Purple;false
V000343;L0000420;2024-09-09;10:14;S08;Discount;Peripherie;305;9h/19h;open 5/7;71;E0049;2362;2018-06-15;Manager;0,11;0,89;C0218;M;17;true;0;12;P069;shoe;128,37;0,2;106,98;21,39;0;128,37;128,37;Jordans;Limited Edition;Zoom;33;Deep Blue;false
V000344;L0000421;2024-02-16;10:25;S03;Discount;Peripherie;222;9h/18h;open 5/7;51;E0016;1986;2021-11-26;Manager;0,14;0,86;C0118;F;40;true;0;15;P062;shoe;136,56;0,2;113,8;22,76;0;136,56;136,56;Nike;Limited Edition;Air;42;White;false
V000344;L0000422;2024-02-16;10:25;S03;Discount;Peripherie;222;9h/18h;open 5/7;51;E0016;1986;2021-11-26;Manager;0,14;0,86;C0118;F;40;true;0;15;A005;accessory;17,83;0,2;14,86;2,97;0;17,83;22,29;Accessoire;Bonnet;Bonnet;M;Deep Blue;false
V000345;L0000423;2024-07-09;11:29;S07;Standard;Centre-ville;95;9h/19h;open 5/7;18;E0042;2118;2019-04-24;Sales;0,1;0,9;C0377;F;43;true;0;4;P078;shoe;49,52;0,2;41,27;8,25;0;49,52;54;Puma;Training;Elite;30;Light Green;false
V000346;L0000424;2024-09-06;12:44;S08;Discount;Peripherie;305;9h/19h;open 5/7;71;E0051;2396;2019-11-14;Sales;0,14;0,86;C0345;F;45;false;0;0;P073;shoe;172,88;0,2;144,07;28,81;0;172,88;172,88;Reebok;Limited Edition;Elite;39;Deep Blue;true
V000347;L0000425;2024-04-23;12:46;S05;Discount;Peripherie;271;9h/19h;open 6/7;64;E0030;2758;2008-04-16;Support;0,29;0,71;C0399;F;49;true;0;8;P040;shoe;68,3;0,2;56,92;11,38;0;68,3;80,36;Nike;Trail;Zoom;44;Black;false
V000347;L0000426;2024-04-23;12:46;S05;Discount;Peripherie;271;9h/19h;open 6/7;64;E0030;2758;2008-04-16;Support;0,29;0,71;C0399;F;49;true;0;8;A010;accessory;15,11;0,2;12,59;2,52;0;15,11;18,03;Accessoire;Tee-shirt;Tee-shirt;XL;Black;false
V000348;L0000427;2024-03-26;16:02;S03;Discount;Peripherie;222;9h/18h;open 5/7;51;E0018;2742;2004-10-20;Sales;0,2;0,8;C0278;F;32;true;0;10;P088;shoe;105,62;0,2;88,02;17,6;0;105,62;105,62;Adidas;Running;Zoom;36;Black;true
V000349;L0000428;2024-08-02;16:03;S07;Standard;Centre-ville;95;9h/19h;open 5/7;18;E0043;2926;2014-01-15;Sales;0,03;0,97;C0341;F;41;false;0;0;P031;shoe;175;0,2;145,83;29,17;0;175;175;Puma;Limited Edition;Elite;32;Black;false
V000349;L0000429;2024-08-02;16:03;S07;Standard;Centre-ville;95;9h/19h;open 5/7;18;E0043;2926;2014-01-15;Sales;0,03;0,97;C0341;F;41;false;0;0;A002;accessory;22,17;0,2;18,48;3,69;0;22,17;25;Accessoire;Lacets;Lacets;M;White;false
V000350;L0000430;2024-03-14;09:36;S01;Premium;Centre-ville;81;9h/18h;open 5/7;11;E0005;2812;2014-07-24;Sales;0,07;0,93;C0382;F;38;true;191;27;P073;shoe;277,4;0,2;231,17;46,23;19,1;296,5;296,5;Reebok;Limited Edition;Elite;39;Deep Blue;true
V000351;L0000431;2024-01-01;17:46;S03;Discount;Peripherie;222;9h/18h;open 5/7;51;E0015;2776;2012-04-21;Support;0,11;0,89;C0199;M;16;true;0;7;P063;shoe;75,64;0,2;63,03;12,61;0;75,64;91,08;Nike;Casual;Max;40;Pink;true
V000352;L0000432;2024-02-10;13:34;S05;Discount;Peripherie;271;9h/19h;open 6/7;64;E0034;2989;2019-04-19;Sales;0,08;0,92;C0159;F;43;true;0;11;P047;shoe;116,42;0,2;97,02;19,4;0;116,42;132,28;Jordans;Trail;Air;37;Premium Black;true
V000353;L0000433;2024-06-07;12:08;S02;Discount;Peripherie;289;9h/20h;open 5/7;67;E0011;1917;2024-03-22;Sales;0,16;0,84;C0291;M;37;true;0;12;P020;shoe;126,26;0,2;105,22;21,04;0;126,26;155,68;Puma;Limited Edition;Zoom;33;Red Blood;false
V000354;L0000434;2024-11-29;09:46;S02;Discount;Peripherie;289;9h/20h;open 5/7;67;E0007;2453;2024-11-07;Sales;0,24;0,76;C0103;M;45;true;0;8;P044;shoe;80,07;0,2;66,72;13,35;0;80,07;80,07;Nike;Basketball;Flex;32;Pink;false
V000355;L0000435;2024-06-19;12:18;S04;Standard;Centre-ville;95;9h/20h;open 6/7;16;E0023;2557;2016-03-21;Sales;0,07;0,93;C0338;F;37;true;0;14;P043;shoe;141,12;0,2;117,6;23,52;0;141,12;141,12;Adidas;Running;Max;32;Pink;false
V000356;L0000436;2024-02-02;13:00;S01;Premium;Centre-ville;81;9h/18h;open 5/7;11;E0002;2848;2013-08-07;Sales;0,09;0,91;C0132;M;25;true;0;29;P073;shoe;296,5;0,2;247,08;49,42;0;296,5;296,5;Reebok;Limited Edition;Elite;39;Deep Blue;true
V000357;L0000437;2024-10-14;13:43;S07;Standard;Centre-ville;95;9h/19h;open 5/7;18;E0042;2118;2019-04-24;Sales;0,1;0,9;C0221;M;32;false;0;0;P076;shoe;149,07;0,2;124,22;24,85;0;149,07;154;Asics;Trail;Air;35;Premium Black;false
V000358;L0000438;2024-04-18;10:40;S05;Discount;Peripherie;271;9h/19h;open 6/7;64;E0033;2055;2019-07-02;Sales;0,11;0,89;C0010;F;53;true;0;13;P047;shoe;132,28;0,2;110,23;22,05;0;132,28;132,28;Jordans;Trail;Air;37;Premium Black;true
V000359;L0000439;2024-05-24;14:53;S03;Discount;Peripherie;222;9h/18h;open 5/7;51;E0017;2560;2012-12-22;Support;0,1;0,9;C0138;M;20;true;0;6;P066;shoe;61,59;0,2;51,33;10,26;0;61,59;69,21;Adidas;Casual;Air;34;Black;false
V000360;L0000440;2024-11-11;14:23;S01;Premium;Centre-ville;81;9h/18h;open 5/7;11;E0002;2848;2013-08-07;Sales;0,09;0,91;C0102;M;21;true;0;17;P021;shoe;173,84;0,2;144,87;28,97;0;173,84;173,84;Reebok;Casual;Air;32;Gold;false
V000361;L0000441;2024-05-30;14:36;S01;Premium;Centre-ville;81;9h/18h;open 5/7;11;E0002;2848;2013-08-07;Sales;0,09;0,91;C0049;M;45;false;0;0;P084;shoe;190,32;0,2;158,6;31,72;0;190,32;200,34;Reebok;Trail;Air;44;Premium Black;false
V000361;L0000442;2024-05-30;14:36;S01;Premium;Centre-ville;81;9h/18h;open 5/7;11;E0002;2848;2013-08-07;Sales;0,09;0,91;C0049;M;45;false;0;0;A011;accessory;15,9;0,2;13,25;2,65;0;15,9;15,9;Accessoire;Casquette;Casquette;L;Classic Grey;false
V000362;L0000443;2024-06-22;10:44;S04;Standard;Centre-ville;95;9h/20h;open 6/7;16;E0023;2557;2016-03-21;Sales;0,07;0,93;C0209;M;42;false;0;0;P050;shoe;106,25;0,2;88,54;17,71;0;106,25;111,72;New Balance;Training;Max;33;Pink;false
V000363;L0000444;2024-02-09;13:49;S07;Standard;Centre-ville;95;9h/19h;open 5/7;18;E0045;2224;2018-01-08;Sales;0,15;0,85;C0002;F;33;true;0;15;P019;shoe;151,05;0,2;125,88;25,17;0;151,05;159;Asics;Casual;Zoom;37;Deep Purple;false
V000364;L0000445;2024-10-28;10:40;S08;Discount;Peripherie;305;9h/19h;open 5/7;71;E0054;2726;2017-12-28;Sales;0,09;0,91;C0065;M;16;false;0;0;P059;shoe;90,13;0,2;75,11;15,02;0;90,13;90,13;Reebok;Running;Elite;43;Black;false
V000365;L0000446;2024-01-08;15:12;S02;Discount;Peripherie;289;9h/20h;open 5/7;67;E0006;2836;2022-05-06;Sales;0,11;0,89;C0321;F;33;true;0;12;P058;shoe;127,44;0,2;106,2;21,24;0;127,44;127,44;Asics;Basketball;Air;45;Pink;false
V000366;L0000447;2024-02-20;09:56;S02;Discount;Peripherie;289;9h/20h;open 5/7;67;E0010;2189;2023-11-12;Sales;0,18;0,82;C0354;M;26;true;0;13;P031;shoe;130,04;0,2;108,37;21,67;0;130,04;130,04;Puma;Limited Edition;Elite;32;Black;false
V000367;L0000448;2024-03-14;13:14;S03;Discount;Peripherie;222;9h/18h;open 5/7;51;E0019;1959;2021-03-27;Support;0,17;0,83;C0207;M;21;true;0;11;P023;shoe;117;0,2;97,5;19,5;0;117;117;Adidas;Basketball;Zoom;38;Pink;false
V000368;L0000449;2024-10-17;17:15;S03;Discount;Peripherie;222;9h/18h;open 5/7;51;E0016;1986;2021-11-26;Manager;0,14;0,86;C0168;F;48;true;0;9;P063;shoe;91,08;0,2;75,9;15,18;0;91,08;91,08;Nike;Casual;Max;40;Pink;true
V000369;L0000450;2024-08-12;11:32;S07;Standard;Centre-ville;95;9h/19h;open 5/7;18;E0043;2926;2014-01-15;Sales;0,03;0,97;C0108;M;49;true;171;8;P088;shoe;86,37;0,2;71,98;14,39;17,1;103,47;118,8;Adidas;Running;Zoom;36;Black;true
V000370;L0000451;2024-12-07;11:07;S05;Discount;Peripherie;271;9h/19h;open 6/7;64;E0031;2900;2015-02-28;Manager;0,06;0,94;C0275;M;16;true;0;5;P066;shoe;57,77;0,2;48,14;9,63;0;57,77;69,38;Adidas;Casual;Air;34;Black;false
V000371;L0000452;2024-03-11;13:27;S03;Discount;Peripherie;222;9h/18h;open 5/7;51;E0017;2560;2012-12-22;Support;0,1;0,9;C0086;M;35;true;0;8;P014;shoe;80,07;0,2;66,72;13,35;0;80,07;80,07;Adidas;Basketball;Flex;30;Brown Bear;false
V000371;L0000453;2024-03-11;13:27;S03;Discount;Peripherie;222;9h/18h;open 5/7;51;E0017;2560;2012-12-22;Support;0,1;0,9;C0086;M;35;true;0;8;A004;accessory;8,92;0,2;7,43;1,49;0;8,92;8,92;Accessoire;Bonnet;Bonnet;XS;Black;false
V000372;L0000454;2024-12-11;16:22;S03;Discount;Peripherie;222;9h/18h;open 5/7;51;E0015;2776;2012-04-21;Support;0,11;0,89;C0330;M;38;true;0;13;P053;shoe;136,56;0,2;113,8;22,76;0;136,56;136,56;Nike;Limited Edition;Zoom;38;Deep Blue;false
V000373;L0000455;2024-04-10;12:40;S03;Discount;Peripherie;222;9h/18h;open 5/7;51;E0020;3242;2015-11-25;Sales;0,03;0,97;C0145;F;59;true;0;9;P063;shoe;91,08;0,2;75,9;15,18;0;91,08;91,08;Nike;Casual;Max;40;Pink;true
V000374;L0000456;2024-08-30;15:22;S03;Discount;Peripherie;222;9h/18h;open 5/7;51;E0018;2742;2004-10-20;Sales;0,2;0,8;C0161;F;42;false;0;0;P052;shoe;149,74;0,2;124,78;24,96;0;149,74;149,74;Nike;Limited Edition;Max;30;Deep Purple;true
V000375;L0000457;2024-11-29;13:41;S02;Discount;Peripherie;289;9h/20h;open 5/7;67;E0009;2331;2024-04-14;Sales;0,08;0,92;C0006;F;55;true;0;8;P049;shoe;80,07;0,2;66,72;13,35;0;80,07;80,07;Puma;Training;Max;31;Deep Purple;false
V000376;L0000458;2024-11-11;11:14;S02;Discount;Peripherie;289;9h/20h;open 5/7;67;E0014;2449;2024-05-13;Support;0,07;0,93;C0321;F;33;true;0;10;P009;shoe;101,8;0,2;84,83;16,97;0;101,8;101,8;Asics;Trail;Flex;40;Red Blood;false
V000377;L0000459;2024-10-17;18:15;S02;Discount;Peripherie;289;9h/20h;open 5/7;67;E0006;2836;2022-05-06;Sales;0,11;0,89;C0273;M;47;true;0;13;P032;shoe;118,75;0,2;98,96;19,79;0;118,75;118,75;Puma;Training;Air;45;Premium Black;false
V000377;L0000460;2024-10-17;18:15;S02;Discount;Peripherie;289;9h/20h;open 5/7;67;E0006;2836;2022-05-06;Sales;0,11;0,89;C0273;M;47;true;0;13;A008;accessory;20,06;0,2;16,72;3,34;0;20,06;22,29;Accessoire;Bonnet;Bonnet;XS;White;false
V000378;L0000461;2024-09-24;10:51;S02;Discount;Peripherie;289;9h/20h;open 5/7;67;E0011;1917;2024-03-22;Sales;0,16;0,84;C0126;M;35;true;0;12;P076;shoe;120,92;0,2;100,77;20,15;0;120,92;120,92;Asics;Trail;Air;35;Premium Black;false
V000379;L0000462;2024-11-22;17:27;S08;Discount;Peripherie;305;9h/19h;open 5/7;71;E0048;2463;2018-07-09;Sales;0,07;0,93;C0287;F;39;true;0;12;P056;shoe;121,57;0,2;101,31;20,26;0;121,57;121,57;Reebok;Basketball;Elite;45;Black;false
V000380;L0000463;2024-01-17;09:48;S02;Discount;Peripherie;289;9h/20h;open 5/7;67;E0008;2145;2023-10-11;Sales;0,29;0,71;C0159;F;43;true;0;9;P005;shoe;99,63;0,2;83,03;16,6;0;99,63;99,63;Nike;Casual;Max;33;Premium Black;false
V000381;L0000464;2024-11-25;17:31;S01;Premium;Centre-ville;81;9h/18h;open 5/7;11;E0002;2848;2013-08-07;Sales;0,09;0,91;C0102;M;21;true;0;28;P073;shoe;279,3;0,2;232,75;46,55;0;279,3;296,5;Reebok;Limited Edition;Elite;39;Deep Blue;true
V000381;L0000465;2024-11-25;17:31;S01;Premium;Centre-ville;81;9h/18h;open 5/7;11;E0002;2848;2013-08-07;Sales;0,09;0,91;C0102;M;21;true;0;28;A004;accessory;10,6;0,2;8,83;1,77;0;10,6;10,6;Accessoire;Bonnet;Bonnet;XS;Black;false
V000382;L0000466;2024-10-24;09:09;S01;Premium;Centre-ville;81;9h/18h;open 5/7;11;E0005;2812;2014-07-24;Sales;0,07;0,93;C0343;F;26;true;0;29;P073;shoe;296,5;0,2;247,08;49,42;0;296,5;296,5;Reebok;Limited Edition;Elite;39;Deep Blue;true
V000383;L0000467;2024-03-05;11:16;S03;Discount;Peripherie;222;9h/18h;open 5/7;51;E0019;1959;2021-03-27;Support;0,17;0,83;C0274;M;25;true;0;9;P063;shoe;91,08;0,2;75,9;15,18;0;91,08;91,08;Nike;Casual;Max;40;Pink;true
V000384;L0000468;2024-11-06;16:51;S03;Discount;Peripherie;222;9h/18h;open 5/7;51;E0017;2560;2012-12-22;Support;0,1;0,9;C0189;F;32;true;165;16;P053;shoe;120,06;0,2;100,05;20,01;16,5;136,56;136,56;Nike;Limited Edition;Zoom;38;Deep Blue;false
V000384;L0000469;2024-11-06;16:51;S03;Discount;Peripherie;222;9h/18h;open 5/7;51;E0017;2560;2012-12-22;Support;0,1;0,9;C0189;F;32;true;165;16;A003;accessory;31,21;0,2;26,01;5,2;0;31,21;31,21;Accessoire;Tee-shirt;Tee-shirt;S;White;false
V000384;L0000470;2024-11-06;16:51;S03;Discount;Peripherie;222;9h/18h;open 5/7;51;E0017;2560;2012-12-22;Support;0,1;0,9;C0189;F;32;true;165;16;A001;accessory;8,92;0,2;7,43;1,49;0;8,92;8,92;Accessoire;Sac de sport;Sac de sport;XS;Deep Blue;false
V000385;L0000471;2024-01-16;09:33;S07;Standard;Centre-ville;95;9h/19h;open 5/7;18;E0045;2224;2018-01-08;Sales;0,15;0,85;C0019;M;18;true;0;20;P016;shoe;169;0,2;140,83;28,17;0;169;169;Puma;Basketball;Flex;44;Brown Bear;false
V000385;L0000472;2024-01-16;09:33;S07;Standard;Centre-ville;95;9h/19h;open 5/7;18;E0045;2224;2018-01-08;Sales;0,15;0,85;C0019;M;18;true;0;20;A006;accessory;40;0,2;33,33;6,67;0;40;40;Accessoire;Sac de sport;Sac de sport;XS;Black;false
V000386;L0000473;2024-11-11;15:31;S07;Standard;Centre-ville;95;9h/19h;open 5/7;18;E0045;2224;2018-01-08;Sales;0,15;0,85;C0179;F;37;true;0;11;P088;shoe;118,8;0,2;99;19,8;0;118,8;118,8;Adidas;Running;Zoom;36;Black;true
V000387;L0000474;2024-10-01;16:21;S05;Discount;Peripherie;271;9h/19h;open 6/7;64;E0034;2989;2019-04-19;Sales;0,08;0,92;C0089;M;31;false;0;0;P067;shoe;90,71;0,2;75,59;15,12;0;90,71;106,72;Adidas;Running;Pro;30;Light Green;false
V000388;L0000475;2024-11-28;15:12;S08;Discount;Peripherie;305;9h/19h;open 5/7;71;E0050;2303;2014-09-25;Support;0,29;0,71;C0185;M;32;true;0;8;P086;shoe;85,33;0,2;71,11;14,22;0;85,33;124,12;Adidas;Casual;Zoom;44;Premium Black;false
V000389;L0000476;2024-05-06;15:20;S08;Discount;Peripherie;305;9h/19h;open 5/7;71;E0047;2787;2013-12-27;Manager;0,11;0,89;C0222;M;36;true;0;11;P088;shoe;104,48;0,2;87,07;17,41;0;104,48;104,48;Adidas;Running;Zoom;36;Black;true
V000389;L0000477;2024-05-06;15:20;S08;Discount;Peripherie;305;9h/19h;open 5/7;71;E0047;2787;2013-12-27;Manager;0,11;0,89;C0222;M;36;true;0;11;A011;accessory;13,08;0,2;10,9;2,18;0;13,08;13,08;Accessoire;Casquette;Casquette;L;Classic Grey;false
V000390;L0000478;2024-09-06;17:11;S01;Premium;Centre-ville;81;9h/18h;open 5/7;11;E0002;2848;2013-08-07;Sales;0,09;0,91;C0207;M;21;true;0;14;P055;shoe;148,4;0,2;123,67;24,73;0;148,4;148,4;Reebok;Training;Zoom;31;Gold;false
V000391;L0000479;2024-04-09;17:20;S08;Discount;Peripherie;305;9h/19h;open 5/7;71;E0051;2396;2019-11-14;Sales;0,14;0,86;C0008;M;36;true;0;20;P083;shoe;109,08;0,2;90,9;18,18;0;109,08;109,08;New Balance;Trail;Flex;33;Brown Bear;true
V000391;L0000480;2024-04-09;17:20;S08;Discount;Peripherie;305;9h/19h;open 5/7;71;E0051;2396;2019-11-14;Sales;0,14;0,86;C0008;M;36;true;0;20;P050;shoe;97,32;0,2;81,1;16,22;0;97,32;102,44;New Balance;Training;Max;33;Pink;false
V000392;L0000481;2024-08-12;17:11;S04;Standard;Centre-ville;95;9h/20h;open 6/7;16;E0022;903;2023-08-09;Apprentice;0,21;0,79;C0119;F;32;true;0;14;P001;shoe;147,12;0,2;122,6;24,52;0;147,12;147,12;New Balance;Training;Max;41;Electric Blue;true
V000393;L0000482;2024-04-09;13:29;S08;Discount;Peripherie;305;9h/19h;open 5/7;71;E0048;2463;2018-07-09;Sales;0,07;0,93;C0280;M;21;true;0;12;P069;shoe;128,37;0,2;106,98;21,39;0;128,37;128,37;Jordans;Limited Edition;Zoom;33;Deep Blue;false
V000394;L0000483;2024-02-13;11:13;S08;Discount;Peripherie;305;9h/19h;open 5/7;71;E0049;2362;2018-06-15;Manager;0,11;0,89;C0244;F;42;true;0;12;P048;shoe;120,55;0,2;100,46;20,09;0;120,55;120,55;Jordans;Casual;Air;45;Brown Bear;true
V000395;L0000484;2024-08-22;15:30;S08;Discount;Peripherie;305;9h/19h;open 5/7;71;E0054;2726;2017-12-28;Sales;0,09;0,91;C0081;F;16;false;0;0;P055;shoe;113,5;0,2;94,58;18,92;0;113,5;113,5;Reebok;Training;Zoom;31;Gold;false
V000396;L0000485;2024-11-05;16:35;S07;Standard;Centre-ville;95;9h/19h;open 5/7;18;E0043;2926;2014-01-15;Sales;0,03;0,97;C0243;F;42;true;0;7;P030;shoe;79;0,2;65,83;13,17;0;79;79;New Balance;Running;Pro;42;Light Green;false
V000397;L0000486;2024-03-29;12:55;S08;Discount;Peripherie;305;9h/19h;open 5/7;71;E0048;2463;2018-07-09;Sales;0,07;0,93;C0391;M;37;false;0;0;P015;shoe;121,57;0,2;101,31;20,26;0;121,57;121,57;Asics;Training;Air;45;Deep Purple;false
V000397;L0000487;2024-03-29;12:55;S08;Discount;Peripherie;305;9h/19h;open 5/7;71;E0048;2463;2018-07-09;Sales;0,07;0,93;C0391;M;37;false;0;0;P058;shoe;125,82;0,2;104,85;20,97;0;125,82;125,82;Asics;Basketball;Air;45;Pink;false
V000398;L0000488;2024-03-12;15:04;S06;Discount;Centre-ville;131;9h/18h;open 5/7;26;E0038;2382;2014-10-09;Support;0,22;0,78;C0037;M;16;true;0;15;P052;shoe;151,61;0,2;126,34;25,27;0;151,61;151,61;Nike;Limited Edition;Max;30;Deep Purple;true
V000399;L0000489;2024-11-01;19:30;S04;Standard;Centre-ville;95;9h/20h;open 6/7;16;E0024;3374;2014-08-24;Sales;0,02;0,98;C0303;F;29;true;0;26;P073;shoe;265,91;0,2;221,59;44,32;0;265,91;274,13;Reebok;Limited Edition;Elite;39;Deep Blue;true
V000400;L0000490;2024-04-29;17:36;S04;Standard;Centre-ville;95;9h/20h;open 6/7;16;E0026;2442;2016-11-14;Sales;0,11;0,89;C0105;F;39;true;192;25;P061;shoe;88,6;0,2;73,83;14,77;19,2;107,8;107,8;Reebok;Casual;Pro;41;White;false
V000400;L0000491;2024-04-29;17:36;S04;Standard;Centre-ville;95;9h/20h;open 6/7;16;E0026;2442;2016-11-14;Sales;0,11;0,89;C0105;F;39;true;192;25;P065;shoe;161,7;0,2;134,75;26,95;0;161,7;161,7;Reebok;Trail;Flex;41;Premium Black;false
V000401;L0000492;2024-04-05;17:50;S08;Discount;Peripherie;305;9h/19h;open 5/7;71;E0054;2726;2017-12-28;Sales;0,09;0,91;C0304;M;37;true;0;10;P088;shoe;101,35;0,2;84,46;16,89;0;101,35;104,48;Adidas;Running;Zoom;36;Black;true
V000402;L0000493;2024-03-07;18:34;S08;Discount;Peripherie;305;9h/19h;open 5/7;71;E0048;2463;2018-07-09;Sales;0,07;0,93;C0093;F;43;true;0;11;P055;shoe;113,5;0,2;94,58;18,92;0;113,5;113,5;Reebok;Training;Zoom;31;Gold;false
V000403;L0000494;2024-02-05;15:46;S05;Discount;Peripherie;271;9h/19h;open 6/7;64;E0035;2349;2010-01-14;Sales;0,22;0,78;C0075;M;49;true;161;5;P033;shoe;53,54;0,2;44,62;8,92;16,1;69,64;77,72;Jordans;Running;Max;31;Red Blood;false
V000404;L0000495;2024-10-16;11:19;S08;Discount;Peripherie;305;9h/19h;open 5/7;71;E0052;2362;2009-01-13;Sales;0,27;0,73;C0169;M;29;false;0;0;P061;shoe;100,75;0,2;83,96;16,79;0;100,75;100,75;Reebok;Casual;Pro;41;White;false
V000405;L0000496;2024-12-04;19:44;S02;Discount;Peripherie;289;9h/20h;open 5/7;67;E0014;2449;2024-05-13;Support;0,07;0,93;C0369;M;48;true;0;13;P053;shoe;136,56;0,2;113,8;22,76;0;136,56;136,56;Nike;Limited Edition;Zoom;38;Deep Blue;false
V000406;L0000497;2024-08-26;16:50;S07;Standard;Centre-ville;95;9h/19h;open 5/7;18;E0041;677;2023-08-14;Apprentice;0,19;0,81;C0147;M;37;true;0;16;P016;shoe;169;0,2;140,83;28,17;0;169;169;Puma;Basketball;Flex;44;Brown Bear;false
V000407;L0000498;2024-11-13;09:55;S08;Discount;Peripherie;305;9h/19h;open 5/7;71;E0049;2362;2018-06-15;Manager;0,11;0,89;C0242;F;34;true;0;13;P003;shoe;139;0,2;115,83;23,17;0;139;139;New Balance;Limited Edition;Max;40;Electric Blue;false
V000408;L0000499;2024-12-03;16:44;S02;Discount;Peripherie;289;9h/20h;open 5/7;67;E0006;2836;2022-05-06;Sales;0,11;0,89;C0366;F;20;true;179;6;P044;shoe;62,17;0,2;51,81;10,36;17,9;80,07;80,07;Nike;Basketball;Flex;32;Pink;false
V000409;L0000500;2024-09-23;15:10;S03;Discount;Peripherie;222;9h/18h;open 5/7;51;E0018;2742;2004-10-20;Sales;0,2;0,8;C0355;M;35;false;0;0;P086;shoe;125,69;0,2;104,74;20,95;0;125,69;125,69;Adidas;Casual;Zoom;44;Premium Black;false
V000410;L0000501;2024-07-10;11:29;S05;Discount;Peripherie;271;9h/19h;open 6/7;64;E0027;2218;2019-03-23;Sales;0,11;0,89;C0102;M;21;true;0;12;P028;shoe;128,24;0,2;106,87;21,37;0;128,24;128,24;Jordans;Casual;Elite;39;Red Blood;false
V000411;L0000502;2024-02-28;16:08;S03;Discount;Peripherie;222;9h/18h;open 5/7;51;E0020;3242;2015-11-25;Sales;0,03;0,97;C0136;F;31;true;0;14;P026;shoe;142,69;0,2;118,91;23,78;0;142,69;142,69;Asics;Running;Air;43;Gold;true
V000412;L0000503;2024-04-25;11:27;S06;Discount;Centre-ville;131;9h/18h;open 5/7;26;E0039;2587;2014-08-05;Sales;0,09;0,91;C0210;F;34;false;0;0;P067;shoe;108,53;0,2;90,44;18,09;0;108,53;108,53;Adidas;Running;Pro;30;Light Green;false
V000413;L0000504;2024-04-26;19:13;S02;Discount;Peripherie;289;9h/20h;open 5/7;67;E0009;2331;2024-04-14;Sales;0,08;0,92;C0078;F;41;true;0;16;P026;shoe;142,69;0,2;118,91;23,78;0;142,69;142,69;Asics;Running;Air;43;Gold;true
V000413;L0000505;2024-04-26;19:13;S02;Discount;Peripherie;289;9h/20h;open 5/7;67;E0009;2331;2024-04-14;Sales;0,08;0,92;C0078;F;41;true;0;16;A009;accessory;17,84;0,2;14,87;2,97;0;17,84;17,84;Accessoire;Lacets;Lacets;L;Classic Grey;false
V000414;L0000506;2024-11-13;09:37;S08;Discount;Peripherie;305;9h/19h;open 5/7;71;E0050;2303;2014-09-25;Support;0,29;0,71;C0136;F;31;true;0;14;P026;shoe;140,75;0,2;117,29;23,46;0;140,75;140,75;Asics;Running;Air;43;Gold;true
V000415;L0000507;2024-03-15;14:58;S05;Discount;Peripherie;271;9h/19h;open 6/7;64;E0034;2989;2019-04-19;Sales;0,08;0,92;C0129;M;48;false;0;0;P063;shoe;91,48;0,2;76,23;15,25;0;91,48;91,48;Nike;Casual;Max;40;Pink;true
V000416;L0000508;2024-04-16;14:15;S05;Discount;Peripherie;271;9h/19h;open 6/7;64;E0031;2900;2015-02-28;Manager;0,06;0,94;C0284;F;27;true;141;13;P052;shoe;136,68;0,2;113,9;22,78;14,1;150,78;150,78;Nike;Limited Edition;Max;30;Deep Purple;true
V000417;L0000509;2024-10-28;16:08;S06;Discount;Centre-ville;131;9h/18h;open 5/7;26;E0039;2587;2014-08-05;Sales;0,09;0,91;C0375;M;25;false;0;0;P018;shoe;84,83;0,2;70,69;14,14;0;84,83;84,83;Nike;Casual;Air;42;Red Blood;true
V000418;L0000510;2024-04-03;16:19;S02;Discount;Peripherie;289;9h/20h;open 5/7;67;E0006;2836;2022-05-06;Sales;0,11;0,89;C0233;M;20;true;0;20;P054;shoe;103,53;0,2;86,28;17,25;0;103,53;103,53;Puma;Running;Pro;34;Pink;false
V000418;L0000511;2024-04-03;16:19;S02;Discount;Peripherie;289;9h/20h;open 5/7;67;E0006;2836;2022-05-06;Sales;0,11;0,89;C0233;M;20;true;0;20;P004;shoe;79,34;0,2;66,12;13,22;0;79,34;79,34;Puma;Basketball;Max;34;White;true
V000418;L0000512;2024-04-03;16:19;S02;Discount;Peripherie;289;9h/20h;open 5/7;67;E0006;2836;2022-05-06;Sales;0,11;0,89;C0233;M;20;true;0;20;A004;accessory;8,92;0,2;7,43;1,49;0;8,92;8,92;Accessoire;Bonnet;Bonnet;XS;Black;false
V000418;L0000513;2024-04-03;16:19;S02;Discount;Peripherie;289;9h/20h;open 5/7;67;E0006;2836;2022-05-06;Sales;0,11;0,89;C0233;M;20;true;0;20;A011;accessory;13,38;0,2;11,15;2,23;0;13,38;13,38;Accessoire;Casquette;Casquette;L;Classic Grey;false
V000419;L0000514;2024-06-25;14:17;S06;Discount;Centre-ville;131;9h/18h;open 5/7;26;E0040;2438;2015-03-10;Sales;0,09;0,91;C0173;M;66;false;0;0;P035;shoe;119,27;0,2;99,39;19,88;0;119,27;119,27;Puma;Training;Pro;39;Red Blood;false
V000419;L0000515;2024-06-25;14:17;S06;Discount;Centre-ville;131;9h/18h;open 5/7;26;E0040;2438;2015-03-10;Sales;0,09;0,91;C0173;M;66;false;0;0;A007;accessory;30,53;0,2;25,44;5,09;0;30,53;30,53;Accessoire;Casquette;Casquette;M;Deep Blue;false
V000420;L0000516;2024-06-21;15:42;S05;Discount;Peripherie;271;9h/19h;open 6/7;64;E0032;2701;2008-11-13;Sales;0,25;0,75;C0338;F;37;true;0;12;P086;shoe;126,48;0,2;105,4;21,08;0;126,48;126,48;Adidas;Casual;Zoom;44;Premium Black;false
V000421;L0000517;2024-10-04;10:54;S02;Discount;Peripherie;289;9h/20h;open 5/7;67;E0014;2449;2024-05-13;Support;0,07;0,93;C0097;F;21;true;0;9;P005;shoe;99,63;0,2;83,03;16,6;0;99,63;99,63;Nike;Casual;Max;33;Premium Black;false
V000422;L0000518;2024-12-19;18:50;S02;Discount;Peripherie;289;9h/20h;open 5/7;67;E0014;2449;2024-05-13;Support;0,07;0,93;C0058;F;18;true;350;10;P053;shoe;101,56;0,2;84,63;16,93;35;136,56;136,56;Nike;Limited Edition;Zoom;38;Deep Blue;false
V000423;L0000519;2024-01-18;18:18;S08;Discount;Peripherie;305;9h/19h;open 5/7;71;E0051;2396;2019-11-14;Sales;0,14;0,86;C0052;F;19;true;0;8;P010;shoe;81,12;0,2;67,6;13,52;0;81,12;90,13;Asics;Training;Air;33;Brown Bear;false
V000424;L0000520;2024-06-18;15:21;S08;Discount;Peripherie;305;9h/19h;open 5/7;71;E0050;2303;2014-09-25;Support;0,29;0,71;C0082;F;44;false;0;0;P042;shoe;65,41;0,2;54,51;10,9;0;65,41;76,95;New Balance;Basketball;Air;30;Sunny Yellow;false
V000425;L0000521;2024-11-14;14:20;S04;Standard;Centre-ville;95;9h/20h;open 6/7;16;E0024;3374;2014-08-24;Sales;0,02;0,98;C0050;M;37;true;0;10;P088;shoe;101,29;0,2;84,41;16,88;0;101,29;116,42;Adidas;Running;Zoom;36;Black;true
V000426;L0000522;2024-06-04;12:32;S06;Discount;Centre-ville;131;9h/18h;open 5/7;26;E0040;2438;2015-03-10;Sales;0,09;0,91;C0335;F;27;true;0;8;P063;shoe;81,91;0,2;68,26;13,65;0;81,91;93,64;Nike;Casual;Max;40;Pink;true
V000427;L0000523;2024-05-01;12:12;S02;Discount;Peripherie;289;9h/20h;open 5/7;67;E0006;2836;2022-05-06;Sales;0,11;0,89;C0041;M;46;true;0;16;P031;shoe;130,04;0,2;108,37;21,67;0;130,04;130,04;Puma;Limited Edition;Elite;32;Black;false
V000427;L0000524;2024-05-01;12:12;S02;Discount;Peripherie;289;9h/20h;open 5/7;67;E0006;2836;2022-05-06;Sales;0,11;0,89;C0041;M;46;true;0;16;A006;accessory;35,67;0,2;29,73;5,94;0;35,67;35,67;Accessoire;Sac de sport;Sac de sport;XS;Black;false
V000428;L0000525;2024-04-01;11:26;S08;Discount;Peripherie;305;9h/19h;open 5/7;71;E0047;2787;2013-12-27;Manager;0,11;0,89;C0222;M;36;true;0;12;P036;shoe;125,82;0,2;104,85;20,97;0;125,82;125,82;New Balance;Training;Flex;44;Sunny Yellow;false
V000429;L0000526;2024-10-14;12:16;S06;Discount;Centre-ville;131;9h/18h;open 5/7;26;E0039;2587;2014-08-05;Sales;0,09;0,91;C0010;F;53;true;0;18;P054;shoe;105,95;0,2;88,29;17,66;0;105,95;105,95;Puma;Running;Pro;34;Pink;false
V000429;L0000527;2024-10-14;12:16;S06;Discount;Centre-ville;131;9h/18h;open 5/7;26;E0039;2587;2014-08-05;Sales;0,09;0,91;C0010;F;53;true;0;18;P004;shoe;82,05;0,2;68,38;13,67;0;82,05;82,05;Puma;Basketball;Max;34;White;true
V000430;L0000528;2024-06-07;11:21;S04;Standard;Centre-ville;95;9h/20h;open 6/7;16;E0024;3374;2014-08-24;Sales;0,02;0,98;C0113;M;28;true;228;11;P088;shoe;76,74;0,2;63,95;12,79;22,8;99,54;116,42;Adidas;Running;Zoom;36;Black;true
V000430;L0000529;2024-06-07;11:21;S04;Standard;Centre-ville;95;9h/20h;open 6/7;16;E0024;3374;2014-08-24;Sales;0,02;0,98;C0113;M;28;true;228;11;A007;accessory;34,3;0,2;28,58;5,72;0;34,3;34,3;Accessoire;Casquette;Casquette;M;Deep Blue;false
V000431;L0000530;2024-08-27;09:17;S06;Discount;Centre-ville;131;9h/18h;open 5/7;26;E0038;2382;2014-10-09;Support;0,22;0,78;C0002;F;33;true;136;10;P088;shoe;94,42;0,2;78,68;15,74;13,6;108,02;108,02;Adidas;Running;Zoom;36;Black;true
V000431;L0000531;2024-08-27;09:17;S06;Discount;Centre-ville;131;9h/18h;open 5/7;26;E0038;2382;2014-10-09;Support;0,22;0,78;C0002;F;33;true;136;10;A004;accessory;8,72;0,2;7,27;1,45;0;8,72;8,72;Accessoire;Bonnet;Bonnet;XS;Black;false
V000432;L0000532;2024-02-16;18:04;S05;Discount;Peripherie;271;9h/19h;open 6/7;64;E0034;2989;2019-04-19;Sales;0,08;0,92;C0183;F;37;false;0;0;P007;shoe;99,69;0,2;83,08;16,61;0;99,69;99,69;Adidas;Basketball;Max;33;Electric Blue;false
V000433;L0000533;2024-09-13;16:49;S05;Discount;Peripherie;271;9h/19h;open 6/7;64;E0034;2989;2019-04-19;Sales;0,08;0,92;C0376;M;26;true;0;13;P088;shoe;106,19;0,2;88,49;17,7;0;106,19;106,19;Adidas;Running;Zoom;36;Black;true
V000433;L0000534;2024-09-13;16:49;S05;Discount;Peripherie;271;9h/19h;open 6/7;64;E0034;2989;2019-04-19;Sales;0,08;0,92;C0376;M;26;true;0;13;A004;accessory;9,02;0,2;7,52;1,5;0;9,02;9,02;Accessoire;Bonnet;Bonnet;XS;Black;false
V000433;L0000535;2024-09-13;16:49;S05;Discount;Peripherie;271;9h/19h;open 6/7;64;E0034;2989;2019-04-19;Sales;0,08;0,92;C0376;M;26;true;0;13;A005;accessory;22,54;0,2;18,78;3,76;0;22,54;22,54;Accessoire;Bonnet;Bonnet;M;Deep Blue;false
V000434;L0000536;2024-09-13;15:36;S04;Standard;Centre-ville;95;9h/20h;open 6/7;16;E0026;2442;2016-11-14;Sales;0,11;0,89;C0183;F;37;false;0;0;P042;shoe;52,92;0,2;44,1;8,82;0;52,92;52,92;New Balance;Basketball;Air;30;Sunny Yellow;false
V000435;L0000537;2024-06-12;17:28;S03;Discount;Peripherie;222;9h/18h;open 5/7;51;E0020;3242;2015-11-25;Sales;0,03;0,97;C0240;M;35;false;0;0;P040;shoe;80,07;0,2;66,72;13,35;0;80,07;80,07;Nike;Trail;Zoom;44;Black;false
V000436;L0000538;2024-12-05;17:04;S02;Discount;Peripherie;289;9h/20h;open 5/7;67;E0006;2836;2022-05-06;Sales;0,11;0,89;C0316;F;35;true;0;14;P026;shoe;142,69;0,2;118,91;23,78;0;142,69;142,69;Asics;Running;Air;43;Gold;true
V000437;L0000539;2024-07-26;16:39;S08;Discount;Peripherie;305;9h/19h;open 5/7;71;E0048;2463;2018-07-09;Sales;0,07;0,93;C0283;F;16;true;269;11;P015;shoe;94,67;0,2;78,89;15,78;26,9;121,57;121,57;Asics;Training;Air;45;Deep Purple;false
V000437;L0000540;2024-07-26;16:39;S08;Discount;Peripherie;305;9h/19h;open 5/7;71;E0048;2463;2018-07-09;Sales;0,07;0,93;C0283;F;16;true;269;11;A008;accessory;21,8;0,2;18,17;3,63;0;21,8;21,8;Accessoire;Bonnet;Bonnet;XS;White;false
V000438;L0000541;2024-08-02;13:45;S05;Discount;Peripherie;271;9h/19h;open 6/7;64;E0031;2900;2015-02-28;Manager;0,06;0,94;C0105;F;39;true;0;15;P027;shoe;119,95;0,2;99,96;19,99;0;119,95;119,95;Jordans;Trail;Flex;40;Pink;true
V000438;L0000542;2024-08-02;13:45;S05;Discount;Peripherie;271;9h/19h;open 6/7;64;E0031;2900;2015-02-28;Manager;0,06;0,94;C0105;F;39;true;0;15;A003;accessory;31,56;0,2;26,3;5,26;0;31,56;31,56;Accessoire;Tee-shirt;Tee-shirt;S;White;false
V000439;L0000543;2024-09-11;11:52;S02;Discount;Peripherie;289;9h/20h;open 5/7;67;E0009;2331;2024-04-14;Sales;0,08;0,92;C0393;F;47;false;0;0;P012;shoe;164,37;0,2;136,98;27,39;0;164,37;164,37;Puma;Limited Edition;Elite;33;Gold;false
V000439;L0000544;2024-09-11;11:52;S02;Discount;Peripherie;289;9h/20h;open 5/7;67;E0009;2331;2024-04-14;Sales;0,08;0,92;C0393;F;47;false;0;0;A007;accessory;31,21;0,2;26,01;5,2;0;31,21;31,21;Accessoire;Casquette;Casquette;M;Deep Blue;false
V000440;L0000545;2024-01-23;12:05;S02;Discount;Peripherie;289;9h/20h;open 5/7;67;E0006;2836;2022-05-06;Sales;0,11;0,89;C0192;M;47;true;0;11;P039;shoe;111,06;0,2;92,55;18,51;0;111,06;127,44;Puma;Trail;Flex;38;Deep Purple;false
V000441;L0000546;2024-02-19;16:05;S03;Discount;Peripherie;222;9h/18h;open 5/7;51;E0020;3242;2015-11-25;Sales;0,03;0,97;C0086;M;35;true;116;9;P088;shoe;94,02;0,2;78,35;15,67;11,6;105,62;105,62;Adidas;Running;Zoom;36;Black;true
V000442;L0000547;2024-09-27;14:06;S06;Discount;Centre-ville;131;9h/18h;open 5/7;26;E0039;2587;2014-08-05;Sales;0,09;0,91;C0132;M;25;true;169;6;P040;shoe;65,87;0,2;54,89;10,98;16,9;82,77;82,77;Nike;Trail;Zoom;44;Black;false
V000443;L0000548;2024-06-25;09:08;S02;Discount;Peripherie;289;9h/20h;open 5/7;67;E0013;2207;2023-11-19;Sales;0,19;0,81;C0386;F;26;true;0;8;P018;shoe;82,16;0,2;68,47;13,69;0;82,16;82,16;Nike;Casual;Air;42;Red Blood;true
V000444;L0000549;2024-03-15;19:20;S04;Standard;Centre-ville;95;9h/20h;open 6/7;16;E0026;2442;2016-11-14;Sales;0,11;0,89;C0040;F;16;true;102;9;P068;shoe;73,41;0,2;61,17;12,24;10,2;83,61;83,61;New Balance;Trail;Zoom;40;Light Green;true
V000444;L0000550;2024-03-15;19:20;S04;Standard;Centre-ville;95;9h/20h;open 6/7;16;E0026;2442;2016-11-14;Sales;0,11;0,89;C0040;F;16;true;102;9;A012;accessory;16,66;0,2;13,88;2,78;0;16,66;19,6;Accessoire;Lacets;Lacets;XL;White;false
V000445;L0000551;2024-08-13;13:16;S02;Discount;Peripherie;289;9h/20h;open 5/7;67;E0013;2207;2023-11-19;Sales;0,19;0,81;C0105;F;39;true;0;15;P006;shoe;153,5;0,2;127,92;25,58;0;153,5;153,5;Asics;Limited Edition;Air;36;Pink;false
V000446;L0000552;2024-06-04;14:43;S03;Discount;Peripherie;222;9h/18h;open 5/7;51;E0020;3242;2015-11-25;Sales;0,03;0,97;C0174;M;28;true;0;14;P052;shoe;149,74;0,2;124,78;24,96;0;149,74;149,74;Nike;Limited Edition;Max;30;Deep Purple;true
V000447;L0000553;2024-06-14;11:58;S08;Discount;Peripherie;305;9h/19h;open 5/7;71;E0050;2303;2014-09-25;Support;0,29;0,71;C0088;F;16;true;0;12;P048;shoe;120,55;0,2;100,46;20,09;0;120,55;120,55;Jordans;Casual;Air;45;Brown Bear;true
V000448;L0000554;2024-09-20;19:07;S04;Standard;Centre-ville;95;9h/20h;open 6/7;16;E0026;2442;2016-11-14;Sales;0,11;0,89;C0373;F;51;false;0;0;P088;shoe;116,42;0,2;97,02;19,4;0;116,42;116,42;Adidas;Running;Zoom;36;Black;true
V000449;L0000555;2024-04-29;14:35;S06;Discount;Centre-ville;131;9h/18h;open 5/7;26;E0038;2382;2014-10-09;Support;0,22;0,78;C0097;F;21;true;0;10;P005;shoe;102,09;0,2;85,08;17,01;0;102,09;102,09;Nike;Casual;Max;33;Premium Black;false
V000450;L0000556;2024-04-02;13:42;S04;Standard;Centre-ville;95;9h/20h;open 6/7;16;E0022;903;2023-08-09;Apprentice;0,21;0,79;C0319;F;33;true;0;10;P059;shoe;83,3;0,2;69,42;13,88;0;83,3;83,3;Reebok;Running;Elite;43;Black;false
V000450;L0000557;2024-04-02;13:42;S04;Standard;Centre-ville;95;9h/20h;open 6/7;16;E0022;903;2023-08-09;Apprentice;0,21;0,79;C0319;F;33;true;0;10;A002;accessory;24,5;0,2;20,42;4,08;0;24,5;24,5;Accessoire;Lacets;Lacets;M;White;false
V000451;L0000558;2024-04-12;18:22;S02;Discount;Peripherie;289;9h/20h;open 5/7;67;E0010;2189;2023-11-12;Sales;0,18;0,82;C0261;M;43;true;0;7;P004;shoe;79,34;0,2;66,12;13,22;0;79,34;79,34;Puma;Basketball;Max;34;White;true
V000452;L0000559;2024-04-01;12:09;S03;Discount;Peripherie;222;9h/18h;open 5/7;51;E0020;3242;2015-11-25;Sales;0,03;0,97;C0236;F;40;true;142;13;P006;shoe;139,3;0,2;116,08;23,22;14,2;153,5;153,5;Asics;Limited Edition;Air;36;Pink;false
V000453;L0000560;2024-07-06;14:36;S04;Standard;Centre-ville;95;9h/20h;open 6/7;16;E0024;3374;2014-08-24;Sales;0,02;0,98;C0088;F;16;true;0;10;P088;shoe;108,74;0,2;90,62;18,12;0;108,74;116,42;Adidas;Running;Zoom;36;Black;true
V000454;L0000561;2024-04-05;10:40;S02;Discount;Peripherie;289;9h/20h;open 5/7;67;E0006;2836;2022-05-06;Sales;0,11;0,89;C0353;F;46;true;0;22;P006;shoe;146,73;0,2;122,27;24,46;0;146,73;153,5;Asics;Limited Edition;Air;36;Pink;false
V000454;L0000562;2024-04-05;10:40;S02;Discount;Peripherie;289;9h/20h;open 5/7;67;E0006;2836;2022-05-06;Sales;0,11;0,89;C0353;F;46;true;0;22;P025;shoe;80,07;0,2;66,72;13,35;0;80,07;80,07;Asics;Trail;Flex;36;Sunny Yellow;false
V000455;L0000563;2024-08-12;15:07;S08;Discount;Peripherie;305;9h/19h;open 5/7;71;E0051;2396;2019-11-14;Sales;0,14;0,86;C0354;M;26;true;0;17;P073;shoe;172,88;0,2;144,07;28,81;0;172,88;172,88;Reebok;Limited Edition;Elite;39;Deep Blue;true
V000456;L0000564;2024-01-30;10:56;S02;Discount;Peripherie;289;9h/20h;open 5/7;67;E0008;2145;2023-10-11;Sales;0,29;0,71;C0258;M;40;true;0;13;P053;shoe;136,56;0,2;113,8;22,76;0;136,56;136,56;Nike;Limited Edition;Zoom;38;Deep Blue;false
V000457;L0000565;2024-11-04;12:36;S03;Discount;Peripherie;222;9h/18h;open 5/7;51;E0017;2560;2012-12-22;Support;0,1;0,9;C0383;F;20;true;0;13;P053;shoe;136,56;0,2;113,8;22,76;0;136,56;136,56;Nike;Limited Edition;Zoom;38;Deep Blue;false
V000458;L0000566;2024-10-09;12:53;S02;Discount;Peripherie;289;9h/20h;open 5/7;67;E0009;2331;2024-04-14;Sales;0,08;0,92;C0188;M;38;true;0;8;P060;shoe;80,07;0,2;66,72;13,35;0;80,07;80,07;Puma;Casual;Flex;44;Deep Blue;false
V000459;L0000567;2024-09-02;10:28;S03;Discount;Peripherie;222;9h/18h;open 5/7;51;E0020;3242;2015-11-25;Sales;0,03;0,97;C0291;M;37;true;0;10;P088;shoe;105,62;0,2;88,02;17,6;0;105,62;105,62;Adidas;Running;Zoom;36;Black;true
V000460;L0000568;2024-04-22;10:45;S06;Discount;Centre-ville;131;9h/18h;open 5/7;26;E0038;2382;2014-10-09;Support;0,22;0,78;C0140;M;28;false;0;0;P062;shoe;138,59;0,2;115,49;23,1;0;138,59;138,59;Nike;Limited Edition;Air;42;White;false
V000461;L0000569;2024-07-11;13:44;S07;Standard;Centre-ville;95;9h/19h;open 5/7;18;E0043;2926;2014-01-15;Sales;0,03;0,97;C0291;M;37;true;0;25;P020;shoe;234;0,2;195;39;0;234;234;Puma;Limited Edition;Zoom;33;Red Blood;false
V000461;L0000570;2024-07-11;13:44;S07;Standard;Centre-ville;95;9h/19h;open 5/7;18;E0043;2926;2014-01-15;Sales;0,03;0,97;C0291;M;37;true;0;25;A008;accessory;19,39;0,2;16,16;3,23;0;19,39;25;Accessoire;Bonnet;Bonnet;XS;White;false
V000462;L0000571;2024-07-19;09:33;S08;Discount;Peripherie;305;9h/19h;open 5/7;71;E0048;2463;2018-07-09;Sales;0,07;0,93;C0095;M;35;true;0;17;P073;shoe;172,88;0,2;144,07;28,81;0;172,88;172,88;Reebok;Limited Edition;Elite;39;Deep Blue;true
V000463;L0000572;2024-08-12;09:08;S03;Discount;Peripherie;222;9h/18h;open 5/7;51;E0020;3242;2015-11-25;Sales;0,03;0,97;C0301;F;54;false;0;0;P006;shoe;153,5;0,2;127,92;25,58;0;153,5;153,5;Asics;Limited Edition;Air;36;Pink;false
V000463;L0000573;2024-08-12;09:08;S03;Discount;Peripherie;222;9h/18h;open 5/7;51;E0020;3242;2015-11-25;Sales;0,03;0,97;C0301;F;54;false;0;0;P025;shoe;80,07;0,2;66,72;13,35;0;80,07;80,07;Asics;Trail;Flex;36;Sunny Yellow;false
V000464;L0000574;2024-03-06;18:58;S08;Discount;Peripherie;305;9h/19h;open 5/7;71;E0048;2463;2018-07-09;Sales;0,07;0,93;C0296;F;31;true;0;20;P085;shoe;100,75;0,2;83,96;16,79;0;100,75;100,75;Asics;Casual;Pro;39;White;false
V000464;L0000575;2024-03-06;18:58;S08;Discount;Peripherie;305;9h/19h;open 5/7;71;E0048;2463;2018-07-09;Sales;0,07;0,93;C0296;F;31;true;0;20;P087;shoe;104,06;0,2;86,72;17,34;0;104,06;115,62;Asics;Training;Elite;39;Black;false
V000465;L0000576;2024-09-20;10:59;S04;Standard;Centre-ville;95;9h/20h;open 6/7;16;E0024;3374;2014-08-24;Sales;0,02;0,98;C0318;F;27;true;0;5;P008;shoe;58,8;0,2;49;9,8;0;58,8;58,8;Reebok;Casual;Elite;35;Deep Blue;false
V000466;L0000577;2024-10-09;09:19;S02;Discount;Peripherie;289;9h/20h;open 5/7;67;E0006;2836;2022-05-06;Sales;0,11;0,89;C0095;M;35;true;0;14;P052;shoe;149,74;0,2;124,78;24,96;0;149,74;149,74;Nike;Limited Edition;Max;30;Deep Purple;true
V000467;L0000578;2024-02-19;13:00;S08;Discount;Peripherie;305;9h/19h;open 5/7;71;E0053;2046;2020-08-26;Manager;0,14;0,86;C0217;M;53;false;0;0;P071;shoe;90,13;0,2;75,11;15,02;0;90,13;90,13;Reebok;Casual;Elite;32;Brown Bear;false
V000468;L0000579;2024-08-26;11:16;S05;Discount;Peripherie;271;9h/19h;open 6/7;64;E0029;713;2023-06-27;Apprentice;0,2;0,8;C0131;M;52;false;0;0;P005;shoe;100,13;0,2;83,44;16,69;0;100,13;100,13;Nike;Casual;Max;33;Premium Black;false
V000469;L0000580;2024-10-01;12:23;S08;Discount;Peripherie;305;9h/19h;open 5/7;71;E0050;2303;2014-09-25;Support;0,29;0,71;C0203;M;26;true;0;15;P073;shoe;155,64;0,2;129,7;25,94;0;155,64;172,88;Reebok;Limited Edition;Elite;39;Deep Blue;true
V000470;L0000581;2024-11-05;11:53;S08;Discount;Peripherie;305;9h/19h;open 5/7;71;E0052;2362;2009-01-13;Sales;0,27;0,73;C0223;F;18;true;0;9;P007;shoe;98,19;0,2;81,83;16,36;0;98,19;98,19;Adidas;Basketball;Max;33;Electric Blue;false
V000471;L0000582;2024-06-25;17:01;S07;Standard;Centre-ville;95;9h/19h;open 5/7;18;E0042;2118;2019-04-24;Sales;0,1;0,9;C0020;F;35;true;0;5;P004;shoe;52,49;0,2;43,74;8,75;0;52,49;58,32;Puma;Basketball;Max;34;White;true
V000472;L0000583;2024-03-18;11:09;S07;Standard;Centre-ville;95;9h/19h;open 5/7;18;E0044;1980;2020-02-22;Sales;0,11;0,89;C0281;F;24;true;0;11;P088;shoe;118,8;0,2;99;19,8;0;118,8;118,8;Adidas;Running;Zoom;36;Black;true
V000473;L0000584;2024-10-03;13:24;S08;Discount;Peripherie;305;9h/19h;open 5/7;71;E0050;2303;2014-09-25;Support;0,29;0,71;C0138;M;20;true;0;10;P048;shoe;106,49;0,2;88,74;17,75;0;106,49;120,55;Jordans;Casual;Air;45;Brown Bear;true
V000474;L0000585;2024-09-23;17:49;S08;Discount;Peripherie;305;9h/19h;open 5/7;71;E0047;2787;2013-12-27;Manager;0,11;0,89;C0180;F;28;false;0;0;P087;shoe;115,62;0,2;96,35;19,27;0;115,62;115,62;Asics;Training;Elite;39;Black;false
V000474;L0000586;2024-09-23;17:49;S08;Discount;Peripherie;305;9h/19h;open 5/7;71;E0047;2787;2013-12-27;Manager;0,11;0,89;C0180;F;28;false;0;0;P085;shoe;100,75;0,2;83,96;16,79;0;100,75;100,75;Asics;Casual;Pro;39;White;false
V000475;L0000587;2024-02-14;12:25;S03;Discount;Peripherie;222;9h/18h;open 5/7;51;E0015;2776;2012-04-21;Support;0,11;0,89;C0248;F;16;false;0;0;P062;shoe;136,56;0,2;113,8;22,76;0;136,56;136,56;Nike;Limited Edition;Air;42;White;false
V000475;L0000588;2024-02-14;12:25;S03;Discount;Peripherie;222;9h/18h;open 5/7;51;E0015;2776;2012-04-21;Support;0,11;0,89;C0248;F;16;false;0;0;P018;shoe;82,16;0,2;68,47;13,69;0;82,16;82,16;Nike;Casual;Air;42;Red Blood;true
V000476;L0000589;2024-10-10;14:42;S05;Discount;Peripherie;271;9h/19h;open 6/7;64;E0032;2701;2008-11-13;Sales;0,25;0,75;C0394;M;49;true;0;8;P063;shoe;83,41;0,2;69,51;13,9;0;83,41;91,48;Nike;Casual;Max;40;Pink;true
V000477;L0000590;2024-06-10;11:09;S02;Discount;Peripherie;289;9h/20h;open 5/7;67;E0009;2331;2024-04-14;Sales;0,08;0,92;C0324;M;22;true;0;9;P063;shoe;91,08;0,2;75,9;15,18;0;91,08;91,08;Nike;Casual;Max;40;Pink;true
V000478;L0000591;2024-12-27;10:50;S04;Standard;Centre-ville;95;9h/20h;open 6/7;16;E0023;2557;2016-03-21;Sales;0,07;0,93;C0341;F;41;false;0;0;P008;shoe;58,8;0,2;49;9,8;0;58,8;58,8;Reebok;Casual;Elite;35;Deep Blue;false
V000479;L0000592;2024-07-04;13:11;S05;Discount;Peripherie;271;9h/19h;open 6/7;64;E0034;2989;2019-04-19;Sales;0,08;0,92;C0197;F;22;false;0;0;P028;shoe;109;0,2;90,83;18,17;0;109;128,24;Jordans;Casual;Elite;39;Red Blood;false
V000480;L0000593;2024-06-26;15:39;S05;Discount;Peripherie;271;9h/19h;open 6/7;64;E0033;2055;2019-07-02;Sales;0,11;0,89;C0348;F;28;true;0;10;P088;shoe;106,19;0,2;88,49;17,7;0;106,19;106,19;Adidas;Running;Zoom;36;Black;true
V000481;L0000594;2024-09-09;12:00;S02;Discount;Peripherie;289;9h/20h;open 5/7;67;E0006;2836;2022-05-06;Sales;0,11;0,89;C0112;F;26;true;134;11;P041;shoe;118,38;0,2;98,65;19,73;13,4;131,78;131,78;Puma;Trail;Pro;39;Premium Black;false
V000482;L0000595;2024-08-22;11:09;S08;Discount;Peripherie;305;9h/19h;open 5/7;71;E0047;2787;2013-12-27;Manager;0,11;0,89;C0168;F;48;true;0;12;P047;shoe;129,73;0,2;108,11;21,62;0;129,73;129,73;Jordans;Trail;Air;37;Premium Black;true
V000483;L0000596;2024-06-19;09:57;S08;Discount;Peripherie;305;9h/19h;open 5/7;71;E0048;2463;2018-07-09;Sales;0,07;0,93;C0380;F;34;true;0;10;P067;shoe;105;0,2;87,5;17,5;0;105;105;Adidas;Running;Pro;30;Light Green;false
V000484;L0000597;2024-06-26;11:57;S08;Discount;Peripherie;305;9h/19h;open 5/7;71;E0051;2396;2019-11-14;Sales;0,14;0,86;C0037;M;16;true;0;7;P079;shoe;70,06;0,2;58,38;11,68;0;70,06;70,06;New Balance;Basketball;Flex;32;Deep Blue;true
V000485;L0000598;2024-09-19;15:34;S08;Discount;Peripherie;305;9h/19h;open 5/7;71;E0048;2463;2018-07-09;Sales;0,07;0,93;C0334;M;44;true;0;12;P045;shoe;121,57;0,2;101,31;20,26;0;121,57;121,57;New Balance;Training;Pro;45;Electric Blue;false
V000486;L0000599;2024-07-16;09:47;S08;Discount;Peripherie;305;9h/19h;open 5/7;71;E0048;2463;2018-07-09;Sales;0,07;0,93;C0211;M;40;true;0;14;P010;shoe;90,13;0,2;75,11;15,02;0;90,13;90,13;Asics;Training;Air;33;Brown Bear;false
V000486;L0000600;2024-07-16;09:47;S08;Discount;Peripherie;305;9h/19h;open 5/7;71;E0048;2463;2018-07-09;Sales;0,07;0,93;C0211;M;40;true;0;14;P057;shoe;59,62;0,2;49,68;9,94;0;59,62;79,5;Asics;Trail;Zoom;33;Brown Bear;false
V000487;L0000601;2024-11-15;09:11;S03;Discount;Peripherie;222;9h/18h;open 5/7;51;E0017;2560;2012-12-22;Support;0,1;0,9;C0178;F;35;true;0;14;P026;shoe;142,69;0,2;118,91;23,78;0;142,69;142,69;Asics;Running;Air;43;Gold;true
V000488;L0000602;2024-09-14;16:34;S04;Standard;Centre-ville;95;9h/20h;open 6/7;16;E0024;3374;2014-08-24;Sales;0,02;0,98;C0059;M;29;true;275;11;P001;shoe;112,26;0,2;93,55;18,71;27,5;139,76;147,12;New Balance;Training;Max;41;Electric Blue;true
V000489;L0000603;2024-04-15;14:47;S05;Discount;Peripherie;271;9h/19h;open 6/7;64;E0028;2394;2021-02-14;Sales;0,15;0,85;C0103;M;45;true;0;10;P005;shoe;100,13;0,2;83,44;16,69;0;100,13;100,13;Nike;Casual;Max;33;Premium Black;false
V000490;L0000604;2024-05-13;10:16;S08;Discount;Peripherie;305;9h/19h;open 5/7;71;E0048;2463;2018-07-09;Sales;0,07;0,93;C0023;M;46;true;0;10;P009;shoe;100,75;0,2;83,96;16,79;0;100,75;100,75;Asics;Trail;Flex;40;Red Blood;false
V000491;L0000605;2024-05-24;12:59;S08;Discount;Peripherie;305;9h/19h;open 5/7;71;E0051;2396;2019-11-14;Sales;0,14;0,86;C0399;F;49;true;0;6;P014;shoe;61,04;0,2;50,87;10,17;0;61,04;79,5;Adidas;Basketball;Flex;30;Brown Bear;false
V000492;L0000606;2024-11-21;16:12;S02;Discount;Peripherie;289;9h/20h;open 5/7;67;E0006;2836;2022-05-06;Sales;0,11;0,89;C0397;M;23;true;0;8;P040;shoe;80,07;0,2;66,72;13,35;0;80,07;80,07;Nike;Trail;Zoom;44;Black;false
V000493;L0000607;2024-01-16;15:09;S06;Discount;Centre-ville;131;9h/18h;open 5/7;26;E0039;2587;2014-08-05;Sales;0,09;0,91;C0095;M;35;true;0;16;P062;shoe;138,59;0,2;115,49;23,1;0;138,59;138,59;Nike;Limited Edition;Air;42;White;false
V000493;L0000608;2024-01-16;15:09;S06;Discount;Centre-ville;131;9h/18h;open 5/7;26;E0039;2587;2014-08-05;Sales;0,09;0,91;C0095;M;35;true;0;16;A005;accessory;21,8;0,2;18,17;3,63;0;21,8;21,8;Accessoire;Bonnet;Bonnet;M;Deep Blue;false
V000494;L0000609;2024-05-23;14:51;S07;Standard;Centre-ville;95;9h/19h;open 5/7;18;E0044;1980;2020-02-22;Sales;0,11;0,89;C0320;M;26;true;0;3;P079;shoe;37,8;0,2;31,5;6,3;0;37,8;37,8;New Balance;Basketball;Flex;32;Deep Blue;true
V000495;L0000610;2024-10-16;16:20;S01;Premium;Centre-ville;81;9h/18h;open 5/7;11;E0005;2812;2014-07-24;Sales;0,07;0,93;C0238;F;27;true;0;33;P073;shoe;296,5;0,2;247,08;49,42;0;296,5;296,5;Reebok;Limited Edition;Elite;39;Deep Blue;true
V000495;L0000611;2024-10-16;16:20;S01;Premium;Centre-ville;81;9h/18h;open 5/7;11;E0005;2812;2014-07-24;Sales;0,07;0,93;C0238;F;27;true;0;33;A003;accessory;37,1;0,2;30,92;6,18;0;37,1;37,1;Accessoire;Tee-shirt;Tee-shirt;S;White;false
V000496;L0000612;2024-11-26;10:32;S03;Discount;Peripherie;222;9h/18h;open 5/7;51;E0015;2776;2012-04-21;Support;0,11;0,89;C0178;F;35;true;0;14;P026;shoe;142,69;0,2;118,91;23,78;0;142,69;142,69;Asics;Running;Air;43;Gold;true
V000497;L0000613;2024-04-05;10:00;S01;Premium;Centre-ville;81;9h/18h;open 5/7;11;E0005;2812;2014-07-24;Sales;0,07;0,93;C0237;M;29;false;0;0;P073;shoe;296,5;0,2;247,08;49,42;0;296,5;296,5;Reebok;Limited Edition;Elite;39;Deep Blue;true
V000498;L0000614;2024-09-26;16:09;S08;Discount;Peripherie;305;9h/19h;open 5/7;71;E0054;2726;2017-12-28;Sales;0,09;0,91;C0184;F;25;true;0;10;P038;shoe;102,44;0,2;85,37;17,07;0;102,44;102,44;Reebok;Training;Elite;33;Brown Bear;false
V000499;L0000615;2024-04-01;13:36;S03;Discount;Peripherie;222;9h/18h;open 5/7;51;E0015;2776;2012-04-21;Support;0,11;0,89;C0327;M;42;true;0;10;P009;shoe;101,8;0,2;84,83;16,97;0;101,8;101,8;Asics;Trail;Flex;40;Red Blood;false
V000500;L0000616;2024-12-25;09:05;S01;Premium;Centre-ville;81;9h/18h;open 5/7;11;E0005;2812;2014-07-24;Sales;0,07;0,93;C0287;F;39;true;0;29;P073;shoe;296,5;0,2;247,08;49,42;0;296,5;296,5;Reebok;Limited Edition;Elite;39;Deep Blue;true
V000501;L0000617;2024-12-13;15:37;S03;Discount;Peripherie;222;9h/18h;open 5/7;51;E0020;3242;2015-11-25;Sales;0,03;0,97;C0056;F;38;true;0;10;P067;shoe;106,15;0,2;88,46;17,69;0;106,15;106,15;Adidas;Running;Pro;30;Light Green;false
V000502;L0000618;2024-12-06;16:28;S05;Discount;Peripherie;271;9h/19h;open 6/7;64;E0033;2055;2019-07-02;Sales;0,11;0,89;C0366;F;20;true;0;10;P005;shoe;100,13;0,2;83,44;16,69;0;100,13;100,13;Nike;Casual;Max;33;Premium Black;false
V000503;L0000619;2024-10-21;15:23;S01;Premium;Centre-ville;81;9h/18h;open 5/7;11;E0001;2356;2009-12-04;Sales;0,23;0,77;C0385;M;31;true;0;13;P055;shoe;126,14;0,2;105,12;21,02;0;126,14;148,4;Reebok;Training;Zoom;31;Gold;false
V000503;L0000620;2024-10-21;15:23;S01;Premium;Centre-ville;81;9h/18h;open 5/7;11;E0001;2356;2009-12-04;Sales;0,23;0,77;C0385;M;31;true;0;13;A004;accessory;10,6;0,2;8,83;1,77;0;10,6;10,6;Accessoire;Bonnet;Bonnet;XS;Black;false
V000504;L0000621;2024-04-02;12:01;S08;Discount;Peripherie;305;9h/19h;open 5/7;71;E0051;2396;2019-11-14;Sales;0,14;0,86;C0006;F;55;true;0;11;P024;shoe;115,62;0,2;96,35;19,27;0;115,62;115,62;New Balance;Trail;Max;38;Electric Blue;false
V000505;L0000622;2024-04-16;10:53;S03;Discount;Peripherie;222;9h/18h;open 5/7;51;E0018;2742;2004-10-20;Sales;0,2;0,8;C0041;M;46;true;0;10;P088;shoe;105,62;0,2;88,02;17,6;0;105,62;105,62;Adidas;Running;Zoom;36;Black;true
V000506;L0000623;2024-04-10;17:01;S08;Discount;Peripherie;305;9h/19h;open 5/7;71;E0048;2463;2018-07-09;Sales;0,07;0,93;C0393;F;47;false;0;0;P085;shoe;85,73;0,2;71,44;14,29;0;85,73;100,75;Asics;Casual;Pro;39;White;false
V000506;L0000624;2024-04-10;17:01;S08;Discount;Peripherie;305;9h/19h;open 5/7;71;E0048;2463;2018-07-09;Sales;0,07;0,93;C0393;F;47;false;0;0;P087;shoe;115,62;0,2;96,35;19,27;0;115,62;115,62;Asics;Training;Elite;39;Black;false
V000507;L0000625;2024-10-23;11:13;S06;Discount;Centre-ville;131;9h/18h;open 5/7;26;E0039;2587;2014-08-05;Sales;0,09;0,91;C0072;M;41;true;0;12;P035;shoe;119,27;0,2;99,39;19,88;0;119,27;119,27;Puma;Training;Pro;39;Red Blood;false
V000507;L0000626;2024-10-23;11:13;S06;Discount;Centre-ville;131;9h/18h;open 5/7;26;E0039;2587;2014-08-05;Sales;0,09;0,91;C0072;M;41;true;0;12;A011;accessory;10,46;0,2;8,72;1,74;0;10,46;13,08;Accessoire;Casquette;Casquette;L;Classic Grey;false
V000508;L0000627;2024-10-29;11:14;S08;Discount;Peripherie;305;9h/19h;open 5/7;71;E0050;2303;2014-09-25;Support;0,29;0,71;C0217;M;53;false;0;0;P038;shoe;102,44;0,2;85,37;17,07;0;102,44;102,44;Reebok;Training;Elite;33;Brown Bear;false
V000509;L0000628;2024-01-18;12:11;S08;Discount;Peripherie;305;9h/19h;open 5/7;71;E0048;2463;2018-07-09;Sales;0,07;0,93;C0109;M;31;true;0;9;P050;shoe;92,59;0,2;77,16;15,43;0;92,59;102,44;New Balance;Training;Max;33;Pink;false
V000510;L0000629;2024-05-06;16:37;S01;Premium;Centre-ville;81;9h/18h;open 5/7;11;E0005;2812;2014-07-24;Sales;0,07;0,93;C0010;F;53;true;203;28;P073;shoe;276,2;0,2;230,17;46,03;20,3;296,5;296,5;Reebok;Limited Edition;Elite;39;Deep Blue;true
V000510;L0000630;2024-05-06;16:37;S01;Premium;Centre-ville;81;9h/18h;open 5/7;11;E0005;2812;2014-07-24;Sales;0,07;0,93;C0010;F;53;true;203;28;A001;accessory;10,6;0,2;8,83;1,77;0;10,6;10,6;Accessoire;Sac de sport;Sac de sport;XS;Deep Blue;false
V000511;L0000631;2024-02-13;19:41;S02;Discount;Peripherie;289;9h/20h;open 5/7;67;E0006;2836;2022-05-06;Sales;0,11;0,89;C0050;M;37;true;0;18;P037;shoe;184,93;0,2;154,11;30,82;0;184,93;184,93;Puma;Limited Edition;Zoom;38;Gold;true
V000512;L0000632;2024-08-28;18:14;S08;Discount;Peripherie;305;9h/19h;open 5/7;71;E0051;2396;2019-11-14;Sales;0,14;0,86;C0127;F;26;true;0;10;P088;shoe;104,48;0,2;87,07;17,41;0;104,48;104,48;Adidas;Running;Zoom;36;Black;true
V000513;L0000633;2024-03-11;16:27;S02;Discount;Peripherie;289;9h/20h;open 5/7;67;E0006;2836;2022-05-06;Sales;0,11;0,89;C0366;F;20;true;0;8;P044;shoe;80,07;0,2;66,72;13,35;0;80,07;80,07;Nike;Basketball;Flex;32;Pink;false
V000514;L0000634;2024-06-19;15:09;S07;Standard;Centre-ville;95;9h/19h;open 5/7;18;E0042;2118;2019-04-24;Sales;0,1;0,9;C0119;F;32;true;0;11;P088;shoe;118,8;0,2;99;19,8;0;118,8;118,8;Adidas;Running;Zoom;36;Black;true
V000515;L0000635;2024-06-04;17:36;S03;Discount;Peripherie;222;9h/18h;open 5/7;51;E0018;2742;2004-10-20;Sales;0,2;0,8;C0159;F;43;true;0;14;P052;shoe;149,74;0,2;124,78;24,96;0;149,74;149,74;Nike;Limited Edition;Max;30;Deep Purple;true
V000516;L0000636;2024-04-15;10:52;S05;Discount;Peripherie;271;9h/19h;open 6/7;64;E0028;2394;2021-02-14;Sales;0,15;0,85;C0105;F;39;true;0;8;P018;shoe;82,47;0,2;68,73;13,74;0;82,47;82,47;Nike;Casual;Air;42;Red Blood;true
V000517;L0000637;2024-06-11;18:22;S02;Discount;Peripherie;289;9h/20h;open 5/7;67;E0006;2836;2022-05-06;Sales;0,11;0,89;C0253;F;35;false;0;0;P025;shoe;73,43;0,2;61,19;12,24;0;73,43;80,07;Asics;Trail;Flex;36;Sunny Yellow;false
V000518;L0000638;2024-10-02;10:02;S03;Discount;Peripherie;222;9h/18h;open 5/7;51;E0020;3242;2015-11-25;Sales;0,03;0,97;C0335;F;27;true;0;10;P088;shoe;105,62;0,2;88,02;17,6;0;105,62;105,62;Adidas;Running;Zoom;36;Black;true
V000519;L0000639;2024-04-09;12:39;S01;Premium;Centre-ville;81;9h/18h;open 5/7;11;E0002;2848;2013-08-07;Sales;0,09;0,91;C0119;F;32;true;0;29;P073;shoe;296,5;0,2;247,08;49,42;0;296,5;296,5;Reebok;Limited Edition;Elite;39;Deep Blue;true
V000520;L0000640;2024-11-04;12:00;S02;Discount;Peripherie;289;9h/20h;open 5/7;67;E0009;2331;2024-04-14;Sales;0,08;0,92;C0082;F;44;false;0;0;P016;shoe;127,44;0,2;106,2;21,24;0;127,44;127,44;Puma;Basketball;Flex;44;Brown Bear;false
V000521;L0000641;2024-06-18;10:12;S08;Discount;Peripherie;305;9h/19h;open 5/7;71;E0054;2726;2017-12-28;Sales;0,09;0,91;C0102;M;21;true;0;9;P007;shoe;98,19;0,2;81,83;16,36;0;98,19;98,19;Adidas;Basketball;Max;33;Electric Blue;false
V000522;L0000642;2024-12-05;16:36;S03;Discount;Peripherie;222;9h/18h;open 5/7;51;E0019;1959;2021-03-27;Support;0,17;0,83;C0324;M;22;true;0;10;P019;shoe;104,63;0,2;87,19;17,44;0;104,63;123,09;Asics;Casual;Zoom;37;Deep Purple;false
V000523;L0000643;2024-09-19;14:01;S02;Discount;Peripherie;289;9h/20h;open 5/7;67;E0010;2189;2023-11-12;Sales;0,18;0,82;C0310;F;16;true;150;6;P018;shoe;62,85;0,2;52,38;10,47;15;77,85;82,16;Nike;Casual;Air;42;Red Blood;true
V000524;L0000644;2024-01-06;17:31;S05;Discount;Peripherie;271;9h/19h;open 6/7;64;E0028;2394;2021-02-14;Sales;0,15;0,85;C0119;F;32;true;0;13;P047;shoe;132,28;0,2;110,23;22,05;0;132,28;132,28;Jordans;Trail;Air;37;Premium Black;true
V000525;L0000645;2024-12-17;12:41;S03;Discount;Peripherie;222;9h/18h;open 5/7;51;E0018;2742;2004-10-20;Sales;0,2;0,8;C0173;M;66;false;0;0;P005;shoe;81,23;0,2;67,69;13,54;0;81,23;99,63;Nike;Casual;Max;33;Premium Black;false
V000526;L0000646;2024-06-22;13:26;S05;Discount;Peripherie;271;9h/19h;open 6/7;64;E0028;2394;2021-02-14;Sales;0,15;0,85;C0301;F;54;false;0;0;P047;shoe;132,28;0,2;110,23;22,05;0;132,28;132,28;Jordans;Trail;Air;37;Premium Black;true
V000527;L0000647;2024-07-03;11:33;S03;Discount;Peripherie;222;9h/18h;open 5/7;51;E0020;3242;2015-11-25;Sales;0,03;0,97;C0095;M;35;true;0;10;P088;shoe;105,62;0,2;88,02;17,6;0;105,62;105,62;Adidas;Running;Zoom;36;Black;true
V000528;L0000648;2024-02-27;13:32;S03;Discount;Peripherie;222;9h/18h;open 5/7;51;E0019;1959;2021-03-27;Support;0,17;0,83;C0048;M;32;true;0;22;P010;shoe;90,94;0,2;75,78;15,16;0;90,94;90,94;Asics;Training;Air;33;Brown Bear;false
V000528;L0000649;2024-02-27;13:32;S03;Discount;Peripherie;222;9h/18h;open 5/7;51;E0019;1959;2021-03-27;Support;0,17;0,83;C0048;M;32;true;0;22;P057;shoe;80,07;0,2;66,72;13,35;0;80,07;80,07;Asics;Trail;Zoom;33;Brown Bear;false
V000528;L0000650;2024-02-27;13:32;S03;Discount;Peripherie;222;9h/18h;open 5/7;51;E0019;1959;2021-03-27;Support;0,17;0,83;C0048;M;32;true;0;22;A010;accessory;17,84;0,2;14,87;2,97;0;17,84;17,84;Accessoire;Tee-shirt;Tee-shirt;XL;Black;false
V000528;L0000651;2024-02-27;13:32;S03;Discount;Peripherie;222;9h/18h;open 5/7;51;E0019;1959;2021-03-27;Support;0,17;0,83;C0048;M;32;true;0;22;A007;accessory;31,21;0,2;26,01;5,2;0;31,21;31,21;Accessoire;Casquette;Casquette;M;Deep Blue;false
V000529;L0000652;2024-04-01;14:06;S03;Discount;Peripherie;222;9h/18h;open 5/7;51;E0015;2776;2012-04-21;Support;0,11;0,89;C0371;F;19;true;0;11;P088;shoe;105,62;0,2;88,02;17,6;0;105,62;105,62;Adidas;Running;Zoom;36;Black;true
V000529;L0000653;2024-04-01;14:06;S03;Discount;Peripherie;222;9h/18h;open 5/7;51;E0015;2776;2012-04-21;Support;0,11;0,89;C0371;F;19;true;0;11;A001;accessory;8,92;0,2;7,43;1,49;0;8,92;8,92;Accessoire;Sac de sport;Sac de sport;XS;Deep Blue;false
V000530;L0000654;2024-10-14;15:07;S08;Discount;Peripherie;305;9h/19h;open 5/7;71;E0054;2726;2017-12-28;Sales;0,09;0,91;C0236;F;40;true;0;9;P010;shoe;90,13;0,2;75,11;15,02;0;90,13;90,13;Asics;Training;Air;33;Brown Bear;false
V000531;L0000655;2024-09-07;17:15;S05;Discount;Peripherie;271;9h/19h;open 6/7;64;E0028;2394;2021-02-14;Sales;0,15;0,85;C0150;F;58;true;0;23;P081;shoe;112,87;0,2;94,06;18,81;0;112,87;112,87;Adidas;Basketball;Max;32;Black;false
V000531;L0000656;2024-09-07;17:15;S05;Discount;Peripherie;271;9h/19h;open 6/7;64;E0028;2394;2021-02-14;Sales;0,15;0,85;C0150;F;58;true;0;23;P043;shoe;117,26;0,2;97,72;19,54;0;117,26;117,26;Adidas;Running;Max;32;Pink;false
V000532;L0000657;2024-10-04;18:36;S07;Standard;Centre-ville;95;9h/19h;open 5/7;18;E0044;1980;2020-02-22;Sales;0,11;0,89;C0178;F;35;true;0;22;P006;shoe;229;0,2;190,83;38,17;0;229;229;Asics;Limited Edition;Air;36;Pink;false
V000533;L0000658;2024-09-03;13:19;S05;Discount;Peripherie;271;9h/19h;open 6/7;64;E0034;2989;2019-04-19;Sales;0,08;0,92;C0369;M;48;true;0;13;P047;shoe;132,28;0,2;110,23;22,05;0;132,28;132,28;Jordans;Trail;Air;37;Premium Black;true
V000534;L0000659;2024-04-04;15:44;S04;Standard;Centre-ville;95;9h/20h;open 6/7;16;E0024;3374;2014-08-24;Sales;0,02;0,98;C0281;F;24;true;0;23;P083;shoe;127,01;0,2;105,84;21,17;0;127,01;127,01;New Balance;Trail;Flex;33;Brown Bear;true
V000534;L0000660;2024-04-04;15:44;S04;Standard;Centre-ville;95;9h/20h;open 6/7;16;E0024;3374;2014-08-24;Sales;0,02;0,98;C0281;F;24;true;0;23;P050;shoe;111,72;0,2;93,1;18,62;0;111,72;111,72;New Balance;Training;Max;33;Pink;false
V000535;L0000661;2024-10-22;09:46;S04;Standard;Centre-ville;95;9h/20h;open 6/7;16;E0026;2442;2016-11-14;Sales;0,11;0,89;C0252;F;39;false;0;0;P083;shoe;127,01;0,2;105,84;21,17;0;127,01;127,01;New Balance;Trail;Flex;33;Brown Bear;true
V000536;L0000662;2024-11-15;19:01;S02;Discount;Peripherie;289;9h/20h;open 5/7;67;E0009;2331;2024-04-14;Sales;0,08;0,92;C0392;M;32;true;0;12;P016;shoe;127,44;0,2;106,2;21,24;0;127,44;127,44;Puma;Basketball;Flex;44;Brown Bear;false
V000537;L0000663;2024-05-21;16:04;S03;Discount;Peripherie;222;9h/18h;open 5/7;51;E0019;1959;2021-03-27;Support;0,17;0,83;C0328;M;19;true;0;14;P026;shoe;142,69;0,2;118,91;23,78;0;142,69;142,69;Asics;Running;Air;43;Gold;true
V000538;L0000664;2024-04-22;13:15;S07;Standard;Centre-ville;95;9h/19h;open 5/7;18;E0042;2118;2019-04-24;Sales;0,1;0,9;C0072;M;41;true;0;14;P010;shoe;85;0,2;70,83;14,17;0;85;85;Asics;Training;Air;33;Brown Bear;false
V000538;L0000665;2024-04-22;13:15;S07;Standard;Centre-ville;95;9h/19h;open 5/7;18;E0042;2118;2019-04-24;Sales;0,1;0,9;C0072;M;41;true;0;14;P057;shoe;60;0,2;50;10;0;60;60;Asics;Trail;Zoom;33;Brown Bear;false
V000539;L0000666;2024-12-05;09:43;S08;Discount;Peripherie;305;9h/19h;open 5/7;71;E0051;2396;2019-11-14;Sales;0,14;0,86;C0222;M;36;true;0;7;P033;shoe;76,95;0,2;64,13;12,82;0;76,95;76,95;Jordans;Running;Max;31;Red Blood;false
V000540;L0000667;2024-12-10;12:58;S02;Discount;Peripherie;289;9h/20h;open 5/7;67;E0011;1917;2024-03-22;Sales;0,16;0,84;C0192;M;47;true;0;8;P018;shoe;82,16;0,2;68,47;13,69;0;82,16;82,16;Nike;Casual;Air;42;Red Blood;true
V000541;L0000668;2024-05-21;17:06;S08;Discount;Peripherie;305;9h/19h;open 5/7;71;E0047;2787;2013-12-27;Manager;0,11;0,89;C0042;M;29;true;0;14;P026;shoe;140,75;0,2;117,29;23,46;0;140,75;140,75;Asics;Running;Air;43;Gold;true
V000542;L0000669;2024-10-04;18:07;S04;Standard;Centre-ville;95;9h/20h;open 6/7;16;E0024;3374;2014-08-24;Sales;0,02;0,98;C0078;F;41;true;0;11;P088;shoe;116,42;0,2;97,02;19,4;0;116,42;116,42;Adidas;Running;Zoom;36;Black;true
V000543;L0000670;2024-09-18;14:38;S04;Standard;Centre-ville;95;9h/20h;open 6/7;16;E0023;2557;2016-03-21;Sales;0,07;0,93;C0074;F;19;true;0;10;P017;shoe;107,8;0,2;89,83;17,97;0;107,8;107,8;New Balance;Trail;Zoom;40;Classic Grey;false
V000544;L0000671;2024-07-16;11:55;S02;Discount;Peripherie;289;9h/20h;open 5/7;67;E0006;2836;2022-05-06;Sales;0,11;0,89;C0336;F;28;true;0;13;P062;shoe;136,56;0,2;113,8;22,76;0;136,56;136,56;Nike;Limited Edition;Air;42;White;false
V000545;L0000672;2024-08-06;10:33;S05;Discount;Peripherie;271;9h/19h;open 6/7;64;E0034;2989;2019-04-19;Sales;0,08;0,92;C0019;M;18;true;0;10;P034;shoe;88,7;0,2;73,92;14,78;0;88,7;88,7;Jordans;Running;Zoom;38;Deep Purple;false
V000545;L0000673;2024-08-06;10:33;S05;Discount;Peripherie;271;9h/19h;open 6/7;64;E0034;2989;2019-04-19;Sales;0,08;0,92;C0019;M;18;true;0;10;A010;accessory;18,03;0,2;15,03;3;0;18,03;18,03;Accessoire;Tee-shirt;Tee-shirt;XL;Black;false
V000546;L0000674;2024-09-12;12:50;S08;Discount;Peripherie;305;9h/19h;open 5/7;71;E0053;2046;2020-08-26;Manager;0,14;0,86;C0119;F;32;true;0;10;P009;shoe;100,75;0,2;83,96;16,79;0;100,75;100,75;Asics;Trail;Flex;40;Red Blood;false
V000547;L0000675;2024-09-12;11:52;S02;Discount;Peripherie;289;9h/20h;open 5/7;67;E0011;1917;2024-03-22;Sales;0,16;0,84;C0114;M;35;true;0;21;P062;shoe;136,56;0,2;113,8;22,76;0;136,56;136,56;Nike;Limited Edition;Air;42;White;false
V000547;L0000676;2024-09-12;11:52;S02;Discount;Peripherie;289;9h/20h;open 5/7;67;E0011;1917;2024-03-22;Sales;0,16;0,84;C0114;M;35;true;0;21;P018;shoe;82,16;0,2;68,47;13,69;0;82,16;82,16;Nike;Casual;Air;42;Red Blood;true
V000548;L0000677;2024-09-27;17:00;S02;Discount;Peripherie;289;9h/20h;open 5/7;67;E0008;2145;2023-10-11;Sales;0,29;0,71;C0232;M;50;false;0;0;P053;shoe;136,56;0,2;113,8;22,76;0;136,56;136,56;Nike;Limited Edition;Zoom;38;Deep Blue;false
V000549;L0000678;2024-12-31;17:47;S05;Discount;Peripherie;271;9h/19h;open 6/7;64;E0027;2218;2019-03-23;Sales;0,11;0,89;C0356;F;22;true;0;10;P088;shoe;106,19;0,2;88,49;17,7;0;106,19;106,19;Adidas;Running;Zoom;36;Black;true
V000550;L0000679;2024-06-14;18:17;S07;Standard;Centre-ville;95;9h/19h;open 5/7;18;E0045;2224;2018-01-08;Sales;0,15;0,85;C0226;F;36;true;0;6;P060;shoe;60;0,2;50;10;0;60;60;Puma;Casual;Flex;44;Deep Blue;false
V000551;L0000680;2024-06-03;12:05;S08;Discount;Peripherie;305;9h/19h;open 5/7;71;E0051;2396;2019-11-14;Sales;0,14;0,86;C0244;F;42;true;0;14;P026;shoe;140,75;0,2;117,29;23,46;0;140,75;140,75;Asics;Running;Air;43;Gold;true
V000552;L0000681;2024-12-06;13:50;S02;Discount;Peripherie;289;9h/20h;open 5/7;67;E0006;2836;2022-05-06;Sales;0,11;0,89;C0316;F;35;true;0;12;P031;shoe;120,76;0,2;100,63;20,13;0;120,76;130,04;Puma;Limited Edition;Elite;32;Black;false
V000552;L0000682;2024-12-06;13:50;S02;Discount;Peripherie;289;9h/20h;open 5/7;67;E0006;2836;2022-05-06;Sales;0,11;0,89;C0316;F;35;true;0;12;A001;accessory;8,92;0,2;7,43;1,49;0;8,92;8,92;Accessoire;Sac de sport;Sac de sport;XS;Deep Blue;false
V000553;L0000683;2024-06-18;11:31;S03;Discount;Peripherie;222;9h/18h;open 5/7;51;E0020;3242;2015-11-25;Sales;0,03;0,97;C0054;F;22;true;0;10;P088;shoe;105,62;0,2;88,02;17,6;0;105,62;105,62;Adidas;Running;Zoom;36;Black;true
V000554;L0000684;2024-11-30;18:40;S05;Discount;Peripherie;271;9h/19h;open 6/7;64;E0034;2989;2019-04-19;Sales;0,08;0,92;C0075;M;49;true;0;13;P051;shoe;75,8;0,2;63,17;12,63;0;75,8;80,36;Jordans;Trail;Elite;31;Sunny Yellow;false
V000554;L0000685;2024-11-30;18:40;S05;Discount;Peripherie;271;9h/19h;open 6/7;64;E0034;2989;2019-04-19;Sales;0,08;0,92;C0075;M;49;true;0;13;P033;shoe;57,54;0,2;47,95;9,59;0;57,54;77,72;Jordans;Running;Max;31;Red Blood;false
V000555;L0000686;2024-05-10;15:21;S01;Premium;Centre-ville;81;9h/18h;open 5/7;11;E0005;2812;2014-07-24;Sales;0,07;0,93;C0068;F;65;true;0;32;P073;shoe;296,5;0,2;247,08;49,42;0;296,5;296,5;Reebok;Limited Edition;Elite;39;Deep Blue;true
V000555;L0000687;2024-05-10;15:21;S01;Premium;Centre-ville;81;9h/18h;open 5/7;11;E0005;2812;2014-07-24;Sales;0,07;0,93;C0068;F;65;true;0;32;A008;accessory;26,5;0,2;22,08;4,42;0;26,5;26,5;Accessoire;Bonnet;Bonnet;XS;White;false
V000556;L0000688;2024-07-03;12:20;S06;Discount;Centre-ville;131;9h/18h;open 5/7;26;E0038;2382;2014-10-09;Support;0,22;0,78;C0086;M;35;true;0;10;P070;shoe;105,02;0,2;87,52;17,5;0;105,02;116,69;Adidas;Casual;Pro;40;Deep Purple;false
V000557;L0000689;2024-10-07;17:42;S08;Discount;Peripherie;305;9h/19h;open 5/7;71;E0049;2362;2018-06-15;Manager;0,11;0,89;C0233;M;20;true;0;12;P006;shoe;126,15;0,2;105,13;21,02;0;126,15;151,32;Asics;Limited Edition;Air;36;Pink;false
V000558;L0000690;2024-10-30;17:29;S08;Discount;Peripherie;305;9h/19h;open 5/7;71;E0047;2787;2013-12-27;Manager;0,11;0,89;C0091;F;39;true;277;8;P070;shoe;85,37;0,2;71,14;14,23;27,7;113,07;113,07;Adidas;Casual;Pro;40;Deep Purple;false
V000559;L0000691;2024-09-26;13:29;S08;Discount;Peripherie;305;9h/19h;open 5/7;71;E0048;2463;2018-07-09;Sales;0,07;0,93;C0157;F;16;true;0;17;P073;shoe;172,88;0,2;144,07;28,81;0;172,88;172,88;Reebok;Limited Edition;Elite;39;Deep Blue;true
V000560;L0000692;2024-12-05;17:21;S02;Discount;Peripherie;289;9h/20h;open 5/7;67;E0006;2836;2022-05-06;Sales;0,11;0,89;C0258;M;40;true;0;9;P005;shoe;99,63;0,2;83,03;16,6;0;99,63;99,63;Nike;Casual;Max;33;Premium Black;false
V000561;L0000693;2024-05-29;16:11;S01;Premium;Centre-ville;81;9h/18h;open 5/7;11;E0002;2848;2013-08-07;Sales;0,09;0,91;C0152;F;29;true;0;20;P021;shoe;173,84;0,2;144,87;28,97;0;173,84;173,84;Reebok;Casual;Air;32;Gold;false
V000561;L0000694;2024-05-29;16:11;S01;Premium;Centre-ville;81;9h/18h;open 5/7;11;E0002;2848;2013-08-07;Sales;0,09;0,91;C0152;F;29;true;0;20;A005;accessory;26,5;0,2;22,08;4,42;0;26,5;26,5;Accessoire;Bonnet;Bonnet;M;Deep Blue;false
V000562;L0000695;2024-04-23;14:29;S03;Discount;Peripherie;222;9h/18h;open 5/7;51;E0017;2560;2012-12-22;Support;0,1;0,9;C0043;F;36;true;0;9;P088;shoe;96,42;0,2;80,35;16,07;0;96,42;105,62;Adidas;Running;Zoom;36;Black;true
V000563;L0000696;2024-09-30;16:25;S08;Discount;Peripherie;305;9h/19h;open 5/7;71;E0049;2362;2018-06-15;Manager;0,11;0,89;C0325;F;29;true;0;20;P075;shoe;90,13;0,2;75,11;15,02;0;90,13;90,13;Jordans;Casual;Air;40;Deep Blue;false
V000563;L0000697;2024-09-30;16:25;S08;Discount;Peripherie;305;9h/19h;open 5/7;71;E0049;2362;2018-06-15;Manager;0,11;0,89;C0325;F;29;true;0;20;P027;shoe;117,8;0,2;98,17;19,63;0;117,8;117,8;Jordans;Trail;Flex;40;Pink;true
V000564;L0000698;2024-11-26;11:00;S05;Discount;Peripherie;271;9h/19h;open 6/7;64;E0027;2218;2019-03-23;Sales;0,11;0,89;C0340;F;24;true;0;11;P002;shoe;115,06;0,2;95,88;19,18;0;115,06;115,06;Jordans;Trail;Flex;44;Sunny Yellow;false
V000565;L0000699;2024-09-06;14:20;S06;Discount;Centre-ville;131;9h/18h;open 5/7;26;E0039;2587;2014-08-05;Sales;0,09;0,91;C0241;M;34;true;0;11;P077;shoe;119,27;0,2;99,39;19,88;0;119,27;119,27;Puma;Basketball;Zoom;39;Brown Bear;false
V000566;L0000700;2024-06-12;10:26;S08;Discount;Peripherie;305;9h/19h;open 5/7;71;E0048;2463;2018-07-09;Sales;0,07;0,93;C0243;F;42;true;0;10;P050;shoe;102,44;0,2;85,37;17,07;0;102,44;102,44;New Balance;Training;Max;33;Pink;false
V000567;L0000701;2024-04-29;15:59;S01;Premium;Centre-ville;81;9h/18h;open 5/7;11;E0005;2812;2014-07-24;Sales;0,07;0,93;C0235;F;21;false;0;0;P073;shoe;296,5;0,2;247,08;49,42;0;296,5;296,5;Reebok;Limited Edition;Elite;39;Deep Blue;true
V000568;L0000702;2024-12-25;16:58;S06;Discount;Centre-ville;131;9h/18h;open 5/7;26;E0038;2382;2014-10-09;Support;0,22;0,78;C0350;F;30;true;0;9;P040;shoe;82,77;0,2;68,97;13,8;0;82,77;82,77;Nike;Trail;Zoom;44;Black;false
V000568;L0000703;2024-12-25;16:58;S06;Discount;Centre-ville;131;9h/18h;open 5/7;26;E0038;2382;2014-10-09;Support;0,22;0,78;C0350;F;30;true;0;9;A011;accessory;13,08;0,2;10,9;2,18;0;13,08;13,08;Accessoire;Casquette;Casquette;L;Classic Grey;false
V000569;L0000704;2024-06-13;19:39;S02;Discount;Peripherie;289;9h/20h;open 5/7;67;E0006;2836;2022-05-06;Sales;0,11;0,89;C0258;M;40;true;183;7;P063;shoe;72,78;0,2;60,65;12,13;18,3;91,08;91,08;Nike;Casual;Max;40;Pink;true
V000570;L0000705;2024-11-18;15:53;S08;Discount;Peripherie;305;9h/19h;open 5/7;71;E0053;2046;2020-08-26;Manager;0,14;0,86;C0137;M;40;true;0;12;P028;shoe;125,82;0,2;104,85;20,97;0;125,82;125,82;Jordans;Casual;Elite;39;Red Blood;false
V000571;L0000706;2024-03-06;11:20;S07;Standard;Centre-ville;95;9h/19h;open 5/7;18;E0045;2224;2018-01-08;Sales;0,15;0,85;C0257;M;21;true;0;7;P030;shoe;79;0,2;65,83;13,17;0;79;79;New Balance;Running;Pro;42;Light Green;false
V000572;L0000707;2024-08-02;15:56;S01;Premium;Centre-ville;81;9h/18h;open 5/7;11;E0003;700;2023-03-28;Apprentice;0,19;0,81;C0348;F;28;true;0;27;P073;shoe;278,71;0,2;232,26;46,45;0;278,71;296,5;Reebok;Limited Edition;Elite;39;Deep Blue;true
V000573;L0000708;2024-02-12;11:20;S05;Discount;Peripherie;271;9h/19h;open 6/7;64;E0033;2055;2019-07-02;Sales;0,11;0,89;C0094;F;41;true;0;21;P062;shoe;137,47;0,2;114,56;22,91;0;137,47;137,47;Nike;Limited Edition;Air;42;White;false
V000573;L0000709;2024-02-12;11:20;S05;Discount;Peripherie;271;9h/19h;open 6/7;64;E0033;2055;2019-07-02;Sales;0,11;0,89;C0094;F;41;true;0;21;P018;shoe;82,47;0,2;68,73;13,74;0;82,47;82,47;Nike;Casual;Air;42;Red Blood;true
V000574;L0000710;2024-09-09;15:19;S08;Discount;Peripherie;305;9h/19h;open 5/7;71;E0047;2787;2013-12-27;Manager;0,11;0,89;C0119;F;32;true;0;17;P073;shoe;172,88;0,2;144,07;28,81;0;172,88;172,88;Reebok;Limited Edition;Elite;39;Deep Blue;true
V000575;L0000711;2024-07-29;11:23;S08;Discount;Peripherie;305;9h/19h;open 5/7;71;E0048;2463;2018-07-09;Sales;0,07;0,93;C0136;F;31;true;167;3;P025;shoe;38,95;0,2;32,46;6,49;16,7;55,65;79,5;Asics;Trail;Flex;36;Sunny Yellow;false
V000576;L0000712;2024-09-26;16:33;S02;Discount;Peripherie;289;9h/20h;open 5/7;67;E0010;2189;2023-11-12;Sales;0,18;0,82;C0383;F;20;true;0;16;P012;shoe;164,37;0,2;136,98;27,39;0;164,37;164,37;Puma;Limited Edition;Elite;33;Gold;false
V000577;L0000713;2024-12-10;11:40;S03;Discount;Peripherie;222;9h/18h;open 5/7;51;E0019;1959;2021-03-27;Support;0,17;0,83;C0105;F;39;true;0;10;P088;shoe;105,62;0,2;88,02;17,6;0;105,62;105,62;Adidas;Running;Zoom;36;Black;true
V000578;L0000714;2024-01-06;17:34;S05;Discount;Peripherie;271;9h/19h;open 6/7;64;E0031;2900;2015-02-28;Manager;0,06;0,94;C0244;F;42;true;0;12;P048;shoe;122,8;0,2;102,33;20,47;0;122,8;122,8;Jordans;Casual;Air;45;Brown Bear;true
V000579;L0000715;2024-11-26;17:03;S05;Discount;Peripherie;271;9h/19h;open 6/7;64;E0032;2701;2008-11-13;Sales;0,25;0,75;C0022;M;28;true;0;21;P027;shoe;119,95;0,2;99,96;19,99;0;119,95;119,95;Jordans;Trail;Flex;40;Pink;true
V000579;L0000716;2024-11-26;17:03;S05;Discount;Peripherie;271;9h/19h;open 6/7;64;E0032;2701;2008-11-13;Sales;0,25;0,75;C0022;M;28;true;0;21;P075;shoe;91,34;0,2;76,12;15,22;0;91,34;91,34;Jordans;Casual;Air;40;Deep Blue;false
V000580;L0000717;2024-08-01;09:25;S05;Discount;Peripherie;271;9h/19h;open 6/7;64;E0033;2055;2019-07-02;Sales;0,11;0,89;C0349;F;48;true;0;10;P088;shoe;106,19;0,2;88,49;17,7;0;106,19;106,19;Adidas;Running;Zoom;36;Black;true
V000581;L0000718;2024-05-24;11:09;S08;Discount;Peripherie;305;9h/19h;open 5/7;71;E0049;2362;2018-06-15;Manager;0,11;0,89;C0325;F;29;true;0;12;P069;shoe;128,37;0,2;106,98;21,39;0;128,37;128,37;Jordans;Limited Edition;Zoom;33;Deep Blue;false
V000582;L0000719;2024-04-20;17:26;S04;Standard;Centre-ville;95;9h/20h;open 6/7;16;E0023;2557;2016-03-21;Sales;0,07;0,93;C0257;M;21;true;0;13;P083;shoe;127,01;0,2;105,84;21,17;0;127,01;127,01;New Balance;Trail;Flex;33;Brown Bear;true
V000582;L0000720;2024-04-20;17:26;S04;Standard;Centre-ville;95;9h/20h;open 6/7;16;E0023;2557;2016-03-21;Sales;0,07;0,93;C0257;M;21;true;0;13;A004;accessory;9,8;0,2;8,17;1,63;0;9,8;9,8;Accessoire;Bonnet;Bonnet;XS;Black;false
V000583;L0000721;2024-08-14;17:24;S02;Discount;Peripherie;289;9h/20h;open 5/7;67;E0013;2207;2023-11-19;Sales;0,19;0,81;C0288;F;29;true;0;15;P006;shoe;153,5;0,2;127,92;25,58;0;153,5;153,5;Asics;Limited Edition;Air;36;Pink;false
V000584;L0000722;2024-02-16;10:33;S08;Discount;Peripherie;305;9h/19h;open 5/7;71;E0054;2726;2017-12-28;Sales;0,09;0,91;C0051;M;27;true;0;22;P043;shoe;115,19;0,2;95,99;19,2;0;115,19;115,19;Adidas;Running;Max;32;Pink;false
V000584;L0000723;2024-02-16;10:33;S08;Discount;Peripherie;305;9h/19h;open 5/7;71;E0054;2726;2017-12-28;Sales;0,09;0,91;C0051;M;27;true;0;22;P081;shoe;110,94;0,2;92,45;18,49;0;110,94;110,94;Adidas;Basketball;Max;32;Black;false
V000585;L0000724;2024-05-11;15:37;S05;Discount;Peripherie;271;9h/19h;open 6/7;64;E0031;2900;2015-02-28;Manager;0,06;0,94;C0103;M;45;true;0;9;P063;shoe;91,48;0,2;76,23;15,25;0;91,48;91,48;Nike;Casual;Max;40;Pink;true
V000586;L0000725;2024-08-15;10:33;S03;Discount;Peripherie;222;9h/18h;open 5/7;51;E0019;1959;2021-03-27;Support;0,17;0,83;C0326;M;36;false;0;0;P014;shoe;80,07;0,2;66,72;13,35;0;80,07;80,07;Adidas;Basketball;Flex;30;Brown Bear;false
V000586;L0000726;2024-08-15;10:33;S03;Discount;Peripherie;222;9h/18h;open 5/7;51;E0019;1959;2021-03-27;Support;0,17;0,83;C0326;M;36;false;0;0;A008;accessory;22,29;0,2;18,57;3,72;0;22,29;22,29;Accessoire;Bonnet;Bonnet;XS;White;false
V000586;L0000727;2024-08-15;10:33;S03;Discount;Peripherie;222;9h/18h;open 5/7;51;E0019;1959;2021-03-27;Support;0,17;0,83;C0326;M;36;false;0;0;A003;accessory;31,21;0,2;26,01;5,2;0;31,21;31,21;Accessoire;Tee-shirt;Tee-shirt;S;White;false
V000587;L0000728;2024-11-28;17:21;S08;Discount;Peripherie;305;9h/19h;open 5/7;71;E0053;2046;2020-08-26;Manager;0,14;0,86;C0287;F;39;true;0;11;P055;shoe;113,5;0,2;94,58;18,92;0;113,5;113,5;Reebok;Training;Zoom;31;Gold;false
V000588;L0000729;2024-02-14;15:36;S07;Standard;Centre-ville;95;9h/19h;open 5/7;18;E0045;2224;2018-01-08;Sales;0,15;0,85;C0178;F;35;true;0;9;P004;shoe;58,32;0,2;48,6;9,72;0;58,32;58,32;Puma;Basketball;Max;34;White;true
V000588;L0000730;2024-02-14;15:36;S07;Standard;Centre-ville;95;9h/19h;open 5/7;18;E0045;2224;2018-01-08;Sales;0,15;0,85;C0178;F;35;true;0;9;A002;accessory;25;0,2;20,83;4,17;0;25;25;Accessoire;Lacets;Lacets;M;White;false
V000588;L0000731;2024-02-14;15:36;S07;Standard;Centre-ville;95;9h/19h;open 5/7;18;E0045;2224;2018-01-08;Sales;0,15;0,85;C0178;F;35;true;0;9;A001;accessory;10;0,2;8,33;1,67;0;10;10;Accessoire;Sac de sport;Sac de sport;XS;Deep Blue;false
V000589;L0000732;2024-11-05;15:34;S05;Discount;Peripherie;271;9h/19h;open 6/7;64;E0028;2394;2021-02-14;Sales;0,15;0,85;C0076;M;28;true;0;6;P066;shoe;69,38;0,2;57,82;11,56;0;69,38;69,38;Adidas;Casual;Air;34;Black;false
V000590;L0000733;2024-10-11;09:20;S08;Discount;Peripherie;305;9h/19h;open 5/7;71;E0048;2463;2018-07-09;Sales;0,07;0,93;C0152;F;29;true;0;13;P084;shoe;134,32;0,2;111,93;22,39;0;134,32;134,32;Reebok;Trail;Air;44;Premium Black;false
V000591;L0000734;2024-02-10;10:59;S05;Discount;Peripherie;271;9h/19h;open 6/7;64;E0033;2055;2019-07-02;Sales;0,11;0,89;C0219;F;35;true;0;15;P033;shoe;77,72;0,2;64,77;12,95;0;77,72;77,72;Jordans;Running;Max;31;Red Blood;false
V000591;L0000735;2024-02-10;10:59;S05;Discount;Peripherie;271;9h/19h;open 6/7;64;E0033;2055;2019-07-02;Sales;0,11;0,89;C0219;F;35;true;0;15;P051;shoe;80,36;0,2;66,97;13,39;0;80,36;80,36;Jordans;Trail;Elite;31;Sunny Yellow;false
V000592;L0000736;2024-11-21;11:35;S02;Discount;Peripherie;289;9h/20h;open 5/7;67;E0009;2331;2024-04-14;Sales;0,08;0,92;C0314;M;45;true;0;14;P026;shoe;142,69;0,2;118,91;23,78;0;142,69;142,69;Asics;Running;Air;43;Gold;true
V000593;L0000737;2024-03-08;09:14;S08;Discount;Peripherie;305;9h/19h;open 5/7;71;E0050;2303;2014-09-25;Support;0,29;0,71;C0260;F;44;true;0;9;P059;shoe;90,13;0,2;75,11;15,02;0;90,13;90,13;Reebok;Running;Elite;43;Black;false
V000594;L0000738;2024-02-29;12:03;S08;Discount;Peripherie;305;9h/19h;open 5/7;71;E0054;2726;2017-12-28;Sales;0,09;0,91;C0211;M;40;true;0;12;P069;shoe;128,37;0,2;106,98;21,39;0;128,37;128,37;Jordans;Limited Edition;Zoom;33;Deep Blue;false
V000595;L0000739;2024-12-17;17:10;S02;Discount;Peripherie;289;9h/20h;open 5/7;67;E0014;2449;2024-05-13;Support;0,07;0,93;C0007;M;22;true;0;13;P062;shoe;136,56;0,2;113,8;22,76;0;136,56;136,56;Nike;Limited Edition;Air;42;White;false
V000596;L0000740;2024-03-16;13:43;S05;Discount;Peripherie;271;9h/19h;open 6/7;64;E0030;2758;2008-04-16;Support;0,29;0,71;C0009;M;59;false;0;0;P018;shoe;82,47;0,2;68,73;13,74;0;82,47;82,47;Nike;Casual;Air;42;Red Blood;true
V000597;L0000741;2024-04-04;14:03;S05;Discount;Peripherie;271;9h/19h;open 6/7;64;E0028;2394;2021-02-14;Sales;0,15;0,85;C0095;M;35;true;0;13;P069;shoe;130,88;0,2;109,07;21,81;0;130,88;130,88;Jordans;Limited Edition;Zoom;33;Deep Blue;false
V000598;L0000742;2024-10-31;11:53;S07;Standard;Centre-ville;95;9h/19h;open 5/7;18;E0043;2926;2014-01-15;Sales;0,03;0,97;C0088;F;16;true;0;20;P026;shoe;204,12;0,2;170,1;34,02;0;204,12;204,12;Asics;Running;Air;43;Gold;true
V000599;L0000743;2024-08-16;13:37;S02;Discount;Peripherie;289;9h/20h;open 5/7;67;E0011;1917;2024-03-22;Sales;0,16;0,84;C0131;M;52;false;0;0;P062;shoe;136,56;0,2;113,8;22,76;0;136,56;136,56;Nike;Limited Edition;Air;42;White;false
V000600;L0000744;2024-03-06;09:17;S06;Discount;Centre-ville;131;9h/18h;open 5/7;26;E0039;2587;2014-08-05;Sales;0,09;0,91;C0297;F;31;false;0;0;P004;shoe;82,05;0,2;68,38;13,67;0;82,05;82,05;Puma;Basketball;Max;34;White;true
V000600;L0000745;2024-03-06;09:17;S06;Discount;Centre-ville;131;9h/18h;open 5/7;26;E0039;2587;2014-08-05;Sales;0,09;0,91;C0297;F;31;false;0;0;P054;shoe;105,95;0,2;88,29;17,66;0;105,95;105,95;Puma;Running;Pro;34;Pink;false
V000601;L0000746;2024-05-30;09:39;S08;Discount;Peripherie;305;9h/19h;open 5/7;71;E0053;2046;2020-08-26;Manager;0,14;0,86;C0171;M;36;true;0;9;P042;shoe;76,95;0,2;64,13;12,82;0;76,95;76,95;New Balance;Basketball;Air;30;Sunny Yellow;false
V000601;L0000747;2024-05-30;09:39;S08;Discount;Peripherie;305;9h/19h;open 5/7;71;E0053;2046;2020-08-26;Manager;0,14;0,86;C0171;M;36;true;0;9;A009;accessory;17,44;0,2;14,53;2,91;0;17,44;17,44;Accessoire;Lacets;Lacets;L;Classic Grey;false
V000602;L0000748;2024-11-23;15:56;S04;Standard;Centre-ville;95;9h/20h;open 6/7;16;E0026;2442;2016-11-14;Sales;0,11;0,89;C0016;F;52;true;0;27;P080;shoe;253,82;0,2;211,52;42,3;0;253,82;253,82;New Balance;Limited Edition;Flex;38;Black;false
V000602;L0000749;2024-11-23;15:56;S04;Standard;Centre-ville;95;9h/20h;open 6/7;16;E0026;2442;2016-11-14;Sales;0,11;0,89;C0016;F;52;true;0;27;A012;accessory;19,6;0,2;16,33;3,27;0;19,6;19,6;Accessoire;Lacets;Lacets;XL;White;false
V000603;L0000750;2024-11-25;09:58;S03;Discount;Peripherie;222;9h/18h;open 5/7;51;E0018;2742;2004-10-20;Sales;0,2;0,8;C0383;F;20;true;0;20;P067;shoe;106,15;0,2;88,46;17,69;0;106,15;106,15;Adidas;Running;Pro;30;Light Green;false
V000603;L0000751;2024-11-25;09:58;S03;Discount;Peripherie;222;9h/18h;open 5/7;51;E0018;2742;2004-10-20;Sales;0,2;0,8;C0383;F;20;true;0;20;P014;shoe;75,19;0,2;62,66;12,53;0;75,19;80,07;Adidas;Basketball;Flex;30;Brown Bear;false
V000603;L0000752;2024-11-25;09:58;S03;Discount;Peripherie;222;9h/18h;open 5/7;51;E0018;2742;2004-10-20;Sales;0,2;0,8;C0383;F;20;true;0;20;A005;accessory;22,29;0,2;18,57;3,72;0;22,29;22,29;Accessoire;Bonnet;Bonnet;M;Deep Blue;false
V000604;L0000753;2024-11-27;10:45;S02;Discount;Peripherie;289;9h/20h;open 5/7;67;E0009;2331;2024-04-14;Sales;0,08;0,92;C0253;F;35;false;0;0;P009;shoe;101,8;0,2;84,83;16,97;0;101,8;101,8;Asics;Trail;Flex;40;Red Blood;false
V000605;L0000754;2024-09-24;09:44;S05;Discount;Peripherie;271;9h/19h;open 6/7;64;E0035;2349;2010-01-14;Sales;0,22;0,78;C0131;M;52;false;0;0;P053;shoe;137,47;0,2;114,56;22,91;0;137,47;137,47;Nike;Limited Edition;Zoom;38;Deep Blue;false
V000606;L0000755;2024-03-04;09:33;S02;Discount;Peripherie;289;9h/20h;open 5/7;67;E0006;2836;2022-05-06;Sales;0,11;0,89;C0420;F;28;true;0;8;P025;shoe;80,07;0,2;66,72;13,35;0;80,07;80,07;Asics;Trail;Flex;36;Sunny Yellow;false
V000607;L0000756;2024-03-28;14:02;S05;Discount;Peripherie;271;9h/19h;open 6/7;64;E0034;2989;2019-04-19;Sales;0,08;0,92;C0203;M;26;true;0;21;P062;shoe;132,27;0,2;110,23;22,04;0;132,27;137,47;Nike;Limited Edition;Air;42;White;false
V000607;L0000757;2024-03-28;14:02;S05;Discount;Peripherie;271;9h/19h;open 6/7;64;E0034;2989;2019-04-19;Sales;0,08;0,92;C0203;M;26;true;0;21;P018;shoe;82,47;0,2;68,73;13,74;0;82,47;82,47;Nike;Casual;Air;42;Red Blood;true
V000608;L0000758;2024-05-09;17:21;S08;Discount;Peripherie;305;9h/19h;open 5/7;71;E0046;831;2023-08-14;Apprentice;0,2;0,8;C0348;F;28;true;0;9;P068;shoe;90,26;0,2;75,22;15,04;0;90,26;90,26;New Balance;Trail;Zoom;40;Light Green;true
V000609;L0000759;2024-06-26;18:45;S05;Discount;Peripherie;271;9h/19h;open 6/7;64;E0028;2394;2021-02-14;Sales;0,15;0,85;C0066;F;22;true;0;11;P043;shoe;117,26;0,2;97,72;19,54;0;117,26;117,26;Adidas;Running;Max;32;Pink;false
V000610;L0000760;2024-10-04;15:04;S03;Discount;Peripherie;222;9h/18h;open 5/7;51;E0018;2742;2004-10-20;Sales;0,2;0,8;C0092;F;44;true;0;9;P063;shoe;91,08;0,2;75,9;15,18;0;91,08;91,08;Nike;Casual;Max;40;Pink;true
V000611;L0000761;2024-02-08;15:10;S08;Discount;Peripherie;305;9h/19h;open 5/7;71;E0048;2463;2018-07-09;Sales;0,07;0,93;C0141;F;16;false;0;0;P001;shoe;117,8;0,2;98,17;19,63;0;117,8;117,8;New Balance;Training;Max;41;Electric Blue;true
V000612;L0000762;2024-07-25;11:01;S08;Discount;Peripherie;305;9h/19h;open 5/7;71;E0053;2046;2020-08-26;Manager;0,14;0,86;C0091;F;39;true;0;17;P067;shoe;105;0,2;87,5;17,5;0;105;105;Adidas;Running;Pro;30;Light Green;false
V000612;L0000763;2024-07-25;11:01;S08;Discount;Peripherie;305;9h/19h;open 5/7;71;E0053;2046;2020-08-26;Manager;0,14;0,86;C0091;F;39;true;0;17;P014;shoe;65,85;0,2;54,88;10,97;0;65,85;79,5;Adidas;Basketball;Flex;30;Brown Bear;false
V000613;L0000764;2024-12-23;11:44;S05;Discount;Peripherie;271;9h/19h;open 6/7;64;E0034;2989;2019-04-19;Sales;0,08;0,92;C0038;M;16;true;0;11;P027;shoe;119,95;0,2;99,96;19,99;0;119,95;119,95;Jordans;Trail;Flex;40;Pink;true
V000614;L0000765;2024-11-19;09:40;S08;Discount;Peripherie;305;9h/19h;open 5/7;71;E0049;2362;2018-06-15;Manager;0,11;0,89;C0136;F;31;true;0;10;P010;shoe;90,13;0,2;75,11;15,02;0;90,13;90,13;Asics;Training;Air;33;Brown Bear;false
V000614;L0000766;2024-11-19;09:40;S08;Discount;Peripherie;305;9h/19h;open 5/7;71;E0049;2362;2018-06-15;Manager;0,11;0,89;C0136;F;31;true;0;10;A011;accessory;13,08;0,2;10,9;2,18;0;13,08;13,08;Accessoire;Casquette;Casquette;L;Classic Grey;false
V000615;L0000767;2024-12-28;18:46;S05;Discount;Peripherie;271;9h/19h;open 6/7;64;E0034;2989;2019-04-19;Sales;0,08;0,92;C0361;F;25;true;132;17;P062;shoe;94,69;0,2;78,91;15,78;13,2;107,89;137,47;Nike;Limited Edition;Air;42;White;false
V000615;L0000768;2024-12-28;18:46;S05;Discount;Peripherie;271;9h/19h;open 6/7;64;E0034;2989;2019-04-19;Sales;0,08;0,92;C0361;F;25;true;132;17;P018;shoe;82,47;0,2;68,73;13,74;0;82,47;82,47;Nike;Casual;Air;42;Red Blood;true
V000616;L0000769;2024-10-21;15:50;S02;Discount;Peripherie;289;9h/20h;open 5/7;67;E0012;2424;2024-10-12;Sales;0,25;0,75;C0203;M;26;true;0;13;P074;shoe;138,73;0,2;115,61;23,12;0;138,73;138,73;Puma;Limited Edition;Zoom;36;Classic Grey;false
V000617;L0000770;2024-12-18;15:38;S03;Discount;Peripherie;222;9h/18h;open 5/7;51;E0019;1959;2021-03-27;Support;0,17;0,83;C0286;M;25;true;0;8;P018;shoe;82,16;0,2;68,47;13,69;0;82,16;82,16;Nike;Casual;Air;42;Red Blood;true
V000618;L0000771;2024-11-21;14:02;S03;Discount;Peripherie;222;9h/18h;open 5/7;51;E0018;2742;2004-10-20;Sales;0,2;0,8;C0159;F;43;true;0;8;P040;shoe;80,07;0,2;66,72;13,35;0;80,07;80,07;Nike;Trail;Zoom;44;Black;false
V000619;L0000772;2024-10-03;14:15;S03;Discount;Peripherie;222;9h/18h;open 5/7;51;E0020;3242;2015-11-25;Sales;0,03;0,97;C0223;F;18;true;0;16;P052;shoe;149,74;0,2;124,78;24,96;0;149,74;149,74;Nike;Limited Edition;Max;30;Deep Purple;true
V000619;L0000773;2024-10-03;14:15;S03;Discount;Peripherie;222;9h/18h;open 5/7;51;E0020;3242;2015-11-25;Sales;0,03;0,97;C0223;F;18;true;0;16;A011;accessory;13,38;0,2;11,15;2,23;0;13,38;13,38;Accessoire;Casquette;Casquette;L;Classic Grey;false
V000620;L0000774;2024-09-09;09:22;S03;Discount;Peripherie;222;9h/18h;open 5/7;51;E0016;1986;2021-11-26;Manager;0,14;0,86;C0100;M;30;true;159;8;P088;shoe;89,72;0,2;74,77;14,95;15,9;105,62;105,62;Adidas;Running;Zoom;36;Black;true
V000621;L0000775;2024-09-07;14:02;S04;Standard;Centre-ville;95;9h/20h;open 6/7;16;E0023;2557;2016-03-21;Sales;0,07;0,93;C0399;F;49;true;0;13;P056;shoe;132,45;0,2;110,38;22,07;0;132,45;155,82;Reebok;Basketball;Elite;45;Black;false
V000622;L0000776;2024-01-17;10:36;S04;Standard;Centre-ville;95;9h/20h;open 6/7;16;E0025;2018;2019-10-07;Sales;0,15;0,85;C0170;F;30;true;0;25;P080;shoe;253,82;0,2;211,52;42,3;0;253,82;253,82;New Balance;Limited Edition;Flex;38;Black;false
V000623;L0000777;2024-12-17;09:21;S02;Discount;Peripherie;289;9h/20h;open 5/7;67;E0012;2424;2024-10-12;Sales;0,25;0,75;C0295;F;49;true;0;14;P052;shoe;149,74;0,2;124,78;24,96;0;149,74;149,74;Nike;Limited Edition;Max;30;Deep Purple;true
V000624;L0000778;2024-03-12;15:33;S02;Discount;Peripherie;289;9h/20h;open 5/7;67;E0013;2207;2023-11-19;Sales;0,19;0,81;C0283;F;16;true;0;18;P037;shoe;184,93;0,2;154,11;30,82;0;184,93;184,93;Puma;Limited Edition;Zoom;38;Gold;true
V000625;L0000779;2024-06-18;14:17;S08;Discount;Peripherie;305;9h/19h;open 5/7;71;E0054;2726;2017-12-28;Sales;0,09;0,91;C0157;F;16;true;0;10;P088;shoe;104,48;0,2;87,07;17,41;0;104,48;104,48;Adidas;Running;Zoom;36;Black;true
V000626;L0000780;2024-12-20;11:54;S03;Discount;Peripherie;222;9h/18h;open 5/7;51;E0015;2776;2012-04-21;Support;0,11;0,89;C0018;M;16;true;0;14;P052;shoe;149,74;0,2;124,78;24,96;0;149,74;149,74;Nike;Limited Edition;Max;30;Deep Purple;true
V000627;L0000781;2024-08-02;17:56;S08;Discount;Peripherie;305;9h/19h;open 5/7;71;E0054;2726;2017-12-28;Sales;0,09;0,91;C0102;M;21;true;0;11;P027;shoe;113,09;0,2;94,24;18,85;0;113,09;117,8;Jordans;Trail;Flex;40;Pink;true
V000628;L0000782;2024-05-08;12:47;S06;Discount;Centre-ville;131;9h/18h;open 5/7;26;E0038;2382;2014-10-09;Support;0,22;0,78;C0346;F;16;true;0;14;P053;shoe;117,8;0,2;98,17;19,63;0;117,8;138,59;Nike;Limited Edition;Zoom;38;Deep Blue;false
V000628;L0000783;2024-05-08;12:47;S06;Discount;Centre-ville;131;9h/18h;open 5/7;26;E0038;2382;2014-10-09;Support;0,22;0,78;C0346;F;16;true;0;14;A003;accessory;30,53;0,2;25,44;5,09;0;30,53;30,53;Accessoire;Tee-shirt;Tee-shirt;S;White;false
V000629;L0000784;2024-05-27;09:13;S01;Premium;Centre-ville;81;9h/18h;open 5/7;11;E0002;2848;2013-08-07;Sales;0,09;0,91;C0215;M;26;true;163;28;P073;shoe;280,2;0,2;233,5;46,7;16,3;296,5;296,5;Reebok;Limited Edition;Elite;39;Deep Blue;true
V000630;L0000785;2024-06-04;17:59;S03;Discount;Peripherie;222;9h/18h;open 5/7;51;E0015;2776;2012-04-21;Support;0,11;0,89;C0385;M;31;true;0;23;P062;shoe;136,56;0,2;113,8;22,76;0;136,56;136,56;Nike;Limited Edition;Air;42;White;false
V000630;L0000786;2024-06-04;17:59;S03;Discount;Peripherie;222;9h/18h;open 5/7;51;E0015;2776;2012-04-21;Support;0,11;0,89;C0385;M;31;true;0;23;P018;shoe;76,41;0,2;63,67;12,74;0;76,41;82,16;Nike;Casual;Air;42;Red Blood;true
V000630;L0000787;2024-06-04;17:59;S03;Discount;Peripherie;222;9h/18h;open 5/7;51;E0015;2776;2012-04-21;Support;0,11;0,89;C0385;M;31;true;0;23;A008;accessory;22,29;0,2;18,57;3,72;0;22,29;22,29;Accessoire;Bonnet;Bonnet;XS;White;false
V000631;L0000788;2024-11-27;16:29;S02;Discount;Peripherie;289;9h/20h;open 5/7;67;E0009;2331;2024-04-14;Sales;0,08;0,92;C0240;M;35;false;0;0;P005;shoe;89,67;0,2;74,73;14,94;0;89,67;99,63;Nike;Casual;Max;33;Premium Black;false
V000632;L0000789;2024-11-12;09:28;S07;Standard;Centre-ville;95;9h/19h;open 5/7;18;E0042;2118;2019-04-24;Sales;0,1;0,9;C0110;M;36;true;0;15;P019;shoe;159;0,2;132,5;26,5;0;159;159;Asics;Casual;Zoom;37;Deep Purple;false
V000633;L0000790;2024-03-28;09:42;S05;Discount;Peripherie;271;9h/19h;open 6/7;64;E0028;2394;2021-02-14;Sales;0,15;0,85;C0014;F;16;true;0;10;P088;shoe;106,19;0,2;88,49;17,7;0;106,19;106,19;Adidas;Running;Zoom;36;Black;true
V000634;L0000791;2024-07-05;16:19;S03;Discount;Peripherie;222;9h/18h;open 5/7;51;E0015;2776;2012-04-21;Support;0,11;0,89;C0267;F;40;true;0;6;P066;shoe;69,21;0,2;57,67;11,54;0;69,21;69,21;Adidas;Casual;Air;34;Black;false
V000635;L0000792;2024-12-31;16:47;S05;Discount;Peripherie;271;9h/19h;open 6/7;64;E0033;2055;2019-07-02;Sales;0,11;0,89;C0386;F;26;true;0;8;P051;shoe;80,36;0,2;66,97;13,39;0;80,36;80,36;Jordans;Trail;Elite;31;Sunny Yellow;false
V000636;L0000793;2024-04-03;09:35;S05;Discount;Peripherie;271;9h/19h;open 6/7;64;E0034;2989;2019-04-19;Sales;0,08;0,92;C0341;F;41;false;0;0;P052;shoe;125,87;0,2;104,89;20,98;0;125,87;150,78;Nike;Limited Edition;Max;30;Deep Purple;true
V000637;L0000794;2024-12-18;10:10;S02;Discount;Peripherie;289;9h/20h;open 5/7;67;E0010;2189;2023-11-12;Sales;0,18;0,82;C0240;M;35;false;0;0;P005;shoe;99,63;0,2;83,03;16,6;0;99,63;99,63;Nike;Casual;Max;33;Premium Black;false
V000638;L0000795;2024-05-24;09:40;S07;Standard;Centre-ville;95;9h/19h;open 5/7;18;E0043;2926;2014-01-15;Sales;0,03;0,97;C0316;F;35;true;0;11;P088;shoe;118,8;0,2;99;19,8;0;118,8;118,8;Adidas;Running;Zoom;36;Black;true
V000639;L0000796;2024-07-18;17:18;S03;Discount;Peripherie;222;9h/18h;open 5/7;51;E0017;2560;2012-12-22;Support;0,1;0,9;C0268;M;29;false;0;0;P062;shoe;136,56;0,2;113,8;22,76;0;136,56;136,56;Nike;Limited Edition;Air;42;White;false
V000639;L0000797;2024-07-18;17:18;S03;Discount;Peripherie;222;9h/18h;open 5/7;51;E0017;2560;2012-12-22;Support;0,1;0,9;C0268;M;29;false;0;0;P018;shoe;82,16;0,2;68,47;13,69;0;82,16;82,16;Nike;Casual;Air;42;Red Blood;true
V000640;L0000798;2024-08-09;17:01;S03;Discount;Peripherie;222;9h/18h;open 5/7;51;E0018;2742;2004-10-20;Sales;0,2;0,8;C0032;F;24;true;0;15;P006;shoe;153,5;0,2;127,92;25,58;0;153,5;153,5;Asics;Limited Edition;Air;36;Pink;false
V000641;L0000799;2024-05-06;11:26;S07;Standard;Centre-ville;95;9h/19h;open 5/7;18;E0042;2118;2019-04-24;Sales;0,1;0,9;C0078;F;41;true;0;48;P012;shoe;254;0,2;211,67;42,33;0;254;254;Puma;Limited Edition;Elite;33;Gold;false
V000641;L0000800;2024-05-06;11:26;S07;Standard;Centre-ville;95;9h/19h;open 5/7;18;E0042;2118;2019-04-24;Sales;0,1;0,9;C0078;F;41;true;0;48;P020;shoe;234;0,2;195;39;0;234;234;Puma;Limited Edition;Zoom;33;Red Blood;false
V000642;L0000801;2024-06-04;15:51;S03;Discount;Peripherie;222;9h/18h;open 5/7;51;E0016;1986;2021-11-26;Manager;0,14;0,86;C0190;F;22;true;0;13;P062;shoe;136,56;0,2;113,8;22,76;0;136,56;136,56;Nike;Limited Edition;Air;42;White;false
V000643;L0000802;2024-03-15;16:08;S06;Discount;Centre-ville;131;9h/18h;open 5/7;26;E0040;2438;2015-03-10;Sales;0,09;0,91;C0118;F;40;true;0;9;P063;shoe;93,64;0,2;78,03;15,61;0;93,64;93,64;Nike;Casual;Max;40;Pink;true
V000644;L0000803;2024-12-24;10:38;S08;Discount;Peripherie;305;9h/19h;open 5/7;71;E0048;2463;2018-07-09;Sales;0,07;0,93;C0203;M;26;true;0;12;P011;shoe;121,57;0,2;101,31;20,26;0;121,57;121,57;New Balance;Running;Max;38;Electric Blue;false
V000645;L0000804;2024-05-04;16:39;S04;Standard;Centre-ville;95;9h/20h;open 6/7;16;E0024;3374;2014-08-24;Sales;0,02;0,98;C0206;F;31;false;0;0;P088;shoe;116,42;0,2;97,02;19,4;0;116,42;116,42;Adidas;Running;Zoom;36;Black;true
V000646;L0000805;2024-11-28;11:52;S03;Discount;Peripherie;222;9h/18h;open 5/7;51;E0020;3242;2015-11-25;Sales;0,03;0,97;C0190;F;22;true;0;10;P088;shoe;105,62;0,2;88,02;17,6;0;105,62;105,62;Adidas;Running;Zoom;36;Black;true
V000647;L0000806;2024-02-29;10:00;S08;Discount;Peripherie;305;9h/19h;open 5/7;71;E0051;2396;2019-11-14;Sales;0,14;0,86;C0157;F;16;true;0;17;P073;shoe;172,88;0,2;144,07;28,81;0;172,88;172,88;Reebok;Limited Edition;Elite;39;Deep Blue;true
V000648;L0000807;2024-05-18;15:39;S05;Discount;Peripherie;271;9h/19h;open 6/7;64;E0030;2758;2008-04-16;Support;0,29;0,71;C0321;F;33;true;0;11;P081;shoe;112,87;0,2;94,06;18,81;0;112,87;112,87;Adidas;Basketball;Max;32;Black;false
V000649;L0000808;2024-02-01;10:16;S08;Discount;Peripherie;305;9h/19h;open 5/7;71;E0049;2362;2018-06-15;Manager;0,11;0,89;C0390;F;53;true;226;10;P069;shoe;105,77;0,2;88,14;17,63;22,6;128,37;128,37;Jordans;Limited Edition;Zoom;33;Deep Blue;false
V000650;L0000809;2024-04-05;19:08;S02;Discount;Peripherie;289;9h/20h;open 5/7;67;E0011;1917;2024-03-22;Sales;0,16;0,84;C0394;M;49;true;0;14;P052;shoe;149,74;0,2;124,78;24,96;0;149,74;149,74;Nike;Limited Edition;Max;30;Deep Purple;true
V000651;L0000810;2024-05-23;18:11;S02;Discount;Peripherie;289;9h/20h;open 5/7;67;E0010;2189;2023-11-12;Sales;0,18;0,82;C0151;F;50;false;0;0;P074;shoe;138,73;0,2;115,61;23,12;0;138,73;138,73;Puma;Limited Edition;Zoom;36;Classic Grey;false
V000652;L0000811;2024-08-07;11:41;S02;Discount;Peripherie;289;9h/20h;open 5/7;67;E0014;2449;2024-05-13;Support;0,07;0,93;C0171;M;36;true;0;14;P052;shoe;149,74;0,2;124,78;24,96;0;149,74;149,74;Nike;Limited Edition;Max;30;Deep Purple;true
V000653;L0000812;2024-07-30;10:49;S06;Discount;Centre-ville;131;9h/18h;open 5/7;26;E0040;2438;2015-03-10;Sales;0,09;0,91;C0240;M;35;false;0;0;P053;shoe;132,62;0,2;110,52;22,1;0;132,62;138,59;Nike;Limited Edition;Zoom;38;Deep Blue;false
V000654;L0000813;2024-02-19;12:34;S03;Discount;Peripherie;222;9h/18h;open 5/7;51;E0020;3242;2015-11-25;Sales;0,03;0,97;C0396;F;27;false;0;0;P046;shoe;116,57;0,2;97,14;19,43;0;116,57;116,57;Asics;Trail;Flex;32;Classic Grey;false
V000655;L0000814;2024-10-12;11:25;S04;Standard;Centre-ville;95;9h/20h;open 6/7;16;E0024;3374;2014-08-24;Sales;0,02;0,98;C0254;M;40;true;0;3;P079;shoe;37,04;0,2;30,87;6,17;0;37,04;37,04;New Balance;Basketball;Flex;32;Deep Blue;true
V000656;L0000815;2024-12-05;14:53;S02;Discount;Peripherie;289;9h/20h;open 5/7;67;E0011;1917;2024-03-22;Sales;0,16;0,84;C0388;F;16;true;0;21;P062;shoe;129,25;0,2;107,71;21,54;0;129,25;136,56;Nike;Limited Edition;Air;42;White;false
V000656;L0000816;2024-12-05;14:53;S02;Discount;Peripherie;289;9h/20h;open 5/7;67;E0011;1917;2024-03-22;Sales;0,16;0,84;C0388;F;16;true;0;21;P018;shoe;82,16;0,2;68,47;13,69;0;82,16;82,16;Nike;Casual;Air;42;Red Blood;true
V000657;L0000817;2024-05-30;13:46;S03;Discount;Peripherie;222;9h/18h;open 5/7;51;E0017;2560;2012-12-22;Support;0,1;0,9;C0096;F;31;true;0;8;P009;shoe;83,11;0,2;69,26;13,85;0;83,11;101,8;Asics;Trail;Flex;40;Red Blood;false
V000658;L0000818;2024-07-10;09:39;S02;Discount;Peripherie;289;9h/20h;open 5/7;67;E0014;2449;2024-05-13;Support;0,07;0,93;C0236;F;40;true;0;12;P019;shoe;123,09;0,2;102,58;20,51;0;123,09;123,09;Asics;Casual;Zoom;37;Deep Purple;false
V000659;L0000819;2024-04-29;17:30;S06;Discount;Centre-ville;131;9h/18h;open 5/7;26;E0040;2438;2015-03-10;Sales;0,09;0,91;C0261;M;43;true;0;15;P052;shoe;151,61;0,2;126,34;25,27;0;151,61;151,61;Nike;Limited Edition;Max;30;Deep Purple;true
V000660;L0000820;2024-03-26;16:55;S08;Discount;Peripherie;305;9h/19h;open 5/7;71;E0048;2463;2018-07-09;Sales;0,07;0,93;C0037;M;16;true;0;12;P069;shoe;128,37;0,2;106,98;21,39;0;128,37;128,37;Jordans;Limited Edition;Zoom;33;Deep Blue;false
V000661;L0000821;2024-08-30;13:57;S03;Discount;Peripherie;222;9h/18h;open 5/7;51;E0020;3242;2015-11-25;Sales;0,03;0,97;C0136;F;31;true;0;14;P026;shoe;142,69;0,2;118,91;23,78;0;142,69;142,69;Asics;Running;Air;43;Gold;true
V000662;L0000822;2024-04-11;17:41;S07;Standard;Centre-ville;95;9h/19h;open 5/7;18;E0044;1980;2020-02-22;Sales;0,11;0,89;C0167;M;28;true;0;15;P076;shoe;154;0,2;128,33;25,67;0;154;154;Asics;Trail;Air;35;Premium Black;false
V000663;L0000823;2024-06-24;18:39;S08;Discount;Peripherie;305;9h/19h;open 5/7;71;E0052;2362;2009-01-13;Sales;0,27;0,73;C0277;M;43;false;0;0;P003;shoe;139;0,2;115,83;23,17;0;139;139;New Balance;Limited Edition;Max;40;Electric Blue;false
V000664;L0000824;2024-05-15;14:16;S06;Discount;Centre-ville;131;9h/18h;open 5/7;26;E0039;2587;2014-08-05;Sales;0,09;0,91;C0357;F;16;true;0;10;P088;shoe;108,02;0,2;90,02;18;0;108,02;108,02;Adidas;Running;Zoom;36;Black;true
V000665;L0000825;2024-05-07;13:07;S05;Discount;Peripherie;271;9h/19h;open 6/7;64;E0033;2055;2019-07-02;Sales;0,11;0,89;C0020;F;35;true;0;13;P053;shoe;137,47;0,2;114,56;22,91;0;137,47;137,47;Nike;Limited Edition;Zoom;38;Deep Blue;false
V000666;L0000826;2024-06-10;10:48;S04;Standard;Centre-ville;95;9h/20h;open 6/7;16;E0026;2442;2016-11-14;Sales;0,11;0,89;C0072;M;41;true;0;10;P029;shoe;77,42;0,2;64,52;12,9;0;77,42;77,42;Adidas;Basketball;Zoom;45;Brown Bear;false
V000666;L0000827;2024-06-10;10:48;S04;Standard;Centre-ville;95;9h/20h;open 6/7;16;E0026;2442;2016-11-14;Sales;0,11;0,89;C0072;M;41;true;0;10;A008;accessory;24,5;0,2;20,42;4,08;0;24,5;24,5;Accessoire;Bonnet;Bonnet;XS;White;false
V000667;L0000828;2024-03-04;10:48;S08;Discount;Peripherie;305;9h/19h;open 5/7;71;E0051;2396;2019-11-14;Sales;0,14;0,86;C0205;M;27;false;0;0;P071;shoe;90,13;0,2;75,11;15,02;0;90,13;90,13;Reebok;Casual;Elite;32;Brown Bear;false
V000668;L0000829;2024-10-24;16:41;S02;Discount;Peripherie;289;9h/20h;open 5/7;67;E0014;2449;2024-05-13;Support;0,07;0,93;C0078;F;41;true;0;23;P006;shoe;153,5;0,2;127,92;25,58;0;153,5;153,5;Asics;Limited Edition;Air;36;Pink;false
V000668;L0000830;2024-10-24;16:41;S02;Discount;Peripherie;289;9h/20h;open 5/7;67;E0014;2449;2024-05-13;Support;0,07;0,93;C0078;F;41;true;0;23;P025;shoe;80,07;0,2;66,72;13,35;0;80,07;80,07;Asics;Trail;Flex;36;Sunny Yellow;false
V000669;L0000831;2024-01-16;14:09;S05;Discount;Peripherie;271;9h/19h;open 6/7;64;E0032;2701;2008-11-13;Sales;0,25;0,75;C0171;M;36;true;0;8;P034;shoe;88,7;0,2;73,92;14,78;0;88,7;88,7;Jordans;Running;Zoom;38;Deep Purple;false
V000670;L0000832;2024-05-29;14:20;S05;Discount;Peripherie;271;9h/19h;open 6/7;64;E0034;2989;2019-04-19;Sales;0,08;0,92;C0105;F;39;true;0;8;P018;shoe;82,47;0,2;68,73;13,74;0;82,47;82,47;Nike;Casual;Air;42;Red Blood;true
V000671;L0000833;2024-08-15;09:19;S07;Standard;Centre-ville;95;9h/19h;open 5/7;18;E0043;2926;2014-01-15;Sales;0,03;0,97;C0243;F;42;true;0;31;P003;shoe;200;0,2;166,67;33,33;0;200;200;New Balance;Limited Edition;Max;40;Electric Blue;false
V000671;L0000834;2024-08-15;09:19;S07;Standard;Centre-ville;95;9h/19h;open 5/7;18;E0043;2926;2014-01-15;Sales;0,03;0,97;C0243;F;42;true;0;31;P017;shoe;110;0,2;91,67;18,33;0;110;110;New Balance;Trail;Zoom;40;Classic Grey;false
V000672;L0000835;2024-04-19;18:20;S08;Discount;Peripherie;305;9h/19h;open 5/7;71;E0050;2303;2014-09-25;Support;0,29;0,71;C0297;F;31;false;0;0;P079;shoe;70,06;0,2;58,38;11,68;0;70,06;70,06;New Balance;Basketball;Flex;32;Deep Blue;true
V000673;L0000836;2024-07-31;11:44;S05;Discount;Peripherie;271;9h/19h;open 6/7;64;E0033;2055;2019-07-02;Sales;0,11;0,89;C0305;F;36;false;0;0;P051;shoe;66,04;0,2;55,03;11,01;0;66,04;80,36;Jordans;Trail;Elite;31;Sunny Yellow;false
V000674;L0000837;2024-10-10;17:34;S07;Standard;Centre-ville;95;9h/19h;open 5/7;18;E0043;2926;2014-01-15;Sales;0,03;0,97;C0110;M;36;true;0;20;P026;shoe;204,12;0,2;170,1;34,02;0;204,12;204,12;Asics;Running;Air;43;Gold;true
V000675;L0000838;2024-10-24;12:13;S08;Discount;Peripherie;305;9h/19h;open 5/7;71;E0052;2362;2009-01-13;Sales;0,27;0,73;C0333;M;48;false;0;0;P061;shoe;100,75;0,2;83,96;16,79;0;100,75;100,75;Reebok;Casual;Pro;41;White;false
V000676;L0000839;2024-09-16;12:36;S08;Discount;Peripherie;305;9h/19h;open 5/7;71;E0054;2726;2017-12-28;Sales;0,09;0,91;C0038;M;16;true;0;13;P069;shoe;128,37;0,2;106,98;21,39;0;128,37;128,37;Jordans;Limited Edition;Zoom;33;Deep Blue;false
V000676;L0000840;2024-09-16;12:36;S08;Discount;Peripherie;305;9h/19h;open 5/7;71;E0054;2726;2017-12-28;Sales;0,09;0,91;C0038;M;16;true;0;13;A004;accessory;8,72;0,2;7,27;1,45;0;8,72;8,72;Accessoire;Bonnet;Bonnet;XS;Black;false
V000677;L0000841;2024-06-14;18:06;S04;Standard;Centre-ville;95;9h/20h;open 6/7;16;E0024;3374;2014-08-24;Sales;0,02;0,98;C0076;M;28;true;145;18;P003;shoe;181,5;0,2;151,25;30,25;14,5;196;196;New Balance;Limited Edition;Max;40;Electric Blue;false
V000678;L0000842;2024-04-05;10:49;S03;Discount;Peripherie;222;9h/18h;open 5/7;51;E0020;3242;2015-11-25;Sales;0,03;0,97;C0191;F;32;true;177;13;P006;shoe;135,8;0,2;113,17;22,63;17,7;153,5;153,5;Asics;Limited Edition;Air;36;Pink;false
V000679;L0000843;2024-11-21;13:38;S05;Discount;Peripherie;271;9h/19h;open 6/7;64;E0034;2989;2019-04-19;Sales;0,08;0,92;C0353;F;46;true;0;15;P052;shoe;150,78;0,2;125,65;25,13;0;150,78;150,78;Nike;Limited Edition;Max;30;Deep Purple;true
V000680;L0000844;2024-08-26;11:48;S07;Standard;Centre-ville;95;9h/19h;open 5/7;18;E0043;2926;2014-01-15;Sales;0,03;0,97;C0082;F;44;false;0;0;P001;shoe;150,12;0,2;125,1;25,02;0;150,12;150,12;New Balance;Training;Max;41;Electric Blue;true
V000680;L0000845;2024-08-26;11:48;S07;Standard;Centre-ville;95;9h/19h;open 5/7;18;E0043;2926;2014-01-15;Sales;0,03;0,97;C0082;F;44;false;0;0;P022;shoe;79;0,2;65,83;13,17;0;79;79;New Balance;Running;Pro;41;Deep Blue;false
V000681;L0000846;2024-12-19;10:45;S07;Standard;Centre-ville;95;9h/19h;open 5/7;18;E0045;2224;2018-01-08;Sales;0,15;0,85;C0101;M;36;false;0;0;P076;shoe;154;0,2;128,33;25,67;0;154;154;Asics;Trail;Air;35;Premium Black;false
V000682;L0000847;2024-07-24;09:13;S03;Discount;Peripherie;222;9h/18h;open 5/7;51;E0019;1959;2021-03-27;Support;0,17;0,83;C0039;M;44;false;0;0;P010;shoe;79,55;0,2;66,29;13,26;0;79,55;90,94;Asics;Training;Air;33;Brown Bear;false
V000682;L0000848;2024-07-24;09:13;S03;Discount;Peripherie;222;9h/18h;open 5/7;51;E0019;1959;2021-03-27;Support;0,17;0,83;C0039;M;44;false;0;0;A008;accessory;18,95;0,2;15,79;3,16;0;18,95;22,29;Accessoire;Bonnet;Bonnet;XS;White;false
V000683;L0000849;2024-02-17;15:55;S05;Discount;Peripherie;271;9h/19h;open 6/7;64;E0032;2701;2008-11-13;Sales;0,25;0,75;C0192;M;47;true;0;8;P005;shoe;82,61;0,2;68,84;13,77;0;82,61;100,13;Nike;Casual;Max;33;Premium Black;false
V000684;L0000850;2024-09-09;15:30;S05;Discount;Peripherie;271;9h/19h;open 6/7;64;E0027;2218;2019-03-23;Sales;0,11;0,89;C0325;F;29;true;0;10;P033;shoe;77,72;0,2;64,77;12,95;0;77,72;77,72;Jordans;Running;Max;31;Red Blood;false
V000684;L0000851;2024-09-09;15:30;S05;Discount;Peripherie;271;9h/19h;open 6/7;64;E0027;2218;2019-03-23;Sales;0,11;0,89;C0325;F;29;true;0;10;A005;accessory;22,54;0,2;18,78;3,76;0;22,54;22,54;Accessoire;Bonnet;Bonnet;M;Deep Blue;false
V000685;L0000852;2024-01-19;15:08;S04;Standard;Centre-ville;95;9h/20h;open 6/7;16;E0024;3374;2014-08-24;Sales;0,02;0,98;C0330;M;38;true;0;11;P088;shoe;116,42;0,2;97,02;19,4;0;116,42;116,42;Adidas;Running;Zoom;36;Black;true
V000686;L0000853;2024-06-26;09:57;S08;Discount;Peripherie;305;9h/19h;open 5/7;71;E0054;2726;2017-12-28;Sales;0,09;0,91;C0333;M;48;false;0;0;P056;shoe;121,57;0,2;101,31;20,26;0;121,57;121,57;Reebok;Basketball;Elite;45;Black;false
V000687;L0000854;2024-12-10;10:59;S06;Discount;Centre-ville;131;9h/18h;open 5/7;26;E0039;2587;2014-08-05;Sales;0,09;0,91;C0335;F;27;true;0;7;P014;shoe;71,33;0,2;59,44;11,89;0;71,33;82,77;Adidas;Basketball;Flex;30;Brown Bear;false
V000688;L0000855;2024-10-09;11:19;S08;Discount;Peripherie;305;9h/19h;open 5/7;71;E0052;2362;2009-01-13;Sales;0,27;0,73;C0217;M;53;false;0;0;P055;shoe;113,5;0,2;94,58;18,92;0;113,5;113,5;Reebok;Training;Zoom;31;Gold;false
V000689;L0000856;2024-02-20;17:15;S05;Discount;Peripherie;271;9h/19h;open 6/7;64;E0033;2055;2019-07-02;Sales;0,11;0,89;C0234;F;26;false;0;0;P070;shoe;115,06;0,2;95,88;19,18;0;115,06;115,06;Adidas;Casual;Pro;40;Deep Purple;false
V000690;L0000857;2024-11-05;10:52;S08;Discount;Peripherie;305;9h/19h;open 5/7;71;E0054;2726;2017-12-28;Sales;0,09;0,91;C0119;F;32;true;114;13;P006;shoe;139,92;0,2;116,6;23,32;11,4;151,32;151,32;Asics;Limited Edition;Air;36;Pink;false
V000691;L0000858;2024-02-03;12:45;S05;Discount;Peripherie;271;9h/19h;open 6/7;64;E0033;2055;2019-07-02;Sales;0,11;0,89;C0232;M;50;false;0;0;P062;shoe;137,47;0,2;114,56;22,91;0;137,47;137,47;Nike;Limited Edition;Air;42;White;false
V000691;L0000859;2024-02-03;12:45;S05;Discount;Peripherie;271;9h/19h;open 6/7;64;E0033;2055;2019-07-02;Sales;0,11;0,89;C0232;M;50;false;0;0;P018;shoe;82,47;0,2;68,73;13,74;0;82,47;82,47;Nike;Casual;Air;42;Red Blood;true
V000691;L0000860;2024-02-03;12:45;S05;Discount;Peripherie;271;9h/19h;open 6/7;64;E0033;2055;2019-07-02;Sales;0,11;0,89;C0232;M;50;false;0;0;A002;accessory;22,54;0,2;18,78;3,76;0;22,54;22,54;Accessoire;Lacets;Lacets;M;White;false
V000691;L0000861;2024-02-03;12:45;S05;Discount;Peripherie;271;9h/19h;open 6/7;64;E0033;2055;2019-07-02;Sales;0,11;0,89;C0232;M;50;false;0;0;A008;accessory;22,54;0,2;18,78;3,76;0;22,54;22,54;Accessoire;Bonnet;Bonnet;XS;White;false
V000692;L0000862;2024-06-05;16:02;S05;Discount;Peripherie;271;9h/19h;open 6/7;64;E0031;2900;2015-02-28;Manager;0,06;0,94;C0291;M;37;true;0;13;P047;shoe;132,28;0,2;110,23;22,05;0;132,28;132,28;Jordans;Trail;Air;37;Premium Black;true
V000693;L0000863;2024-06-04;11:00;S08;Discount;Peripherie;305;9h/19h;open 5/7;71;E0048;2463;2018-07-09;Sales;0,07;0,93;C0262;F;45;true;0;12;P015;shoe;121,57;0,2;101,31;20,26;0;121,57;121,57;Asics;Training;Air;45;Deep Purple;false
V000694;L0000864;2024-12-24;09:12;S08;Discount;Peripherie;305;9h/19h;open 5/7;71;E0053;2046;2020-08-26;Manager;0,14;0,86;C0215;M;26;true;0;12;P021;shoe;123,69;0,2;103,08;20,61;0;123,69;123,69;Reebok;Casual;Air;32;Gold;false
V000695;L0000865;2024-03-05;16:45;S08;Discount;Peripherie;305;9h/19h;open 5/7;71;E0054;2726;2017-12-28;Sales;0,09;0,91;C0229;M;43;false;0;0;P073;shoe;172,88;0,2;144,07;28,81;0;172,88;172,88;Reebok;Limited Edition;Elite;39;Deep Blue;true
V000695;L0000866;2024-03-05;16:45;S08;Discount;Peripherie;305;9h/19h;open 5/7;71;E0054;2726;2017-12-28;Sales;0,09;0,91;C0229;M;43;false;0;0;A005;accessory;21,8;0,2;18,17;3,63;0;21,8;21,8;Accessoire;Bonnet;Bonnet;M;Deep Blue;false
V000696;L0000867;2024-06-29;10:57;S05;Discount;Peripherie;271;9h/19h;open 6/7;64;E0027;2218;2019-03-23;Sales;0,11;0,89;C0119;F;32;true;0;13;P047;shoe;132,28;0,2;110,23;22,05;0;132,28;132,28;Jordans;Trail;Air;37;Premium Black;true
V000697;L0000868;2024-02-20;13:33;S08;Discount;Peripherie;305;9h/19h;open 5/7;71;E0047;2787;2013-12-27;Manager;0,11;0,89;C0136;F;31;true;0;9;P085;shoe;95,71;0,2;79,76;15,95;0;95,71;100,75;Asics;Casual;Pro;39;White;false
V000698;L0000869;2024-09-02;14:24;S02;Discount;Peripherie;289;9h/20h;open 5/7;67;E0009;2331;2024-04-14;Sales;0,08;0,92;C0031;M;30;true;0;13;P053;shoe;136,56;0,2;113,8;22,76;0;136,56;136,56;Nike;Limited Edition;Zoom;38;Deep Blue;false
V000699;L0000870;2024-11-27;10:30;S08;Discount;Peripherie;305;9h/19h;open 5/7;71;E0050;2303;2014-09-25;Support;0,29;0,71;C0374;F;16;true;0;14;P043;shoe;115,19;0,2;95,99;19,2;0;115,19;115,19;Adidas;Running;Max;32;Pink;false
V000699;L0000871;2024-11-27;10:30;S08;Discount;Peripherie;305;9h/19h;open 5/7;71;E0050;2303;2014-09-25;Support;0,29;0,71;C0374;F;16;true;0;14;A003;accessory;30,53;0,2;25,44;5,09;0;30,53;30,53;Accessoire;Tee-shirt;Tee-shirt;S;White;false
V000700;L0000872;2024-12-31;17:59;S05;Discount;Peripherie;271;9h/19h;open 6/7;64;E0035;2349;2010-01-14;Sales;0,22;0,78;C0407;M;29;true;0;8;P044;shoe;80,36;0,2;66,97;13,39;0;80,36;80,36;Nike;Basketball;Flex;32;Pink;false
V000701;L0000873;2024-09-13;17:46;S03;Discount;Peripherie;222;9h/18h;open 5/7;51;E0017;2560;2012-12-22;Support;0,1;0,9;C0195;M;34;true;0;10;P009;shoe;101,8;0,2;84,83;16,97;0;101,8;101,8;Asics;Trail;Flex;40;Red Blood;false
V000702;L0000874;2024-03-28;14:26;S03;Discount;Peripherie;222;9h/18h;open 5/7;51;E0020;3242;2015-11-25;Sales;0,03;0,97;C0054;F;22;true;0;8;P018;shoe;82,16;0,2;68,47;13,69;0;82,16;82,16;Nike;Casual;Air;42;Red Blood;true
V000703;L0000875;2024-01-09;14:08;S08;Discount;Peripherie;305;9h/19h;open 5/7;71;E0054;2726;2017-12-28;Sales;0,09;0,91;C0274;M;25;true;0;10;P076;shoe;103,83;0,2;86,53;17,3;0;103,83;119,44;Asics;Trail;Air;35;Premium Black;false
V000704;L0000876;2024-06-29;17:00;S04;Standard;Centre-ville;95;9h/20h;open 6/7;16;E0023;2557;2016-03-21;Sales;0,07;0,93;C0356;F;22;true;0;16;P001;shoe;141,24;0,2;117,7;23,54;0;141,24;147,12;New Balance;Training;Max;41;Electric Blue;true
V000704;L0000877;2024-06-29;17:00;S04;Standard;Centre-ville;95;9h/20h;open 6/7;16;E0023;2557;2016-03-21;Sales;0,07;0,93;C0356;F;22;true;0;16;A008;accessory;24,5;0,2;20,42;4,08;0;24,5;24,5;Accessoire;Bonnet;Bonnet;XS;White;false
V000705;L0000878;2024-06-03;12:23;S02;Discount;Peripherie;289;9h/20h;open 5/7;67;E0010;2189;2023-11-12;Sales;0,18;0,82;C0286;M;25;true;0;8;P060;shoe;80,07;0,2;66,72;13,35;0;80,07;80,07;Puma;Casual;Flex;44;Deep Blue;false
V000706;L0000879;2024-12-25;10:16;S04;Standard;Centre-ville;95;9h/20h;open 6/7;16;E0026;2442;2016-11-14;Sales;0,11;0,89;C0078;F;41;true;0;27;P073;shoe;274,13;0,2;228,44;45,69;0;274,13;274,13;Reebok;Limited Edition;Elite;39;Deep Blue;true
V000707;L0000880;2024-12-12;11:28;S05;Discount;Peripherie;271;9h/19h;open 6/7;64;E0033;2055;2019-07-02;Sales;0,11;0,89;C0241;M;34;true;0;11;P069;shoe;115,05;0,2;95,88;19,17;0;115,05;130,88;Jordans;Limited Edition;Zoom;33;Deep Blue;false
V000708;L0000881;2024-11-13;13:07;S08;Discount;Peripherie;305;9h/19h;open 5/7;71;E0048;2463;2018-07-09;Sales;0,07;0,93;C0167;M;28;true;0;11;P046;shoe;115,19;0,2;95,99;19,2;0;115,19;115,19;Asics;Trail;Flex;32;Classic Grey;false
V000709;L0000882;2024-05-13;17:31;S02;Discount;Peripherie;289;9h/20h;open 5/7;67;E0010;2189;2023-11-12;Sales;0,18;0,82;C0232;M;50;false;0;0;P040;shoe;80,07;0,2;66,72;13,35;0;80,07;80,07;Nike;Trail;Zoom;44;Black;false
V000710;L0000883;2024-02-28;16:45;S05;Discount;Peripherie;271;9h/19h;open 6/7;64;E0033;2055;2019-07-02;Sales;0,11;0,89;C0098;M;32;true;180;7;P081;shoe;72,3;0,2;60,25;12,05;18;90,3;112,87;Adidas;Basketball;Max;32;Black;false
V000711;L0000884;2024-08-28;09:46;S08;Discount;Peripherie;305;9h/19h;open 5/7;71;E0054;2726;2017-12-28;Sales;0,09;0,91;C0072;M;41;true;253;8;P001;shoe;88,42;0,2;73,68;14,74;25,3;113,72;117,8;New Balance;Training;Max;41;Electric Blue;true
V000712;L0000885;2024-12-25;13:15;S04;Standard;Centre-ville;95;9h/20h;open 6/7;16;E0026;2442;2016-11-14;Sales;0,11;0,89;C0361;F;25;true;0;28;P073;shoe;274,13;0,2;228,44;45,69;0;274,13;274,13;Reebok;Limited Edition;Elite;39;Deep Blue;true
V000712;L0000886;2024-12-25;13:15;S04;Standard;Centre-ville;95;9h/20h;open 6/7;16;E0026;2442;2016-11-14;Sales;0,11;0,89;C0361;F;25;true;0;28;A004;accessory;9,8;0,2;8,17;1,63;0;9,8;9,8;Accessoire;Bonnet;Bonnet;XS;Black;false
V000713;L0000887;2024-11-21;15:37;S06;Discount;Centre-ville;131;9h/18h;open 5/7;26;E0037;2317;2019-10-08;Manager;0,17;0,83;C0100;M;30;true;0;13;P031;shoe;132,15;0,2;110,13;22,02;0;132,15;132,15;Puma;Limited Edition;Elite;32;Black;false
V000714;L0000888;2024-04-17;15:57;S05;Discount;Peripherie;271;9h/19h;open 6/7;64;E0030;2758;2008-04-16;Support;0,29;0,71;C0363;M;27;true;0;13;P047;shoe;132,28;0,2;110,23;22,05;0;132,28;132,28;Jordans;Trail;Air;37;Premium Black;true
V000715;L0000889;2024-09-04;15:15;S03;Discount;Peripherie;222;9h/18h;open 5/7;51;E0018;2742;2004-10-20;Sales;0,2;0,8;C0330;M;38;true;0;14;P088;shoe;105,62;0,2;88,02;17,6;0;105,62;105,62;Adidas;Running;Zoom;36;Black;true
V000715;L0000890;2024-09-04;15:15;S03;Discount;Peripherie;222;9h/18h;open 5/7;51;E0018;2742;2004-10-20;Sales;0,2;0,8;C0330;M;38;true;0;14;A006;accessory;35,67;0,2;29,73;5,94;0;35,67;35,67;Accessoire;Sac de sport;Sac de sport;XS;Black;false
V000716;L0000891;2024-03-08;12:36;S08;Discount;Peripherie;305;9h/19h;open 5/7;71;E0051;2396;2019-11-14;Sales;0,14;0,86;C0037;M;16;true;0;9;P088;shoe;96,25;0,2;80,21;16,04;0;96,25;104,48;Adidas;Running;Zoom;36;Black;true
V000717;L0000892;2024-12-30;11:35;S03;Discount;Peripherie;222;9h/18h;open 5/7;51;E0015;2776;2012-04-21;Support;0,11;0,89;C0056;F;38;true;0;14;P052;shoe;149,74;0,2;124,78;24,96;0;149,74;149,74;Nike;Limited Edition;Max;30;Deep Purple;true
V000718;L0000893;2024-02-26;15:12;S03;Discount;Peripherie;222;9h/18h;open 5/7;51;E0016;1986;2021-11-26;Manager;0,14;0,86;C0052;F;19;true;0;9;P010;shoe;90,94;0,2;75,78;15,16;0;90,94;90,94;Asics;Training;Air;33;Brown Bear;false
V000719;L0000894;2024-11-06;10:22;S03;Discount;Peripherie;222;9h/18h;open 5/7;51;E0019;1959;2021-03-27;Support;0,17;0,83;C0273;M;47;true;0;11;P070;shoe;110,08;0,2;91,73;18,35;0;110,08;114,4;Adidas;Casual;Pro;40;Deep Purple;false
V000720;L0000895;2024-04-24;12:07;S03;Discount;Peripherie;222;9h/18h;open 5/7;51;E0019;1959;2021-03-27;Support;0,17;0,83;C0383;F;20;true;0;9;P063;shoe;91,08;0,2;75,9;15,18;0;91,08;91,08;Nike;Casual;Max;40;Pink;true
V000721;L0000896;2024-04-05;13:29;S04;Standard;Centre-ville;95;9h/20h;open 6/7;16;E0024;3374;2014-08-24;Sales;0,02;0,98;C0200;M;54;true;0;19;P003;shoe;196;0,2;163,33;32,67;0;196;196;New Balance;Limited Edition;Max;40;Electric Blue;false
V000722;L0000897;2024-01-01;18:45;S08;Discount;Peripherie;305;9h/19h;open 5/7;71;E0052;2362;2009-01-13;Sales;0,27;0,73;C0321;F;33;true;0;9;P059;shoe;90,13;0,2;75,11;15,02;0;90,13;90,13;Reebok;Running;Elite;43;Black;false
V000723;L0000898;2024-05-11;12:05;S05;Discount;Peripherie;271;9h/19h;open 6/7;64;E0032;2701;2008-11-13;Sales;0,25;0,75;C0330;M;38;true;0;13;P069;shoe;130,88;0,2;109,07;21,81;0;130,88;130,88;Jordans;Limited Edition;Zoom;33;Deep Blue;false
V000724;L0000899;2024-06-20;18:10;S07;Standard;Centre-ville;95;9h/19h;open 5/7;18;E0044;1980;2020-02-22;Sales;0,11;0,89;C0275;M;16;true;0;11;P009;shoe;110;0,2;91,67;18,33;0;110;110;Asics;Trail;Flex;40;Red Blood;false
V000725;L0000900;2024-12-25;12:31;S02;Discount;Peripherie;289;9h/20h;open 5/7;67;E0009;2331;2024-04-14;Sales;0,08;0,92;C0171;M;36;true;0;23;P058;shoe;127,44;0,2;106,2;21,24;0;127,44;127,44;Asics;Basketball;Air;45;Pink;false
V000725;L0000901;2024-12-25;12:31;S02;Discount;Peripherie;289;9h/20h;open 5/7;67;E0009;2331;2024-04-14;Sales;0,08;0,92;C0171;M;36;true;0;23;P015;shoe;110,86;0,2;92,38;18,48;0;110,86;123,09;Asics;Training;Air;45;Deep Purple;false
V000726;L0000902;2024-02-05;11:13;S01;Premium;Centre-ville;81;9h/18h;open 5/7;11;E0005;2812;2014-07-24;Sales;0,07;0,93;C0081;F;16;false;0;0;P059;shoe;90,1;0,2;75,08;15,02;0;90,1;90,1;Reebok;Running;Elite;43;Black;false
V000727;L0000903;2024-11-09;18:23;S04;Standard;Centre-ville;95;9h/20h;open 6/7;16;E0022;903;2023-08-09;Apprentice;0,21;0,79;C0370;M;38;true;0;10;P017;shoe;107,8;0,2;89,83;17,97;0;107,8;107,8;New Balance;Trail;Zoom;40;Classic Grey;false
V000728;L0000904;2024-12-21;09:53;S05;Discount;Peripherie;271;9h/19h;open 6/7;64;E0028;2394;2021-02-14;Sales;0,15;0,85;C0065;M;16;false;0;0;P047;shoe;132,28;0,2;110,23;22,05;0;132,28;132,28;Jordans;Trail;Air;37;Premium Black;true
V000729;L0000905;2024-07-17;09:02;S08;Discount;Peripherie;305;9h/19h;open 5/7;71;E0048;2463;2018-07-09;Sales;0,07;0,93;C0098;M;32;true;0;9;P043;shoe;92,15;0,2;76,79;15,36;0;92,15;115,19;Adidas;Running;Max;32;Pink;false
V000730;L0000906;2024-08-28;17:02;S04;Standard;Centre-ville;95;9h/20h;open 6/7;16;E0025;2018;2019-10-07;Sales;0,15;0,85;C0393;F;47;false;0;0;P024;shoe;142,1;0,2;118,42;23,68;0;142,1;142,1;New Balance;Trail;Max;38;Electric Blue;false
V000731;L0000907;2024-06-11;10:03;S08;Discount;Peripherie;305;9h/19h;open 5/7;71;E0050;2303;2014-09-25;Support;0,29;0,71;C0127;F;26;true;0;15;P021;shoe;123,69;0,2;103,08;20,61;0;123,69;123,69;Reebok;Casual;Air;32;Gold;false
V000731;L0000908;2024-06-11;10:03;S08;Discount;Peripherie;305;9h/19h;open 5/7;71;E0050;2303;2014-09-25;Support;0,29;0,71;C0127;F;26;true;0;15;A009;accessory;13,95;0,2;11,63;2,32;0;13,95;17,44;Accessoire;Lacets;Lacets;L;Classic Grey;false
V000731;L0000909;2024-06-11;10:03;S08;Discount;Peripherie;305;9h/19h;open 5/7;71;E0050;2303;2014-09-25;Support;0,29;0,71;C0127;F;26;true;0;15;A012;accessory;17,44;0,2;14,53;2,91;0;17,44;17,44;Accessoire;Lacets;Lacets;XL;White;false
V000732;L0000910;2024-07-06;15:44;S05;Discount;Peripherie;271;9h/19h;open 6/7;64;E0031;2900;2015-02-28;Manager;0,06;0,94;C0120;M;58;true;0;21;P018;shoe;82,47;0,2;68,73;13,74;0;82,47;82,47;Nike;Casual;Air;42;Red Blood;true
V000732;L0000911;2024-07-06;15:44;S05;Discount;Peripherie;271;9h/19h;open 6/7;64;E0031;2900;2015-02-28;Manager;0,06;0,94;C0120;M;58;true;0;21;P062;shoe;137,47;0,2;114,56;22,91;0;137,47;137,47;Nike;Limited Edition;Air;42;White;false
V000733;L0000912;2024-10-07;13:28;S06;Discount;Centre-ville;131;9h/18h;open 5/7;26;E0040;2438;2015-03-10;Sales;0,09;0,91;C0048;M;32;true;0;19;P060;shoe;65,7;0,2;54,75;10,95;0;65,7;82,77;Puma;Casual;Flex;44;Deep Blue;false
V000733;L0000913;2024-10-07;13:28;S06;Discount;Centre-ville;131;9h/18h;open 5/7;26;E0040;2438;2015-03-10;Sales;0,09;0,91;C0048;M;32;true;0;19;P016;shoe;129,57;0,2;107,97;21,6;0;129,57;129,57;Puma;Basketball;Flex;44;Brown Bear;false
V000734;L0000914;2024-07-09;10:18;S01;Premium;Centre-ville;81;9h/18h;open 5/7;11;E0005;2812;2014-07-24;Sales;0,07;0,93;C0242;F;34;true;0;33;P073;shoe;296,5;0,2;247,08;49,42;0;296,5;296,5;Reebok;Limited Edition;Elite;39;Deep Blue;true
V000734;L0000915;2024-07-09;10:18;S01;Premium;Centre-ville;81;9h/18h;open 5/7;11;E0005;2812;2014-07-24;Sales;0,07;0,93;C0242;F;34;true;0;33;A007;accessory;37,1;0,2;30,92;6,18;0;37,1;37,1;Accessoire;Casquette;Casquette;M;Deep Blue;false
V000735;L0000916;2024-06-06;16:06;S05;Discount;Peripherie;271;9h/19h;open 6/7;64;E0028;2394;2021-02-14;Sales;0,15;0,85;C0103;M;45;true;0;13;P053;shoe;137,47;0,2;114,56;22,91;0;137,47;137,47;Nike;Limited Edition;Zoom;38;Deep Blue;false
V000736;L0000917;2024-09-21;15:18;S05;Discount;Peripherie;271;9h/19h;open 6/7;64;E0028;2394;2021-02-14;Sales;0,15;0,85;C0233;M;20;true;240;5;P005;shoe;56,1;0,2;46,75;9,35;24;80,1;100,13;Nike;Casual;Max;33;Premium Black;false
V000737;L0000918;2024-02-07;15:50;S03;Discount;Peripherie;222;9h/18h;open 5/7;51;E0020;3242;2015-11-25;Sales;0,03;0,97;C0420;F;28;true;0;14;P026;shoe;142,69;0,2;118,91;23,78;0;142,69;142,69;Asics;Running;Air;43;Gold;true
V000738;L0000919;2024-10-04;10:29;S03;Discount;Peripherie;222;9h/18h;open 5/7;51;E0015;2776;2012-04-21;Support;0,11;0,89;C0043;F;36;true;0;10;P088;shoe;105,62;0,2;88,02;17,6;0;105,62;105,62;Adidas;Running;Zoom;36;Black;true
V000739;L0000920;2024-05-09;14:09;S02;Discount;Peripherie;289;9h/20h;open 5/7;67;E0011;1917;2024-03-22;Sales;0,16;0,84;C0371;F;19;true;0;14;P026;shoe;142,69;0,2;118,91;23,78;0;142,69;142,69;Asics;Running;Air;43;Gold;true
V000740;L0000921;2024-01-12;11:00;S03;Discount;Peripherie;222;9h/18h;open 5/7;51;E0015;2776;2012-04-21;Support;0,11;0,89;C0042;M;29;true;0;8;P040;shoe;80,07;0,2;66,72;13,35;0;80,07;80,07;Nike;Trail;Zoom;44;Black;false
V000741;L0000922;2024-03-23;12:24;S05;Discount;Peripherie;271;9h/19h;open 6/7;64;E0034;2989;2019-04-19;Sales;0,08;0,92;C0230;F;49;true;0;12;P086;shoe;126,48;0,2;105,4;21,08;0;126,48;126,48;Adidas;Casual;Zoom;44;Premium Black;false
V000742;L0000923;2024-12-02;13:20;S04;Standard;Centre-ville;95;9h/20h;open 6/7;16;E0025;2018;2019-10-07;Sales;0,15;0,85;C0319;F;33;true;0;8;P071;shoe;83,3;0,2;69,42;13,88;0;83,3;83,3;Reebok;Casual;Elite;32;Brown Bear;false
V000743;L0000924;2024-12-25;13:32;S07;Standard;Centre-ville;95;9h/19h;open 5/7;18;E0042;2118;2019-04-24;Sales;0,1;0,9;C0276;M;22;true;0;25;P080;shoe;220,15;0,2;183,46;36,69;0;220,15;259;New Balance;Limited Edition;Flex;38;Black;false
V000743;L0000925;2024-12-25;13:32;S07;Standard;Centre-ville;95;9h/19h;open 5/7;18;E0042;2118;2019-04-24;Sales;0,1;0,9;C0276;M;22;true;0;25;A007;accessory;35;0,2;29,17;5,83;0;35;35;Accessoire;Casquette;Casquette;M;Deep Blue;false
V000744;L0000926;2024-02-16;12:06;S07;Standard;Centre-ville;95;9h/19h;open 5/7;18;E0041;677;2023-08-14;Apprentice;0,19;0,81;C0420;F;28;true;0;11;P085;shoe;110;0,2;91,67;18,33;0;110;110;Asics;Casual;Pro;39;White;false
V000745;L0000927;2024-08-16;17:35;S02;Discount;Peripherie;289;9h/20h;open 5/7;67;E0014;2449;2024-05-13;Support;0,07;0,93;C0386;F;26;true;0;12;P015;shoe;123,09;0,2;102,58;20,51;0;123,09;123,09;Asics;Training;Air;45;Deep Purple;false
V000746;L0000928;2024-09-17;10:48;S02;Discount;Peripherie;289;9h/20h;open 5/7;67;E0009;2331;2024-04-14;Sales;0,08;0,92;C0324;M;22;true;0;13;P053;shoe;136,56;0,2;113,8;22,76;0;136,56;136,56;Nike;Limited Edition;Zoom;38;Deep Blue;false
V000747;L0000929;2024-11-20;10:02;S06;Discount;Centre-ville;131;9h/18h;open 5/7;26;E0040;2438;2015-03-10;Sales;0,09;0,91;C0347;M;38;false;0;0;P081;shoe;114,55;0,2;95,46;19,09;0;114,55;114,55;Adidas;Basketball;Max;32;Black;false
V000748;L0000930;2024-06-07;17:29;S05;Discount;Peripherie;271;9h/19h;open 6/7;64;E0035;2349;2010-01-14;Sales;0,22;0,78;C0191;F;32;true;0;9;P075;shoe;91,34;0,2;76,12;15,22;0;91,34;91,34;Jordans;Casual;Air;40;Deep Blue;false
V000749;L0000931;2024-12-30;17:37;S03;Discount;Peripherie;222;9h/18h;open 5/7;51;E0015;2776;2012-04-21;Support;0,11;0,89;C0240;M;35;false;0;0;P044;shoe;80,07;0,2;66,72;13,35;0;80,07;80,07;Nike;Basketball;Flex;32;Pink;false
V000750;L0000932;2024-12-13;13:39;S05;Discount;Peripherie;271;9h/19h;open 6/7;64;E0034;2989;2019-04-19;Sales;0,08;0,92;C0363;M;27;true;102;10;P070;shoe;104,86;0,2;87,38;17,48;10,2;115,06;115,06;Adidas;Casual;Pro;40;Deep Purple;false
V000751;L0000933;2024-10-03;12:50;S02;Discount;Peripherie;289;9h/20h;open 5/7;67;E0011;1917;2024-03-22;Sales;0,16;0,84;C0188;M;38;true;0;15;P020;shoe;155,68;0,2;129,73;25,95;0;155,68;155,68;Puma;Limited Edition;Zoom;33;Red Blood;false
V000752;L0000934;2024-01-03;09:46;S08;Discount;Peripherie;305;9h/19h;open 5/7;71;E0054;2726;2017-12-28;Sales;0,09;0,91;C0119;F;32;true;0;18;P027;shoe;117,8;0,2;98,17;19,63;0;117,8;117,8;Jordans;Trail;Flex;40;Pink;true
V000752;L0000935;2024-01-03;09:46;S08;Discount;Peripherie;305;9h/19h;open 5/7;71;E0054;2726;2017-12-28;Sales;0,09;0,91;C0119;F;32;true;0;18;P075;shoe;67,6;0,2;56,33;11,27;0;67,6;90,13;Jordans;Casual;Air;40;Deep Blue;false
V000753;L0000936;2024-04-27;16:04;S05;Discount;Peripherie;271;9h/19h;open 6/7;64;E0032;2701;2008-11-13;Sales;0,25;0,75;C0048;M;32;true;0;12;P028;shoe;128,24;0,2;106,87;21,37;0;128,24;128,24;Jordans;Casual;Elite;39;Red Blood;false
V000754;L0000937;2024-06-01;09:39;S05;Discount;Peripherie;271;9h/19h;open 6/7;64;E0034;2989;2019-04-19;Sales;0,08;0,92;C0054;F;22;true;0;12;P088;shoe;106,19;0,2;88,49;17,7;0;106,19;106,19;Adidas;Running;Zoom;36;Black;true
V000754;L0000938;2024-06-01;09:39;S05;Discount;Peripherie;271;9h/19h;open 6/7;64;E0034;2989;2019-04-19;Sales;0,08;0,92;C0054;F;22;true;0;12;A009;accessory;18,03;0,2;15,03;3;0;18,03;18,03;Accessoire;Lacets;Lacets;L;Classic Grey;false
V000755;L0000939;2024-12-04;09:52;S03;Discount;Peripherie;222;9h/18h;open 5/7;51;E0019;1959;2021-03-27;Support;0,17;0,83;C0178;F;35;true;0;11;P023;shoe;117;0,2;97,5;19,5;0;117;117;Adidas;Basketball;Zoom;38;Pink;false
V000756;L0000940;2024-11-07;10:31;S02;Discount;Peripherie;289;9h/20h;open 5/7;67;E0011;1917;2024-03-22;Sales;0,16;0,84;C0018;M;16;true;0;9;P005;shoe;99,63;0,2;83,03;16,6;0;99,63;99,63;Nike;Casual;Max;33;Premium Black;false
V000757;L0000941;2024-06-21;18:16;S08;Discount;Peripherie;305;9h/19h;open 5/7;71;E0051;2396;2019-11-14;Sales;0,14;0,86;C0001;M;29;true;0;11;P013;shoe;110,94;0,2;92,45;18,49;0;110,94;110,94;Jordans;Casual;Pro;30;White;false
V000758;L0000942;2024-08-06;09:45;S01;Premium;Centre-ville;81;9h/18h;open 5/7;11;E0002;2848;2013-08-07;Sales;0,09;0,91;C0235;F;21;false;0;0;P073;shoe;296,5;0,2;247,08;49,42;0;296,5;296,5;Reebok;Limited Edition;Elite;39;Deep Blue;true
V000759;L0000943;2024-05-17;11:15;S04;Standard;Centre-ville;95;9h/20h;open 6/7;16;E0023;2557;2016-03-21;Sales;0,07;0,93;C0409;F;25;true;232;8;P050;shoe;88,52;0,2;73,77;14,75;23,2;111,72;111,72;New Balance;Training;Max;33;Pink;false
V000760;L0000944;2024-08-23;17:45;S03;Discount;Peripherie;222;9h/18h;open 5/7;51;E0018;2742;2004-10-20;Sales;0,2;0,8;C0088;F;16;true;0;13;P006;shoe;139,32;0,2;116,1;23,22;0;139,32;153,5;Asics;Limited Edition;Air;36;Pink;false
V000761;L0000945;2024-08-06;14:36;S02;Discount;Peripherie;289;9h/20h;open 5/7;67;E0008;2145;2023-10-11;Sales;0,29;0,71;C0207;M;21;true;126;11;P016;shoe;114,84;0,2;95,7;19,14;12,6;127,44;127,44;Puma;Basketball;Flex;44;Brown Bear;false
V000762;L0000946;2024-10-08;10:53;S03;Discount;Peripherie;222;9h/18h;open 5/7;51;E0016;1986;2021-11-26;Manager;0,14;0,86;C0207;M;21;true;0;7;P044;shoe;72,06;0,2;60,05;12,01;0;72,06;80,07;Nike;Basketball;Flex;32;Pink;false
V000763;L0000947;2024-01-15;15:40;S03;Discount;Peripherie;222;9h/18h;open 5/7;51;E0019;1959;2021-03-27;Support;0,17;0,83;C0088;F;16;true;113;7;P018;shoe;70,86;0,2;59,05;11,81;11,3;82,16;82,16;Nike;Casual;Air;42;Red Blood;true
V000764;L0000948;2024-07-02;11:18;S02;Discount;Peripherie;289;9h/20h;open 5/7;67;E0014;2449;2024-05-13;Support;0,07;0,93;C0240;M;35;false;0;0;P044;shoe;80,07;0,2;66,72;13,35;0;80,07;80,07;Nike;Basketball;Flex;32;Pink;false
V000765;L0000949;2024-09-19;11:27;S05;Discount;Peripherie;271;9h/19h;open 6/7;64;E0035;2349;2010-01-14;Sales;0,22;0,78;C0232;M;50;false;0;0;P040;shoe;80,36;0,2;66,97;13,39;0;80,36;80,36;Nike;Trail;Zoom;44;Black;false
V000766;L0000950;2024-09-09;17:11;S08;Discount;Peripherie;305;9h/19h;open 5/7;71;E0052;2362;2009-01-13;Sales;0,27;0,73;C0330;M;38;true;0;10;P088;shoe;104,48;0,2;87,07;17,41;0;104,48;104,48;Adidas;Running;Zoom;36;Black;true
V000767;L0000951;2024-04-02;16:26;S03;Discount;Peripherie;222;9h/18h;open 5/7;51;E0017;2560;2012-12-22;Support;0,1;0,9;C0178;F;35;true;0;9;P088;shoe;95,42;0,2;79,52;15,9;0;95,42;105,62;Adidas;Running;Zoom;36;Black;true
V000768;L0000952;2024-02-05;17:33;S04;Standard;Centre-ville;95;9h/20h;open 6/7;16;E0024;3374;2014-08-24;Sales;0,02;0,98;C0402;M;54;true;0;27;P073;shoe;274,13;0,2;228,44;45,69;0;274,13;274,13;Reebok;Limited Edition;Elite;39;Deep Blue;true
V000769;L0000953;2024-04-03;12:10;S02;Discount;Peripherie;289;9h/20h;open 5/7;67;E0011;1917;2024-03-22;Sales;0,16;0,84;C0072;M;41;true;0;7;P004;shoe;79,34;0,2;66,12;13,22;0;79,34;79,34;Puma;Basketball;Max;34;White;true
V000770;L0000954;2024-05-09;10:06;S06;Discount;Centre-ville;131;9h/18h;open 5/7;26;E0040;2438;2015-03-10;Sales;0,09;0,91;C0321;F;33;true;0;13;P031;shoe;132,15;0,2;110,13;22,02;0;132,15;132,15;Puma;Limited Edition;Elite;32;Black;false
V000771;L0000955;2024-03-23;10:30;S05;Discount;Peripherie;271;9h/19h;open 6/7;64;E0027;2218;2019-03-23;Sales;0,11;0,89;C0216;F;31;false;0;0;P044;shoe;80,36;0,2;66,97;13,39;0;80,36;80,36;Nike;Basketball;Flex;32;Pink;false
V000772;L0000956;2024-06-19;11:13;S08;Discount;Peripherie;305;9h/19h;open 5/7;71;E0048;2463;2018-07-09;Sales;0,07;0,93;C0202;M;40;true;0;15;P086;shoe;102,67;0,2;85,56;17,11;0;102,67;124,12;Adidas;Casual;Zoom;44;Premium Black;false
V000772;L0000957;2024-06-19;11:13;S08;Discount;Peripherie;305;9h/19h;open 5/7;71;E0048;2463;2018-07-09;Sales;0,07;0,93;C0202;M;40;true;0;15;A006;accessory;30,26;0,2;25,22;5,04;0;30,26;34,89;Accessoire;Sac de sport;Sac de sport;XS;Black;false
V000772;L0000958;2024-06-19;11:13;S08;Discount;Peripherie;305;9h/19h;open 5/7;71;E0048;2463;2018-07-09;Sales;0,07;0,93;C0202;M;40;true;0;15;A003;accessory;26,71;0,2;22,26;4,45;0;26,71;30,53;Accessoire;Tee-shirt;Tee-shirt;S;White;false
V000773;L0000959;2024-04-11;09:56;S02;Discount;Peripherie;289;9h/20h;open 5/7;67;E0010;2189;2023-11-12;Sales;0,18;0,82;C0238;F;27;true;0;13;P031;shoe;130,04;0,2;108,37;21,67;0;130,04;130,04;Puma;Limited Edition;Elite;32;Black;false
V000774;L0000960;2024-11-27;18:48;S08;Discount;Peripherie;305;9h/19h;open 5/7;71;E0053;2046;2020-08-26;Manager;0,14;0,86;C0066;F;22;true;0;7;P014;shoe;79,5;0,2;66,25;13,25;0;79,5;79,5;Adidas;Basketball;Flex;30;Brown Bear;false
V000775;L0000961;2024-09-03;15:35;S03;Discount;Peripherie;222;9h/18h;open 5/7;51;E0019;1959;2021-03-27;Support;0,17;0,83;C0202;M;40;true;331;7;P081;shoe;79,12;0,2;65,93;13,19;33,1;112,22;112,22;Adidas;Basketball;Max;32;Black;false
V000776;L0000962;2024-10-24;12:30;S05;Discount;Peripherie;271;9h/19h;open 6/7;64;E0028;2394;2021-02-14;Sales;0,15;0,85;C0172;M;24;true;0;10;P088;shoe;106,19;0,2;88,49;17,7;0;106,19;106,19;Adidas;Running;Zoom;36;Black;true
V000777;L0000963;2024-08-20;10:23;S03;Discount;Peripherie;222;9h/18h;open 5/7;51;E0015;2776;2012-04-21;Support;0,11;0,89;C0274;M;25;true;0;14;P052;shoe;149,74;0,2;124,78;24,96;0;149,74;149,74;Nike;Limited Edition;Max;30;Deep Purple;true
V000778;L0000964;2024-10-11;16:50;S05;Discount;Peripherie;271;9h/19h;open 6/7;64;E0034;2989;2019-04-19;Sales;0,08;0,92;C0367;F;43;true;0;13;P062;shoe;137,47;0,2;114,56;22,91;0;137,47;137,47;Nike;Limited Edition;Air;42;White;false
V000779;L0000965;2024-10-30;12:17;S02;Discount;Peripherie;289;9h/20h;open 5/7;67;E0011;1917;2024-03-22;Sales;0,16;0,84;C0232;M;50;false;0;0;P062;shoe;136,56;0,2;113,8;22,76;0;136,56;136,56;Nike;Limited Edition;Air;42;White;false
V000780;L0000966;2024-01-11;11:49;S08;Discount;Peripherie;305;9h/19h;open 5/7;71;E0054;2726;2017-12-28;Sales;0,09;0,91;C0183;F;37;false;0;0;P023;shoe;65,2;0,2;54,33;10,87;0;65,2;115,62;Adidas;Basketball;Zoom;38;Pink;false
V000781;L0000967;2024-11-27;10:54;S02;Discount;Peripherie;289;9h/20h;open 5/7;67;E0013;2207;2023-11-19;Sales;0,19;0,81;C0173;M;66;false;0;0;P063;shoe;91,08;0,2;75,9;15,18;0;91,08;91,08;Nike;Casual;Max;40;Pink;true
V000782;L0000968;2024-04-12;13:10;S03;Discount;Peripherie;222;9h/18h;open 5/7;51;E0016;1986;2021-11-26;Manager;0,14;0,86;C0189;F;32;true;0;8;P040;shoe;80,07;0,2;66,72;13,35;0;80,07;80,07;Nike;Trail;Zoom;44;Black;false
V000783;L0000969;2024-05-02;16:19;S04;Standard;Centre-ville;95;9h/20h;open 6/7;16;E0024;3374;2014-08-24;Sales;0,02;0,98;C0038;M;16;true;0;27;P073;shoe;274,13;0,2;228,44;45,69;0;274,13;274,13;Reebok;Limited Edition;Elite;39;Deep Blue;true
V000784;L0000970;2024-08-29;19:04;S04;Standard;Centre-ville;95;9h/20h;open 6/7;16;E0024;3374;2014-08-24;Sales;0,02;0,98;C0345;F;45;false;0;0;P088;shoe;116,42;0,2;97,02;19,4;0;116,42;116,42;Adidas;Running;Zoom;36;Black;true
V000785;L0000971;2024-09-04;09:34;S08;Discount;Peripherie;305;9h/19h;open 5/7;71;E0054;2726;2017-12-28;Sales;0,09;0,91;C0068;F;65;true;0;14;P026;shoe;140,75;0,2;117,29;23,46;0;140,75;140,75;Asics;Running;Air;43;Gold;true
V000786;L0000972;2024-01-30;16:34;S06;Discount;Centre-ville;131;9h/18h;open 5/7;26;E0039;2587;2014-08-05;Sales;0,09;0,91;C0022;M;28;true;0;10;P040;shoe;82,77;0,2;68,97;13,8;0;82,77;82,77;Nike;Trail;Zoom;44;Black;false
V000786;L0000973;2024-01-30;16:34;S06;Discount;Centre-ville;131;9h/18h;open 5/7;26;E0039;2587;2014-08-05;Sales;0,09;0,91;C0022;M;28;true;0;10;A010;accessory;17,44;0,2;14,53;2,91;0;17,44;17,44;Accessoire;Tee-shirt;Tee-shirt;XL;Black;false
V000787;L0000974;2024-02-21;09:24;S05;Discount;Peripherie;271;9h/19h;open 6/7;64;E0028;2394;2021-02-14;Sales;0,15;0,85;C0077;F;29;true;0;6;P066;shoe;69,38;0,2;57,82;11,56;0;69,38;69,38;Adidas;Casual;Air;34;Black;false
V000788;L0000975;2024-06-21;14:03;S02;Discount;Peripherie;289;9h/20h;open 5/7;67;E0006;2836;2022-05-06;Sales;0,11;0,89;C0135;F;16;true;224;9;P076;shoe;98,52;0,2;82,1;16,42;22,4;120,92;120,92;Asics;Trail;Air;35;Premium Black;false
V000789;L0000976;2024-04-09;17:10;S05;Discount;Peripherie;271;9h/19h;open 6/7;64;E0033;2055;2019-07-02;Sales;0,11;0,89;C0165;F;21;false;0;0;P053;shoe;137,47;0,2;114,56;22,91;0;137,47;137,47;Nike;Limited Edition;Zoom;38;Deep Blue;false
V000790;L0000977;2024-11-19;14:46;S05;Discount;Peripherie;271;9h/19h;open 6/7;64;E0028;2394;2021-02-14;Sales;0,15;0,85;C0390;F;53;true;0;11;P070;shoe;115,06;0,2;95,88;19,18;0;115,06;115,06;Adidas;Casual;Pro;40;Deep Purple;false
V000791;L0000978;2024-11-19;09:02;S08;Discount;Peripherie;305;9h/19h;open 5/7;71;E0051;2396;2019-11-14;Sales;0,14;0,86;C0078;F;41;true;0;9;P068;shoe;90,26;0,2;75,22;15,04;0;90,26;90,26;New Balance;Trail;Zoom;40;Light Green;true
V000792;L0000979;2024-05-17;18:12;S05;Discount;Peripherie;271;9h/19h;open 6/7;64;E0033;2055;2019-07-02;Sales;0,11;0,89;C0075;M;49;true;0;8;P034;shoe;88,7;0,2;73,92;14,78;0;88,7;88,7;Jordans;Running;Zoom;38;Deep Purple;false
V000793;L0000980;2024-09-27;17:31;S07;Standard;Centre-ville;95;9h/19h;open 5/7;18;E0042;2118;2019-04-24;Sales;0,1;0,9;C0252;F;39;false;0;0;P041;shoe;179;0,2;149,17;29,83;0;179;179;Puma;Trail;Pro;39;Premium Black;false
V000794;L0000981;2024-04-24;14:17;S02;Discount;Peripherie;289;9h/20h;open 5/7;67;E0010;2189;2023-11-12;Sales;0,18;0,82;C0202;M;40;true;0;8;P060;shoe;80,07;0,2;66,72;13,35;0;80,07;80,07;Puma;Casual;Flex;44;Deep Blue;false
V000795;L0000982;2024-08-15;12:14;S08;Discount;Peripherie;305;9h/19h;open 5/7;71;E0048;2463;2018-07-09;Sales;0,07;0,93;C0057;M;33;false;0;0;P023;shoe;100,01;0,2;83,34;16,67;0;100,01;115,62;Adidas;Basketball;Zoom;38;Pink;false
V000796;L0000983;2024-02-26;10:36;S03;Discount;Peripherie;222;9h/18h;open 5/7;51;E0017;2560;2012-12-22;Support;0,1;0,9;C0357;F;16;true;0;15;P006;shoe;153,5;0,2;127,92;25,58;0;153,5;153,5;Asics;Limited Edition;Air;36;Pink;false
V000797;L0000984;2024-12-26;11:11;S07;Standard;Centre-ville;95;9h/19h;open 5/7;18;E0045;2224;2018-01-08;Sales;0,15;0,85;C0179;F;37;true;0;12;P083;shoe;125,19;0,2;104,33;20,86;0;125,19;129,6;New Balance;Trail;Flex;33;Brown Bear;true
V000798;L0000985;2024-02-12;17:56;S06;Discount;Centre-ville;131;9h/18h;open 5/7;26;E0040;2438;2015-03-10;Sales;0,09;0,91;C0361;F;25;true;0;12;P086;shoe;127,86;0,2;106,55;21,31;0;127,86;127,86;Adidas;Casual;Zoom;44;Premium Black;false
V000799;L0000986;2024-10-03;14:24;S06;Discount;Centre-ville;131;9h/18h;open 5/7;26;E0039;2587;2014-08-05;Sales;0,09;0,91;C0272;F;26;false;0;0;P029;shoe;90,92;0,2;75,77;15,15;0;90,92;90,92;Adidas;Basketball;Zoom;45;Brown Bear;false
V000799;L0000987;2024-10-03;14:24;S06;Discount;Centre-ville;131;9h/18h;open 5/7;26;E0039;2587;2014-08-05;Sales;0,09;0,91;C0272;F;26;false;0;0;A008;accessory;21,8;0,2;18,17;3,63;0;21,8;21,8;Accessoire;Bonnet;Bonnet;XS;White;false
V000800;L0000988;2024-06-05;17:25;S03;Discount;Peripherie;222;9h/18h;open 5/7;51;E0015;2776;2012-04-21;Support;0,11;0,89;C0069;M;47;false;0;0;P088;shoe;100,34;0,2;83,62;16,72;0;100,34;105,62;Adidas;Running;Zoom;36;Black;true
V000800;L0000989;2024-06-05;17:25;S03;Discount;Peripherie;222;9h/18h;open 5/7;51;E0015;2776;2012-04-21;Support;0,11;0,89;C0069;M;47;false;0;0;A007;accessory;31,21;0,2;26,01;5,2;0;31,21;31,21;Accessoire;Casquette;Casquette;M;Deep Blue;false
V000801;L0000990;2024-12-05;09:32;S02;Discount;Peripherie;289;9h/20h;open 5/7;67;E0012;2424;2024-10-12;Sales;0,25;0,75;C0226;F;36;true;0;14;P052;shoe;149,74;0,2;124,78;24,96;0;149,74;149,74;Nike;Limited Edition;Max;30;Deep Purple;true
V000802;L0000991;2024-08-30;11:44;S08;Discount;Peripherie;305;9h/19h;open 5/7;71;E0053;2046;2020-08-26;Manager;0,14;0,86;C0032;F;24;true;0;12;P069;shoe;121,95;0,2;101,63;20,32;0;121,95;128,37;Jordans;Limited Edition;Zoom;33;Deep Blue;false
V000803;L0000992;2024-02-22;16:36;S08;Discount;Peripherie;305;9h/19h;open 5/7;71;E0053;2046;2020-08-26;Manager;0,14;0,86;C0333;M;48;false;0;0;P008;shoe;79,5;0,2;66,25;13,25;0;79,5;79,5;Reebok;Casual;Elite;35;Deep Blue;false
V000804;L0000993;2024-11-07;13:18;S03;Discount;Peripherie;222;9h/18h;open 5/7;51;E0019;1959;2021-03-27;Support;0,17;0,83;C0069;M;47;false;0;0;P063;shoe;91,08;0,2;75,9;15,18;0;91,08;91,08;Nike;Casual;Max;40;Pink;true
V000805;L0000994;2024-03-29;16:00;S01;Premium;Centre-ville;81;9h/18h;open 5/7;11;E0005;2812;2014-07-24;Sales;0,07;0,93;C0102;M;21;true;0;29;P073;shoe;296,5;0,2;247,08;49,42;0;296,5;296,5;Reebok;Limited Edition;Elite;39;Deep Blue;true
V000806;L0000995;2024-11-01;16:07;S03;Discount;Peripherie;222;9h/18h;open 5/7;51;E0015;2776;2012-04-21;Support;0,11;0,89;C0020;F;35;true;246;5;P018;shoe;57,56;0,2;47,97;9,59;24,6;82,16;82,16;Nike;Casual;Air;42;Red Blood;true
V000807;L0000996;2024-04-10;10:36;S07;Standard;Centre-ville;95;9h/19h;open 5/7;18;E0044;1980;2020-02-22;Sales;0,11;0,89;C0259;M;32;true;0;14;P043;shoe;144;0,2;120;24;0;144;144;Adidas;Running;Max;32;Pink;false
V000808;L0000997;2024-06-28;14:28;S07;Standard;Centre-ville;95;9h/19h;open 5/7;18;E0044;1980;2020-02-22;Sales;0,11;0,89;C0096;F;31;true;0;14;P035;shoe;145;0,2;120,83;24,17;0;145;145;Puma;Training;Pro;39;Red Blood;false
V000809;L0000998;2024-03-27;17:57;S08;Discount;Peripherie;305;9h/19h;open 5/7;71;E0053;2046;2020-08-26;Manager;0,14;0,86;C0199;M;16;true;202;4;P057;shoe;47,38;0,2;39,48;7,9;20,2;67,58;79,5;Asics;Trail;Zoom;33;Brown Bear;false
V000810;L0000999;2024-10-18;16:21;S02;Discount;Peripherie;289;9h/20h;open 5/7;67;E0008;2145;2023-10-11;Sales;0,29;0,71;C0159;F;43;true;0;21;P062;shoe;136,56;0,2;113,8;22,76;0;136,56;136,56;Nike;Limited Edition;Air;42;White;false
V000810;L0001000;2024-10-18;16:21;S02;Discount;Peripherie;289;9h/20h;open 5/7;67;E0008;2145;2023-10-11;Sales;0,29;0,71;C0159;F;43;true;0;21;P018;shoe;82,16;0,2;68,47;13,69;0;82,16;82,16;Nike;Casual;Air;42;Red Blood;true
V000811;L0001001;2024-06-14;13:02;S03;Discount;Peripherie;222;9h/18h;open 5/7;51;E0015;2776;2012-04-21;Support;0,11;0,89;C0394;M;49;true;0;8;P040;shoe;80,07;0,2;66,72;13,35;0;80,07;80,07;Nike;Trail;Zoom;44;Black;false
V000812;L0001002;2024-10-31;10:47;S02;Discount;Peripherie;289;9h/20h;open 5/7;67;E0009;2331;2024-04-14;Sales;0,08;0,92;C0134;M;16;true;0;13;P072;shoe;110,06;0,2;91,72;18,34;0;110,06;110,06;Puma;Trail;Pro;43;Sunny Yellow;false
V000812;L0001003;2024-10-31;10:47;S02;Discount;Peripherie;289;9h/20h;open 5/7;67;E0009;2331;2024-04-14;Sales;0,08;0,92;C0134;M;16;true;0;13;A008;accessory;22,29;0,2;18,57;3,72;0;22,29;22,29;Accessoire;Bonnet;Bonnet;XS;White;false
V000813;L0001004;2024-02-14;12:06;S02;Discount;Peripherie;289;9h/20h;open 5/7;67;E0008;2145;2023-10-11;Sales;0,29;0,71;C0153;M;16;true;0;7;P004;shoe;79,34;0,2;66,12;13,22;0;79,34;79,34;Puma;Basketball;Max;34;White;true
V000814;L0001005;2024-08-21;11:41;S03;Discount;Peripherie;222;9h/18h;open 5/7;51;E0018;2742;2004-10-20;Sales;0,2;0,8;C0399;F;49;true;0;7;P025;shoe;71,16;0,2;59,3;11,86;0;71,16;80,07;Asics;Trail;Flex;36;Sunny Yellow;false
V000815;L0001006;2024-07-12;13:14;S08;Discount;Peripherie;305;9h/19h;open 5/7;71;E0048;2463;2018-07-09;Sales;0,07;0,93;C0071;M;23;true;0;11;P055;shoe;113,5;0,2;94,58;18,92;0;113,5;113,5;Reebok;Training;Zoom;31;Gold;false
V000816;L0001007;2024-02-02;12:35;S06;Discount;Centre-ville;131;9h/18h;open 5/7;26;E0039;2587;2014-08-05;Sales;0,09;0,91;C0286;M;25;true;0;12;P088;shoe;102,62;0,2;85,52;17,1;0;102,62;108,02;Adidas;Running;Zoom;36;Black;true
V000816;L0001008;2024-02-02;12:35;S06;Discount;Centre-ville;131;9h/18h;open 5/7;26;E0039;2587;2014-08-05;Sales;0,09;0,91;C0286;M;25;true;0;12;A005;accessory;21,8;0,2;18,17;3,63;0;21,8;21,8;Accessoire;Bonnet;Bonnet;M;Deep Blue;false
V000817;L0001009;2024-04-19;10:07;S05;Discount;Peripherie;271;9h/19h;open 6/7;64;E0030;2758;2008-04-16;Support;0,29;0,71;C0090;M;31;true;0;7;P034;shoe;78,74;0,2;65,62;13,12;0;78,74;88,7;Jordans;Running;Zoom;38;Deep Purple;false
V000818;L0001010;2024-05-02;15:03;S05;Discount;Peripherie;271;9h/19h;open 6/7;64;E0034;2989;2019-04-19;Sales;0,08;0,92;C0250;M;23;false;0;0;P044;shoe;80,36;0,2;66,97;13,39;0;80,36;80,36;Nike;Basketball;Flex;32;Pink;false
V000819;L0001011;2024-10-21;11:04;S07;Standard;Centre-ville;95;9h/19h;open 5/7;18;E0044;1980;2020-02-22;Sales;0,11;0,89;C0135;F;16;true;0;7;P030;shoe;79;0,2;65,83;13,17;0;79;79;New Balance;Running;Pro;42;Light Green;false
V000820;L0001012;2024-08-23;14:24;S02;Discount;Peripherie;289;9h/20h;open 5/7;67;E0014;2449;2024-05-13;Support;0,07;0,93;C0404;F;45;true;0;11;P087;shoe;117;0,2;97,5;19,5;0;117;117;Asics;Training;Elite;39;Black;false
V000821;L0001013;2024-11-28;11:02;S05;Discount;Peripherie;271;9h/19h;open 6/7;64;E0035;2349;2010-01-14;Sales;0,22;0,78;C0234;F;26;false;0;0;P088;shoe;97,69;0,2;81,41;16,28;0;97,69;106,19;Adidas;Running;Zoom;36;Black;true
V000822;L0001014;2024-08-01;10:30;S01;Premium;Centre-ville;81;9h/18h;open 5/7;11;E0002;2848;2013-08-07;Sales;0,09;0,91;C0128;M;40;true;0;29;P065;shoe;174,9;0,2;145,75;29,15;0;174,9;174,9;Reebok;Trail;Flex;41;Premium Black;false
V000822;L0001015;2024-08-01;10:30;S01;Premium;Centre-ville;81;9h/18h;open 5/7;11;E0002;2848;2013-08-07;Sales;0,09;0,91;C0128;M;40;true;0;29;P061;shoe;116,6;0,2;97,17;19,43;0;116,6;116,6;Reebok;Casual;Pro;41;White;false
V000823;L0001016;2024-02-17;11:38;S04;Standard;Centre-ville;95;9h/20h;open 6/7;16;E0026;2442;2016-11-14;Sales;0,11;0,89;C0081;F;16;false;0;0;P021;shoe;136,61;0,2;113,84;22,77;0;136,61;160,72;Reebok;Casual;Air;32;Gold;false
V000823;L0001017;2024-02-17;11:38;S04;Standard;Centre-ville;95;9h/20h;open 6/7;16;E0026;2442;2016-11-14;Sales;0,11;0,89;C0081;F;16;false;0;0;A010;accessory;16,66;0,2;13,88;2,78;0;16,66;19,6;Accessoire;Tee-shirt;Tee-shirt;XL;Black;false
V000823;L0001018;2024-02-17;11:38;S04;Standard;Centre-ville;95;9h/20h;open 6/7;16;E0026;2442;2016-11-14;Sales;0,11;0,89;C0081;F;16;false;0;0;A010;accessory;19,6;0,2;16,33;3,27;0;19,6;19,6;Accessoire;Tee-shirt;Tee-shirt;XL;Black;false
V000824;L0001019;2024-07-01;15:58;S03;Discount;Peripherie;222;9h/18h;open 5/7;51;E0015;2776;2012-04-21;Support;0,11;0,89;C0129;M;48;false;0;0;P006;shoe;153,5;0,2;127,92;25,58;0;153,5;153,5;Asics;Limited Edition;Air;36;Pink;false
V000825;L0001020;2024-01-05;10:43;S08;Discount;Peripherie;305;9h/19h;open 5/7;71;E0051;2396;2019-11-14;Sales;0,14;0,86;C0285;F;34;true;0;6;P010;shoe;67,6;0,2;56,33;11,27;0;67,6;90,13;Asics;Training;Air;33;Brown Bear;false
V000826;L0001021;2024-02-12;10:45;S08;Discount;Peripherie;305;9h/19h;open 5/7;71;E0053;2046;2020-08-26;Manager;0,14;0,86;C0345;F;45;false;0;0;P088;shoe;99,65;0,2;83,04;16,61;0;99,65;104,48;Adidas;Running;Zoom;36;Black;true
V000827;L0001022;2024-08-05;19:46;S02;Discount;Peripherie;289;9h/20h;open 5/7;67;E0009;2331;2024-04-14;Sales;0,08;0,92;C0365;M;34;true;0;11;P032;shoe;118,75;0,2;98,96;19,79;0;118,75;118,75;Puma;Training;Air;45;Premium Black;false
V000828;L0001023;2024-06-04;11:15;S03;Discount;Peripherie;222;9h/18h;open 5/7;51;E0015;2776;2012-04-21;Support;0,11;0,89;C0291;M;37;true;0;11;P070;shoe;114,4;0,2;95,33;19,07;0;114,4;114,4;Adidas;Casual;Pro;40;Deep Purple;false
V000829;L0001024;2024-11-01;16:35;S02;Discount;Peripherie;289;9h/20h;open 5/7;67;E0009;2331;2024-04-14;Sales;0,08;0,92;C0120;M;58;true;0;9;P063;shoe;91,08;0,2;75,9;15,18;0;91,08;91,08;Nike;Casual;Max;40;Pink;true
V000830;L0001025;2024-11-13;17:15;S01;Premium;Centre-ville;81;9h/18h;open 5/7;11;E0005;2812;2014-07-24;Sales;0,07;0,93;C0227;F;44;false;0;0;P055;shoe;148,4;0,2;123,67;24,73;0;148,4;148,4;Reebok;Training;Zoom;31;Gold;false
V000830;L0001026;2024-11-13;17:15;S01;Premium;Centre-ville;81;9h/18h;open 5/7;11;E0005;2812;2014-07-24;Sales;0,07;0,93;C0227;F;44;false;0;0;A002;accessory;25,17;0,2;20,98;4,19;0;25,17;26,5;Accessoire;Lacets;Lacets;M;White;false
V000831;L0001027;2024-04-17;11:50;S05;Discount;Peripherie;271;9h/19h;open 6/7;64;E0034;2989;2019-04-19;Sales;0,08;0,92;C0094;F;41;true;0;13;P053;shoe;137,47;0,2;114,56;22,91;0;137,47;137,47;Nike;Limited Edition;Zoom;38;Deep Blue;false
V000832;L0001028;2024-01-30;16:46;S02;Discount;Peripherie;289;9h/20h;open 5/7;67;E0006;2836;2022-05-06;Sales;0,11;0,89;C0043;F;36;true;0;8;P018;shoe;82,16;0,2;68,47;13,69;0;82,16;82,16;Nike;Casual;Air;42;Red Blood;true
V000833;L0001029;2024-02-26;11:30;S08;Discount;Peripherie;305;9h/19h;open 5/7;71;E0049;2362;2018-06-15;Manager;0,11;0,89;C0120;M;58;true;0;15;P088;shoe;104,48;0,2;87,07;17,41;0;104,48;104,48;Adidas;Running;Zoom;36;Black;true
V000833;L0001030;2024-02-26;11:30;S08;Discount;Peripherie;305;9h/19h;open 5/7;71;E0049;2362;2018-06-15;Manager;0,11;0,89;C0120;M;58;true;0;15;A010;accessory;16,23;0,2;13,53;2,7;0;16,23;17,44;Accessoire;Tee-shirt;Tee-shirt;XL;Black;false
V000833;L0001031;2024-02-26;11:30;S08;Discount;Peripherie;305;9h/19h;open 5/7;71;E0049;2362;2018-06-15;Manager;0,11;0,89;C0120;M;58;true;0;15;A007;accessory;30,53;0,2;25,44;5,09;0;30,53;30,53;Accessoire;Casquette;Casquette;M;Deep Blue;false
V000834;L0001032;2024-05-07;17:44;S07;Standard;Centre-ville;95;9h/19h;open 5/7;18;E0043;2926;2014-01-15;Sales;0,03;0,97;C0328;M;19;true;0;24;P001;shoe;150,12;0,2;125,1;25,02;0;150,12;150,12;New Balance;Training;Max;41;Electric Blue;true
V000834;L0001033;2024-05-07;17:44;S07;Standard;Centre-ville;95;9h/19h;open 5/7;18;E0043;2926;2014-01-15;Sales;0,03;0,97;C0328;M;19;true;0;24;P022;shoe;79;0,2;65,83;13,17;0;79;79;New Balance;Running;Pro;41;Deep Blue;false
V000834;L0001034;2024-05-07;17:44;S07;Standard;Centre-ville;95;9h/19h;open 5/7;18;E0043;2926;2014-01-15;Sales;0,03;0,97;C0328;M;19;true;0;24;A012;accessory;20;0,2;16,67;3,33;0;20;20;Accessoire;Lacets;Lacets;XL;White;false
V000835;L0001035;2024-12-21;18:29;S05;Discount;Peripherie;271;9h/19h;open 6/7;64;E0034;2989;2019-04-19;Sales;0,08;0,92;C0068;F;65;true;0;12;P048;shoe;122,8;0,2;102,33;20,47;0;122,8;122,8;Jordans;Casual;Air;45;Brown Bear;true
V000836;L0001036;2024-05-23;13:30;S07;Standard;Centre-ville;95;9h/19h;open 5/7;18;E0044;1980;2020-02-22;Sales;0,11;0,89;C0395;M;43;true;0;11;P088;shoe;118,8;0,2;99;19,8;0;118,8;118,8;Adidas;Running;Zoom;36;Black;true
V000837;L0001037;2024-12-12;14:58;S08;Discount;Peripherie;305;9h/19h;open 5/7;71;E0053;2046;2020-08-26;Manager;0,14;0,86;C0102;M;21;true;0;8;P034;shoe;87,58;0,2;72,98;14,6;0;87,58;87,58;Jordans;Running;Zoom;38;Deep Purple;false
V000838;L0001038;2024-01-24;17:22;S08;Discount;Peripherie;305;9h/19h;open 5/7;71;E0048;2463;2018-07-09;Sales;0,07;0,93;C0008;M;36;true;0;14;P048;shoe;120,55;0,2;100,46;20,09;0;120,55;120,55;Jordans;Casual;Air;45;Brown Bear;true
V000838;L0001039;2024-01-24;17:22;S08;Discount;Peripherie;305;9h/19h;open 5/7;71;E0048;2463;2018-07-09;Sales;0,07;0,93;C0008;M;36;true;0;14;A003;accessory;27,48;0,2;22,9;4,58;0;27,48;30,53;Accessoire;Tee-shirt;Tee-shirt;S;White;false
V000839;L0001040;2024-03-21;11:29;S03;Discount;Peripherie;222;9h/18h;open 5/7;51;E0020;3242;2015-11-25;Sales;0,03;0,97;C0407;M;29;true;0;21;P062;shoe;136,56;0,2;113,8;22,76;0;136,56;136,56;Nike;Limited Edition;Air;42;White;false
V000839;L0001041;2024-03-21;11:29;S03;Discount;Peripherie;222;9h/18h;open 5/7;51;E0020;3242;2015-11-25;Sales;0,03;0,97;C0407;M;29;true;0;21;P018;shoe;82,16;0,2;68,47;13,69;0;82,16;82,16;Nike;Casual;Air;42;Red Blood;true
V000840;L0001042;2024-04-13;09:45;S05;Discount;Peripherie;271;9h/19h;open 6/7;64;E0031;2900;2015-02-28;Manager;0,06;0,94;C0216;F;31;false;0;0;P063;shoe;91,48;0,2;76,23;15,25;0;91,48;91,48;Nike;Casual;Max;40;Pink;true
V000841;L0001043;2024-03-25;11:18;S08;Discount;Peripherie;305;9h/19h;open 5/7;71;E0054;2726;2017-12-28;Sales;0,09;0,91;C0371;F;19;true;0;7;P079;shoe;70,06;0,2;58,38;11,68;0;70,06;70,06;New Balance;Basketball;Flex;32;Deep Blue;true
V000842;L0001044;2024-07-17;12:46;S08;Discount;Peripherie;305;9h/19h;open 5/7;71;E0050;2303;2014-09-25;Support;0,29;0,71;C0185;M;32;true;0;6;P024;shoe;69,74;0,2;58,12;11,62;0;69,74;115,62;New Balance;Trail;Max;38;Electric Blue;false
V000843;L0001045;2024-08-27;12:46;S02;Discount;Peripherie;289;9h/20h;open 5/7;67;E0014;2449;2024-05-13;Support;0,07;0,93;C0054;F;22;true;0;14;P052;shoe;149,74;0,2;124,78;24,96;0;149,74;149,74;Nike;Limited Edition;Max;30;Deep Purple;true
V000844;L0001046;2024-05-24;15:56;S05;Discount;Peripherie;271;9h/19h;open 6/7;64;E0028;2394;2021-02-14;Sales;0,15;0,85;C0386;F;26;true;0;10;P048;shoe;104,37;0,2;86,98;17,39;0;104,37;122,8;Jordans;Casual;Air;45;Brown Bear;true
V000845;L0001047;2024-01-17;18:10;S08;Discount;Peripherie;305;9h/19h;open 5/7;71;E0054;2726;2017-12-28;Sales;0,09;0,91;C0243;F;42;true;0;8;P030;shoe;87,58;0,2;72,98;14,6;0;87,58;87,58;New Balance;Running;Pro;42;Light Green;false
V000846;L0001048;2024-08-10;09:15;S05;Discount;Peripherie;271;9h/19h;open 6/7;64;E0035;2349;2010-01-14;Sales;0,22;0,78;C0232;M;50;false;0;0;P040;shoe;80,36;0,2;66,97;13,39;0;80,36;80,36;Nike;Trail;Zoom;44;Black;false
V000847;L0001049;2024-11-16;13:17;S05;Discount;Peripherie;271;9h/19h;open 6/7;64;E0031;2900;2015-02-28;Manager;0,06;0,94;C0392;M;32;true;0;10;P005;shoe;100,13;0,2;83,44;16,69;0;100,13;100,13;Nike;Casual;Max;33;Premium Black;false
V000848;L0001050;2024-04-06;10:27;S05;Discount;Peripherie;271;9h/19h;open 6/7;64;E0034;2989;2019-04-19;Sales;0,08;0,92;C0356;F;22;true;0;9;P063;shoe;91,48;0,2;76,23;15,25;0;91,48;91,48;Nike;Casual;Max;40;Pink;true
V000849;L0001051;2024-02-13;13:16;S03;Discount;Peripherie;222;9h/18h;open 5/7;51;E0020;3242;2015-11-25;Sales;0,03;0,97;C0262;F;45;true;0;15;P006;shoe;153,5;0,2;127,92;25,58;0;153,5;153,5;Asics;Limited Edition;Air;36;Pink;false
V000850;L0001052;2024-07-09;16:50;S01;Premium;Centre-ville;81;9h/18h;open 5/7;11;E0002;2848;2013-08-07;Sales;0,09;0,91;C0332;F;40;true;157;13;P055;shoe;132,7;0,2;110,58;22,12;15,7;148,4;148,4;Reebok;Training;Zoom;31;Gold;false
V000851;L0001053;2024-06-12;17:27;S02;Discount;Peripherie;289;9h/20h;open 5/7;67;E0011;1917;2024-03-22;Sales;0,16;0,84;C0129;M;48;false;0;0;P004;shoe;79,34;0,2;66,12;13,22;0;79,34;79,34;Puma;Basketball;Max;34;White;true
V000851;L0001054;2024-06-12;17:27;S02;Discount;Peripherie;289;9h/20h;open 5/7;67;E0011;1917;2024-03-22;Sales;0,16;0,84;C0129;M;48;false;0;0;P054;shoe;103,53;0,2;86,28;17,25;0;103,53;103,53;Puma;Running;Pro;34;Pink;false
V000851;L0001055;2024-06-12;17:27;S02;Discount;Peripherie;289;9h/20h;open 5/7;67;E0011;1917;2024-03-22;Sales;0,16;0,84;C0129;M;48;false;0;0;A008;accessory;22,29;0,2;18,57;3,72;0;22,29;22,29;Accessoire;Bonnet;Bonnet;XS;White;false
V000852;L0001056;2024-03-25;16:46;S08;Discount;Peripherie;305;9h/19h;open 5/7;71;E0051;2396;2019-11-14;Sales;0,14;0,86;C0257;M;21;true;0;10;P050;shoe;102,44;0,2;85,37;17,07;0;102,44;102,44;New Balance;Training;Max;33;Pink;false
V000853;L0001057;2024-08-01;18:35;S04;Standard;Centre-ville;95;9h/20h;open 6/7;16;E0023;2557;2016-03-21;Sales;0,07;0,93;C0356;F;22;true;0;27;P073;shoe;274,13;0,2;228,44;45,69;0;274,13;274,13;Reebok;Limited Edition;Elite;39;Deep Blue;true
V000854;L0001058;2024-11-04;15:22;S06;Discount;Centre-ville;131;9h/18h;open 5/7;26;E0038;2382;2014-10-09;Support;0,22;0,78;C0055;F;58;true;0;9;P067;shoe;92,25;0,2;76,88;15,37;0;92,25;108,53;Adidas;Running;Pro;30;Light Green;false
V000855;L0001059;2024-05-03;10:13;S04;Standard;Centre-ville;95;9h/20h;open 6/7;16;E0023;2557;2016-03-21;Sales;0,07;0,93;C0361;F;25;true;0;11;P088;shoe;116,42;0,2;97,02;19,4;0;116,42;116,42;Adidas;Running;Zoom;36;Black;true
V000856;L0001060;2024-07-31;09:09;S03;Discount;Peripherie;222;9h/18h;open 5/7;51;E0019;1959;2021-03-27;Support;0,17;0,83;C0136;F;31;true;0;10;P082;shoe;103,53;0,2;86,28;17,25;0;103,53;103,53;Asics;Running;Air;34;Pink;false
V000857;L0001061;2024-11-06;18:59;S08;Discount;Peripherie;305;9h/19h;open 5/7;71;E0054;2726;2017-12-28;Sales;0,09;0,91;C0106;M;38;false;0;0;P003;shoe;139;0,2;115,83;23,17;0;139;139;New Balance;Limited Edition;Max;40;Electric Blue;false
V000858;L0001062;2024-01-06;17:29;S05;Discount;Peripherie;271;9h/19h;open 6/7;64;E0032;2701;2008-11-13;Sales;0,25;0,75;C0179;F;37;true;0;9;P007;shoe;99,69;0,2;83,08;16,61;0;99,69;99,69;Adidas;Basketball;Max;33;Electric Blue;false
V000859;L0001063;2024-10-02;14:01;S08;Discount;Peripherie;305;9h/19h;open 5/7;71;E0050;2303;2014-09-25;Support;0,29;0,71;C0409;F;25;true;0;11;P043;shoe;115,19;0,2;95,99;19,2;0;115,19;115,19;Adidas;Running;Max;32;Pink;false
V000860;L0001064;2024-07-15;16:11;S02;Discount;Peripherie;289;9h/20h;open 5/7;67;E0006;2836;2022-05-06;Sales;0,11;0,89;C0234;F;26;false;0;0;P020;shoe;155,68;0,2;129,73;25,95;0;155,68;155,68;Puma;Limited Edition;Zoom;33;Red Blood;false
V000860;L0001065;2024-07-15;16:11;S02;Discount;Peripherie;289;9h/20h;open 5/7;67;E0006;2836;2022-05-06;Sales;0,11;0,89;C0234;F;26;false;0;0;A007;accessory;26,19;0,2;21,83;4,36;0;26,19;31,21;Accessoire;Casquette;Casquette;M;Deep Blue;false
V000860;L0001066;2024-07-15;16:11;S02;Discount;Peripherie;289;9h/20h;open 5/7;67;E0006;2836;2022-05-06;Sales;0,11;0,89;C0234;F;26;false;0;0;A005;accessory;19,69;0,2;16,41;3,28;0;19,69;22,29;Accessoire;Bonnet;Bonnet;M;Deep Blue;false
V000861;L0001067;2024-06-18;14:02;S06;Discount;Centre-ville;131;9h/18h;open 5/7;26;E0040;2438;2015-03-10;Sales;0,09;0,91;C0345;F;45;false;0;0;P031;shoe;132,15;0,2;110,13;22,02;0;132,15;132,15;Puma;Limited Edition;Elite;32;Black;false
V000862;L0001068;2024-05-24;12:15;S08;Discount;Peripherie;305;9h/19h;open 5/7;71;E0053;2046;2020-08-26;Manager;0,14;0,86;C0255;F;38;true;153;8;P021;shoe;87,28;0,2;72,73;14,55;15,3;102,58;123,69;Reebok;Casual;Air;32;Gold;false
V000863;L0001069;2024-07-24;10:57;S05;Discount;Peripherie;271;9h/19h;open 6/7;64;E0028;2394;2021-02-14;Sales;0,15;0,85;C0008;M;36;true;0;9;P063;shoe;91,48;0,2;76,23;15,25;0;91,48;91,48;Nike;Casual;Max;40;Pink;true
V000864;L0001070;2024-12-06;09:06;S07;Standard;Centre-ville;95;9h/19h;open 5/7;18;E0045;2224;2018-01-08;Sales;0,15;0,85;C0102;M;21;true;0;11;P088;shoe;118,8;0,2;99;19,8;0;118,8;118,8;Adidas;Running;Zoom;36;Black;true
V000865;L0001071;2024-08-07;13:33;S06;Discount;Centre-ville;131;9h/18h;open 5/7;26;E0037;2317;2019-10-08;Manager;0,17;0,83;C0390;F;53;true;0;8;P049;shoe;82,77;0,2;68,97;13,8;0;82,77;82,77;Puma;Training;Max;31;Deep Purple;false
V000866;L0001072;2024-06-15;12:29;S05;Discount;Peripherie;271;9h/19h;open 6/7;64;E0027;2218;2019-03-23;Sales;0,11;0,89;C0384;F;35;true;0;7;P033;shoe;77,72;0,2;64,77;12,95;0;77,72;77,72;Jordans;Running;Max;31;Red Blood;false
V000867;L0001073;2024-09-23;19:32;S02;Discount;Peripherie;289;9h/20h;open 5/7;67;E0006;2836;2022-05-06;Sales;0,11;0,89;C0129;M;48;false;0;0;P062;shoe;136,56;0,2;113,8;22,76;0;136,56;136,56;Nike;Limited Edition;Air;42;White;false
V000868;L0001074;2024-10-18;16:29;S05;Discount;Peripherie;271;9h/19h;open 6/7;64;E0031;2900;2015-02-28;Manager;0,06;0,94;C0223;F;18;true;0;12;P047;shoe;109,85;0,2;91,54;18,31;0;109,85;132,28;Jordans;Trail;Air;37;Premium Black;true
V000868;L0001075;2024-10-18;16:29;S05;Discount;Peripherie;271;9h/19h;open 6/7;64;E0031;2900;2015-02-28;Manager;0,06;0,94;C0223;F;18;true;0;12;A005;accessory;17,69;0,2;14,74;2,95;0;17,69;22,54;Accessoire;Bonnet;Bonnet;M;Deep Blue;false
V000869;L0001076;2024-06-08;16:25;S05;Discount;Peripherie;271;9h/19h;open 6/7;64;E0030;2758;2008-04-16;Support;0,29;0,71;C0234;F;26;false;0;0;P018;shoe;82,47;0,2;68,73;13,74;0;82,47;82,47;Nike;Casual;Air;42;Red Blood;true
V000870;L0001077;2024-04-15;15:43;S04;Standard;Centre-ville;95;9h/20h;open 6/7;16;E0025;2018;2019-10-07;Sales;0,15;0,85;C0343;F;26;true;0;27;P073;shoe;274,13;0,2;228,44;45,69;0;274,13;274,13;Reebok;Limited Edition;Elite;39;Deep Blue;true
V000871;L0001078;2024-04-22;16:43;S08;Discount;Peripherie;305;9h/19h;open 5/7;71;E0048;2463;2018-07-09;Sales;0,07;0,93;C0299;M;20;true;291;9;P076;shoe;90,34;0,2;75,28;15,06;29,1;119,44;119,44;Asics;Trail;Air;35;Premium Black;false
V000872;L0001079;2024-11-21;12:46;S03;Discount;Peripherie;222;9h/18h;open 5/7;51;E0020;3242;2015-11-25;Sales;0,03;0,97;C0131;M;52;false;0;0;P062;shoe;136,56;0,2;113,8;22,76;0;136,56;136,56;Nike;Limited Edition;Air;42;White;false
V000873;L0001080;2024-08-20;17:22;S03;Discount;Peripherie;222;9h/18h;open 5/7;51;E0020;3242;2015-11-25;Sales;0,03;0,97;C0379;M;30;true;0;17;P026;shoe;129,93;0,2;108,28;21,65;0;129,93;142,69;Asics;Running;Air;43;Gold;true
V000873;L0001081;2024-08-20;17:22;S03;Discount;Peripherie;222;9h/18h;open 5/7;51;E0020;3242;2015-11-25;Sales;0,03;0,97;C0379;M;30;true;0;17;A010;accessory;17,84;0,2;14,87;2,97;0;17,84;17,84;Accessoire;Tee-shirt;Tee-shirt;XL;Black;false
V000873;L0001082;2024-08-20;17:22;S03;Discount;Peripherie;222;9h/18h;open 5/7;51;E0020;3242;2015-11-25;Sales;0,03;0,97;C0379;M;30;true;0;17;A002;accessory;22,29;0,2;18,57;3,72;0;22,29;22,29;Accessoire;Lacets;Lacets;M;White;false
V000874;L0001083;2024-07-01;14:23;S02;Discount;Peripherie;289;9h/20h;open 5/7;67;E0009;2331;2024-04-14;Sales;0,08;0,92;C0118;F;40;true;0;8;P018;shoe;82,16;0,2;68,47;13,69;0;82,16;82,16;Nike;Casual;Air;42;Red Blood;true
V000875;L0001084;2024-09-30;10:00;S03;Discount;Peripherie;222;9h/18h;open 5/7;51;E0019;1959;2021-03-27;Support;0,17;0,83;C0011;F;19;false;0;0;P044;shoe;80,07;0,2;66,72;13,35;0;80,07;80,07;Nike;Basketball;Flex;32;Pink;false
V000876;L0001085;2024-08-29;15:05;S02;Discount;Peripherie;289;9h/20h;open 5/7;67;E0014;2449;2024-05-13;Support;0,07;0,93;C0032;F;24;true;0;15;P057;shoe;80,07;0,2;66,72;13,35;0;80,07;80,07;Asics;Trail;Zoom;33;Brown Bear;false
V000876;L0001086;2024-08-29;15:05;S02;Discount;Peripherie;289;9h/20h;open 5/7;67;E0014;2449;2024-05-13;Support;0,07;0,93;C0032;F;24;true;0;15;P010;shoe;77,3;0,2;64,42;12,88;0;77,3;90,94;Asics;Training;Air;33;Brown Bear;false
V000877;L0001087;2024-12-11;14:07;S03;Discount;Peripherie;222;9h/18h;open 5/7;51;E0020;3242;2015-11-25;Sales;0,03;0,97;C0236;F;40;true;0;16;P026;shoe;142,69;0,2;118,91;23,78;0;142,69;142,69;Asics;Running;Air;43;Gold;true
V000877;L0001088;2024-12-11;14:07;S03;Discount;Peripherie;222;9h/18h;open 5/7;51;E0020;3242;2015-11-25;Sales;0,03;0,97;C0236;F;40;true;0;16;A009;accessory;14,27;0,2;11,89;2,38;0;14,27;17,84;Accessoire;Lacets;Lacets;L;Classic Grey;false
V000877;L0001089;2024-12-11;14:07;S03;Discount;Peripherie;222;9h/18h;open 5/7;51;E0020;3242;2015-11-25;Sales;0,03;0,97;C0236;F;40;true;0;16;A001;accessory;7,14;0,2;5,95;1,19;0;7,14;8,92;Accessoire;Sac de sport;Sac de sport;XS;Deep Blue;false
V000878;L0001090;2024-11-05;19:47;S02;Discount;Peripherie;289;9h/20h;open 5/7;67;E0011;1917;2024-03-22;Sales;0,16;0,84;C0129;M;48;false;0;0;P031;shoe;130,04;0,2;108,37;21,67;0;130,04;130,04;Puma;Limited Edition;Elite;32;Black;false
V000878;L0001091;2024-11-05;19:47;S02;Discount;Peripherie;289;9h/20h;open 5/7;67;E0011;1917;2024-03-22;Sales;0,16;0,84;C0129;M;48;false;0;0;A009;accessory;17,84;0,2;14,87;2,97;0;17,84;17,84;Accessoire;Lacets;Lacets;L;Classic Grey;false
V000879;L0001092;2024-05-31;14:59;S08;Discount;Peripherie;305;9h/19h;open 5/7;71;E0051;2396;2019-11-14;Sales;0,14;0,86;C0354;M;26;true;0;10;P088;shoe;100,86;0,2;84,05;16,81;0;100,86;104,48;Adidas;Running;Zoom;36;Black;true
V000880;L0001093;2024-04-03;18:18;S02;Discount;Peripherie;289;9h/20h;open 5/7;67;E0011;1917;2024-03-22;Sales;0,16;0,84;C0056;F;38;true;0;13;P053;shoe;136,56;0,2;113,8;22,76;0;136,56;136,56;Nike;Limited Edition;Zoom;38;Deep Blue;false
V000881;L0001094;2024-12-02;15:03;S08;Discount;Peripherie;305;9h/19h;open 5/7;71;E0054;2726;2017-12-28;Sales;0,09;0,91;C0319;F;33;true;0;12;P065;shoe;124,12;0,2;103,43;20,69;0;124,12;124,12;Reebok;Trail;Flex;41;Premium Black;false
V000882;L0001095;2024-04-30;18:48;S08;Discount;Peripherie;305;9h/19h;open 5/7;71;E0054;2726;2017-12-28;Sales;0,09;0,91;C0302;M;22;true;0;7;P022;shoe;78,82;0,2;65,68;13,14;0;78,82;87,58;New Balance;Running;Pro;41;Deep Blue;false
V000883;L0001096;2024-09-18;16:31;S03;Discount;Peripherie;222;9h/18h;open 5/7;51;E0020;3242;2015-11-25;Sales;0,03;0,97;C0192;M;47;true;0;10;P088;shoe;105,62;0,2;88,02;17,6;0;105,62;105,62;Adidas;Running;Zoom;36;Black;true
V000884;L0001097;2024-10-18;16:24;S08;Discount;Peripherie;305;9h/19h;open 5/7;71;E0047;2787;2013-12-27;Manager;0,11;0,89;C0357;F;16;true;0;10;P088;shoe;104,48;0,2;87,07;17,41;0;104,48;104,48;Adidas;Running;Zoom;36;Black;true
V000885;L0001098;2024-12-25;09:09;S05;Discount;Peripherie;271;9h/19h;open 6/7;64;E0027;2218;2019-03-23;Sales;0,11;0,89;C0075;M;49;true;0;7;P033;shoe;73,83;0,2;61,52;12,31;0;73,83;77,72;Jordans;Running;Max;31;Red Blood;false
V000886;L0001099;2024-12-21;18:49;S04;Standard;Centre-ville;95;9h/20h;open 6/7;16;E0026;2442;2016-11-14;Sales;0,11;0,89;C0135;F;16;true;0;7;P030;shoe;77,42;0,2;64,52;12,9;0;77,42;77,42;New Balance;Running;Pro;42;Light Green;false
V000887;L0001100;2024-03-18;14:06;S08;Discount;Peripherie;305;9h/19h;open 5/7;71;E0047;2787;2013-12-27;Manager;0,11;0,89;C0044;M;53;true;0;5;P066;shoe;55,1;0,2;45,92;9,18;0;55,1;68,88;Adidas;Casual;Air;34;Black;false
V000888;L0001101;2024-08-21;17:29;S06;Discount;Centre-ville;131;9h/18h;open 5/7;26;E0039;2587;2014-08-05;Sales;0,09;0,91;C0073;F;22;false;0;0;P053;shoe;138,59;0,2;115,49;23,1;0;138,59;138,59;Nike;Limited Edition;Zoom;38;Deep Blue;false
V000889;L0001102;2024-08-29;15:38;S04;Standard;Centre-ville;95;9h/20h;open 6/7;16;E0024;3374;2014-08-24;Sales;0,02;0,98;C0335;F;27;true;0;7;P059;shoe;74,97;0,2;62,48;12,49;0;74,97;83,3;Reebok;Running;Elite;43;Black;false
V000890;L0001103;2024-09-07;13:40;S05;Discount;Peripherie;271;9h/19h;open 6/7;64;E0032;2701;2008-11-13;Sales;0,25;0,75;C0340;F;24;true;0;9;P075;shoe;91,34;0,2;76,12;15,22;0;91,34;91,34;Jordans;Casual;Air;40;Deep Blue;false
V000891;L0001104;2024-07-04;17:01;S08;Discount;Peripherie;305;9h/19h;open 5/7;71;E0048;2463;2018-07-09;Sales;0,07;0,93;C0151;F;50;false;0;0;P073;shoe;155,82;0,2;129,85;25,97;0;155,82;172,88;Reebok;Limited Edition;Elite;39;Deep Blue;true
V000892;L0001105;2024-10-10;15:49;S03;Discount;Peripherie;222;9h/18h;open 5/7;51;E0020;3242;2015-11-25;Sales;0,03;0,97;C0160;M;44;true;0;21;P006;shoe;153,5;0,2;127,92;25,58;0;153,5;153,5;Asics;Limited Edition;Air;36;Pink;false
V000892;L0001106;2024-10-10;15:49;S03;Discount;Peripherie;222;9h/18h;open 5/7;51;E0020;3242;2015-11-25;Sales;0,03;0,97;C0160;M;44;true;0;21;P025;shoe;64,06;0,2;53,38;10,68;0;64,06;80,07;Asics;Trail;Flex;36;Sunny Yellow;false
V000893;L0001107;2024-05-06;10:47;S08;Discount;Peripherie;305;9h/19h;open 5/7;71;E0051;2396;2019-11-14;Sales;0,14;0,86;C0262;F;45;true;0;11;P076;shoe;119,44;0,2;99,53;19,91;0;119,44;119,44;Asics;Trail;Air;35;Premium Black;false
V000894;L0001108;2024-06-08;09:56;S05;Discount;Peripherie;271;9h/19h;open 6/7;64;E0033;2055;2019-07-02;Sales;0,11;0,89;C0393;F;47;false;0;0;P007;shoe;89,72;0,2;74,77;14,95;0;89,72;99,69;Adidas;Basketball;Max;33;Electric Blue;false
V000895;L0001109;2024-03-23;14:57;S05;Discount;Peripherie;271;9h/19h;open 6/7;64;E0031;2900;2015-02-28;Manager;0,06;0,94;C0309;M;16;false;0;0;P086;shoe;126,48;0,2;105,4;21,08;0;126,48;126,48;Adidas;Casual;Zoom;44;Premium Black;false
V000896;L0001110;2024-06-08;17:11;S04;Standard;Centre-ville;95;9h/20h;open 6/7;16;E0024;3374;2014-08-24;Sales;0,02;0,98;C0297;F;31;false;0;0;P088;shoe;116,42;0,2;97,02;19,4;0;116,42;116,42;Adidas;Running;Zoom;36;Black;true
V000897;L0001111;2024-11-12;11:27;S05;Discount;Peripherie;271;9h/19h;open 6/7;64;E0033;2055;2019-07-02;Sales;0,11;0,89;C0385;M;31;true;0;13;P047;shoe;132,28;0,2;110,23;22,05;0;132,28;132,28;Jordans;Trail;Air;37;Premium Black;true
V000898;L0001112;2024-07-18;13:29;S03;Discount;Peripherie;222;9h/18h;open 5/7;51;E0016;1986;2021-11-26;Manager;0,14;0,86;C0052;F;19;true;0;10;P009;shoe;101,8;0,2;84,83;16,97;0;101,8;101,8;Asics;Trail;Flex;40;Red Blood;false
V000899;L0001113;2024-08-09;13:14;S07;Standard;Centre-ville;95;9h/19h;open 5/7;18;E0045;2224;2018-01-08;Sales;0,15;0,85;C0411;M;42;true;0;15;P076;shoe;154;0,2;128,33;25,67;0;154;154;Asics;Trail;Air;35;Premium Black;false
V000900;L0001114;2024-12-23;18:52;S02;Discount;Peripherie;289;9h/20h;open 5/7;67;E0009;2331;2024-04-14;Sales;0,08;0,92;C0096;F;31;true;305;7;P085;shoe;71,3;0,2;59,42;11,88;30,5;101,8;101,8;Asics;Casual;Pro;39;White;false
V000901;L0001115;2024-02-23;17:14;S04;Standard;Centre-ville;95;9h/20h;open 6/7;16;E0024;3374;2014-08-24;Sales;0,02;0,98;C0172;M;24;true;0;25;P080;shoe;253,82;0,2;211,52;42,3;0;253,82;253,82;New Balance;Limited Edition;Flex;38;Black;false
V000902;L0001116;2024-12-20;13:49;S02;Discount;Peripherie;289;9h/20h;open 5/7;67;E0006;2836;2022-05-06;Sales;0,11;0,89;C0282;M;41;true;0;8;P025;shoe;80,07;0,2;66,72;13,35;0;80,07;80,07;Asics;Trail;Flex;36;Sunny Yellow;false
V000903;L0001117;2024-04-05;16:32;S08;Discount;Peripherie;305;9h/19h;open 5/7;71;E0053;2046;2020-08-26;Manager;0,14;0,86;C0409;F;25;true;0;11;P007;shoe;78,55;0,2;65,46;13,09;0;78,55;98,19;Adidas;Basketball;Max;33;Electric Blue;false
V000903;L0001118;2024-04-05;16:32;S08;Discount;Peripherie;305;9h/19h;open 5/7;71;E0053;2046;2020-08-26;Manager;0,14;0,86;C0409;F;25;true;0;11;A006;accessory;34,89;0,2;29,08;5,81;0;34,89;34,89;Accessoire;Sac de sport;Sac de sport;XS;Black;false
V000904;L0001119;2024-03-15;12:50;S08;Discount;Peripherie;305;9h/19h;open 5/7;71;E0054;2726;2017-12-28;Sales;0,09;0,91;C0355;M;35;false;0;0;P051;shoe;79,5;0,2;66,25;13,25;0;79,5;79,5;Jordans;Trail;Elite;31;Sunny Yellow;false
V000905;L0001120;2024-08-26;17:42;S08;Discount;Peripherie;305;9h/19h;open 5/7;71;E0054;2726;2017-12-28;Sales;0,09;0,91;C0229;M;43;false;0;0;P028;shoe;125,82;0,2;104,85;20,97;0;125,82;125,82;Jordans;Casual;Elite;39;Red Blood;false
V000906;L0001121;2024-04-08;17:29;S01;Premium;Centre-ville;81;9h/18h;open 5/7;11;E0001;2356;2009-12-04;Sales;0,23;0,77;C0352;F;45;false;0;0;P073;shoe;296,5;0,2;247,08;49,42;0;296,5;296,5;Reebok;Limited Edition;Elite;39;Deep Blue;true
V000907;L0001122;2024-01-29;16:44;S08;Discount;Peripherie;305;9h/19h;open 5/7;71;E0048;2463;2018-07-09;Sales;0,07;0,93;C0372;M;64;true;0;9;P010;shoe;90,13;0,2;75,11;15,02;0;90,13;90,13;Asics;Training;Air;33;Brown Bear;false
V000908;L0001123;2024-04-17;12:36;S05;Discount;Peripherie;271;9h/19h;open 6/7;64;E0034;2989;2019-04-19;Sales;0,08;0,92;C0088;F;16;true;0;10;P088;shoe;106,19;0,2;88,49;17,7;0;106,19;106,19;Adidas;Running;Zoom;36;Black;true
V000909;L0001124;2024-09-30;18:47;S08;Discount;Peripherie;305;9h/19h;open 5/7;71;E0054;2726;2017-12-28;Sales;0,09;0,91;C0088;F;16;true;0;10;P088;shoe;104,48;0,2;87,07;17,41;0;104,48;104,48;Adidas;Running;Zoom;36;Black;true
V000910;L0001125;2024-05-14;10:30;S05;Discount;Peripherie;271;9h/19h;open 6/7;64;E0028;2394;2021-02-14;Sales;0,15;0,85;C0288;F;29;true;0;10;P088;shoe;100,73;0,2;83,94;16,79;0;100,73;106,19;Adidas;Running;Zoom;36;Black;true
V000911;L0001126;2024-03-29;13:25;S05;Discount;Peripherie;271;9h/19h;open 6/7;64;E0032;2701;2008-11-13;Sales;0,25;0,75;C0038;M;16;true;0;10;P088;shoe;106,19;0,2;88,49;17,7;0;106,19;106,19;Adidas;Running;Zoom;36;Black;true
V000912;L0001127;2024-10-29;14:21;S05;Discount;Peripherie;271;9h/19h;open 6/7;64;E0034;2989;2019-04-19;Sales;0,08;0,92;C0347;M;38;false;0;0;P081;shoe;112,87;0,2;94,06;18,81;0;112,87;112,87;Adidas;Basketball;Max;32;Black;false
V000913;L0001128;2024-11-27;10:16;S05;Discount;Peripherie;271;9h/19h;open 6/7;64;E0035;2349;2010-01-14;Sales;0,22;0,78;C0316;F;35;true;0;12;P048;shoe;122,8;0,2;102,33;20,47;0;122,8;122,8;Jordans;Casual;Air;45;Brown Bear;true
V000914;L0001129;2024-12-30;16:19;S08;Discount;Peripherie;305;9h/19h;open 5/7;71;E0054;2726;2017-12-28;Sales;0,09;0,91;C0234;F;26;false;0;0;P047;shoe;129,73;0,2;108,11;21,62;0;129,73;129,73;Jordans;Trail;Air;37;Premium Black;true
V000915;L0001130;2024-01-11;16:31;S06;Discount;Centre-ville;131;9h/18h;open 5/7;26;E0040;2438;2015-03-10;Sales;0,09;0,91;C0084;M;43;false;0;0;P086;shoe;127,86;0,2;106,55;21,31;0;127,86;127,86;Adidas;Casual;Zoom;44;Premium Black;false
V000916;L0001131;2024-06-28;16:21;S03;Discount;Peripherie;222;9h/18h;open 5/7;51;E0015;2776;2012-04-21;Support;0,11;0,89;C0364;F;30;false;0;0;P029;shoe;88,33;0,2;73,61;14,72;0;88,33;88,33;Adidas;Basketball;Zoom;45;Brown Bear;false
V000916;L0001132;2024-06-28;16:21;S03;Discount;Peripherie;222;9h/18h;open 5/7;51;E0015;2776;2012-04-21;Support;0,11;0,89;C0364;F;30;false;0;0;A003;accessory;31,21;0,2;26,01;5,2;0;31,21;31,21;Accessoire;Tee-shirt;Tee-shirt;S;White;false
V000917;L0001133;2024-11-29;12:01;S05;Discount;Peripherie;271;9h/19h;open 6/7;64;E0028;2394;2021-02-14;Sales;0,15;0,85;C0232;M;50;false;0;0;P052;shoe;150,78;0,2;125,65;25,13;0;150,78;150,78;Nike;Limited Edition;Max;30;Deep Purple;true
V000918;L0001134;2024-02-20;15:33;S02;Discount;Peripherie;289;9h/20h;open 5/7;67;E0006;2836;2022-05-06;Sales;0,11;0,89;C0282;M;41;true;223;9;P035;shoe;94,7;0,2;78,92;15,78;22,3;117;117;Puma;Training;Pro;39;Red Blood;false
V000919;L0001135;2024-07-30;14:52;S02;Discount;Peripherie;289;9h/20h;open 5/7;67;E0006;2836;2022-05-06;Sales;0,11;0,89;C0404;F;45;true;0;8;P057;shoe;80,07;0,2;66,72;13,35;0;80,07;80,07;Asics;Trail;Zoom;33;Brown Bear;false
V000920;L0001136;2024-02-05;14:38;S06;Discount;Centre-ville;131;9h/18h;open 5/7;26;E0039;2587;2014-08-05;Sales;0,09;0,91;C0055;F;58;true;0;13;P041;shoe;133,87;0,2;111,56;22,31;0;133,87;133,87;Puma;Trail;Pro;39;Premium Black;false
V000921;L0001137;2024-02-20;17:16;S08;Discount;Peripherie;305;9h/19h;open 5/7;71;E0054;2726;2017-12-28;Sales;0,09;0,91;C0386;F;26;true;0;7;P008;shoe;79,5;0,2;66,25;13,25;0;79,5;79,5;Reebok;Casual;Elite;35;Deep Blue;false
V000922;L0001138;2024-03-15;19:06;S04;Standard;Centre-ville;95;9h/20h;open 6/7;16;E0023;2557;2016-03-21;Sales;0,07;0,93;C0173;M;66;false;0;0;P071;shoe;83,3;0,2;69,42;13,88;0;83,3;83,3;Reebok;Casual;Elite;32;Brown Bear;false
V000922;L0001139;2024-03-15;19:06;S04;Standard;Centre-ville;95;9h/20h;open 6/7;16;E0023;2557;2016-03-21;Sales;0,07;0,93;C0173;M;66;false;0;0;A005;accessory;24,5;0,2;20,42;4,08;0;24,5;24,5;Accessoire;Bonnet;Bonnet;M;Deep Blue;false
V000923;L0001140;2024-07-24;10:31;S08;Discount;Peripherie;305;9h/19h;open 5/7;71;E0051;2396;2019-11-14;Sales;0,14;0,86;C0094;F;41;true;0;16;P073;shoe;160,54;0,2;133,78;26,76;0;160,54;172,88;Reebok;Limited Edition;Elite;39;Deep Blue;true
V000924;L0001141;2024-02-12;12:07;S05;Discount;Peripherie;271;9h/19h;open 6/7;64;E0031;2900;2015-02-28;Manager;0,06;0,94;C0259;M;32;true;0;10;P007;shoe;99,69;0,2;83,08;16,61;0;99,69;99,69;Adidas;Basketball;Max;33;Electric Blue;false
V000924;L0001142;2024-02-12;12:07;S05;Discount;Peripherie;271;9h/19h;open 6/7;64;E0031;2900;2015-02-28;Manager;0,06;0,94;C0259;M;32;true;0;10;A004;accessory;9,02;0,2;7,52;1,5;0;9,02;9,02;Accessoire;Bonnet;Bonnet;XS;Black;false
V000925;L0001143;2024-04-05;14:23;S08;Discount;Peripherie;305;9h/19h;open 5/7;71;E0052;2362;2009-01-13;Sales;0,27;0,73;C0305;F;36;false;0;0;P056;shoe;121,57;0,2;101,31;20,26;0;121,57;121,57;Reebok;Basketball;Elite;45;Black;false
V000926;L0001144;2024-11-26;10:19;S08;Discount;Peripherie;305;9h/19h;open 5/7;71;E0048;2463;2018-07-09;Sales;0,07;0,93;C0071;M;23;true;0;11;P055;shoe;113,5;0,2;94,58;18,92;0;113,5;113,5;Reebok;Training;Zoom;31;Gold;false
V000927;L0001145;2024-10-24;15:51;S05;Discount;Peripherie;271;9h/19h;open 6/7;64;E0031;2900;2015-02-28;Manager;0,06;0,94;C0103;M;45;true;0;8;P018;shoe;82,47;0,2;68,73;13,74;0;82,47;82,47;Nike;Casual;Air;42;Red Blood;true
V000928;L0001146;2024-03-05;13:02;S08;Discount;Peripherie;305;9h/19h;open 5/7;71;E0048;2463;2018-07-09;Sales;0,07;0,93;C0412;M;31;true;0;10;P017;shoe;100,75;0,2;83,96;16,79;0;100,75;100,75;New Balance;Trail;Zoom;40;Classic Grey;false
V000929;L0001147;2024-01-29;11:58;S03;Discount;Peripherie;222;9h/18h;open 5/7;51;E0017;2560;2012-12-22;Support;0,1;0,9;C0088;F;16;true;0;10;P088;shoe;105,62;0,2;88,02;17,6;0;105,62;105,62;Adidas;Running;Zoom;36;Black;true
V000930;L0001148;2024-11-19;11:38;S08;Discount;Peripherie;305;9h/19h;open 5/7;71;E0047;2787;2013-12-27;Manager;0,11;0,89;C0316;F;35;true;0;10;P088;shoe;104,48;0,2;87,07;17,41;0;104,48;104,48;Adidas;Running;Zoom;36;Black;true
V000931;L0001149;2024-01-12;09:26;S06;Discount;Centre-ville;131;9h/18h;open 5/7;26;E0040;2438;2015-03-10;Sales;0,09;0,91;C0392;M;32;true;0;8;P044;shoe;82,77;0,2;68,97;13,8;0;82,77;82,77;Nike;Basketball;Flex;32;Pink;false
V000932;L0001150;2024-03-15;11:50;S07;Standard;Centre-ville;95;9h/19h;open 5/7;18;E0042;2118;2019-04-24;Sales;0,1;0,9;C0270;M;16;true;0;16;P036;shoe;169;0,2;140,83;28,17;0;169;169;New Balance;Training;Flex;44;Sunny Yellow;false
V000933;L0001151;2024-10-05;18:30;S04;Standard;Centre-ville;95;9h/20h;open 6/7;16;E0023;2557;2016-03-21;Sales;0,07;0,93;C0200;M;54;true;0;7;P022;shoe;72,39;0,2;60,33;12,06;0;72,39;77,42;New Balance;Running;Pro;41;Deep Blue;false
V000934;L0001152;2024-06-06;10:55;S08;Discount;Peripherie;305;9h/19h;open 5/7;71;E0049;2362;2018-06-15;Manager;0,11;0,89;C0153;M;16;true;0;10;P088;shoe;104,48;0,2;87,07;17,41;0;104,48;104,48;Adidas;Running;Zoom;36;Black;true
V000935;L0001153;2024-08-08;16:56;S08;Discount;Peripherie;305;9h/19h;open 5/7;71;E0054;2726;2017-12-28;Sales;0,09;0,91;C0184;F;25;true;0;11;P038;shoe;102,44;0,2;85,37;17,07;0;102,44;102,44;Reebok;Training;Elite;33;Brown Bear;false
V000935;L0001154;2024-08-08;16:56;S08;Discount;Peripherie;305;9h/19h;open 5/7;71;E0054;2726;2017-12-28;Sales;0,09;0,91;C0184;F;25;true;0;11;A009;accessory;17,44;0,2;14,53;2,91;0;17,44;17,44;Accessoire;Lacets;Lacets;L;Classic Grey;false
V000936;L0001155;2024-03-28;16:24;S03;Discount;Peripherie;222;9h/18h;open 5/7;51;E0020;3242;2015-11-25;Sales;0,03;0,97;C0077;F;29;true;188;7;P088;shoe;71,08;0,2;59,23;11,85;18,8;89,88;105,62;Adidas;Running;Zoom;36;Black;true
V000937;L0001156;2024-08-15;10:50;S03;Discount;Peripherie;222;9h/18h;open 5/7;51;E0020;3242;2015-11-25;Sales;0,03;0,97;C0148;M;40;true;0;13;P053;shoe;136,56;0,2;113,8;22,76;0;136,56;136,56;Nike;Limited Edition;Zoom;38;Deep Blue;false
V000938;L0001157;2024-04-05;16:05;S08;Discount;Peripherie;305;9h/19h;open 5/7;71;E0048;2463;2018-07-09;Sales;0,07;0,93;C0167;M;28;true;0;23;P025;shoe;79,5;0,2;66,25;13,25;0;79,5;79,5;Asics;Trail;Flex;36;Sunny Yellow;false
V000938;L0001158;2024-04-05;16:05;S08;Discount;Peripherie;305;9h/19h;open 5/7;71;E0048;2463;2018-07-09;Sales;0,07;0,93;C0167;M;28;true;0;23;P006;shoe;151,32;0,2;126,1;25,22;0;151,32;151,32;Asics;Limited Edition;Air;36;Pink;false
V000939;L0001159;2024-12-19;09:47;S03;Discount;Peripherie;222;9h/18h;open 5/7;51;E0020;3242;2015-11-25;Sales;0,03;0,97;C0363;M;27;true;0;9;P088;shoe;94,97;0,2;79,14;15,83;0;94,97;105,62;Adidas;Running;Zoom;36;Black;true
V000940;L0001160;2024-02-24;18:37;S04;Standard;Centre-ville;95;9h/20h;open 6/7;16;E0024;3374;2014-08-24;Sales;0,02;0,98;C0343;F;26;true;0;11;P088;shoe;116,42;0,2;97,02;19,4;0;116,42;116,42;Adidas;Running;Zoom;36;Black;true
V000941;L0001161;2024-06-27;15:48;S06;Discount;Centre-ville;131;9h/18h;open 5/7;26;E0038;2382;2014-10-09;Support;0,22;0,78;C0037;M;16;true;0;32;P020;shoe;157,49;0,2;131,24;26,25;0;157,49;157,49;Puma;Limited Edition;Zoom;33;Red Blood;false
V000941;L0001162;2024-06-27;15:48;S06;Discount;Centre-ville;131;9h/18h;open 5/7;26;E0038;2382;2014-10-09;Support;0,22;0,78;C0037;M;16;true;0;32;P012;shoe;166,07;0,2;138,39;27,68;0;166,07;166,07;Puma;Limited Edition;Elite;33;Gold;false
V000942;L0001163;2024-07-18;17:12;S07;Standard;Centre-ville;95;9h/19h;open 5/7;18;E0044;1980;2020-02-22;Sales;0,11;0,89;C0142;M;33;true;0;13;P070;shoe;139;0,2;115,83;23,17;0;139;139;Adidas;Casual;Pro;40;Deep Purple;false
V000943;L0001164;2024-11-06;09:38;S02;Discount;Peripherie;289;9h/20h;open 5/7;67;E0009;2331;2024-04-14;Sales;0,08;0,92;C0371;F;19;true;0;15;P006;shoe;153,5;0,2;127,92;25,58;0;153,5;153,5;Asics;Limited Edition;Air;36;Pink;false
V000944;L0001165;2024-05-25;13:10;S04;Standard;Centre-ville;95;9h/20h;open 6/7;16;E0024;3374;2014-08-24;Sales;0,02;0,98;C0119;F;32;true;0;13;P088;shoe;116,42;0,2;97,02;19,4;0;116,42;116,42;Adidas;Running;Zoom;36;Black;true
V000944;L0001166;2024-05-25;13:10;S04;Standard;Centre-ville;95;9h/20h;open 6/7;16;E0024;3374;2014-08-24;Sales;0,02;0,98;C0119;F;32;true;0;13;A009;accessory;19,6;0,2;16,33;3,27;0;19,6;19,6;Accessoire;Lacets;Lacets;L;Classic Grey;false
V000945;L0001167;2024-09-23;10:52;S08;Discount;Peripherie;305;9h/19h;open 5/7;71;E0047;2787;2013-12-27;Manager;0,11;0,89;C0291;M;37;true;0;8;P022;shoe;87,58;0,2;72,98;14,6;0;87,58;87,58;New Balance;Running;Pro;41;Deep Blue;false
V000946;L0001168;2024-06-07;13:14;S05;Discount;Peripherie;271;9h/19h;open 6/7;64;E0034;2989;2019-04-19;Sales;0,08;0,92;C0024;M;24;true;0;12;P028;shoe;128,24;0,2;106,87;21,37;0;128,24;128,24;Jordans;Casual;Elite;39;Red Blood;false
V000947;L0001169;2024-09-17;10:29;S06;Discount;Centre-ville;131;9h/18h;open 5/7;26;E0037;2317;2019-10-08;Manager;0,17;0,83;C0336;F;28;true;0;8;P044;shoe;82,77;0,2;68,97;13,8;0;82,77;82,77;Nike;Basketball;Flex;32;Pink;false
V000948;L0001170;2024-02-28;15:13;S08;Discount;Peripherie;305;9h/19h;open 5/7;71;E0047;2787;2013-12-27;Manager;0,11;0,89;C0209;M;42;false;0;0;P067;shoe;105;0,2;87,5;17,5;0;105;105;Adidas;Running;Pro;30;Light Green;false
V000949;L0001171;2024-11-21;11:31;S02;Discount;Peripherie;289;9h/20h;open 5/7;67;E0011;1917;2024-03-22;Sales;0,16;0,84;C0284;F;27;true;0;15;P006;shoe;153,5;0,2;127,92;25,58;0;153,5;153,5;Asics;Limited Edition;Air;36;Pink;false
V000950;L0001172;2024-02-12;10:28;S07;Standard;Centre-ville;95;9h/19h;open 5/7;18;E0045;2224;2018-01-08;Sales;0,15;0,85;C0282;M;41;true;0;12;P083;shoe;129,6;0,2;108;21,6;0;129,6;129,6;New Balance;Trail;Flex;33;Brown Bear;true
V000951;L0001173;2024-07-05;11:08;S03;Discount;Peripherie;222;9h/18h;open 5/7;51;E0020;3242;2015-11-25;Sales;0,03;0,97;C0244;F;42;true;0;10;P088;shoe;105,62;0,2;88,02;17,6;0;105,62;105,62;Adidas;Running;Zoom;36;Black;true
V000952;L0001174;2024-03-01;16:45;S04;Standard;Centre-ville;95;9h/20h;open 6/7;16;E0024;3374;2014-08-24;Sales;0,02;0,98;C0179;F;37;true;0;27;P073;shoe;274,13;0,2;228,44;45,69;0;274,13;274,13;Reebok;Limited Edition;Elite;39;Deep Blue;true
V000953;L0001175;2024-12-25;11:28;S08;Discount;Peripherie;305;9h/19h;open 5/7;71;E0047;2787;2013-12-27;Manager;0,11;0,89;C0357;F;16;true;0;10;P088;shoe;104,48;0,2;87,07;17,41;0;104,48;104,48;Adidas;Running;Zoom;36;Black;true
V000954;L0001176;2024-10-18;17:03;S08;Discount;Peripherie;305;9h/19h;open 5/7;71;E0051;2396;2019-11-14;Sales;0,14;0,86;C0153;M;16;true;0;12;P047;shoe;129,73;0,2;108,11;21,62;0;129,73;129,73;Jordans;Trail;Air;37;Premium Black;true
V000955;L0001177;2024-12-03;16:53;S07;Standard;Centre-ville;95;9h/19h;open 5/7;18;E0043;2926;2014-01-15;Sales;0,03;0,97;C0020;F;35;true;0;8;P068;shoe;85,32;0,2;71,1;14,22;0;85,32;85,32;New Balance;Trail;Zoom;40;Light Green;true
V000956;L0001178;2024-12-19;14:06;S06;Discount;Centre-ville;131;9h/18h;open 5/7;26;E0040;2438;2015-03-10;Sales;0,09;0,91;C0103;M;45;true;0;13;P062;shoe;138,59;0,2;115,49;23,1;0;138,59;138,59;Nike;Limited Edition;Air;42;White;false
V000957;L0001179;2024-06-10;11:50;S03;Discount;Peripherie;222;9h/18h;open 5/7;51;E0016;1986;2021-11-26;Manager;0,14;0,86;C0103;M;45;true;150;13;P052;shoe;134,74;0,2;112,28;22,46;15;149,74;149,74;Nike;Limited Edition;Max;30;Deep Purple;true
V000958;L0001180;2024-12-19;15:44;S08;Discount;Peripherie;305;9h/19h;open 5/7;71;E0048;2463;2018-07-09;Sales;0,07;0,93;C0170;F;30;true;0;10;P019;shoe;100,83;0,2;84,03;16,8;0;100,83;121,57;Asics;Casual;Zoom;37;Deep Purple;false
V000959;L0001181;2024-12-24;14:42;S08;Discount;Peripherie;305;9h/19h;open 5/7;71;E0053;2046;2020-08-26;Manager;0,14;0,86;C0349;F;48;true;210;4;P079;shoe;49,06;0,2;40,88;8,18;21;70,06;70,06;New Balance;Basketball;Flex;32;Deep Blue;true
V000960;L0001182;2024-09-20;14:47;S08;Discount;Peripherie;305;9h/19h;open 5/7;71;E0054;2726;2017-12-28;Sales;0,09;0,91;C0014;F;16;true;105;13;P026;shoe;130,25;0,2;108,54;21,71;10,5;140,75;140,75;Asics;Running;Air;43;Gold;true
V000961;L0001183;2024-01-20;17:51;S05;Discount;Peripherie;271;9h/19h;open 6/7;64;E0033;2055;2019-07-02;Sales;0,11;0,89;C0409;F;25;true;0;9;P053;shoe;95,77;0,2;79,81;15,96;0;95,77;137,47;Nike;Limited Edition;Zoom;38;Deep Blue;false
V000962;L0001184;2024-01-31;09:02;S01;Premium;Centre-ville;81;9h/18h;open 5/7;11;E0002;2848;2013-08-07;Sales;0,09;0,91;C0190;F;22;true;0;20;P084;shoe;200,34;0,2;166,95;33,39;0;200,34;200,34;Reebok;Trail;Air;44;Premium Black;false
V000963;L0001185;2024-12-09;17:04;S02;Discount;Peripherie;289;9h/20h;open 5/7;67;E0009;2331;2024-04-14;Sales;0,08;0,92;C0379;M;30;true;0;16;P012;shoe;164,37;0,2;136,98;27,39;0;164,37;164,37;Puma;Limited Edition;Elite;33;Gold;false
V000964;L0001186;2024-10-07;12:03;S06;Discount;Centre-ville;131;9h/18h;open 5/7;26;E0039;2587;2014-08-05;Sales;0,09;0,91;C0022;M;28;true;0;12;P063;shoe;93,64;0,2;78,03;15,61;0;93,64;93,64;Nike;Casual;Max;40;Pink;true
V000964;L0001187;2024-10-07;12:03;S06;Discount;Centre-ville;131;9h/18h;open 5/7;26;E0039;2587;2014-08-05;Sales;0,09;0,91;C0022;M;28;true;0;12;A003;accessory;30,53;0,2;25,44;5,09;0;30,53;30,53;Accessoire;Tee-shirt;Tee-shirt;S;White;false
V000965;L0001188;2024-09-19;12:51;S01;Premium;Centre-ville;81;9h/18h;open 5/7;11;E0002;2848;2013-08-07;Sales;0,09;0,91;C0017;M;34;true;0;11;P061;shoe;116,6;0,2;97,17;19,43;0;116,6;116,6;Reebok;Casual;Pro;41;White;false
V000966;L0001189;2024-05-14;14:12;S02;Discount;Peripherie;289;9h/20h;open 5/7;67;E0009;2331;2024-04-14;Sales;0,08;0,92;C0307;M;44;true;0;13;P053;shoe;136,56;0,2;113,8;22,76;0;136,56;136,56;Nike;Limited Edition;Zoom;38;Deep Blue;false
V000967;L0001190;2024-09-16;10:16;S01;Premium;Centre-ville;81;9h/18h;open 5/7;11;E0002;2848;2013-08-07;Sales;0,09;0,91;C0160;M;44;true;0;13;P055;shoe;136,23;0,2;113,52;22,71;0;136,23;148,4;Reebok;Training;Zoom;31;Gold;false
V000968;L0001191;2024-06-19;16:32;S05;Discount;Peripherie;271;9h/19h;open 6/7;64;E0031;2900;2015-02-28;Manager;0,06;0,94;C0009;M;59;false;0;0;P052;shoe;141,76;0,2;118,13;23,63;0;141,76;150,78;Nike;Limited Edition;Max;30;Deep Purple;true
V000969;L0001192;2024-02-01;16:57;S02;Discount;Peripherie;289;9h/20h;open 5/7;67;E0013;2207;2023-11-19;Sales;0,19;0,81;C0003;F;17;false;0;0;P041;shoe;131,78;0,2;109,82;21,96;0;131,78;131,78;Puma;Trail;Pro;39;Premium Black;false
V000970;L0001193;2024-08-06;12:29;S05;Discount;Peripherie;271;9h/19h;open 6/7;64;E0031;2900;2015-02-28;Manager;0,06;0,94;C0177;M;36;false;0;0;P063;shoe;91,48;0,2;76,23;15,25;0;91,48;91,48;Nike;Casual;Max;40;Pink;true
V000971;L0001194;2024-03-18;12:28;S03;Discount;Peripherie;222;9h/18h;open 5/7;51;E0020;3242;2015-11-25;Sales;0,03;0,97;C0383;F;20;true;0;13;P053;shoe;136,56;0,2;113,8;22,76;0;136,56;136,56;Nike;Limited Edition;Zoom;38;Deep Blue;false
V000972;L0001195;2024-02-12;12:25;S07;Standard;Centre-ville;95;9h/19h;open 5/7;18;E0045;2224;2018-01-08;Sales;0,15;0,85;C0127;F;26;true;0;22;P001;shoe;150,12;0,2;125,1;25,02;0;150,12;150,12;New Balance;Training;Max;41;Electric Blue;true
V000972;L0001196;2024-02-12;12:25;S07;Standard;Centre-ville;95;9h/19h;open 5/7;18;E0045;2224;2018-01-08;Sales;0,15;0,85;C0127;F;26;true;0;22;P022;shoe;73,39;0,2;61,16;12,23;0;73,39;79;New Balance;Running;Pro;41;Deep Blue;false
V000973;L0001197;2024-09-05;12:47;S04;Standard;Centre-ville;95;9h/20h;open 6/7;16;E0025;2018;2019-10-07;Sales;0,15;0,85;C0281;F;24;true;0;11;P088;shoe;116,42;0,2;97,02;19,4;0;116,42;116,42;Adidas;Running;Zoom;36;Black;true
V000974;L0001198;2024-11-14;14:33;S05;Discount;Peripherie;271;9h/19h;open 6/7;64;E0034;2989;2019-04-19;Sales;0,08;0,92;C0379;M;30;true;0;13;P053;shoe;137,47;0,2;114,56;22,91;0;137,47;137,47;Nike;Limited Edition;Zoom;38;Deep Blue;false
V000975;L0001199;2024-01-19;12:53;S08;Discount;Peripherie;305;9h/19h;open 5/7;71;E0050;2303;2014-09-25;Support;0,29;0,71;C0347;M;38;false;0;0;P023;shoe;115,62;0,2;96,35;19,27;0;115,62;115,62;Adidas;Basketball;Zoom;38;Pink;false
V000976;L0001200;2024-12-12;12:24;S07;Standard;Centre-ville;95;9h/19h;open 5/7;18;E0044;1980;2020-02-22;Sales;0,11;0,89;C0400;M;46;true;0;7;P030;shoe;79;0,2;65,83;13,17;0;79;79;New Balance;Running;Pro;42;Light Green;false
V000977;L0001201;2024-12-06;14:54;S08;Discount;Peripherie;305;9h/19h;open 5/7;71;E0052;2362;2009-01-13;Sales;0,27;0,73;C0328;M;19;true;0;12;P047;shoe;129,73;0,2;108,11;21,62;0;129,73;129,73;Jordans;Trail;Air;37;Premium Black;true
V000978;L0001202;2024-07-12;15:25;S05;Discount;Peripherie;271;9h/19h;open 6/7;64;E0033;2055;2019-07-02;Sales;0,11;0,89;C0056;F;38;true;165;10;P027;shoe;103,45;0,2;86,21;17,24;16,5;119,95;119,95;Jordans;Trail;Flex;40;Pink;true
V000979;L0001203;2024-01-27;16:57;S05;Discount;Peripherie;271;9h/19h;open 6/7;64;E0028;2394;2021-02-14;Sales;0,15;0,85;C0075;M;49;true;0;11;P013;shoe;112,87;0,2;94,06;18,81;0;112,87;112,87;Jordans;Casual;Pro;30;White;false
V000980;L0001204;2024-01-22;16:46;S07;Standard;Centre-ville;95;9h/19h;open 5/7;18;E0045;2224;2018-01-08;Sales;0,15;0,85;C0238;F;27;true;0;20;P026;shoe;204,12;0,2;170,1;34,02;0;204,12;204,12;Asics;Running;Air;43;Gold;true
V000981;L0001205;2024-11-07;10:27;S03;Discount;Peripherie;222;9h/18h;open 5/7;51;E0015;2776;2012-04-21;Support;0,11;0,89;C0343;F;26;true;0;14;P052;shoe;149,74;0,2;124,78;24,96;0;149,74;149,74;Nike;Limited Edition;Max;30;Deep Purple;true
V000982;L0001206;2024-10-25;18:33;S08;Discount;Peripherie;305;9h/19h;open 5/7;71;E0047;2787;2013-12-27;Manager;0,11;0,89;C0333;M;48;false;0;0;P056;shoe;121,57;0,2;101,31;20,26;0;121,57;121,57;Reebok;Basketball;Elite;45;Black;false
V000983;L0001207;2024-09-14;17:13;S05;Discount;Peripherie;271;9h/19h;open 6/7;64;E0034;2989;2019-04-19;Sales;0,08;0,92;C0226;F;36;true;0;10;P088;shoe;106,19;0,2;88,49;17,7;0;106,19;106,19;Adidas;Running;Zoom;36;Black;true
V000984;L0001208;2024-02-20;09:24;S02;Discount;Peripherie;289;9h/20h;open 5/7;67;E0006;2836;2022-05-06;Sales;0,11;0,89;C0236;F;40;true;0;11;P046;shoe;116,57;0,2;97,14;19,43;0;116,57;116,57;Asics;Trail;Flex;32;Classic Grey;false
V000985;L0001209;2024-04-11;15:21;S03;Discount;Peripherie;222;9h/18h;open 5/7;51;E0020;3242;2015-11-25;Sales;0,03;0,97;C0229;M;43;false;0;0;P062;shoe;114,44;0,2;95,37;19,07;0;114,44;136,56;Nike;Limited Edition;Air;42;White;false
V000986;L0001210;2024-10-21;12:19;S08;Discount;Peripherie;305;9h/19h;open 5/7;71;E0053;2046;2020-08-26;Manager;0,14;0,86;C0357;F;16;true;0;17;P073;shoe;172,88;0,2;144,07;28,81;0;172,88;172,88;Reebok;Limited Edition;Elite;39;Deep Blue;true
V000987;L0001211;2024-04-12;16:19;S05;Discount;Peripherie;271;9h/19h;open 6/7;64;E0034;2989;2019-04-19;Sales;0,08;0,92;C0191;F;32;true;0;8;P040;shoe;80,36;0,2;66,97;13,39;0;80,36;80,36;Nike;Trail;Zoom;44;Black;false
V000988;L0001212;2024-12-30;09:09;S08;Discount;Peripherie;305;9h/19h;open 5/7;71;E0049;2362;2018-06-15;Manager;0,11;0,89;C0391;M;37;false;0;0;P010;shoe;81,12;0,2;67,6;13,52;0;81,12;90,13;Asics;Training;Air;33;Brown Bear;false
V000989;L0001213;2024-07-15;09:55;S05;Discount;Peripherie;271;9h/19h;open 6/7;64;E0034;2989;2019-04-19;Sales;0,08;0,92;C0179;F;37;true;0;7;P033;shoe;77,72;0,2;64,77;12,95;0;77,72;77,72;Jordans;Running;Max;31;Red Blood;false
V000990;L0001214;2024-10-22;14:49;S08;Discount;Peripherie;305;9h/19h;open 5/7;71;E0051;2396;2019-11-14;Sales;0,14;0,86;C0310;F;16;true;0;17;P073;shoe;172,88;0,2;144,07;28,81;0;172,88;172,88;Reebok;Limited Edition;Elite;39;Deep Blue;true
V000991;L0001215;2024-08-07;15:45;S06;Discount;Centre-ville;131;9h/18h;open 5/7;26;E0039;2587;2014-08-05;Sales;0,09;0,91;C0117;M;48;true;0;11;P014;shoe;82,77;0,2;68,97;13,8;0;82,77;82,77;Adidas;Basketball;Flex;30;Brown Bear;false
V000991;L0001216;2024-08-07;15:45;S06;Discount;Centre-ville;131;9h/18h;open 5/7;26;E0039;2587;2014-08-05;Sales;0,09;0,91;C0117;M;48;true;0;11;A011;accessory;13,08;0,2;10,9;2,18;0;13,08;13,08;Accessoire;Casquette;Casquette;L;Classic Grey;false
V000991;L0001217;2024-08-07;15:45;S06;Discount;Centre-ville;131;9h/18h;open 5/7;26;E0039;2587;2014-08-05;Sales;0,09;0,91;C0117;M;48;true;0;11;A010;accessory;17,44;0,2;14,53;2,91;0;17,44;17,44;Accessoire;Tee-shirt;Tee-shirt;XL;Black;false
V000992;L0001218;2024-10-01;18:54;S08;Discount;Peripherie;305;9h/19h;open 5/7;71;E0054;2726;2017-12-28;Sales;0,09;0,91;C0177;M;36;false;0;0;P027;shoe;99,61;0,2;83,01;16,6;0;99,61;117,8;Jordans;Trail;Flex;40;Pink;true
V000993;L0001219;2024-07-20;15:24;S04;Standard;Centre-ville;95;9h/20h;open 6/7;16;E0026;2442;2016-11-14;Sales;0,11;0,89;C0288;F;29;true;0;11;P088;shoe;116,42;0,2;97,02;19,4;0;116,42;116,42;Adidas;Running;Zoom;36;Black;true
V000994;L0001220;2024-08-30;14:16;S02;Discount;Peripherie;289;9h/20h;open 5/7;67;E0013;2207;2023-11-19;Sales;0,19;0,81;C0246;M;32;true;0;8;P049;shoe;80,07;0,2;66,72;13,35;0;80,07;80,07;Puma;Training;Max;31;Deep Purple;false
V000995;L0001221;2024-05-21;11:13;S03;Discount;Peripherie;222;9h/18h;open 5/7;51;E0016;1986;2021-11-26;Manager;0,14;0,86;C0316;F;35;true;0;13;P053;shoe;132,11;0,2;110,09;22,02;0;132,11;136,56;Nike;Limited Edition;Zoom;38;Deep Blue;false
V000996;L0001222;2024-11-01;18:10;S08;Discount;Peripherie;305;9h/19h;open 5/7;71;E0051;2396;2019-11-14;Sales;0,14;0,86;C0218;M;17;true;0;11;P027;shoe;117,8;0,2;98,17;19,63;0;117,8;117,8;Jordans;Trail;Flex;40;Pink;true
V000997;L0001223;2024-04-11;17:53;S04;Standard;Centre-ville;95;9h/20h;open 6/7;16;E0023;2557;2016-03-21;Sales;0,07;0,93;C0102;M;21;true;0;14;P088;shoe;116,42;0,2;97,02;19,4;0;116,42;116,42;Adidas;Running;Zoom;36;Black;true
V000997;L0001224;2024-04-11;17:53;S04;Standard;Centre-ville;95;9h/20h;open 6/7;16;E0023;2557;2016-03-21;Sales;0,07;0,93;C0102;M;21;true;0;14;A005;accessory;24,5;0,2;20,42;4,08;0;24,5;24,5;Accessoire;Bonnet;Bonnet;M;Deep Blue;false
V000998;L0001225;2024-10-17;18:49;S05;Discount;Peripherie;271;9h/19h;open 6/7;64;E0032;2701;2008-11-13;Sales;0,25;0,75;C0151;F;50;false;0;0;P018;shoe;82,47;0,2;68,73;13,74;0;82,47;82,47;Nike;Casual;Air;42;Red Blood;true
V000998;L0001226;2024-10-17;18:49;S05;Discount;Peripherie;271;9h/19h;open 6/7;64;E0032;2701;2008-11-13;Sales;0,25;0,75;C0151;F;50;false;0;0;P062;shoe;137,47;0,2;114,56;22,91;0;137,47;137,47;Nike;Limited Edition;Air;42;White;false
V000999;L0001227;2024-07-05;10:29;S06;Discount;Centre-ville;131;9h/18h;open 5/7;26;E0038;2382;2014-10-09;Support;0,22;0,78;C0032;F;24;true;0;11;P023;shoe;119,27;0,2;99,39;19,88;0;119,27;119,27;Adidas;Basketball;Zoom;38;Pink;false
V001000;L0001228;2024-01-26;14:47;S05;Discount;Peripherie;271;9h/19h;open 6/7;64;E0034;2989;2019-04-19;Sales;0,08;0,92;C0050;M;37;true;0;7;P066;shoe;69,38;0,2;57,82;11,56;0;69,38;69,38;Adidas;Casual;Air;34;Black;false
V001000;L0001229;2024-01-26;14:47;S05;Discount;Peripherie;271;9h/19h;open 6/7;64;E0034;2989;2019-04-19;Sales;0,08;0,92;C0050;M;37;true;0;7;A001;accessory;9,02;0,2;7,52;1,5;0;9,02;9,02;Accessoire;Sac de sport;Sac de sport;XS;Deep Blue;false
V001001;L0001230;2024-03-02;09:06;S05;Discount;Peripherie;271;9h/19h;open 6/7;64;E0034;2989;2019-04-19;Sales;0,08;0,92;C0233;M;20;true;0;8;P014;shoe;80,36;0,2;66,97;13,39;0;80,36;80,36;Adidas;Basketball;Flex;30;Brown Bear;false
V001002;L0001231;2024-12-05;17:57;S08;Discount;Peripherie;305;9h/19h;open 5/7;71;E0051;2396;2019-11-14;Sales;0,14;0,86;C0333;M;48;false;0;0;P021;shoe;123,69;0,2;103,08;20,61;0;123,69;123,69;Reebok;Casual;Air;32;Gold;false
V001003;L0001232;2024-09-05;12:55;S03;Discount;Peripherie;222;9h/18h;open 5/7;51;E0016;1986;2021-11-26;Manager;0,14;0,86;C0131;M;52;false;0;0;P053;shoe;111,16;0,2;92,63;18,53;0;111,16;136,56;Nike;Limited Edition;Zoom;38;Deep Blue;false
V001003;L0001233;2024-09-05;12:55;S03;Discount;Peripherie;222;9h/18h;open 5/7;51;E0016;1986;2021-11-26;Manager;0,14;0,86;C0131;M;52;false;0;0;A009;accessory;17,84;0,2;14,87;2,97;0;17,84;17,84;Accessoire;Lacets;Lacets;L;Classic Grey;false
V001004;L0001234;2024-02-09;11:13;S07;Standard;Centre-ville;95;9h/19h;open 5/7;18;E0044;1980;2020-02-22;Sales;0,11;0,89;C0347;M;38;false;0;0;P070;shoe;139;0,2;115,83;23,17;0;139;139;Adidas;Casual;Pro;40;Deep Purple;false
V001005;L0001235;2024-01-10;15:30;S05;Discount;Peripherie;271;9h/19h;open 6/7;64;E0031;2900;2015-02-28;Manager;0,06;0,94;C0232;M;50;false;0;0;P052;shoe;150,78;0,2;125,65;25,13;0;150,78;150,78;Nike;Limited Edition;Max;30;Deep Purple;true
V001006;L0001236;2024-09-02;17:26;S03;Discount;Peripherie;222;9h/18h;open 5/7;51;E0015;2776;2012-04-21;Support;0,11;0,89;C0306;M;50;true;174;6;P063;shoe;60,89;0,2;50,74;10,15;17,4;78,29;91,08;Nike;Casual;Max;40;Pink;true
V001007;L0001237;2024-02-22;11:08;S08;Discount;Peripherie;305;9h/19h;open 5/7;71;E0047;2787;2013-12-27;Manager;0,11;0,89;C0183;F;37;false;0;0;P034;shoe;87,58;0,2;72,98;14,6;0;87,58;87,58;Jordans;Running;Zoom;38;Deep Purple;false
V001008;L0001238;2024-11-01;10:51;S03;Discount;Peripherie;222;9h/18h;open 5/7;51;E0020;3242;2015-11-25;Sales;0,03;0,97;C0055;F;58;true;0;10;P088;shoe;105,62;0,2;88,02;17,6;0;105,62;105,62;Adidas;Running;Zoom;36;Black;true
V001009;L0001239;2024-02-29;19:07;S04;Standard;Centre-ville;95;9h/20h;open 6/7;16;E0023;2557;2016-03-21;Sales;0,07;0,93;C0102;M;21;true;0;11;P088;shoe;116,42;0,2;97,02;19,4;0;116,42;116,42;Adidas;Running;Zoom;36;Black;true
V001010;L0001240;2024-08-03;11:24;S04;Standard;Centre-ville;95;9h/20h;open 6/7;16;E0024;3374;2014-08-24;Sales;0,02;0,98;C0338;F;37;true;0;22;P003;shoe;148,88;0,2;124,07;24,81;0;148,88;196;New Balance;Limited Edition;Max;40;Electric Blue;false
V001010;L0001241;2024-08-03;11:24;S04;Standard;Centre-ville;95;9h/20h;open 6/7;16;E0024;3374;2014-08-24;Sales;0,02;0,98;C0338;F;37;true;0;22;P068;shoe;74,5;0,2;62,08;12,42;0;74,5;83,61;New Balance;Trail;Zoom;40;Light Green;true
V001011;L0001242;2024-06-05;17:49;S06;Discount;Centre-ville;131;9h/18h;open 5/7;26;E0039;2587;2014-08-05;Sales;0,09;0,91;C0116;M;16;true;0;11;P077;shoe;119,27;0,2;99,39;19,88;0;119,27;119,27;Puma;Basketball;Zoom;39;Brown Bear;false
V001012;L0001243;2024-06-12;14:20;S07;Standard;Centre-ville;95;9h/19h;open 5/7;18;E0045;2224;2018-01-08;Sales;0,15;0,85;C0110;M;36;true;0;10;P009;shoe;104,5;0,2;87,08;17,42;0;104,5;110;Asics;Trail;Flex;40;Red Blood;false
V001013;L0001244;2024-02-14;14:18;S07;Standard;Centre-ville;95;9h/19h;open 5/7;18;E0042;2118;2019-04-24;Sales;0,1;0,9;C0163;F;58;false;0;0;P086;shoe;165;0,2;137,5;27,5;0;165;165;Adidas;Casual;Zoom;44;Premium Black;false
V001014;L0001245;2024-03-08;17:16;S05;Discount;Peripherie;271;9h/19h;open 6/7;64;E0034;2989;2019-04-19;Sales;0,08;0,92;C0022;M;28;true;0;13;P047;shoe;132,28;0,2;110,23;22,05;0;132,28;132,28;Jordans;Trail;Air;37;Premium Black;true
V001015;L0001246;2024-05-10;13:26;S02;Discount;Peripherie;289;9h/20h;open 5/7;67;E0010;2189;2023-11-12;Sales;0,18;0,82;C0120;M;58;true;0;18;P037;shoe;184,93;0,2;154,11;30,82;0;184,93;184,93;Puma;Limited Edition;Zoom;38;Gold;true
V001016;L0001247;2024-12-18;13:40;S02;Discount;Peripherie;289;9h/20h;open 5/7;67;E0007;2453;2024-11-07;Sales;0,24;0,76;C0043;F;36;true;0;13;P053;shoe;136,56;0,2;113,8;22,76;0;136,56;136,56;Nike;Limited Edition;Zoom;38;Deep Blue;false
V001017;L0001248;2024-08-12;17:42;S05;Discount;Peripherie;271;9h/19h;open 6/7;64;E0031;2900;2015-02-28;Manager;0,06;0,94;C0140;M;28;false;0;0;P005;shoe;100,13;0,2;83,44;16,69;0;100,13;100,13;Nike;Casual;Max;33;Premium Black;false
V001017;L0001249;2024-08-12;17:42;S05;Discount;Peripherie;271;9h/19h;open 6/7;64;E0031;2900;2015-02-28;Manager;0,06;0,94;C0140;M;28;false;0;0;A011;accessory;10,82;0,2;9,02;1,8;0;10,82;13,52;Accessoire;Casquette;Casquette;L;Classic Grey;false
V001018;L0001250;2024-01-10;16:29;S03;Discount;Peripherie;222;9h/18h;open 5/7;51;E0017;2560;2012-12-22;Support;0,1;0,9;C0348;F;28;true;0;10;P088;shoe;105,62;0,2;88,02;17,6;0;105,62;105,62;Adidas;Running;Zoom;36;Black;true
V001019;L0001251;2024-08-24;13:02;S05;Discount;Peripherie;271;9h/19h;open 6/7;64;E0034;2989;2019-04-19;Sales;0,08;0,92;C0075;M;49;true;0;8;P034;shoe;88,7;0,2;73,92;14,78;0;88,7;88,7;Jordans;Running;Zoom;38;Deep Purple;false
V001020;L0001252;2024-06-29;14:00;S04;Standard;Centre-ville;95;9h/20h;open 6/7;16;E0023;2557;2016-03-21;Sales;0,07;0,93;C0282;M;41;true;0;16;P065;shoe;161,7;0,2;134,75;26,95;0;161,7;161,7;Reebok;Trail;Flex;41;Premium Black;false
V001021;L0001253;2024-10-25;14:04;S06;Discount;Centre-ville;131;9h/18h;open 5/7;26;E0039;2587;2014-08-05;Sales;0,09;0,91;C0132;M;25;true;0;11;P072;shoe;112,4;0,2;93,67;18,73;0;112,4;112,4;Puma;Trail;Pro;43;Sunny Yellow;false
V001022;L0001254;2024-07-09;15:29;S06;Discount;Centre-ville;131;9h/18h;open 5/7;26;E0038;2382;2014-10-09;Support;0,22;0,78;C0018;M;16;true;0;10;P005;shoe;102,09;0,2;85,08;17,01;0;102,09;102,09;Nike;Casual;Max;33;Premium Black;false
V001023;L0001255;2024-09-23;14:17;S04;Standard;Centre-ville;95;9h/20h;open 6/7;16;E0025;2018;2019-10-07;Sales;0,15;0,85;C0026;F;16;false;0;0;P079;shoe;37,04;0,2;30,87;6,17;0;37,04;37,04;New Balance;Basketball;Flex;32;Deep Blue;true
V001024;L0001256;2024-07-13;09:51;S04;Standard;Centre-ville;95;9h/20h;open 6/7;16;E0026;2442;2016-11-14;Sales;0,11;0,89;C0168;F;48;true;0;14;P001;shoe;147,12;0,2;122,6;24,52;0;147,12;147,12;New Balance;Training;Max;41;Electric Blue;true
V001025;L0001257;2024-06-08;18:02;S04;Standard;Centre-ville;95;9h/20h;open 6/7;16;E0025;2018;2019-10-07;Sales;0,15;0,85;C0005;F;34;true;0;21;P084;shoe;185,22;0,2;154,35;30,87;0;185,22;185,22;Reebok;Trail;Air;44;Premium Black;false
V001025;L0001258;2024-06-08;18:02;S04;Standard;Centre-ville;95;9h/20h;open 6/7;16;E0025;2018;2019-10-07;Sales;0,15;0,85;C0005;F;34;true;0;21;A003;accessory;34,3;0,2;28,58;5,72;0;34,3;34,3;Accessoire;Tee-shirt;Tee-shirt;S;White;false
V001026;L0001259;2024-01-02;17:53;S03;Discount;Peripherie;222;9h/18h;open 5/7;51;E0015;2776;2012-04-21;Support;0,11;0,89;C0048;M;32;true;0;10;P082;shoe;103,53;0,2;86,28;17,25;0;103,53;103,53;Asics;Running;Air;34;Pink;false
V001027;L0001260;2024-02-26;17:47;S07;Standard;Centre-ville;95;9h/19h;open 5/7;18;E0043;2926;2014-01-15;Sales;0,03;0,97;C0147;M;37;true;0;30;P037;shoe;301,32;0,2;251,1;50,22;0;301,32;301,32;Puma;Limited Edition;Zoom;38;Gold;true
V001028;L0001261;2024-02-29;13:04;S06;Discount;Centre-ville;131;9h/18h;open 5/7;26;E0040;2438;2015-03-10;Sales;0,09;0,91;C0234;F;26;false;0;0;P005;shoe;88,09;0,2;73,41;14,68;0;88,09;102,09;Nike;Casual;Max;33;Premium Black;false
V001029;L0001262;2024-06-14;13:11;S08;Discount;Peripherie;305;9h/19h;open 5/7;71;E0047;2787;2013-12-27;Manager;0,11;0,89;C0175;F;16;true;0;15;P003;shoe;139;0,2;115,83;23,17;0;139;139;New Balance;Limited Edition;Max;40;Electric Blue;false
V001029;L0001263;2024-06-14;13:11;S08;Discount;Peripherie;305;9h/19h;open 5/7;71;E0047;2787;2013-12-27;Manager;0,11;0,89;C0175;F;16;true;0;15;A010;accessory;17,44;0,2;14,53;2,91;0;17,44;17,44;Accessoire;Tee-shirt;Tee-shirt;XL;Black;false
V001030;L0001264;2024-10-01;16:17;S08;Discount;Peripherie;305;9h/19h;open 5/7;71;E0054;2726;2017-12-28;Sales;0,09;0,91;C0201;M;22;true;0;12;P021;shoe;123,69;0,2;103,08;20,61;0;123,69;123,69;Reebok;Casual;Air;32;Gold;false
V001031;L0001265;2024-10-02;10:12;S05;Discount;Peripherie;271;9h/19h;open 6/7;64;E0028;2394;2021-02-14;Sales;0,15;0,85;C0206;F;31;false;0;0;P040;shoe;68,3;0,2;56,92;11,38;0;68,3;80,36;Nike;Trail;Zoom;44;Black;false
V001032;L0001266;2024-03-15;09:52;S02;Discount;Peripherie;289;9h/20h;open 5/7;67;E0006;2836;2022-05-06;Sales;0,11;0,89;C0247;M;16;true;0;7;P010;shoe;77,3;0,2;64,42;12,88;0;77,3;90,94;Asics;Training;Air;33;Brown Bear;false
V001033;L0001267;2024-12-24;09:28;S08;Discount;Peripherie;305;9h/19h;open 5/7;71;E0048;2463;2018-07-09;Sales;0,07;0,93;C0059;M;29;true;0;11;P076;shoe;119,44;0,2;99,53;19,91;0;119,44;119,44;Asics;Trail;Air;35;Premium Black;false
V001034;L0001268;2024-03-07;13:19;S08;Discount;Peripherie;305;9h/19h;open 5/7;71;E0047;2787;2013-12-27;Manager;0,11;0,89;C0332;F;40;true;0;14;P026;shoe;140,75;0,2;117,29;23,46;0;140,75;140,75;Asics;Running;Air;43;Gold;true
V001035;L0001269;2024-05-24;14:39;S03;Discount;Peripherie;222;9h/18h;open 5/7;51;E0017;2560;2012-12-22;Support;0,1;0,9;C0020;F;35;true;0;9;P046;shoe;90,29;0,2;75,24;15,05;0;90,29;116,57;Asics;Trail;Flex;32;Classic Grey;false
V001036;L0001270;2024-10-14;12:48;S08;Discount;Peripherie;305;9h/19h;open 5/7;71;E0053;2046;2020-08-26;Manager;0,14;0,86;C0178;F;35;true;0;12;P088;shoe;104,48;0,2;87,07;17,41;0;104,48;104,48;Adidas;Running;Zoom;36;Black;true
V001036;L0001271;2024-10-14;12:48;S08;Discount;Peripherie;305;9h/19h;open 5/7;71;E0053;2046;2020-08-26;Manager;0,14;0,86;C0178;F;35;true;0;12;A010;accessory;17,44;0,2;14,53;2,91;0;17,44;17,44;Accessoire;Tee-shirt;Tee-shirt;XL;Black;false
V001037;L0001272;2024-07-13;17:37;S05;Discount;Peripherie;271;9h/19h;open 6/7;64;E0034;2989;2019-04-19;Sales;0,08;0,92;C0078;F;41;true;0;12;P005;shoe;100,13;0,2;83,44;16,69;0;100,13;100,13;Nike;Casual;Max;33;Premium Black;false
V001037;L0001273;2024-07-13;17:37;S05;Discount;Peripherie;271;9h/19h;open 6/7;64;E0034;2989;2019-04-19;Sales;0,08;0,92;C0078;F;41;true;0;12;A009;accessory;18,03;0,2;15,03;3;0;18,03;18,03;Accessoire;Lacets;Lacets;L;Classic Grey;false
V001037;L0001274;2024-07-13;17:37;S05;Discount;Peripherie;271;9h/19h;open 6/7;64;E0034;2989;2019-04-19;Sales;0,08;0,92;C0078;F;41;true;0;12;A004;accessory;9,02;0,2;7,52;1,5;0;9,02;9,02;Accessoire;Bonnet;Bonnet;XS;Black;false
V001038;L0001275;2024-08-03;09:57;S05;Discount;Peripherie;271;9h/19h;open 6/7;64;E0035;2349;2010-01-14;Sales;0,22;0,78;C0073;F;22;false;0;0;P052;shoe;150,78;0,2;125,65;25,13;0;150,78;150,78;Nike;Limited Edition;Max;30;Deep Purple;true
V001039;L0001276;2024-06-26;13:14;S03;Discount;Peripherie;222;9h/18h;open 5/7;51;E0017;2560;2012-12-22;Support;0,1;0,9;C0420;F;28;true;0;11;P019;shoe;116,94;0,2;97,45;19,49;0;116,94;123,09;Asics;Casual;Zoom;37;Deep Purple;false
V001040;L0001277;2024-04-02;12:18;S08;Discount;Peripherie;305;9h/19h;open 5/7;71;E0049;2362;2018-06-15;Manager;0,11;0,89;C0259;M;32;true;0;10;P070;shoe;103,93;0,2;86,61;17,32;0;103,93;113,07;Adidas;Casual;Pro;40;Deep Purple;false
V001041;L0001278;2024-06-13;13:22;S06;Discount;Centre-ville;131;9h/18h;open 5/7;26;E0039;2587;2014-08-05;Sales;0,09;0,91;C0095;M;35;true;0;10;P088;shoe;108,02;0,2;90,02;18;0;108,02;108,02;Adidas;Running;Zoom;36;Black;true
V001042;L0001279;2024-12-21;11:07;S05;Discount;Peripherie;271;9h/19h;open 6/7;64;E0033;2055;2019-07-02;Sales;0,11;0,89;C0310;F;16;true;0;11;P023;shoe;117,7;0,2;98,08;19,62;0;117,7;117,7;Adidas;Basketball;Zoom;38;Pink;false
V001043;L0001280;2024-11-27;12:45;S05;Discount;Peripherie;271;9h/19h;open 6/7;64;E0032;2701;2008-11-13;Sales;0,25;0,75;C0342;M;29;true;0;15;P052;shoe;150,78;0,2;125,65;25,13;0;150,78;150,78;Nike;Limited Edition;Max;30;Deep Purple;true
V001044;L0001281;2024-01-31;17:54;S03;Discount;Peripherie;222;9h/18h;open 5/7;51;E0018;2742;2004-10-20;Sales;0,2;0,8;C0183;F;37;false;0;0;P066;shoe;59,64;0,2;49,7;9,94;0;59,64;69,21;Adidas;Casual;Air;34;Black;false
V001045;L0001282;2024-07-20;12:19;S05;Discount;Peripherie;271;9h/19h;open 6/7;64;E0033;2055;2019-07-02;Sales;0,11;0,89;C0172;M;24;true;207;8;P088;shoe;85,49;0,2;71,24;14,25;20,7;106,19;106,19;Adidas;Running;Zoom;36;Black;true
V001046;L0001283;2024-05-06;15:30;S08;Discount;Peripherie;305;9h/19h;open 5/7;71;E0047;2787;2013-12-27;Manager;0,11;0,89;C0262;F;45;true;0;10;P046;shoe;108,3;0,2;90,25;18,05;0;108,3;115,19;Asics;Trail;Flex;32;Classic Grey;false
V001047;L0001284;2024-06-13;13:53;S08;Discount;Peripherie;305;9h/19h;open 5/7;71;E0052;2362;2009-01-13;Sales;0,27;0,73;C0172;M;24;true;0;20;P075;shoe;90,13;0,2;75,11;15,02;0;90,13;90,13;Jordans;Casual;Air;40;Deep Blue;false
V001047;L0001285;2024-06-13;13:53;S08;Discount;Peripherie;305;9h/19h;open 5/7;71;E0052;2362;2009-01-13;Sales;0,27;0,73;C0172;M;24;true;0;20;P027;shoe;117,8;0,2;98,17;19,63;0;117,8;117,8;Jordans;Trail;Flex;40;Pink;true
V001048;L0001286;2024-12-19;12:20;S02;Discount;Peripherie;289;9h/20h;open 5/7;67;E0012;2424;2024-10-12;Sales;0,25;0,75;C0025;M;32;false;0;0;P058;shoe;127,44;0,2;106,2;21,24;0;127,44;127,44;Asics;Basketball;Air;45;Pink;false
V001049;L0001287;2024-09-04;16:50;S08;Discount;Peripherie;305;9h/19h;open 5/7;71;E0048;2463;2018-07-09;Sales;0,07;0,93;C0236;F;40;true;0;11;P015;shoe;115,57;0,2;96,31;19,26;0;115,57;121,57;Asics;Training;Air;45;Deep Purple;false
V001050;L0001288;2024-06-27;17:56;S05;Discount;Peripherie;271;9h/19h;open 6/7;64;E0034;2989;2019-04-19;Sales;0,08;0,92;C0176;M;33;false;0;0;P088;shoe;106,19;0,2;88,49;17,7;0;106,19;106,19;Adidas;Running;Zoom;36;Black;true
V001051;L0001289;2024-04-06;15:07;S04;Standard;Centre-ville;95;9h/20h;open 6/7;16;E0023;2557;2016-03-21;Sales;0,07;0,93;C0209;M;42;false;0;0;P038;shoe;111,72;0,2;93,1;18,62;0;111,72;111,72;Reebok;Training;Elite;33;Brown Bear;false
V001052;L0001290;2024-12-25;10:12;S06;Discount;Centre-ville;131;9h/18h;open 5/7;26;E0040;2438;2015-03-10;Sales;0,09;0,91;C0301;F;54;false;0;0;P066;shoe;72,03;0,2;60,03;12;0;72,03;72,03;Adidas;Casual;Air;34;Black;false
V001053;L0001291;2024-12-02;16:00;S03;Discount;Peripherie;222;9h/18h;open 5/7;51;E0017;2560;2012-12-22;Support;0,1;0,9;C0010;F;53;true;0;5;P040;shoe;58,44;0,2;48,7;9,74;0;58,44;80,07;Nike;Trail;Zoom;44;Black;false
V001054;L0001292;2024-04-24;16:55;S02;Discount;Peripherie;289;9h/20h;open 5/7;67;E0006;2836;2022-05-06;Sales;0,11;0,89;C0068;F;65;true;0;13;P053;shoe;136,56;0,2;113,8;22,76;0;136,56;136,56;Nike;Limited Edition;Zoom;38;Deep Blue;false
V001055;L0001293;2024-12-20;16:39;S08;Discount;Peripherie;305;9h/19h;open 5/7;71;E0049;2362;2018-06-15;Manager;0,11;0,89;C0339;F;32;true;0;10;P013;shoe;106,28;0,2;88,57;17,71;0;106,28;110,94;Jordans;Casual;Pro;30;White;false
V001056;L0001294;2024-12-18;12:21;S08;Discount;Peripherie;305;9h/19h;open 5/7;71;E0054;2726;2017-12-28;Sales;0,09;0,91;C0172;M;24;true;0;9;P023;shoe;98,28;0,2;81,9;16,38;0;98,28;115,62;Adidas;Basketball;Zoom;38;Pink;false
V001057;L0001295;2024-12-18;15:00;S08;Discount;Peripherie;305;9h/19h;open 5/7;71;E0048;2463;2018-07-09;Sales;0,07;0,93;C0223;F;18;true;0;11;P001;shoe;117,8;0,2;98,17;19,63;0;117,8;117,8;New Balance;Training;Max;41;Electric Blue;true
V001058;L0001296;2024-12-05;12:00;S04;Standard;Centre-ville;95;9h/20h;open 6/7;16;E0023;2557;2016-03-21;Sales;0,07;0,93;C0171;M;36;true;0;12;P083;shoe;127,01;0,2;105,84;21,17;0;127,01;127,01;New Balance;Trail;Flex;33;Brown Bear;true
V001059;L0001297;2024-03-07;09:38;S03;Discount;Peripherie;222;9h/18h;open 5/7;51;E0015;2776;2012-04-21;Support;0,11;0,89;C0031;M;30;true;0;8;P040;shoe;80,07;0,2;66,72;13,35;0;80,07;80,07;Nike;Trail;Zoom;44;Black;false
V001060;L0001298;2024-07-03;18:23;S04;Standard;Centre-ville;95;9h/20h;open 6/7;16;E0023;2557;2016-03-21;Sales;0,07;0,93;C0168;F;48;true;0;25;P080;shoe;253,82;0,2;211,52;42,3;0;253,82;253,82;New Balance;Limited Edition;Flex;38;Black;false
V001061;L0001299;2024-01-26;15:02;S02;Discount;Peripherie;289;9h/20h;open 5/7;67;E0010;2189;2023-11-12;Sales;0,18;0,82;C0049;M;45;false;0;0;P006;shoe;107,45;0,2;89,54;17,91;0;107,45;153,5;Asics;Limited Edition;Air;36;Pink;false
V001062;L0001300;2024-10-15;13:29;S05;Discount;Peripherie;271;9h/19h;open 6/7;64;E0030;2758;2008-04-16;Support;0,29;0,71;C0340;F;24;true;0;11;P027;shoe;119,95;0,2;99,96;19,99;0;119,95;119,95;Jordans;Trail;Flex;40;Pink;true
V001063;L0001301;2024-11-08;13:38;S02;Discount;Peripherie;289;9h/20h;open 5/7;67;E0007;2453;2024-11-07;Sales;0,24;0,76;C0262;F;45;true;0;10;P009;shoe;101,8;0,2;84,83;16,97;0;101,8;101,8;Asics;Trail;Flex;40;Red Blood;false
V001064;L0001302;2024-09-18;12:26;S02;Discount;Peripherie;289;9h/20h;open 5/7;67;E0009;2331;2024-04-14;Sales;0,08;0,92;C0240;M;35;false;0;0;P018;shoe;82,16;0,2;68,47;13,69;0;82,16;82,16;Nike;Casual;Air;42;Red Blood;true
V001064;L0001303;2024-09-18;12:26;S02;Discount;Peripherie;289;9h/20h;open 5/7;67;E0009;2331;2024-04-14;Sales;0,08;0,92;C0240;M;35;false;0;0;P062;shoe;136,56;0,2;113,8;22,76;0;136,56;136,56;Nike;Limited Edition;Air;42;White;false
V001065;L0001304;2024-08-22;12:03;S07;Standard;Centre-ville;95;9h/19h;open 5/7;18;E0043;2926;2014-01-15;Sales;0,03;0,97;C0404;F;45;true;0;20;P026;shoe;204,12;0,2;170,1;34,02;0;204,12;204,12;Asics;Running;Air;43;Gold;true
V001066;L0001305;2024-12-11;11:03;S07;Standard;Centre-ville;95;9h/19h;open 5/7;18;E0042;2118;2019-04-24;Sales;0,1;0,9;C0244;F;42;true;0;17;P031;shoe;175;0,2;145,83;29,17;0;175;175;Puma;Limited Edition;Elite;32;Black;false
V001067;L0001306;2024-10-11;10:35;S02;Discount;Peripherie;289;9h/20h;open 5/7;67;E0006;2836;2022-05-06;Sales;0,11;0,89;C0008;M;36;true;0;6;P044;shoe;64,06;0,2;53,38;10,68;0;64,06;80,07;Nike;Basketball;Flex;32;Pink;false
V001068;L0001307;2024-11-04;14:25;S05;Discount;Peripherie;271;9h/19h;open 6/7;64;E0033;2055;2019-07-02;Sales;0,11;0,89;C0009;M;59;false;0;0;P053;shoe;137,47;0,2;114,56;22,91;0;137,47;137,47;Nike;Limited Edition;Zoom;38;Deep Blue;false
V001068;L0001308;2024-11-04;14:25;S05;Discount;Peripherie;271;9h/19h;open 6/7;64;E0033;2055;2019-07-02;Sales;0,11;0,89;C0009;M;59;false;0;0;A009;accessory;18,03;0,2;15,03;3;0;18,03;18,03;Accessoire;Lacets;Lacets;L;Classic Grey;false
V001069;L0001309;2024-05-17;16:14;S08;Discount;Peripherie;305;9h/19h;open 5/7;71;E0050;2303;2014-09-25;Support;0,29;0,71;C0129;M;48;false;0;0;P073;shoe;172,88;0,2;144,07;28,81;0;172,88;172,88;Reebok;Limited Edition;Elite;39;Deep Blue;true
V001069;L0001310;2024-05-17;16:14;S08;Discount;Peripherie;305;9h/19h;open 5/7;71;E0050;2303;2014-09-25;Support;0,29;0,71;C0129;M;48;false;0;0;A012;accessory;17,44;0,2;14,53;2,91;0;17,44;17,44;Accessoire;Lacets;Lacets;XL;White;false
V001069;L0001311;2024-05-17;16:14;S08;Discount;Peripherie;305;9h/19h;open 5/7;71;E0050;2303;2014-09-25;Support;0,29;0,71;C0129;M;48;false;0;0;A004;accessory;7,85;0,2;6,54;1,31;0;7,85;8,72;Accessoire;Bonnet;Bonnet;XS;Black;false
V001070;L0001312;2024-02-23;19:40;S02;Discount;Peripherie;289;9h/20h;open 5/7;67;E0006;2836;2022-05-06;Sales;0,11;0,89;C0305;F;36;false;0;0;P052;shoe;149,74;0,2;124,78;24,96;0;149,74;149,74;Nike;Limited Edition;Max;30;Deep Purple;true
V001071;L0001313;2024-12-30;13:25;S02;Discount;Peripherie;289;9h/20h;open 5/7;67;E0009;2331;2024-04-14;Sales;0,08;0,92;C0186;M;50;false;0;0;P053;shoe;136,56;0,2;113,8;22,76;0;136,56;136,56;Nike;Limited Edition;Zoom;38;Deep Blue;false
V001072;L0001314;2024-03-11;10:15;S04;Standard;Centre-ville;95;9h/20h;open 6/7;16;E0025;2018;2019-10-07;Sales;0,15;0,85;C0074;F;19;true;0;13;P081;shoe;131,32;0,2;109,43;21,89;0;131,32;131,32;Adidas;Basketball;Max;32;Black;false
V001073;L0001315;2024-03-30;16:09;S05;Discount;Peripherie;271;9h/19h;open 6/7;64;E0033;2055;2019-07-02;Sales;0,11;0,89;C0281;F;24;true;159;19;P027;shoe;104,05;0,2;86,71;17,34;15,9;119,95;119,95;Jordans;Trail;Flex;40;Pink;true
V001073;L0001316;2024-03-30;16:09;S05;Discount;Peripherie;271;9h/19h;open 6/7;64;E0033;2055;2019-07-02;Sales;0,11;0,89;C0281;F;24;true;159;19;P075;shoe;91,34;0,2;76,12;15,22;0;91,34;91,34;Jordans;Casual;Air;40;Deep Blue;false
V001074;L0001317;2024-11-20;11:12;S03;Discount;Peripherie;222;9h/18h;open 5/7;51;E0015;2776;2012-04-21;Support;0,11;0,89;C0056;F;38;true;0;17;P006;shoe;153,5;0,2;127,92;25,58;0;153,5;153,5;Asics;Limited Edition;Air;36;Pink;false
V001074;L0001318;2024-11-20;11:12;S03;Discount;Peripherie;222;9h/18h;open 5/7;51;E0015;2776;2012-04-21;Support;0,11;0,89;C0056;F;38;true;0;17;A008;accessory;22,29;0,2;18,57;3,72;0;22,29;22,29;Accessoire;Bonnet;Bonnet;XS;White;false
V001075;L0001319;2024-11-14;15:44;S05;Discount;Peripherie;271;9h/19h;open 6/7;64;E0034;2989;2019-04-19;Sales;0,08;0,92;C0129;M;48;false;0;0;P027;shoe;119,95;0,2;99,96;19,99;0;119,95;119,95;Jordans;Trail;Flex;40;Pink;true
V001075;L0001320;2024-11-14;15:44;S05;Discount;Peripherie;271;9h/19h;open 6/7;64;E0034;2989;2019-04-19;Sales;0,08;0,92;C0129;M;48;false;0;0;P075;shoe;91,34;0,2;76,12;15,22;0;91,34;91,34;Jordans;Casual;Air;40;Deep Blue;false
V001076;L0001321;2024-03-04;12:03;S04;Standard;Centre-ville;95;9h/20h;open 6/7;16;E0023;2557;2016-03-21;Sales;0,07;0,93;C0250;M;23;false;0;0;P045;shoe;155,82;0,2;129,85;25,97;0;155,82;155,82;New Balance;Training;Pro;45;Electric Blue;false
V001077;L0001322;2024-07-04;10:25;S03;Discount;Peripherie;222;9h/18h;open 5/7;51;E0020;3242;2015-11-25;Sales;0,03;0,97;C0078;F;41;true;0;12;P062;shoe;129,96;0,2;108,3;21,66;0;129,96;136,56;Nike;Limited Edition;Air;42;White;false
V001078;L0001323;2024-10-24;18:19;S05;Discount;Peripherie;271;9h/19h;open 6/7;64;E0027;2218;2019-03-23;Sales;0,11;0,89;C0310;F;16;true;0;10;P088;shoe;106,19;0,2;88,49;17,7;0;106,19;106,19;Adidas;Running;Zoom;36;Black;true
V001079;L0001324;2024-05-04;13:59;S05;Discount;Peripherie;271;9h/19h;open 6/7;64;E0034;2989;2019-04-19;Sales;0,08;0,92;C0119;F;32;true;0;11;P027;shoe;119,95;0,2;99,96;19,99;0;119,95;119,95;Jordans;Trail;Flex;40;Pink;true
V001080;L0001325;2024-05-24;10:41;S04;Standard;Centre-ville;95;9h/20h;open 6/7;16;E0023;2557;2016-03-21;Sales;0,07;0,93;C0172;M;24;true;0;11;P088;shoe;116,42;0,2;97,02;19,4;0;116,42;116,42;Adidas;Running;Zoom;36;Black;true
V001081;L0001326;2024-07-29;17:53;S03;Discount;Peripherie;222;9h/18h;open 5/7;51;E0015;2776;2012-04-21;Support;0,11;0,89;C0183;F;37;false;0;0;P052;shoe;125,97;0,2;104,98;20,99;0;125,97;149,74;Nike;Limited Edition;Max;30;Deep Purple;true
V001082;L0001327;2024-09-30;13:32;S06;Discount;Centre-ville;131;9h/18h;open 5/7;26;E0040;2438;2015-03-10;Sales;0,09;0,91;C0313;M;38;true;0;14;P074;shoe;140,74;0,2;117,28;23,46;0;140,74;140,74;Puma;Limited Edition;Zoom;36;Classic Grey;false
V001082;L0001328;2024-09-30;13:32;S06;Discount;Centre-ville;131;9h/18h;open 5/7;26;E0040;2438;2015-03-10;Sales;0,09;0,91;C0313;M;38;true;0;14;A004;accessory;8,72;0,2;7,27;1,45;0;8,72;8,72;Accessoire;Bonnet;Bonnet;XS;Black;false
V001083;L0001329;2024-02-17;11:20;S05;Discount;Peripherie;271;9h/19h;open 6/7;64;E0028;2394;2021-02-14;Sales;0,15;0,85;C0349;F;48;true;0;10;P002;shoe;103,55;0,2;86,29;17,26;0;103,55;115,06;Jordans;Trail;Flex;44;Sunny Yellow;false
V001084;L0001330;2024-08-08;16:52;S08;Discount;Peripherie;305;9h/19h;open 5/7;71;E0049;2362;2018-06-15;Manager;0,11;0,89;C0168;F;48;true;0;12;P019;shoe;121,57;0,2;101,31;20,26;0;121,57;121,57;Asics;Casual;Zoom;37;Deep Purple;false
V001085;L0001331;2024-02-10;17:36;S05;Discount;Peripherie;271;9h/19h;open 6/7;64;E0028;2394;2021-02-14;Sales;0,15;0,85;C0343;F;26;true;0;8;P040;shoe;80,36;0,2;66,97;13,39;0;80,36;80,36;Nike;Trail;Zoom;44;Black;false
V001086;L0001332;2024-12-19;11:29;S02;Discount;Peripherie;289;9h/20h;open 5/7;67;E0006;2836;2022-05-06;Sales;0,11;0,89;C0148;M;40;true;0;11;P072;shoe;110,06;0,2;91,72;18,34;0;110,06;110,06;Puma;Trail;Pro;43;Sunny Yellow;false
V001087;L0001333;2024-02-22;15:53;S02;Discount;Peripherie;289;9h/20h;open 5/7;67;E0013;2207;2023-11-19;Sales;0,19;0,81;C0240;M;35;false;0;0;P062;shoe;136,56;0,2;113,8;22,76;0;136,56;136,56;Nike;Limited Edition;Air;42;White;false
V001088;L0001334;2024-12-30;09:39;S03;Discount;Peripherie;222;9h/18h;open 5/7;51;E0016;1986;2021-11-26;Manager;0,14;0,86;C0036;F;51;true;0;21;P018;shoe;82,16;0,2;68,47;13,69;0;82,16;82,16;Nike;Casual;Air;42;Red Blood;true
V001088;L0001335;2024-12-30;09:39;S03;Discount;Peripherie;222;9h/18h;open 5/7;51;E0016;1986;2021-11-26;Manager;0,14;0,86;C0036;F;51;true;0;21;P062;shoe;136,56;0,2;113,8;22,76;0;136,56;136,56;Nike;Limited Edition;Air;42;White;false
V001089;L0001336;2024-10-30;17:40;S02;Discount;Peripherie;289;9h/20h;open 5/7;67;E0009;2331;2024-04-14;Sales;0,08;0,92;C0043;F;36;true;0;7;P004;shoe;79,34;0,2;66,12;13,22;0;79,34;79,34;Puma;Basketball;Max;34;White;true
V001090;L0001337;2024-02-27;14:33;S03;Discount;Peripherie;222;9h/18h;open 5/7;51;E0015;2776;2012-04-21;Support;0,11;0,89;C0397;M;23;true;0;13;P053;shoe;136,56;0,2;113,8;22,76;0;136,56;136,56;Nike;Limited Edition;Zoom;38;Deep Blue;false
V001091;L0001338;2024-03-22;12:27;S05;Discount;Peripherie;271;9h/19h;open 6/7;64;E0028;2394;2021-02-14;Sales;0,15;0,85;C0219;F;35;true;0;14;P069;shoe;130,88;0,2;109,07;21,81;0;130,88;130,88;Jordans;Limited Edition;Zoom;33;Deep Blue;false
V001091;L0001339;2024-03-22;12:27;S05;Discount;Peripherie;271;9h/19h;open 6/7;64;E0028;2394;2021-02-14;Sales;0,15;0,85;C0219;F;35;true;0;14;A009;accessory;18,03;0,2;15,03;3;0;18,03;18,03;Accessoire;Lacets;Lacets;L;Classic Grey;false
V001092;L0001340;2024-07-29;15:12;S03;Discount;Peripherie;222;9h/18h;open 5/7;51;E0015;2776;2012-04-21;Support;0,11;0,89;C0009;M;59;false;0;0;P018;shoe;82,16;0,2;68,47;13,69;0;82,16;82,16;Nike;Casual;Air;42;Red Blood;true
V001093;L0001341;2024-05-25;09:35;S04;Standard;Centre-ville;95;9h/20h;open 6/7;16;E0026;2442;2016-11-14;Sales;0,11;0,89;C0254;M;40;true;0;13;P001;shoe;133,88;0,2;111,57;22,31;0;133,88;147,12;New Balance;Training;Max;41;Electric Blue;true
V001094;L0001342;2024-06-26;10:33;S06;Discount;Centre-ville;131;9h/18h;open 5/7;26;E0039;2587;2014-08-05;Sales;0,09;0,91;C0022;M;28;true;0;22;P016;shoe;129,57;0,2;107,97;21,6;0;129,57;129,57;Puma;Basketball;Flex;44;Brown Bear;false
V001094;L0001343;2024-06-26;10:33;S06;Discount;Centre-ville;131;9h/18h;open 5/7;26;E0039;2587;2014-08-05;Sales;0,09;0,91;C0022;M;28;true;0;22;P060;shoe;82,77;0,2;68,97;13,8;0;82,77;82,77;Puma;Casual;Flex;44;Deep Blue;false
V001094;L0001344;2024-06-26;10:33;S06;Discount;Centre-ville;131;9h/18h;open 5/7;26;E0039;2587;2014-08-05;Sales;0,09;0,91;C0022;M;28;true;0;22;A012;accessory;17,44;0,2;14,53;2,91;0;17,44;17,44;Accessoire;Lacets;Lacets;XL;White;false
V001095;L0001345;2024-06-28;13:01;S05;Discount;Peripherie;271;9h/19h;open 6/7;64;E0028;2394;2021-02-14;Sales;0,15;0,85;C0098;M;32;true;0;11;P081;shoe;112,87;0,2;94,06;18,81;0;112,87;112,87;Adidas;Basketball;Max;32;Black;false
V001096;L0001346;2024-10-23;16:10;S03;Discount;Peripherie;222;9h/18h;open 5/7;51;E0017;2560;2012-12-22;Support;0,1;0,9;C0185;M;32;true;237;9;P087;shoe;93,3;0,2;77,75;15,55;23,7;117;117;Asics;Training;Elite;39;Black;false
V001097;L0001347;2024-07-13;14:25;S05;Discount;Peripherie;271;9h/19h;open 6/7;64;E0034;2989;2019-04-19;Sales;0,08;0,92;C0241;M;34;true;0;9;P088;shoe;94,03;0,2;78,36;15,67;0;94,03;106,19;Adidas;Running;Zoom;36;Black;true
V001098;L0001348;2024-05-24;14:18;S03;Discount;Peripherie;222;9h/18h;open 5/7;51;E0018;2742;2004-10-20;Sales;0,2;0,8;C0117;M;48;true;0;9;P007;shoe;99,19;0,2;82,66;16,53;0;99,19;99,19;Adidas;Basketball;Max;33;Electric Blue;false
V001099;L0001349;2024-02-28;15:26;S07;Standard;Centre-ville;95;9h/19h;open 5/7;18;E0042;2118;2019-04-24;Sales;0,1;0,9;C0323;F;37;true;0;18;P026;shoe;186,16;0,2;155,13;31,03;0;186,16;204,12;Asics;Running;Air;43;Gold;true
V001100;L0001350;2024-01-16;09:45;S05;Discount;Peripherie;271;9h/19h;open 6/7;64;E0034;2989;2019-04-19;Sales;0,08;0,92;C0040;F;16;true;0;10;P088;shoe;106,19;0,2;88,49;17,7;0;106,19;106,19;Adidas;Running;Zoom;36;Black;true
V001101;L0001351;2024-10-29;13:38;S08;Discount;Peripherie;305;9h/19h;open 5/7;71;E0047;2787;2013-12-27;Manager;0,11;0,89;C0127;F;26;true;0;11;P001;shoe;117,8;0,2;98,17;19,63;0;117,8;117,8;New Balance;Training;Max;41;Electric Blue;true
V001102;L0001352;2024-05-02;14:12;S06;Discount;Centre-ville;131;9h/18h;open 5/7;26;E0040;2438;2015-03-10;Sales;0,09;0,91;C0330;M;38;true;0;10;P088;shoe;108,02;0,2;90,02;18;0;108,02;108,02;Adidas;Running;Zoom;36;Black;true
V001103;L0001353;2024-11-11;09:37;S08;Discount;Peripherie;305;9h/19h;open 5/7;71;E0054;2726;2017-12-28;Sales;0,09;0,91;C0157;F;16;true;0;22;P006;shoe;151,32;0,2;126,1;25,22;0;151,32;151,32;Asics;Limited Edition;Air;36;Pink;false
V001103;L0001354;2024-11-11;09:37;S08;Discount;Peripherie;305;9h/19h;open 5/7;71;E0054;2726;2017-12-28;Sales;0,09;0,91;C0157;F;16;true;0;22;P025;shoe;75,52;0,2;62,93;12,59;0;75,52;79,5;Asics;Trail;Flex;36;Sunny Yellow;false
V001104;L0001355;2024-07-30;09:39;S08;Discount;Peripherie;305;9h/19h;open 5/7;71;E0053;2046;2020-08-26;Manager;0,14;0,86;C0351;M;37;true;0;10;P088;shoe;104,48;0,2;87,07;17,41;0;104,48;104,48;Adidas;Running;Zoom;36;Black;true
V001105;L0001356;2024-01-12;17:07;S08;Discount;Peripherie;305;9h/19h;open 5/7;71;E0048;2463;2018-07-09;Sales;0,07;0,93;C0324;M;22;true;0;10;P088;shoe;104,48;0,2;87,07;17,41;0;104,48;104,48;Adidas;Running;Zoom;36;Black;true
V001106;L0001357;2024-12-07;18:13;S05;Discount;Peripherie;271;9h/19h;open 6/7;64;E0030;2758;2008-04-16;Support;0,29;0,71;C0349;F;48;true;0;9;P075;shoe;91,34;0,2;76,12;15,22;0;91,34;91,34;Jordans;Casual;Air;40;Deep Blue;false
V001107;L0001358;2024-10-30;12:08;S02;Discount;Peripherie;289;9h/20h;open 5/7;67;E0006;2836;2022-05-06;Sales;0,11;0,89;C0107;M;22;false;0;0;P052;shoe;149,74;0,2;124,78;24,96;0;149,74;149,74;Nike;Limited Edition;Max;30;Deep Purple;true
V001108;L0001359;2024-06-20;12:16;S08;Discount;Peripherie;305;9h/19h;open 5/7;71;E0054;2726;2017-12-28;Sales;0,09;0,91;C0190;F;22;true;0;12;P047;shoe;129,73;0,2;108,11;21,62;0;129,73;129,73;Jordans;Trail;Air;37;Premium Black;true
V001109;L0001360;2024-02-14;14:20;S08;Discount;Peripherie;305;9h/19h;open 5/7;71;E0054;2726;2017-12-28;Sales;0,09;0,91;C0100;M;30;true;0;10;P088;shoe;104,48;0,2;87,07;17,41;0;104,48;104,48;Adidas;Running;Zoom;36;Black;true
V001110;L0001361;2024-03-02;18:45;S05;Discount;Peripherie;271;9h/19h;open 6/7;64;E0033;2055;2019-07-02;Sales;0,11;0,89;C0107;M;22;false;0;0;P018;shoe;82,47;0,2;68,73;13,74;0;82,47;82,47;Nike;Casual;Air;42;Red Blood;true
V001111;L0001362;2024-12-13;14:20;S08;Discount;Peripherie;305;9h/19h;open 5/7;71;E0049;2362;2018-06-15;Manager;0,11;0,89;C0234;F;26;false;0;0;P026;shoe;121,44;0,2;101,2;20,24;0;121,44;140,75;Asics;Running;Air;43;Gold;true
V001111;L0001363;2024-12-13;14:20;S08;Discount;Peripherie;305;9h/19h;open 5/7;71;E0049;2362;2018-06-15;Manager;0,11;0,89;C0234;F;26;false;0;0;A010;accessory;17,44;0,2;14,53;2,91;0;17,44;17,44;Accessoire;Tee-shirt;Tee-shirt;XL;Black;false
V001112;L0001364;2024-01-18;16:28;S04;Standard;Centre-ville;95;9h/20h;open 6/7;16;E0025;2018;2019-10-07;Sales;0,15;0,85;C0226;F;36;true;0;11;P088;shoe;116,42;0,2;97,02;19,4;0;116,42;116,42;Adidas;Running;Zoom;36;Black;true
V001113;L0001365;2024-07-22;15:02;S03;Discount;Peripherie;222;9h/18h;open 5/7;51;E0015;2776;2012-04-21;Support;0,11;0,89;C0123;F;30;false;0;0;P088;shoe;105,62;0,2;88,02;17,6;0;105,62;105,62;Adidas;Running;Zoom;36;Black;true
V001113;L0001366;2024-07-22;15:02;S03;Discount;Peripherie;222;9h/18h;open 5/7;51;E0015;2776;2012-04-21;Support;0,11;0,89;C0123;F;30;false;0;0;A009;accessory;17,84;0,2;14,87;2,97;0;17,84;17,84;Accessoire;Lacets;Lacets;L;Classic Grey;false
V001114;L0001367;2024-08-21;17:08;S03;Discount;Peripherie;222;9h/18h;open 5/7;51;E0016;1986;2021-11-26;Manager;0,14;0,86;C0261;M;43;true;0;14;P006;shoe;140,77;0,2;117,31;23,46;0;140,77;153,5;Asics;Limited Edition;Air;36;Pink;false
V001115;L0001368;2024-05-13;16:24;S08;Discount;Peripherie;305;9h/19h;open 5/7;71;E0047;2787;2013-12-27;Manager;0,11;0,89;C0324;M;22;true;0;9;P068;shoe;90,26;0,2;75,22;15,04;0;90,26;90,26;New Balance;Trail;Zoom;40;Light Green;true
V001116;L0001369;2024-01-11;18:19;S08;Discount;Peripherie;305;9h/19h;open 5/7;71;E0048;2463;2018-07-09;Sales;0,07;0,93;C0170;F;30;true;0;23;P025;shoe;79,5;0,2;66,25;13,25;0;79,5;79,5;Asics;Trail;Flex;36;Sunny Yellow;false
V001116;L0001370;2024-01-11;18:19;S08;Discount;Peripherie;305;9h/19h;open 5/7;71;E0048;2463;2018-07-09;Sales;0,07;0,93;C0170;F;30;true;0;23;P006;shoe;151,32;0,2;126,1;25,22;0;151,32;151,32;Asics;Limited Edition;Air;36;Pink;false
V001117;L0001371;2024-09-11;10:09;S05;Discount;Peripherie;271;9h/19h;open 6/7;64;E0035;2349;2010-01-14;Sales;0,22;0,78;C0022;M;28;true;0;7;P040;shoe;77,41;0,2;64,51;12,9;0;77,41;80,36;Nike;Trail;Zoom;44;Black;false
V001118;L0001372;2024-03-07;15:22;S08;Discount;Peripherie;305;9h/19h;open 5/7;71;E0048;2463;2018-07-09;Sales;0,07;0,93;C0172;M;24;true;0;17;P073;shoe;172,88;0,2;144,07;28,81;0;172,88;172,88;Reebok;Limited Edition;Elite;39;Deep Blue;true
V001119;L0001373;2024-11-04;09:21;S06;Discount;Centre-ville;131;9h/18h;open 5/7;26;E0039;2587;2014-08-05;Sales;0,09;0,91;C0401;M;36;true;0;16;P012;shoe;166,07;0,2;138,39;27,68;0;166,07;166,07;Puma;Limited Edition;Elite;33;Gold;false
V001120;L0001374;2024-08-19;17:34;S02;Discount;Peripherie;289;9h/20h;open 5/7;67;E0011;1917;2024-03-22;Sales;0,16;0,84;C0197;F;22;false;0;0;P062;shoe;136,56;0,2;113,8;22,76;0;136,56;136,56;Nike;Limited Edition;Air;42;White;false
V001121;L0001375;2024-08-13;14:09;S05;Discount;Peripherie;271;9h/19h;open 6/7;64;E0034;2989;2019-04-19;Sales;0,08;0,92;C0241;M;34;true;0;6;P014;shoe;64,74;0,2;53,95;10,79;0;64,74;80,36;Adidas;Basketball;Flex;30;Brown Bear;false
V001122;L0001376;2024-09-11;14:30;S04;Standard;Centre-ville;95;9h/20h;open 6/7;16;E0023;2557;2016-03-21;Sales;0,07;0,93;C0120;M;58;true;0;11;P088;shoe;116,42;0,2;97,02;19,4;0;116,42;116,42;Adidas;Running;Zoom;36;Black;true
V001123;L0001377;2024-05-17;15:34;S04;Standard;Centre-ville;95;9h/20h;open 6/7;16;E0023;2557;2016-03-21;Sales;0,07;0,93;C0300;F;38;true;0;40;P011;shoe;155,82;0,2;129,85;25,97;0;155,82;155,82;New Balance;Running;Max;38;Electric Blue;false
V001123;L0001378;2024-05-17;15:34;S04;Standard;Centre-ville;95;9h/20h;open 6/7;16;E0023;2557;2016-03-21;Sales;0,07;0,93;C0300;F;38;true;0;40;P080;shoe;253,82;0,2;211,52;42,3;0;253,82;253,82;New Balance;Limited Edition;Flex;38;Black;false
V001124;L0001379;2024-01-26;11:54;S03;Discount;Peripherie;222;9h/18h;open 5/7;51;E0020;3242;2015-11-25;Sales;0,03;0,97;C0368;F;17;false;0;0;P087;shoe;117;0,2;97,5;19,5;0;117;117;Asics;Training;Elite;39;Black;false
V001125;L0001380;2024-12-07;16:45;S05;Discount;Peripherie;271;9h/19h;open 6/7;64;E0035;2349;2010-01-14;Sales;0,22;0,78;C0235;F;21;false;0;0;P034;shoe;88,7;0,2;73,92;14,78;0;88,7;88,7;Jordans;Running;Zoom;38;Deep Purple;false
V001126;L0001381;2024-06-04;19:11;S02;Discount;Peripherie;289;9h/20h;open 5/7;67;E0010;2189;2023-11-12;Sales;0,18;0,82;C0227;F;44;false;0;0;P015;shoe;123,09;0,2;102,58;20,51;0;123,09;123,09;Asics;Training;Air;45;Deep Purple;false
V001127;L0001382;2024-02-12;16:57;S03;Discount;Peripherie;222;9h/18h;open 5/7;51;E0020;3242;2015-11-25;Sales;0,03;0,97;C0009;M;59;false;0;0;P062;shoe;136,56;0,2;113,8;22,76;0;136,56;136,56;Nike;Limited Edition;Air;42;White;false
V001127;L0001383;2024-02-12;16:57;S03;Discount;Peripherie;222;9h/18h;open 5/7;51;E0020;3242;2015-11-25;Sales;0,03;0,97;C0009;M;59;false;0;0;A005;accessory;22,29;0,2;18,57;3,72;0;22,29;22,29;Accessoire;Bonnet;Bonnet;M;Deep Blue;false
V001128;L0001384;2024-05-09;13:59;S03;Discount;Peripherie;222;9h/18h;open 5/7;51;E0017;2560;2012-12-22;Support;0,1;0,9;C0163;F;58;false;0;0;P063;shoe;91,08;0,2;75,9;15,18;0;91,08;91,08;Nike;Casual;Max;40;Pink;true
V001128;L0001385;2024-05-09;13:59;S03;Discount;Peripherie;222;9h/18h;open 5/7;51;E0017;2560;2012-12-22;Support;0,1;0,9;C0163;F;58;false;0;0;A011;accessory;13,38;0,2;11,15;2,23;0;13,38;13,38;Accessoire;Casquette;Casquette;L;Classic Grey;false
V001129;L0001386;2024-05-30;17:32;S03;Discount;Peripherie;222;9h/18h;open 5/7;51;E0019;1959;2021-03-27;Support;0,17;0,83;C0288;F;29;true;0;10;P025;shoe;80,07;0,2;66,72;13,35;0;80,07;80,07;Asics;Trail;Flex;36;Sunny Yellow;false
V001129;L0001387;2024-05-30;17:32;S03;Discount;Peripherie;222;9h/18h;open 5/7;51;E0019;1959;2021-03-27;Support;0,17;0,83;C0288;F;29;true;0;10;A011;accessory;13,38;0,2;11,15;2,23;0;13,38;13,38;Accessoire;Casquette;Casquette;L;Classic Grey;false
V001129;L0001388;2024-05-30;17:32;S03;Discount;Peripherie;222;9h/18h;open 5/7;51;E0019;1959;2021-03-27;Support;0,17;0,83;C0288;F;29;true;0;10;A011;accessory;13,38;0,2;11,15;2,23;0;13,38;13,38;Accessoire;Casquette;Casquette;L;Classic Grey;false
V001130;L0001389;2024-12-17;10:41;S08;Discount;Peripherie;305;9h/19h;open 5/7;71;E0051;2396;2019-11-14;Sales;0,14;0,86;C0328;M;19;true;0;19;P073;shoe;172,88;0,2;144,07;28,81;0;172,88;172,88;Reebok;Limited Edition;Elite;39;Deep Blue;true
V001130;L0001390;2024-12-17;10:41;S08;Discount;Peripherie;305;9h/19h;open 5/7;71;E0051;2396;2019-11-14;Sales;0,14;0,86;C0328;M;19;true;0;19;A009;accessory;17,44;0,2;14,53;2,91;0;17,44;17,44;Accessoire;Lacets;Lacets;L;Classic Grey;false
V001131;L0001391;2024-11-19;17:57;S08;Discount;Peripherie;305;9h/19h;open 5/7;71;E0053;2046;2020-08-26;Manager;0,14;0,86;C0043;F;36;true;0;10;P088;shoe;104,48;0,2;87,07;17,41;0;104,48;104,48;Adidas;Running;Zoom;36;Black;true
V001132;L0001392;2024-03-26;11:00;S06;Discount;Centre-ville;131;9h/18h;open 5/7;26;E0038;2382;2014-10-09;Support;0,22;0,78;C0176;M;33;false;0;0;P063;shoe;93,64;0,2;78,03;15,61;0;93,64;93,64;Nike;Casual;Max;40;Pink;true
V001133;L0001393;2024-12-10;10:59;S06;Discount;Centre-ville;131;9h/18h;open 5/7;26;E0037;2317;2019-10-08;Manager;0,17;0,83;C0335;F;27;true;0;11;P043;shoe;118,84;0,2;99,03;19,81;0;118,84;118,84;Adidas;Running;Max;32;Pink;false
V001134;L0001394;2024-04-18;12:03;S05;Discount;Peripherie;271;9h/19h;open 6/7;64;E0033;2055;2019-07-02;Sales;0,11;0,89;C0103;M;45;true;0;8;P040;shoe;80,36;0,2;66,97;13,39;0;80,36;80,36;Nike;Trail;Zoom;44;Black;false
V001135;L0001395;2024-01-24;09:22;S07;Standard;Centre-ville;95;9h/19h;open 5/7;18;E0042;2118;2019-04-24;Sales;0,1;0,9;C0157;F;16;true;0;22;P006;shoe;229;0,2;190,83;38,17;0;229;229;Asics;Limited Edition;Air;36;Pink;false
V001136;L0001396;2024-12-05;16:15;S08;Discount;Peripherie;305;9h/19h;open 5/7;71;E0048;2463;2018-07-09;Sales;0,07;0,93;C0383;F;20;true;0;15;P006;shoe;151,32;0,2;126,1;25,22;0;151,32;151,32;Asics;Limited Edition;Air;36;Pink;false
V001137;L0001397;2024-10-26;13:29;S05;Discount;Peripherie;271;9h/19h;open 6/7;64;E0031;2900;2015-02-28;Manager;0,06;0,94;C0038;M;16;true;0;21;P062;shoe;137,47;0,2;114,56;22,91;0;137,47;137,47;Nike;Limited Edition;Air;42;White;false
V001137;L0001398;2024-10-26;13:29;S05;Discount;Peripherie;271;9h/19h;open 6/7;64;E0031;2900;2015-02-28;Manager;0,06;0,94;C0038;M;16;true;0;21;P018;shoe;82,47;0,2;68,73;13,74;0;82,47;82,47;Nike;Casual;Air;42;Red Blood;true
V001138;L0001399;2024-06-13;15:27;S05;Discount;Peripherie;271;9h/19h;open 6/7;64;E0034;2989;2019-04-19;Sales;0,08;0,92;C0292;M;60;true;0;13;P069;shoe;130,88;0,2;109,07;21,81;0;130,88;130,88;Jordans;Limited Edition;Zoom;33;Deep Blue;false
V001139;L0001400;2024-08-23;14:17;S05;Discount;Peripherie;271;9h/19h;open 6/7;64;E0031;2900;2015-02-28;Manager;0,06;0,94;C0325;F;29;true;0;13;P069;shoe;130,88;0,2;109,07;21,81;0;130,88;130,88;Jordans;Limited Edition;Zoom;33;Deep Blue;false
V001140;L0001401;2024-01-17;09:43;S05;Discount;Peripherie;271;9h/19h;open 6/7;64;E0034;2989;2019-04-19;Sales;0,08;0,92;C0219;F;35;true;0;21;P075;shoe;91,34;0,2;76,12;15,22;0;91,34;91,34;Jordans;Casual;Air;40;Deep Blue;false
V001140;L0001402;2024-01-17;09:43;S05;Discount;Peripherie;271;9h/19h;open 6/7;64;E0034;2989;2019-04-19;Sales;0,08;0,92;C0219;F;35;true;0;21;P027;shoe;119,95;0,2;99,96;19,99;0;119,95;119,95;Jordans;Trail;Flex;40;Pink;true
V001141;L0001403;2024-05-08;18:32;S08;Discount;Peripherie;305;9h/19h;open 5/7;71;E0047;2787;2013-12-27;Manager;0,11;0,89;C0145;F;59;true;0;8;P066;shoe;68,88;0,2;57,4;11,48;0;68,88;68,88;Adidas;Casual;Air;34;Black;false
V001141;L0001404;2024-05-08;18:32;S08;Discount;Peripherie;305;9h/19h;open 5/7;71;E0047;2787;2013-12-27;Manager;0,11;0,89;C0145;F;59;true;0;8;A012;accessory;17,44;0,2;14,53;2,91;0;17,44;17,44;Accessoire;Lacets;Lacets;XL;White;false
V001142;L0001405;2024-04-12;13:51;S05;Discount;Peripherie;271;9h/19h;open 6/7;64;E0031;2900;2015-02-28;Manager;0,06;0,94;C0343;F;26;true;149;9;P088;shoe;91,29;0,2;76,08;15,21;14,9;106,19;106,19;Adidas;Running;Zoom;36;Black;true
V001143;L0001406;2024-11-05;12:49;S02;Discount;Peripherie;289;9h/20h;open 5/7;67;E0006;2836;2022-05-06;Sales;0,11;0,89;C0032;F;24;true;135;8;P039;shoe;88,45;0,2;73,71;14,74;13,5;101,95;127,44;Puma;Trail;Flex;38;Deep Purple;false
V001144;L0001407;2024-10-18;09:31;S08;Discount;Peripherie;305;9h/19h;open 5/7;71;E0048;2463;2018-07-09;Sales;0,07;0,93;C0174;M;28;true;0;11;P036;shoe;113,24;0,2;94,37;18,87;0;113,24;125,82;New Balance;Training;Flex;44;Sunny Yellow;false
V001145;L0001408;2024-04-08;18:40;S05;Discount;Peripherie;271;9h/19h;open 6/7;64;E0034;2989;2019-04-19;Sales;0,08;0,92;C0171;M;36;true;0;10;P051;shoe;80,36;0,2;66,97;13,39;0;80,36;80,36;Jordans;Trail;Elite;31;Sunny Yellow;false
V001145;L0001409;2024-04-08;18:40;S05;Discount;Peripherie;271;9h/19h;open 6/7;64;E0034;2989;2019-04-19;Sales;0,08;0,92;C0171;M;36;true;0;10;A002;accessory;22,54;0,2;18,78;3,76;0;22,54;22,54;Accessoire;Lacets;Lacets;M;White;false
V001146;L0001410;2024-09-10;13:11;S06;Discount;Centre-ville;131;9h/18h;open 5/7;26;E0040;2438;2015-03-10;Sales;0,09;0,91;C0369;M;48;true;0;10;P088;shoe;108,02;0,2;90,02;18;0;108,02;108,02;Adidas;Running;Zoom;36;Black;true
V001147;L0001411;2024-10-07;09:35;S04;Standard;Centre-ville;95;9h/20h;open 6/7;16;E0023;2557;2016-03-21;Sales;0,07;0,93;C0321;F;33;true;0;9;P030;shoe;77,42;0,2;64,52;12,9;0;77,42;77,42;New Balance;Running;Pro;42;Light Green;false
V001147;L0001412;2024-10-07;09:35;S04;Standard;Centre-ville;95;9h/20h;open 6/7;16;E0023;2557;2016-03-21;Sales;0,07;0,93;C0321;F;33;true;0;9;A012;accessory;16,76;0,2;13,97;2,79;0;16,76;19,6;Accessoire;Lacets;Lacets;XL;White;false
V001148;L0001413;2024-12-27;13:32;S08;Discount;Peripherie;305;9h/19h;open 5/7;71;E0052;2362;2009-01-13;Sales;0,27;0,73;C0275;M;16;true;0;6;P066;shoe;68,88;0,2;57,4;11,48;0;68,88;68,88;Adidas;Casual;Air;34;Black;false
V001149;L0001414;2024-04-11;14:33;S08;Discount;Peripherie;305;9h/19h;open 5/7;71;E0053;2046;2020-08-26;Manager;0,14;0,86;C0052;F;19;true;0;10;P085;shoe;100,75;0,2;83,96;16,79;0;100,75;100,75;Asics;Casual;Pro;39;White;false
V001150;L0001415;2024-10-22;18:31;S02;Discount;Peripherie;289;9h/20h;open 5/7;67;E0014;2449;2024-05-13;Support;0,07;0,93;C0174;M;28;true;0;10;P046;shoe;105,99;0,2;88,33;17,66;0;105,99;116,57;Asics;Trail;Flex;32;Classic Grey;false
V001151;L0001416;2024-08-01;16:34;S08;Discount;Peripherie;305;9h/19h;open 5/7;71;E0050;2303;2014-09-25;Support;0,29;0,71;C0071;M;23;true;0;12;P021;shoe;123,69;0,2;103,08;20,61;0;123,69;123,69;Reebok;Casual;Air;32;Gold;false
V001152;L0001417;2024-05-22;12:45;S08;Discount;Peripherie;305;9h/19h;open 5/7;71;E0047;2787;2013-12-27;Manager;0,11;0,89;C0043;F;36;true;0;17;P073;shoe;172,88;0,2;144,07;28,81;0;172,88;172,88;Reebok;Limited Edition;Elite;39;Deep Blue;true
V001153;L0001418;2024-10-11;10:02;S03;Discount;Peripherie;222;9h/18h;open 5/7;51;E0015;2776;2012-04-21;Support;0,11;0,89;C0397;M;23;true;0;13;P053;shoe;124,66;0,2;103,88;20,78;0;124,66;136,56;Nike;Limited Edition;Zoom;38;Deep Blue;false
V001153;L0001419;2024-10-11;10:02;S03;Discount;Peripherie;222;9h/18h;open 5/7;51;E0015;2776;2012-04-21;Support;0,11;0,89;C0397;M;23;true;0;13;A011;accessory;10,7;0,2;8,92;1,78;0;10,7;13,38;Accessoire;Casquette;Casquette;L;Classic Grey;false
V001154;L0001420;2024-03-19;13:44;S02;Discount;Peripherie;289;9h/20h;open 5/7;67;E0006;2836;2022-05-06;Sales;0,11;0,89;C0179;F;37;true;0;7;P004;shoe;79,34;0,2;66,12;13,22;0;79,34;79,34;Puma;Basketball;Max;34;White;true
V001155;L0001421;2024-10-29;12:23;S05;Discount;Peripherie;271;9h/19h;open 6/7;64;E0028;2394;2021-02-14;Sales;0,15;0,85;C0263;M;34;true;0;11;P027;shoe;119,95;0,2;99,96;19,99;0;119,95;119,95;Jordans;Trail;Flex;40;Pink;true
V001156;L0001422;2024-02-20;16:57;S08;Discount;Peripherie;305;9h/19h;open 5/7;71;E0053;2046;2020-08-26;Manager;0,14;0,86;C0319;F;33;true;0;12;P056;shoe;121,57;0,2;101,31;20,26;0;121,57;121,57;Reebok;Basketball;Elite;45;Black;false
V001157;L0001423;2024-04-17;15:08;S06;Discount;Centre-ville;131;9h/18h;open 5/7;26;E0039;2587;2014-08-05;Sales;0,09;0,91;C0241;M;34;true;0;11;P023;shoe;119,27;0,2;99,39;19,88;0;119,27;119,27;Adidas;Basketball;Zoom;38;Pink;false
V001158;L0001424;2024-12-05;15:29;S05;Discount;Peripherie;271;9h/19h;open 6/7;64;E0028;2394;2021-02-14;Sales;0,15;0,85;C0175;F;16;true;0;9;P063;shoe;91,48;0,2;76,23;15,25;0;91,48;91,48;Nike;Casual;Max;40;Pink;true
V001159;L0001425;2024-02-21;14:00;S08;Discount;Peripherie;305;9h/19h;open 5/7;71;E0047;2787;2013-12-27;Manager;0,11;0,89;C0287;F;39;true;0;11;P055;shoe;113,5;0,2;94,58;18,92;0;113,5;113,5;Reebok;Training;Zoom;31;Gold;false
V001160;L0001426;2024-12-09;11:36;S03;Discount;Peripherie;222;9h/18h;open 5/7;51;E0015;2776;2012-04-21;Support;0,11;0,89;C0170;F;30;true;0;8;P007;shoe;83,44;0,2;69,53;13,91;0;83,44;99,19;Adidas;Basketball;Max;33;Electric Blue;false
V001161;L0001427;2024-11-12;11:42;S03;Discount;Peripherie;222;9h/18h;open 5/7;51;E0015;2776;2012-04-21;Support;0,11;0,89;C0178;F;35;true;0;14;P026;shoe;142,69;0,2;118,91;23,78;0;142,69;142,69;Asics;Running;Air;43;Gold;true
V001162;L0001428;2024-03-16;15:35;S05;Discount;Peripherie;271;9h/19h;open 6/7;64;E0027;2218;2019-03-23;Sales;0,11;0,89;C0032;F;24;true;0;11;P027;shoe;119,95;0,2;99,96;19,99;0;119,95;119,95;Jordans;Trail;Flex;40;Pink;true
V001163;L0001429;2024-03-13;10:39;S05;Discount;Peripherie;271;9h/19h;open 6/7;64;E0034;2989;2019-04-19;Sales;0,08;0,92;C0157;F;16;true;0;15;P088;shoe;106,19;0,2;88,49;17,7;0;106,19;106,19;Adidas;Running;Zoom;36;Black;true
V001163;L0001430;2024-03-13;10:39;S05;Discount;Peripherie;271;9h/19h;open 6/7;64;E0034;2989;2019-04-19;Sales;0,08;0,92;C0157;F;16;true;0;15;A008;accessory;22,54;0,2;18,78;3,76;0;22,54;22,54;Accessoire;Bonnet;Bonnet;XS;White;false
V001163;L0001431;2024-03-13;10:39;S05;Discount;Peripherie;271;9h/19h;open 6/7;64;E0034;2989;2019-04-19;Sales;0,08;0,92;C0157;F;16;true;0;15;A007;accessory;28,4;0,2;23,67;4,73;0;28,4;31,56;Accessoire;Casquette;Casquette;M;Deep Blue;false
V001164;L0001432;2024-05-09;13:15;S05;Discount;Peripherie;271;9h/19h;open 6/7;64;E0032;2701;2008-11-13;Sales;0,25;0,75;C0009;M;59;false;0;0;P063;shoe;91,48;0,2;76,23;15,25;0;91,48;91,48;Nike;Casual;Max;40;Pink;true
V001164;L0001433;2024-05-09;13:15;S05;Discount;Peripherie;271;9h/19h;open 6/7;64;E0032;2701;2008-11-13;Sales;0,25;0,75;C0009;M;59;false;0;0;A001;accessory;9,02;0,2;7,52;1,5;0;9,02;9,02;Accessoire;Sac de sport;Sac de sport;XS;Deep Blue;false
V001165;L0001434;2024-06-17;13:44;S03;Discount;Peripherie;222;9h/18h;open 5/7;51;E0017;2560;2012-12-22;Support;0,1;0,9;C0124;M;44;true;0;8;P018;shoe;82,16;0,2;68,47;13,69;0;82,16;82,16;Nike;Casual;Air;42;Red Blood;true
V001166;L0001435;2024-04-26;09:36;S08;Discount;Peripherie;305;9h/19h;open 5/7;71;E0054;2726;2017-12-28;Sales;0,09;0,91;C0167;M;28;true;0;12;P015;shoe;121,57;0,2;101,31;20,26;0;121,57;121,57;Asics;Training;Air;45;Deep Purple;false
V001167;L0001436;2024-08-22;14:09;S03;Discount;Peripherie;222;9h/18h;open 5/7;51;E0018;2742;2004-10-20;Sales;0,2;0,8;C0253;F;35;false;0;0;P019;shoe;123,09;0,2;102,58;20,51;0;123,09;123,09;Asics;Casual;Zoom;37;Deep Purple;false
V001168;L0001437;2024-04-15;12:43;S08;Discount;Peripherie;305;9h/19h;open 5/7;71;E0048;2463;2018-07-09;Sales;0,07;0,93;C0052;F;19;true;0;12;P015;shoe;121,57;0,2;101,31;20,26;0;121,57;121,57;Asics;Training;Air;45;Deep Purple;false
V001169;L0001438;2024-11-01;19:20;S02;Discount;Peripherie;289;9h/20h;open 5/7;67;E0006;2836;2022-05-06;Sales;0,11;0,89;C0286;M;25;true;0;18;P037;shoe;184,93;0,2;154,11;30,82;0;184,93;184,93;Puma;Limited Edition;Zoom;38;Gold;true
V001170;L0001439;2024-12-04;12:07;S04;Standard;Centre-ville;95;9h/20h;open 6/7;16;E0025;2018;2019-10-07;Sales;0,15;0,85;C0231;F;19;true;0;9;P008;shoe;58,8;0,2;49;9,8;0;58,8;58,8;Reebok;Casual;Elite;35;Deep Blue;false
V001170;L0001440;2024-12-04;12:07;S04;Standard;Centre-ville;95;9h/20h;open 6/7;16;E0025;2018;2019-10-07;Sales;0,15;0,85;C0231;F;19;true;0;9;A007;accessory;34,3;0,2;28,58;5,72;0;34,3;34,3;Accessoire;Casquette;Casquette;M;Deep Blue;false
V001171;L0001441;2024-04-16;09:42;S04;Standard;Centre-ville;95;9h/20h;open 6/7;16;E0024;3374;2014-08-24;Sales;0,02;0,98;C0242;F;34;true;0;22;P003;shoe;196;0,2;163,33;32,67;0;196;196;New Balance;Limited Edition;Max;40;Electric Blue;false
V001171;L0001442;2024-04-16;09:42;S04;Standard;Centre-ville;95;9h/20h;open 6/7;16;E0024;3374;2014-08-24;Sales;0,02;0,98;C0242;F;34;true;0;22;A007;accessory;33,24;0,2;27,7;5,54;0;33,24;34,3;Accessoire;Casquette;Casquette;M;Deep Blue;false
V001172;L0001443;2024-04-12;11:35;S08;Discount;Peripherie;305;9h/19h;open 5/7;71;E0049;2362;2018-06-15;Manager;0,11;0,89;C0324;M;22;true;0;12;P047;shoe;129,73;0,2;108,11;21,62;0;129,73;129,73;Jordans;Trail;Air;37;Premium Black;true
V001173;L0001444;2024-12-17;10:43;S08;Discount;Peripherie;305;9h/19h;open 5/7;71;E0048;2463;2018-07-09;Sales;0,07;0,93;C0110;M;36;true;0;10;P009;shoe;100,75;0,2;83,96;16,79;0;100,75;100,75;Asics;Trail;Flex;40;Red Blood;false
V001174;L0001445;2024-03-08;12:38;S05;Discount;Peripherie;271;9h/19h;open 6/7;64;E0030;2758;2008-04-16;Support;0,29;0,71;C0271;F;30;true;172;6;P018;shoe;65,27;0,2;54,39;10,88;17,2;82,47;82,47;Nike;Casual;Air;42;Red Blood;true
V001175;L0001446;2024-01-19;10:27;S08;Discount;Peripherie;305;9h/19h;open 5/7;71;E0054;2726;2017-12-28;Sales;0,09;0,91;C0345;F;45;false;0;0;P026;shoe;140,75;0,2;117,29;23,46;0;140,75;140,75;Asics;Running;Air;43;Gold;true
V001175;L0001447;2024-01-19;10:27;S08;Discount;Peripherie;305;9h/19h;open 5/7;71;E0054;2726;2017-12-28;Sales;0,09;0,91;C0345;F;45;false;0;0;A004;accessory;8,72;0,2;7,27;1,45;0;8,72;8,72;Accessoire;Bonnet;Bonnet;XS;Black;false
V001176;L0001448;2024-11-20;13:09;S08;Discount;Peripherie;305;9h/19h;open 5/7;71;E0051;2396;2019-11-14;Sales;0,14;0,86;C0038;M;16;true;0;10;P088;shoe;104,48;0,2;87,07;17,41;0;104,48;104,48;Adidas;Running;Zoom;36;Black;true
V001177;L0001449;2024-02-09;15:13;S05;Discount;Peripherie;271;9h/19h;open 6/7;64;E0033;2055;2019-07-02;Sales;0,11;0,89;C0007;M;22;true;0;13;P062;shoe;137,47;0,2;114,56;22,91;0;137,47;137,47;Nike;Limited Edition;Air;42;White;false
V001178;L0001450;2024-12-12;12:47;S03;Discount;Peripherie;222;9h/18h;open 5/7;51;E0017;2560;2012-12-22;Support;0,1;0,9;C0048;M;32;true;0;14;P081;shoe;112,22;0,2;93,52;18,7;0;112,22;112,22;Adidas;Basketball;Max;32;Black;false
V001178;L0001451;2024-12-12;12:47;S03;Discount;Peripherie;222;9h/18h;open 5/7;51;E0017;2560;2012-12-22;Support;0,1;0,9;C0048;M;32;true;0;14;A010;accessory;17,84;0,2;14,87;2,97;0;17,84;17,84;Accessoire;Tee-shirt;Tee-shirt;XL;Black;false
V001178;L0001452;2024-12-12;12:47;S03;Discount;Peripherie;222;9h/18h;open 5/7;51;E0017;2560;2012-12-22;Support;0,1;0,9;C0048;M;32;true;0;14;A012;accessory;17,84;0,2;14,87;2,97;0;17,84;17,84;Accessoire;Lacets;Lacets;XL;White;false
V001179;L0001453;2024-02-23;13:00;S03;Discount;Peripherie;222;9h/18h;open 5/7;51;E0020;3242;2015-11-25;Sales;0,03;0,97;C0390;F;53;true;0;9;P063;shoe;91,08;0,2;75,9;15,18;0;91,08;91,08;Nike;Casual;Max;40;Pink;true
V001180;L0001454;2024-03-27;17:57;S05;Discount;Peripherie;271;9h/19h;open 6/7;64;E0034;2989;2019-04-19;Sales;0,08;0,92;C0352;F;45;false;0;0;P052;shoe;150,78;0,2;125,65;25,13;0;150,78;150,78;Nike;Limited Edition;Max;30;Deep Purple;true
V001180;L0001455;2024-03-27;17:57;S05;Discount;Peripherie;271;9h/19h;open 6/7;64;E0034;2989;2019-04-19;Sales;0,08;0,92;C0352;F;45;false;0;0;A009;accessory;18,03;0,2;15,03;3;0;18,03;18,03;Accessoire;Lacets;Lacets;L;Classic Grey;false
V001181;L0001456;2024-08-02;11:25;S03;Discount;Peripherie;222;9h/18h;open 5/7;51;E0020;3242;2015-11-25;Sales;0,03;0,97;C0183;F;37;false;0;0;P026;shoe;117,42;0,2;97,85;19,57;0;117,42;142,69;Asics;Running;Air;43;Gold;true
V001181;L0001457;2024-08-02;11:25;S03;Discount;Peripherie;222;9h/18h;open 5/7;51;E0020;3242;2015-11-25;Sales;0,03;0,97;C0183;F;37;false;0;0;A001;accessory;6,42;0,2;5,35;1,07;0;6,42;8,92;Accessoire;Sac de sport;Sac de sport;XS;Deep Blue;false
V001182;L0001458;2024-04-11;10:07;S07;Standard;Centre-ville;95;9h/19h;open 5/7;18;E0042;2118;2019-04-24;Sales;0,1;0,9;C0397;M;23;true;0;11;P088;shoe;118,8;0,2;99;19,8;0;118,8;118,8;Adidas;Running;Zoom;36;Black;true
V001183;L0001459;2024-12-12;12:16;S03;Discount;Peripherie;222;9h/18h;open 5/7;51;E0020;3242;2015-11-25;Sales;0,03;0,97;C0094;F;41;true;0;10;P088;shoe;105,62;0,2;88,02;17,6;0;105,62;105,62;Adidas;Running;Zoom;36;Black;true
V001184;L0001460;2024-06-28;17:34;S08;Discount;Peripherie;305;9h/19h;open 5/7;71;E0051;2396;2019-11-14;Sales;0,14;0,86;C0046;M;30;true;0;9;P007;shoe;98,19;0,2;81,83;16,36;0;98,19;98,19;Adidas;Basketball;Max;33;Electric Blue;false
V001185;L0001461;2024-03-30;17:09;S04;Standard;Centre-ville;95;9h/20h;open 6/7;16;E0024;3374;2014-08-24;Sales;0,02;0,98;C0305;F;36;false;0;0;P079;shoe;37,04;0,2;30,87;6,17;0;37,04;37,04;New Balance;Basketball;Flex;32;Deep Blue;true
V001185;L0001462;2024-03-30;17:09;S04;Standard;Centre-ville;95;9h/20h;open 6/7;16;E0024;3374;2014-08-24;Sales;0,02;0,98;C0305;F;36;false;0;0;A003;accessory;34,3;0,2;28,58;5,72;0;34,3;34,3;Accessoire;Tee-shirt;Tee-shirt;S;White;false
V001185;L0001463;2024-03-30;17:09;S04;Standard;Centre-ville;95;9h/20h;open 6/7;16;E0024;3374;2014-08-24;Sales;0,02;0,98;C0305;F;36;false;0;0;A002;accessory;19,52;0,2;16,27;3,25;0;19,52;24,5;Accessoire;Lacets;Lacets;M;White;false
V001186;L0001464;2024-04-29;17:36;S06;Discount;Centre-ville;131;9h/18h;open 5/7;26;E0039;2587;2014-08-05;Sales;0,09;0,91;C0389;M;23;false;0;0;P004;shoe;82,05;0,2;68,38;13,67;0;82,05;82,05;Puma;Basketball;Max;34;White;true
V001186;L0001465;2024-04-29;17:36;S06;Discount;Centre-ville;131;9h/18h;open 5/7;26;E0039;2587;2014-08-05;Sales;0,09;0,91;C0389;M;23;false;0;0;P054;shoe;105,95;0,2;88,29;17,66;0;105,95;105,95;Puma;Running;Pro;34;Pink;false
V001187;L0001466;2024-03-01;19:44;S02;Discount;Peripherie;289;9h/20h;open 5/7;67;E0008;2145;2023-10-11;Sales;0,29;0,71;C0362;F;42;false;0;0;P085;shoe;101,8;0,2;84,83;16,97;0;101,8;101,8;Asics;Casual;Pro;39;White;false
V001188;L0001467;2024-08-19;11:55;S02;Discount;Peripherie;289;9h/20h;open 5/7;67;E0014;2449;2024-05-13;Support;0,07;0,93;C0137;M;40;true;0;11;P072;shoe;110,06;0,2;91,72;18,34;0;110,06;110,06;Puma;Trail;Pro;43;Sunny Yellow;false
V001189;L0001468;2024-12-09;09:00;S08;Discount;Peripherie;305;9h/19h;open 5/7;71;E0048;2463;2018-07-09;Sales;0,07;0,93;C0088;F;16;true;0;7;P079;shoe;70,06;0,2;58,38;11,68;0;70,06;70,06;New Balance;Basketball;Flex;32;Deep Blue;true
V001190;L0001469;2024-07-22;12:38;S05;Discount;Peripherie;271;9h/19h;open 6/7;64;E0035;2349;2010-01-14;Sales;0,22;0,78;C0356;F;22;true;0;8;P063;shoe;83,51;0,2;69,59;13,92;0;83,51;91,48;Nike;Casual;Max;40;Pink;true
V001191;L0001470;2024-09-04;12:23;S03;Discount;Peripherie;222;9h/18h;open 5/7;51;E0020;3242;2015-11-25;Sales;0,03;0,97;C0232;M;50;false;0;0;P063;shoe;91,08;0,2;75,9;15,18;0;91,08;91,08;Nike;Casual;Max;40;Pink;true
V001192;L0001471;2024-08-28;11:09;S03;Discount;Peripherie;222;9h/18h;open 5/7;51;E0015;2776;2012-04-21;Support;0,11;0,89;C0386;F;26;true;0;9;P007;shoe;99,19;0,2;82,66;16,53;0;99,19;99,19;Adidas;Basketball;Max;33;Electric Blue;false
V001193;L0001472;2024-02-19;16:00;S03;Discount;Peripherie;222;9h/18h;open 5/7;51;E0015;2776;2012-04-21;Support;0,11;0,89;C0167;M;28;true;0;22;P025;shoe;72,06;0,2;60,05;12,01;0;72,06;80,07;Asics;Trail;Flex;36;Sunny Yellow;false
V001193;L0001473;2024-02-19;16:00;S03;Discount;Peripherie;222;9h/18h;open 5/7;51;E0015;2776;2012-04-21;Support;0,11;0,89;C0167;M;28;true;0;22;P006;shoe;153,5;0,2;127,92;25,58;0;153,5;153,5;Asics;Limited Edition;Air;36;Pink;false
V001194;L0001474;2024-11-13;13:09;S05;Discount;Peripherie;271;9h/19h;open 6/7;64;E0033;2055;2019-07-02;Sales;0,11;0,89;C0364;F;30;false;0;0;P044;shoe;80,36;0,2;66,97;13,39;0;80,36;80,36;Nike;Basketball;Flex;32;Pink;false
V001195;L0001475;2024-07-20;10:02;S05;Discount;Peripherie;271;9h/19h;open 6/7;64;E0031;2900;2015-02-28;Manager;0,06;0,94;C0065;M;16;false;0;0;P069;shoe;130,88;0,2;109,07;21,81;0;130,88;130,88;Jordans;Limited Edition;Zoom;33;Deep Blue;false
V001196;L0001476;2024-12-04;11:23;S06;Discount;Centre-ville;131;9h/18h;open 5/7;26;E0039;2587;2014-08-05;Sales;0,09;0,91;C0323;F;37;true;233;13;P037;shoe;134,92;0,2;112,43;22,49;23,3;158,22;186,4;Puma;Limited Edition;Zoom;38;Gold;true
V001197;L0001477;2024-10-30;16:04;S02;Discount;Peripherie;289;9h/20h;open 5/7;67;E0009;2331;2024-04-14;Sales;0,08;0,92;C0059;M;29;true;0;10;P031;shoe;105,88;0,2;88,23;17,65;0;105,88;130,04;Puma;Limited Edition;Elite;32;Black;false
V001198;L0001478;2024-02-13;15:49;S03;Discount;Peripherie;222;9h/18h;open 5/7;51;E0015;2776;2012-04-21;Support;0,11;0,89;C0087;M;38;false;0;0;P053;shoe;136,56;0,2;113,8;22,76;0;136,56;136,56;Nike;Limited Edition;Zoom;38;Deep Blue;false
V001199;L0001479;2024-09-24;14:52;S02;Discount;Peripherie;289;9h/20h;open 5/7;67;E0006;2836;2022-05-06;Sales;0,11;0,89;C0056;F;38;true;0;13;P031;shoe;130,04;0,2;108,37;21,67;0;130,04;130,04;Puma;Limited Edition;Elite;32;Black;false
V001200;L0001480;2024-08-26;16:17;S02;Discount;Peripherie;289;9h/20h;open 5/7;67;E0009;2331;2024-04-14;Sales;0,08;0,92;C0379;M;30;true;0;24;P041;shoe;131,78;0,2;109,82;21,96;0;131,78;131,78;Puma;Trail;Pro;39;Premium Black;false
V001200;L0001481;2024-08-26;16:17;S02;Discount;Peripherie;289;9h/20h;open 5/7;67;E0009;2331;2024-04-14;Sales;0,08;0,92;C0379;M;30;true;0;24;P077;shoe;117;0,2;97,5;19,5;0;117;117;Puma;Basketball;Zoom;39;Brown Bear;false
V001201;L0001482;2024-11-02;16:06;S05;Discount;Peripherie;271;9h/19h;open 6/7;64;E0035;2349;2010-01-14;Sales;0,22;0,78;C0241;M;34;true;0;9;P063;shoe;91,48;0,2;76,23;15,25;0;91,48;91,48;Nike;Casual;Max;40;Pink;true
V001202;L0001483;2024-04-18;16:57;S02;Discount;Peripherie;289;9h/20h;open 5/7;67;E0010;2189;2023-11-12;Sales;0,18;0,82;C0398;F;40;true;0;10;P054;shoe;103,53;0,2;86,28;17,25;0;103,53;103,53;Puma;Running;Pro;34;Pink;false
V001203;L0001484;2024-05-09;09:51;S08;Discount;Peripherie;305;9h/19h;open 5/7;71;E0048;2463;2018-07-09;Sales;0,07;0,93;C0333;M;48;false;0;0;P073;shoe;172,88;0,2;144,07;28,81;0;172,88;172,88;Reebok;Limited Edition;Elite;39;Deep Blue;true
V001204;L0001485;2024-09-16;13:42;S05;Discount;Peripherie;271;9h/19h;open 6/7;64;E0035;2349;2010-01-14;Sales;0,22;0,78;C0151;F;50;false;0;0;P063;shoe;91,48;0,2;76,23;15,25;0;91,48;91,48;Nike;Casual;Max;40;Pink;true
V001205;L0001486;2024-08-16;18:59;S07;Standard;Centre-ville;95;9h/19h;open 5/7;18;E0044;1980;2020-02-22;Sales;0,11;0,89;C0386;F;26;true;0;19;P006;shoe;198,08;0,2;165,07;33,01;0;198,08;229;Asics;Limited Edition;Air;36;Pink;false
V001206;L0001487;2024-05-09;13:19;S05;Discount;Peripherie;271;9h/19h;open 6/7;64;E0034;2989;2019-04-19;Sales;0,08;0,92;C0158;F;31;true;0;11;P002;shoe;115,06;0,2;95,88;19,18;0;115,06;115,06;Jordans;Trail;Flex;44;Sunny Yellow;false
V001207;L0001488;2024-03-12;17:38;S08;Discount;Peripherie;305;9h/19h;open 5/7;71;E0054;2726;2017-12-28;Sales;0,09;0,91;C0052;F;19;true;0;10;P009;shoe;100,75;0,2;83,96;16,79;0;100,75;100,75;Asics;Trail;Flex;40;Red Blood;false
V001208;L0001489;2024-03-19;17:12;S03;Discount;Peripherie;222;9h/18h;open 5/7;51;E0018;2742;2004-10-20;Sales;0,2;0,8;C0120;M;58;true;108;8;P063;shoe;80,28;0,2;66,9;13,38;10,8;91,08;91,08;Nike;Casual;Max;40;Pink;true
V001209;L0001490;2024-05-27;17:57;S08;Discount;Peripherie;305;9h/19h;open 5/7;71;E0052;2362;2009-01-13;Sales;0,27;0,73;C0225;M;42;true;107;21;P043;shoe;104,49;0,2;87,08;17,41;10,7;115,19;115,19;Adidas;Running;Max;32;Pink;false
V001209;L0001491;2024-05-27;17:57;S08;Discount;Peripherie;305;9h/19h;open 5/7;71;E0052;2362;2009-01-13;Sales;0,27;0,73;C0225;M;42;true;107;21;P081;shoe;110,94;0,2;92,45;18,49;0;110,94;110,94;Adidas;Basketball;Max;32;Black;false
V001210;L0001492;2024-12-11;11:16;S01;Premium;Centre-ville;81;9h/18h;open 5/7;11;E0005;2812;2014-07-24;Sales;0,07;0,93;C0010;F;53;true;0;33;P073;shoe;296,5;0,2;247,08;49,42;0;296,5;296,5;Reebok;Limited Edition;Elite;39;Deep Blue;true
V001210;L0001493;2024-12-11;11:16;S01;Premium;Centre-ville;81;9h/18h;open 5/7;11;E0005;2812;2014-07-24;Sales;0,07;0,93;C0010;F;53;true;0;33;A006;accessory;36,42;0,2;30,35;6,07;0;36,42;42,4;Accessoire;Sac de sport;Sac de sport;XS;Black;false
V001211;L0001494;2024-01-03;15:27;S03;Discount;Peripherie;222;9h/18h;open 5/7;51;E0015;2776;2012-04-21;Support;0,11;0,89;C0396;F;27;false;0;0;P085;shoe;101,8;0,2;84,83;16,97;0;101,8;101,8;Asics;Casual;Pro;39;White;false
V001211;L0001495;2024-01-03;15:27;S03;Discount;Peripherie;222;9h/18h;open 5/7;51;E0015;2776;2012-04-21;Support;0,11;0,89;C0396;F;27;false;0;0;A006;accessory;35,67;0,2;29,73;5,94;0;35,67;35,67;Accessoire;Sac de sport;Sac de sport;XS;Black;false
V001212;L0001496;2024-02-22;16:18;S08;Discount;Peripherie;305;9h/19h;open 5/7;71;E0048;2463;2018-07-09;Sales;0,07;0,93;C0136;F;31;true;0;10;P009;shoe;100,75;0,2;83,96;16,79;0;100,75;100,75;Asics;Trail;Flex;40;Red Blood;false
V001213;L0001497;2024-11-22;11:07;S05;Discount;Peripherie;271;9h/19h;open 6/7;64;E0030;2758;2008-04-16;Support;0,29;0,71;C0192;M;47;true;303;12;P051;shoe;50,06;0,2;41,72;8,34;30,3;80,36;80,36;Jordans;Trail;Elite;31;Sunny Yellow;false
V001213;L0001498;2024-11-22;11:07;S05;Discount;Peripherie;271;9h/19h;open 6/7;64;E0030;2758;2008-04-16;Support;0,29;0,71;C0192;M;47;true;303;12;P033;shoe;77,72;0,2;64,77;12,95;0;77,72;77,72;Jordans;Running;Max;31;Red Blood;false
V001214;L0001499;2024-05-18;18:51;S05;Discount;Peripherie;271;9h/19h;open 6/7;64;E0034;2989;2019-04-19;Sales;0,08;0,92;C0392;M;32;true;0;8;P007;shoe;89,72;0,2;74,77;14,95;0;89,72;99,69;Adidas;Basketball;Max;33;Electric Blue;false
V001215;L0001500;2024-01-06;10:16;S05;Discount;Peripherie;271;9h/19h;open 6/7;64;E0028;2394;2021-02-14;Sales;0,15;0,85;C0078;F;41;true;0;13;P047;shoe;132,28;0,2;110,23;22,05;0;132,28;132,28;Jordans;Trail;Air;37;Premium Black;true
V001216;L0001501;2024-11-27;09:44;S05;Discount;Peripherie;271;9h/19h;open 6/7;64;E0030;2758;2008-04-16;Support;0,29;0,71;C0043;F;36;true;0;12;P048;shoe;122,8;0,2;102,33;20,47;0;122,8;122,8;Jordans;Casual;Air;45;Brown Bear;true
V001217;L0001502;2024-03-28;11:04;S02;Discount;Peripherie;289;9h/20h;open 5/7;67;E0011;1917;2024-03-22;Sales;0,16;0,84;C0397;M;23;true;0;9;P005;shoe;99,63;0,2;83,03;16,6;0;99,63;99,63;Nike;Casual;Max;33;Premium Black;false
V001218;L0001503;2024-01-29;12:12;S03;Discount;Peripherie;222;9h/18h;open 5/7;51;E0017;2560;2012-12-22;Support;0,1;0,9;C0091;F;39;true;0;11;P043;shoe;116,57;0,2;97,14;19,43;0;116,57;116,57;Adidas;Running;Max;32;Pink;false
V001219;L0001504;2024-02-16;15:08;S08;Discount;Peripherie;305;9h/19h;open 5/7;71;E0054;2726;2017-12-28;Sales;0,09;0,91;C0236;F;40;true;0;14;P026;shoe;140,75;0,2;117,29;23,46;0;140,75;140,75;Asics;Running;Air;43;Gold;true
V001220;L0001505;2024-02-26;12:04;S08;Discount;Peripherie;305;9h/19h;open 5/7;71;E0051;2396;2019-11-14;Sales;0,14;0,86;C0208;F;16;false;0;0;P073;shoe;172,88;0,2;144,07;28,81;0;172,88;172,88;Reebok;Limited Edition;Elite;39;Deep Blue;true
V001221;L0001506;2024-08-07;19:50;S02;Discount;Peripherie;289;9h/20h;open 5/7;67;E0009;2331;2024-04-14;Sales;0,08;0,92;C0140;M;28;false;0;0;P040;shoe;80,07;0,2;66,72;13,35;0;80,07;80,07;Nike;Trail;Zoom;44;Black;false
V001222;L0001507;2024-07-11;14:37;S07;Standard;Centre-ville;95;9h/19h;open 5/7;18;E0043;2926;2014-01-15;Sales;0,03;0,97;C0309;M;16;false;0;0;P088;shoe;118,8;0,2;99;19,8;0;118,8;118,8;Adidas;Running;Zoom;36;Black;true
V001223;L0001508;2024-12-04;18:12;S08;Discount;Peripherie;305;9h/19h;open 5/7;71;E0052;2362;2009-01-13;Sales;0,27;0,73;C0340;F;24;true;0;11;P002;shoe;113,07;0,2;94,22;18,85;0;113,07;113,07;Jordans;Trail;Flex;44;Sunny Yellow;false
V001224;L0001509;2024-03-11;10:07;S05;Discount;Peripherie;271;9h/19h;open 6/7;64;E0027;2218;2019-03-23;Sales;0,11;0,89;C0232;M;50;false;0;0;P053;shoe;137,47;0,2;114,56;22,91;0;137,47;137,47;Nike;Limited Edition;Zoom;38;Deep Blue;false
V001225;L0001510;2024-03-12;16:37;S08;Discount;Peripherie;305;9h/19h;open 5/7;71;E0047;2787;2013-12-27;Manager;0,11;0,89;C0262;F;45;true;0;7;P025;shoe;79,5;0,2;66,25;13,25;0;79,5;79,5;Asics;Trail;Flex;36;Sunny Yellow;false
V001226;L0001511;2024-05-28;16:04;S03;Discount;Peripherie;222;9h/18h;open 5/7;51;E0015;2776;2012-04-21;Support;0,11;0,89;C0098;M;32;true;0;8;P029;shoe;88,33;0,2;73,61;14,72;0;88,33;88,33;Adidas;Basketball;Zoom;45;Brown Bear;false
V001227;L0001512;2024-11-08;15:27;S05;Discount;Peripherie;271;9h/19h;open 6/7;64;E0027;2218;2019-03-23;Sales;0,11;0,89;C0407;M;29;true;0;15;P052;shoe;150,78;0,2;125,65;25,13;0;150,78;150,78;Nike;Limited Edition;Max;30;Deep Purple;true
V001228;L0001513;2024-05-13;09:39;S08;Discount;Peripherie;305;9h/19h;open 5/7;71;E0052;2362;2009-01-13;Sales;0,27;0,73;C0217;M;53;false;0;0;P065;shoe;124,12;0,2;103,43;20,69;0;124,12;124,12;Reebok;Trail;Flex;41;Premium Black;false
V001228;L0001514;2024-05-13;09:39;S08;Discount;Peripherie;305;9h/19h;open 5/7;71;E0052;2362;2009-01-13;Sales;0,27;0,73;C0217;M;53;false;0;0;P061;shoe;100,75;0,2;83,96;16,79;0;100,75;100,75;Reebok;Casual;Pro;41;White;false
V001229;L0001515;2024-05-02;13:52;S08;Discount;Peripherie;305;9h/19h;open 5/7;71;E0048;2463;2018-07-09;Sales;0,07;0,93;C0008;M;36;true;0;20;P083;shoe;109,08;0,2;90,9;18,18;0;109,08;109,08;New Balance;Trail;Flex;33;Brown Bear;true
V001229;L0001516;2024-05-02;13:52;S08;Discount;Peripherie;305;9h/19h;open 5/7;71;E0048;2463;2018-07-09;Sales;0,07;0,93;C0008;M;36;true;0;20;P050;shoe;92,22;0,2;76,85;15,37;0;92,22;102,44;New Balance;Training;Max;33;Pink;false
V001230;L0001517;2024-09-16;09:47;S08;Discount;Peripherie;305;9h/19h;open 5/7;71;E0054;2726;2017-12-28;Sales;0,09;0,91;C0354;M;26;true;0;12;P048;shoe;120,55;0,2;100,46;20,09;0;120,55;120,55;Jordans;Casual;Air;45;Brown Bear;true
V001231;L0001518;2024-06-05;16:23;S07;Standard;Centre-ville;95;9h/19h;open 5/7;18;E0045;2224;2018-01-08;Sales;0,15;0,85;C0357;F;16;true;0;18;P067;shoe;120;0,2;100;20;0;120;120;Adidas;Running;Pro;30;Light Green;false
V001231;L0001519;2024-06-05;16:23;S07;Standard;Centre-ville;95;9h/19h;open 5/7;18;E0045;2224;2018-01-08;Sales;0,15;0,85;C0357;F;16;true;0;18;P014;shoe;60;0,2;50;10;0;60;60;Adidas;Basketball;Flex;30;Brown Bear;false
V001232;L0001520;2024-11-15;14:29;S07;Standard;Centre-ville;95;9h/19h;open 5/7;18;E0042;2118;2019-04-24;Sales;0,1;0,9;C0095;M;35;true;0;11;P088;shoe;118,8;0,2;99;19,8;0;118,8;118,8;Adidas;Running;Zoom;36;Black;true
V001233;L0001521;2024-12-28;12:57;S05;Discount;Peripherie;271;9h/19h;open 6/7;64;E0028;2394;2021-02-14;Sales;0,15;0,85;C0202;M;40;true;0;8;P007;shoe;84,51;0,2;70,43;14,08;0;84,51;99,69;Adidas;Basketball;Max;33;Electric Blue;false
V001234;L0001522;2024-08-09;09:41;S02;Discount;Peripherie;289;9h/20h;open 5/7;67;E0009;2331;2024-04-14;Sales;0,08;0,92;C0129;M;48;false;0;0;P031;shoe;130,04;0,2;108,37;21,67;0;130,04;130,04;Puma;Limited Edition;Elite;32;Black;false
V001235;L0001523;2024-08-16;16:56;S08;Discount;Peripherie;305;9h/19h;open 5/7;71;E0048;2463;2018-07-09;Sales;0,07;0,93;C0089;M;31;false;0;0;P021;shoe;123,69;0,2;103,08;20,61;0;123,69;123,69;Reebok;Casual;Air;32;Gold;false
V001236;L0001524;2024-04-12;18:14;S08;Discount;Peripherie;305;9h/19h;open 5/7;71;E0048;2463;2018-07-09;Sales;0,07;0,93;C0088;F;16;true;0;16;P026;shoe;140,75;0,2;117,29;23,46;0;140,75;140,75;Asics;Running;Air;43;Gold;true
V001236;L0001525;2024-04-12;18:14;S08;Discount;Peripherie;305;9h/19h;open 5/7;71;E0048;2463;2018-07-09;Sales;0,07;0,93;C0088;F;16;true;0;16;A005;accessory;21,8;0,2;18,17;3,63;0;21,8;21,8;Accessoire;Bonnet;Bonnet;M;Deep Blue;false
V001237;L0001526;2024-03-20;16:20;S07;Standard;Centre-ville;95;9h/19h;open 5/7;18;E0044;1980;2020-02-22;Sales;0,11;0,89;C0154;F;38;false;0;0;P015;shoe;159;0,2;132,5;26,5;0;159;159;Asics;Training;Air;45;Deep Purple;false
V001238;L0001527;2024-12-23;16:21;S01;Premium;Centre-ville;81;9h/18h;open 5/7;11;E0005;2812;2014-07-24;Sales;0,07;0,93;C0303;F;29;true;0;11;P059;shoe;90,1;0,2;75,08;15,02;0;90,1;90,1;Reebok;Running;Elite;43;Black;false
V001238;L0001528;2024-12-23;16:21;S01;Premium;Centre-ville;81;9h/18h;open 5/7;11;E0005;2812;2014-07-24;Sales;0,07;0,93;C0303;F;29;true;0;11;A004;accessory;8,48;0,2;7,07;1,41;0;8,48;10,6;Accessoire;Bonnet;Bonnet;XS;Black;false
V001238;L0001529;2024-12-23;16:21;S01;Premium;Centre-ville;81;9h/18h;open 5/7;11;E0005;2812;2014-07-24;Sales;0,07;0,93;C0303;F;29;true;0;11;A012;accessory;21,2;0,2;17,67;3,53;0;21,2;21,2;Accessoire;Lacets;Lacets;XL;White;false
V001239;L0001530;2024-09-13;10:37;S03;Discount;Peripherie;222;9h/18h;open 5/7;51;E0015;2776;2012-04-21;Support;0,11;0,89;C0103;M;45;true;0;8;P040;shoe;80,07;0,2;66,72;13,35;0;80,07;80,07;Nike;Trail;Zoom;44;Black;false
V001240;L0001531;2024-11-26;15:30;S05;Discount;Peripherie;271;9h/19h;open 6/7;64;E0027;2218;2019-03-23;Sales;0,11;0,89;C0140;M;28;false;0;0;P040;shoe;64,29;0,2;53,58;10,71;0;64,29;80,36;Nike;Trail;Zoom;44;Black;false
V001241;L0001532;2024-12-07;14:34;S05;Discount;Peripherie;271;9h/19h;open 6/7;64;E0027;2218;2019-03-23;Sales;0,11;0,89;C0159;F;43;true;0;13;P047;shoe;132,28;0,2;110,23;22,05;0;132,28;132,28;Jordans;Trail;Air;37;Premium Black;true
V001242;L0001533;2024-04-05;15:02;S02;Discount;Peripherie;289;9h/20h;open 5/7;67;E0011;1917;2024-03-22;Sales;0,16;0,84;C0051;M;27;true;0;11;P046;shoe;116,57;0,2;97,14;19,43;0;116,57;116,57;Asics;Trail;Flex;32;Classic Grey;false
V001243;L0001534;2024-08-14;16:07;S04;Standard;Centre-ville;95;9h/20h;open 6/7;16;E0026;2442;2016-11-14;Sales;0,11;0,89;C0244;F;42;true;0;12;P070;shoe;126,41;0,2;105,34;21,07;0;126,41;136,22;Adidas;Casual;Pro;40;Deep Purple;false
V001244;L0001535;2024-12-31;15:47;S05;Discount;Peripherie;271;9h/19h;open 6/7;64;E0035;2349;2010-01-14;Sales;0,22;0,78;C0010;F;53;true;0;12;P048;shoe;122,8;0,2;102,33;20,47;0;122,8;122,8;Jordans;Casual;Air;45;Brown Bear;true
V001245;L0001536;2024-02-09;17:11;S06;Discount;Centre-ville;131;9h/18h;open 5/7;26;E0039;2587;2014-08-05;Sales;0,09;0,91;C0332;F;40;true;0;20;P062;shoe;138,59;0,2;115,49;23,1;0;138,59;138,59;Nike;Limited Edition;Air;42;White;false
V001245;L0001537;2024-02-09;17:11;S06;Discount;Centre-ville;131;9h/18h;open 5/7;26;E0039;2587;2014-08-05;Sales;0,09;0,91;C0332;F;40;true;0;20;P018;shoe;69,26;0,2;57,72;11,54;0;69,26;84,83;Nike;Casual;Air;42;Red Blood;true
V001246;L0001538;2024-10-08;09:45;S02;Discount;Peripherie;289;9h/20h;open 5/7;67;E0006;2836;2022-05-06;Sales;0,11;0,89;C0135;F;16;true;0;8;P040;shoe;80,07;0,2;66,72;13,35;0;80,07;80,07;Nike;Trail;Zoom;44;Black;false
V001247;L0001539;2024-01-30;15:52;S08;Discount;Peripherie;305;9h/19h;open 5/7;71;E0053;2046;2020-08-26;Manager;0,14;0,86;C0353;F;46;true;0;11;P070;shoe;113,07;0,2;94,22;18,85;0;113,07;113,07;Adidas;Casual;Pro;40;Deep Purple;false
V001248;L0001540;2024-11-28;12:43;S02;Discount;Peripherie;289;9h/20h;open 5/7;67;E0008;2145;2023-10-11;Sales;0,29;0,71;C0355;M;35;false;0;0;P040;shoe;80,07;0,2;66,72;13,35;0;80,07;80,07;Nike;Trail;Zoom;44;Black;false
V001249;L0001541;2024-06-24;10:23;S08;Discount;Peripherie;305;9h/19h;open 5/7;71;E0051;2396;2019-11-14;Sales;0,14;0,86;C0039;M;44;false;0;0;P011;shoe;103,98;0,2;86,65;17,33;0;103,98;121,57;New Balance;Running;Max;38;Electric Blue;false
V001250;L0001542;2024-05-29;09:53;S08;Discount;Peripherie;305;9h/19h;open 5/7;71;E0048;2463;2018-07-09;Sales;0,07;0,93;C0324;M;22;true;0;11;P076;shoe;119,44;0,2;99,53;19,91;0;119,44;119,44;Asics;Trail;Air;35;Premium Black;false
V001251;L0001543;2024-10-19;16:08;S05;Discount;Peripherie;271;9h/19h;open 6/7;64;E0033;2055;2019-07-02;Sales;0,11;0,89;C0020;F;35;true;0;6;P014;shoe;69,16;0,2;57,63;11,53;0;69,16;80,36;Adidas;Basketball;Flex;30;Brown Bear;false
V001252;L0001544;2024-08-23;10:23;S08;Discount;Peripherie;305;9h/19h;open 5/7;71;E0048;2463;2018-07-09;Sales;0,07;0,93;C0046;M;30;true;0;17;P067;shoe;99,82;0,2;83,18;16,64;0;99,82;105;Adidas;Running;Pro;30;Light Green;false
V001252;L0001545;2024-08-23;10:23;S08;Discount;Peripherie;305;9h/19h;open 5/7;71;E0048;2463;2018-07-09;Sales;0,07;0,93;C0046;M;30;true;0;17;P014;shoe;79,5;0,2;66,25;13,25;0;79,5;79,5;Adidas;Basketball;Flex;30;Brown Bear;false
V001253;L0001546;2024-12-30;12:30;S03;Discount;Peripherie;222;9h/18h;open 5/7;51;E0017;2560;2012-12-22;Support;0,1;0,9;C0383;F;20;true;0;15;P006;shoe;153,5;0,2;127,92;25,58;0;153,5;153,5;Asics;Limited Edition;Air;36;Pink;false
V001254;L0001547;2024-02-26;14:15;S05;Discount;Peripherie;271;9h/19h;open 6/7;64;E0028;2394;2021-02-14;Sales;0,15;0,85;C0002;F;33;true;0;11;P023;shoe;117,7;0,2;98,08;19,62;0;117,7;117,7;Adidas;Basketball;Zoom;38;Pink;false
V001255;L0001548;2024-04-04;10:29;S06;Discount;Centre-ville;131;9h/18h;open 5/7;26;E0040;2438;2015-03-10;Sales;0,09;0,91;C0054;F;22;true;0;10;P005;shoe;102,09;0,2;85,08;17,01;0;102,09;102,09;Nike;Casual;Max;33;Premium Black;false
V001256;L0001549;2024-09-09;17:22;S02;Discount;Peripherie;289;9h/20h;open 5/7;67;E0006;2836;2022-05-06;Sales;0,11;0,89;C0078;F;41;true;0;12;P076;shoe;120,92;0,2;100,77;20,15;0;120,92;120,92;Asics;Trail;Air;35;Premium Black;false
V001257;L0001550;2024-06-21;11:49;S06;Discount;Centre-ville;131;9h/18h;open 5/7;26;E0040;2438;2015-03-10;Sales;0,09;0,91;C0265;M;37;true;0;11;P072;shoe;112,4;0,2;93,67;18,73;0;112,4;112,4;Puma;Trail;Pro;43;Sunny Yellow;false
V001258;L0001551;2024-04-05;14:36;S08;Discount;Peripherie;305;9h/19h;open 5/7;71;E0051;2396;2019-11-14;Sales;0,14;0,86;C0080;F;47;false;0;0;P045;shoe;109,41;0,2;91,17;18,24;0;109,41;121,57;New Balance;Training;Pro;45;Electric Blue;false
V001259;L0001552;2024-05-11;15:10;S05;Discount;Peripherie;271;9h/19h;open 6/7;64;E0034;2989;2019-04-19;Sales;0,08;0,92;C0050;M;37;true;0;11;P027;shoe;119,95;0,2;99,96;19,99;0;119,95;119,95;Jordans;Trail;Flex;40;Pink;true
V001260;L0001553;2024-01-02;10:55;S01;Premium;Centre-ville;81;9h/18h;open 5/7;11;E0001;2356;2009-12-04;Sales;0,23;0,77;C0100;M;30;true;0;29;P073;shoe;296,5;0,2;247,08;49,42;0;296,5;296,5;Reebok;Limited Edition;Elite;39;Deep Blue;true
V001261;L0001554;2024-11-28;12:58;S08;Discount;Peripherie;305;9h/19h;open 5/7;71;E0048;2463;2018-07-09;Sales;0,07;0,93;C0372;M;64;true;0;24;P058;shoe;125,82;0,2;104,85;20,97;0;125,82;125,82;Asics;Basketball;Air;45;Pink;false
V001261;L0001555;2024-11-28;12:58;S08;Discount;Peripherie;305;9h/19h;open 5/7;71;E0048;2463;2018-07-09;Sales;0,07;0,93;C0372;M;64;true;0;24;P015;shoe;121,57;0,2;101,31;20,26;0;121,57;121,57;Asics;Training;Air;45;Deep Purple;false
V001262;L0001556;2024-05-11;14:59;S05;Discount;Peripherie;271;9h/19h;open 6/7;64;E0033;2055;2019-07-02;Sales;0,11;0,89;C0203;M;26;true;0;15;P048;shoe;122,8;0,2;102,33;20,47;0;122,8;122,8;Jordans;Casual;Air;45;Brown Bear;true
V001262;L0001557;2024-05-11;14:59;S05;Discount;Peripherie;271;9h/19h;open 6/7;64;E0033;2055;2019-07-02;Sales;0,11;0,89;C0203;M;26;true;0;15;A003;accessory;31,56;0,2;26,3;5,26;0;31,56;31,56;Accessoire;Tee-shirt;Tee-shirt;S;White;false
V001263;L0001558;2024-10-30;12:29;S05;Discount;Peripherie;271;9h/19h;open 6/7;64;E0033;2055;2019-07-02;Sales;0,11;0,89;C0050;M;37;true;0;11;P023;shoe;117,7;0,2;98,08;19,62;0;117,7;117,7;Adidas;Basketball;Zoom;38;Pink;false
V001264;L0001559;2024-04-29;16:57;S05;Discount;Peripherie;271;9h/19h;open 6/7;64;E0033;2055;2019-07-02;Sales;0,11;0,89;C0373;F;51;false;0;0;P007;shoe;99,69;0,2;83,08;16,61;0;99,69;99,69;Adidas;Basketball;Max;33;Electric Blue;false
V001265;L0001560;2024-07-16;15:59;S05;Discount;Peripherie;271;9h/19h;open 6/7;64;E0033;2055;2019-07-02;Sales;0,11;0,89;C0304;M;37;true;0;9;P007;shoe;92,57;0,2;77,14;15,43;0;92,57;99,69;Adidas;Basketball;Max;33;Electric Blue;false
V001266;L0001561;2024-09-18;14:55;S08;Discount;Peripherie;305;9h/19h;open 5/7;71;E0051;2396;2019-11-14;Sales;0,14;0,86;C0079;F;38;true;0;12;P069;shoe;128,37;0,2;106,98;21,39;0;128,37;128,37;Jordans;Limited Edition;Zoom;33;Deep Blue;false
V001267;L0001562;2024-06-04;11:02;S01;Premium;Centre-ville;81;9h/18h;open 5/7;11;E0001;2356;2009-12-04;Sales;0,23;0,77;C0329;M;42;true;0;7;P059;shoe;75,59;0,2;62,99;12,6;0;75,59;90,1;Reebok;Running;Elite;43;Black;false
V001268;L0001563;2024-10-12;15:28;S05;Discount;Peripherie;271;9h/19h;open 6/7;64;E0034;2989;2019-04-19;Sales;0,08;0,92;C0088;F;16;true;0;12;P048;shoe;122,8;0,2;102,33;20,47;0;122,8;122,8;Jordans;Casual;Air;45;Brown Bear;true
V001269;L0001564;2024-07-26;17:10;S08;Discount;Peripherie;305;9h/19h;open 5/7;71;E0050;2303;2014-09-25;Support;0,29;0,71;C0262;F;45;true;0;12;P015;shoe;121,57;0,2;101,31;20,26;0;121,57;121,57;Asics;Training;Air;45;Deep Purple;false
V001270;L0001565;2024-09-18;11:17;S08;Discount;Peripherie;305;9h/19h;open 5/7;71;E0048;2463;2018-07-09;Sales;0,07;0,93;C0353;F;46;true;0;14;P026;shoe;140,75;0,2;117,29;23,46;0;140,75;140,75;Asics;Running;Air;43;Gold;true
V001271;L0001566;2024-11-26;13:48;S02;Discount;Peripherie;289;9h/20h;open 5/7;67;E0012;2424;2024-10-12;Sales;0,25;0,75;C0366;F;20;true;0;7;P040;shoe;72,06;0,2;60,05;12,01;0;72,06;80,07;Nike;Trail;Zoom;44;Black;false
V001272;L0001567;2024-03-29;13:53;S07;Standard;Centre-ville;95;9h/19h;open 5/7;18;E0042;2118;2019-04-24;Sales;0,1;0,9;C0188;M;38;true;0;16;P064;shoe;169;0,2;140,83;28,17;0;169;169;Puma;Training;Pro;41;Black;false
V001273;L0001568;2024-09-10;16:07;S07;Standard;Centre-ville;95;9h/19h;open 5/7;18;E0045;2224;2018-01-08;Sales;0,15;0,85;C0038;M;16;true;0;22;P006;shoe;229;0,2;190,83;38,17;0;229;229;Asics;Limited Edition;Air;36;Pink;false
V001274;L0001569;2024-04-26;11:55;S05;Discount;Peripherie;271;9h/19h;open 6/7;64;E0031;2900;2015-02-28;Manager;0,06;0,94;C0119;F;32;true;0;15;P048;shoe;122,8;0,2;102,33;20,47;0;122,8;122,8;Jordans;Casual;Air;45;Brown Bear;true
V001274;L0001570;2024-04-26;11:55;S05;Discount;Peripherie;271;9h/19h;open 6/7;64;E0031;2900;2015-02-28;Manager;0,06;0,94;C0119;F;32;true;0;15;A007;accessory;31,56;0,2;26,3;5,26;0;31,56;31,56;Accessoire;Casquette;Casquette;M;Deep Blue;false
V001275;L0001571;2024-09-14;11:27;S05;Discount;Peripherie;271;9h/19h;open 6/7;64;E0031;2900;2015-02-28;Manager;0,06;0,94;C0043;F;36;true;0;10;P088;shoe;106,19;0,2;88,49;17,7;0;106,19;106,19;Adidas;Running;Zoom;36;Black;true
V001276;L0001572;2024-07-12;11:03;S05;Discount;Peripherie;271;9h/19h;open 6/7;64;E0027;2218;2019-03-23;Sales;0,11;0,89;C0367;F;43;true;0;11;P053;shoe;119,95;0,2;99,96;19,99;0;119,95;137,47;Nike;Limited Edition;Zoom;38;Deep Blue;false
V001277;L0001573;2024-10-10;12:24;S03;Discount;Peripherie;222;9h/18h;open 5/7;51;E0020;3242;2015-11-25;Sales;0,03;0,97;C0129;M;48;false;0;0;P018;shoe;76,73;0,2;63,94;12,79;0;76,73;82,16;Nike;Casual;Air;42;Red Blood;true
V001277;L0001574;2024-10-10;12:24;S03;Discount;Peripherie;222;9h/18h;open 5/7;51;E0020;3242;2015-11-25;Sales;0,03;0,97;C0129;M;48;false;0;0;A004;accessory;7,58;0,2;6,32;1,26;0;7,58;8,92;Accessoire;Bonnet;Bonnet;XS;Black;false
V001278;L0001575;2024-03-16;14:55;S05;Discount;Peripherie;271;9h/19h;open 6/7;64;E0027;2218;2019-03-23;Sales;0,11;0,89;C0241;M;34;true;0;13;P053;shoe;137,47;0,2;114,56;22,91;0;137,47;137,47;Nike;Limited Edition;Zoom;38;Deep Blue;false
V001279;L0001576;2024-05-27;14:38;S04;Standard;Centre-ville;95;9h/20h;open 6/7;16;E0023;2557;2016-03-21;Sales;0,07;0,93;C0069;M;47;false;0;0;P003;shoe;196;0,2;163,33;32,67;0;196;196;New Balance;Limited Edition;Max;40;Electric Blue;false
V001279;L0001577;2024-05-27;14:38;S04;Standard;Centre-ville;95;9h/20h;open 6/7;16;E0023;2557;2016-03-21;Sales;0,07;0,93;C0069;M;47;false;0;0;P017;shoe;107,8;0,2;89,83;17,97;0;107,8;107,8;New Balance;Trail;Zoom;40;Classic Grey;false
V001280;L0001578;2024-06-22;17:30;S05;Discount;Peripherie;271;9h/19h;open 6/7;64;E0028;2394;2021-02-14;Sales;0,15;0,85;C0222;M;36;true;0;11;P027;shoe;119,95;0,2;99,96;19,99;0;119,95;119,95;Jordans;Trail;Flex;40;Pink;true
V001281;L0001579;2024-10-03;13:33;S03;Discount;Peripherie;222;9h/18h;open 5/7;51;E0019;1959;2021-03-27;Support;0,17;0,83;C0087;M;38;false;0;0;P005;shoe;99,63;0,2;83,03;16,6;0;99,63;99,63;Nike;Casual;Max;33;Premium Black;false
V001282;L0001580;2024-05-10;09:10;S02;Discount;Peripherie;289;9h/20h;open 5/7;67;E0011;1917;2024-03-22;Sales;0,16;0,84;C0247;M;16;true;0;10;P085;shoe;101,8;0,2;84,83;16,97;0;101,8;101,8;Asics;Casual;Pro;39;White;false
V001283;L0001581;2024-01-11;09:34;S08;Discount;Peripherie;305;9h/19h;open 5/7;71;E0054;2726;2017-12-28;Sales;0,09;0,91;C0236;F;40;true;0;11;P087;shoe;115,62;0,2;96,35;19,27;0;115,62;115,62;Asics;Training;Elite;39;Black;false
V001284;L0001582;2024-12-23;15:17;S04;Standard;Centre-ville;95;9h/20h;open 6/7;16;E0022;903;2023-08-09;Apprentice;0,21;0,79;C0008;M;36;true;246;38;P080;shoe;229,22;0,2;191,02;38,2;24,6;253,82;253,82;New Balance;Limited Edition;Flex;38;Black;false
V001284;L0001583;2024-12-23;15:17;S04;Standard;Centre-ville;95;9h/20h;open 6/7;16;E0022;903;2023-08-09;Apprentice;0,21;0,79;C0008;M;36;true;246;38;P011;shoe;155,82;0,2;129,85;25,97;0;155,82;155,82;New Balance;Running;Max;38;Electric Blue;false
V001285;L0001584;2024-11-08;15:29;S02;Discount;Peripherie;289;9h/20h;open 5/7;67;E0014;2449;2024-05-13;Support;0,07;0,93;C0190;F;22;true;0;13;P031;shoe;130,04;0,2;108,37;21,67;0;130,04;130,04;Puma;Limited Edition;Elite;32;Black;false
V001286;L0001585;2024-02-22;14:29;S05;Discount;Peripherie;271;9h/19h;open 6/7;64;E0028;2394;2021-02-14;Sales;0,15;0,85;C0371;F;19;true;0;10;P088;shoe;106,19;0,2;88,49;17,7;0;106,19;106,19;Adidas;Running;Zoom;36;Black;true
V001287;L0001586;2024-09-04;15:20;S05;Discount;Peripherie;271;9h/19h;open 6/7;64;E0030;2758;2008-04-16;Support;0,29;0,71;C0232;M;50;false;0;0;P052;shoe;150,78;0,2;125,65;25,13;0;150,78;150,78;Nike;Limited Edition;Max;30;Deep Purple;true
V001288;L0001587;2024-01-09;16:58;S04;Standard;Centre-ville;95;9h/20h;open 6/7;16;E0023;2557;2016-03-21;Sales;0,07;0,93;C0098;M;32;true;0;7;P029;shoe;77,42;0,2;64,52;12,9;0;77,42;77,42;Adidas;Basketball;Zoom;45;Brown Bear;false
V001289;L0001588;2024-12-11;14:47;S03;Discount;Peripherie;222;9h/18h;open 5/7;51;E0015;2776;2012-04-21;Support;0,11;0,89;C0373;F;51;false;0;0;P010;shoe;90,94;0,2;75,78;15,16;0;90,94;90,94;Asics;Training;Air;33;Brown Bear;false
V001290;L0001589;2024-12-02;14:00;S02;Discount;Peripherie;289;9h/20h;open 5/7;67;E0007;2453;2024-11-07;Sales;0,24;0,76;C0404;F;45;true;0;14;P026;shoe;142,69;0,2;118,91;23,78;0;142,69;142,69;Asics;Running;Air;43;Gold;true
V001291;L0001590;2024-04-10;09:21;S05;Discount;Peripherie;271;9h/19h;open 6/7;64;E0031;2900;2015-02-28;Manager;0,06;0,94;C0208;F;16;false;0;0;P018;shoe;74,72;0,2;62,27;12,45;0;74,72;82,47;Nike;Casual;Air;42;Red Blood;true
V001292;L0001591;2024-12-20;09:28;S03;Discount;Peripherie;222;9h/18h;open 5/7;51;E0017;2560;2012-12-22;Support;0,1;0,9;C0247;M;16;true;0;11;P085;shoe;101,8;0,2;84,83;16,97;0;101,8;101,8;Asics;Casual;Pro;39;White;false
V001292;L0001592;2024-12-20;09:28;S03;Discount;Peripherie;222;9h/18h;open 5/7;51;E0017;2560;2012-12-22;Support;0,1;0,9;C0247;M;16;true;0;11;A009;accessory;17,84;0,2;14,87;2,97;0;17,84;17,84;Accessoire;Lacets;Lacets;L;Classic Grey;false
V001293;L0001593;2024-11-01;17:14;S05;Discount;Peripherie;271;9h/19h;open 6/7;64;E0028;2394;2021-02-14;Sales;0,15;0,85;C0157;F;16;true;0;10;P013;shoe;107,06;0,2;89,22;17,84;0;107,06;112,87;Jordans;Casual;Pro;30;White;false
V001294;L0001594;2024-12-16;09:33;S02;Discount;Peripherie;289;9h/20h;open 5/7;67;E0006;2836;2022-05-06;Sales;0,11;0,89;C0394;M;49;true;0;9;P005;shoe;99,63;0,2;83,03;16,6;0;99,63;99,63;Nike;Casual;Max;33;Premium Black;false
V001295;L0001595;2024-12-02;16:38;S08;Discount;Peripherie;305;9h/19h;open 5/7;71;E0054;2726;2017-12-28;Sales;0,09;0,91;C0369;M;48;true;0;12;P047;shoe;129,73;0,2;108,11;21,62;0;129,73;129,73;Jordans;Trail;Air;37;Premium Black;true
V001296;L0001596;2024-08-20;18:47;S02;Discount;Peripherie;289;9h/20h;open 5/7;67;E0010;2189;2023-11-12;Sales;0,18;0,82;C0336;F;28;true;0;21;P062;shoe;128,53;0,2;107,11;21,42;0;128,53;136,56;Nike;Limited Edition;Air;42;White;false
V001296;L0001597;2024-08-20;18:47;S02;Discount;Peripherie;289;9h/20h;open 5/7;67;E0010;2189;2023-11-12;Sales;0,18;0,82;C0336;F;28;true;0;21;P018;shoe;82,16;0,2;68,47;13,69;0;82,16;82,16;Nike;Casual;Air;42;Red Blood;true
V001297;L0001598;2024-03-28;11:50;S04;Standard;Centre-ville;95;9h/20h;open 6/7;16;E0024;3374;2014-08-24;Sales;0,02;0,98;C0250;M;23;false;0;0;P088;shoe;103,5;0,2;86,25;17,25;0;103,5;116,42;Adidas;Running;Zoom;36;Black;true
V001297;L0001599;2024-03-28;11:50;S04;Standard;Centre-ville;95;9h/20h;open 6/7;16;E0024;3374;2014-08-24;Sales;0,02;0,98;C0250;M;23;false;0;0;A005;accessory;24,5;0,2;20,42;4,08;0;24,5;24,5;Accessoire;Bonnet;Bonnet;M;Deep Blue;false
V001298;L0001600;2024-08-22;12:37;S02;Discount;Peripherie;289;9h/20h;open 5/7;67;E0014;2449;2024-05-13;Support;0,07;0,93;C0258;M;40;true;0;9;P063;shoe;91,08;0,2;75,9;15,18;0;91,08;91,08;Nike;Casual;Max;40;Pink;true
V001299;L0001601;2024-01-30;09:58;S02;Discount;Peripherie;289;9h/20h;open 5/7;67;E0006;2836;2022-05-06;Sales;0,11;0,89;C0391;M;37;false;0;0;P015;shoe;104,63;0,2;87,19;17,44;0;104,63;123,09;Asics;Training;Air;45;Deep Purple;false
V001300;L0001602;2024-02-22;13:39;S07;Standard;Centre-ville;95;9h/19h;open 5/7;18;E0042;2118;2019-04-24;Sales;0,1;0,9;C0195;M;34;true;0;10;P007;shoe;104;0,2;86,67;17,33;0;104;104;Adidas;Basketball;Max;33;Electric Blue;false
V001301;L0001603;2024-07-17;16:01;S03;Discount;Peripherie;222;9h/18h;open 5/7;51;E0020;3242;2015-11-25;Sales;0,03;0,97;C0379;M;30;true;0;10;P088;shoe;105,62;0,2;88,02;17,6;0;105,62;105,62;Adidas;Running;Zoom;36;Black;true
V001302;L0001604;2024-07-20;14:33;S04;Standard;Centre-ville;95;9h/20h;open 6/7;16;E0023;2557;2016-03-21;Sales;0,07;0,93;C0032;F;24;true;0;11;P088;shoe;116,42;0,2;97,02;19,4;0;116,42;116,42;Adidas;Running;Zoom;36;Black;true
V001303;L0001605;2024-05-10;14:52;S05;Discount;Peripherie;271;9h/19h;open 6/7;64;E0034;2989;2019-04-19;Sales;0,08;0,92;C0153;M;16;true;0;8;P044;shoe;80,36;0,2;66,97;13,39;0;80,36;80,36;Nike;Basketball;Flex;32;Pink;false
V001304;L0001606;2024-12-10;14:04;S05;Discount;Peripherie;271;9h/19h;open 6/7;64;E0031;2900;2015-02-28;Manager;0,06;0,94;C0332;F;40;true;0;11;P023;shoe;117,7;0,2;98,08;19,62;0;117,7;117,7;Adidas;Basketball;Zoom;38;Pink;false
V001305;L0001607;2024-02-15;13:20;S03;Discount;Peripherie;222;9h/18h;open 5/7;51;E0020;3242;2015-11-25;Sales;0,03;0,97;C0383;F;20;true;0;17;P026;shoe;142,69;0,2;118,91;23,78;0;142,69;142,69;Asics;Running;Air;43;Gold;true
V001305;L0001608;2024-02-15;13:20;S03;Discount;Peripherie;222;9h/18h;open 5/7;51;E0020;3242;2015-11-25;Sales;0,03;0,97;C0383;F;20;true;0;17;A007;accessory;31,21;0,2;26,01;5,2;0;31,21;31,21;Accessoire;Casquette;Casquette;M;Deep Blue;false
V001306;L0001609;2024-08-15;17:26;S08;Discount;Peripherie;305;9h/19h;open 5/7;71;E0050;2303;2014-09-25;Support;0,29;0,71;C0356;F;22;true;0;9;P007;shoe;98,19;0,2;81,83;16,36;0;98,19;98,19;Adidas;Basketball;Max;33;Electric Blue;false
V001307;L0001610;2024-02-24;09:51;S04;Standard;Centre-ville;95;9h/20h;open 6/7;16;E0024;3374;2014-08-24;Sales;0,02;0,98;C0316;F;35;true;0;21;P080;shoe;215,75;0,2;179,79;35,96;0;215,75;253,82;New Balance;Limited Edition;Flex;38;Black;false
V001308;L0001611;2024-04-15;18:12;S02;Discount;Peripherie;289;9h/20h;open 5/7;67;E0006;2836;2022-05-06;Sales;0,11;0,89;C0041;M;46;true;0;14;P026;shoe;142,69;0,2;118,91;23,78;0;142,69;142,69;Asics;Running;Air;43;Gold;true
V001309;L0001612;2024-09-03;14:43;S05;Discount;Peripherie;271;9h/19h;open 6/7;64;E0030;2758;2008-04-16;Support;0,29;0,71;C0349;F;48;true;0;8;P051;shoe;80,36;0,2;66,97;13,39;0;80,36;80,36;Jordans;Trail;Elite;31;Sunny Yellow;false
V001310;L0001613;2024-05-24;12:58;S02;Discount;Peripherie;289;9h/20h;open 5/7;67;E0014;2449;2024-05-13;Support;0,07;0,93;C0221;M;32;false;0;0;P025;shoe;80,07;0,2;66,72;13,35;0;80,07;80,07;Asics;Trail;Flex;36;Sunny Yellow;false
V001311;L0001614;2024-11-11;12:11;S07;Standard;Centre-ville;95;9h/19h;open 5/7;18;E0043;2926;2014-01-15;Sales;0,03;0,97;C0195;M;34;true;0;30;P037;shoe;301,32;0,2;251,1;50,22;0;301,32;301,32;Puma;Limited Edition;Zoom;38;Gold;true
V001312;L0001615;2024-05-30;15:19;S05;Discount;Peripherie;271;9h/19h;open 6/7;64;E0031;2900;2015-02-28;Manager;0,06;0,94;C0371;F;19;true;0;10;P088;shoe;106,19;0,2;88,49;17,7;0;106,19;106,19;Adidas;Running;Zoom;36;Black;true
V001313;L0001616;2024-09-09;12:43;S02;Discount;Peripherie;289;9h/20h;open 5/7;67;E0006;2836;2022-05-06;Sales;0,11;0,89;C0103;M;45;true;0;12;P063;shoe;91,08;0,2;75,9;15,18;0;91,08;91,08;Nike;Casual;Max;40;Pink;true
V001313;L0001617;2024-09-09;12:43;S02;Discount;Peripherie;289;9h/20h;open 5/7;67;E0006;2836;2022-05-06;Sales;0,11;0,89;C0103;M;45;true;0;12;A003;accessory;31,21;0,2;26,01;5,2;0;31,21;31,21;Accessoire;Tee-shirt;Tee-shirt;S;White;false
V001314;L0001618;2024-03-28;09:04;S08;Discount;Peripherie;305;9h/19h;open 5/7;71;E0048;2463;2018-07-09;Sales;0,07;0,93;C0120;M;58;true;0;9;P068;shoe;90,26;0,2;75,22;15,04;0;90,26;90,26;New Balance;Trail;Zoom;40;Light Green;true
V001315;L0001619;2024-05-31;18:20;S08;Discount;Peripherie;305;9h/19h;open 5/7;71;E0048;2463;2018-07-09;Sales;0,07;0,93;C0156;M;37;true;0;13;P084;shoe;134,32;0,2;111,93;22,39;0;134,32;134,32;Reebok;Trail;Air;44;Premium Black;false
V001316;L0001620;2024-04-01;17:16;S07;Standard;Centre-ville;95;9h/19h;open 5/7;18;E0043;2926;2014-01-15;Sales;0,03;0,97;C0388;F;16;true;0;17;P004;shoe;58,32;0,2;48,6;9,72;0;58,32;58,32;Puma;Basketball;Max;34;White;true
V001316;L0001621;2024-04-01;17:16;S07;Standard;Centre-ville;95;9h/19h;open 5/7;18;E0043;2926;2014-01-15;Sales;0,03;0,97;C0388;F;16;true;0;17;P054;shoe;114;0,2;95;19;0;114;114;Puma;Running;Pro;34;Pink;false
V001317;L0001622;2024-05-04;19:49;S04;Standard;Centre-ville;95;9h/20h;open 6/7;16;E0023;2557;2016-03-21;Sales;0,07;0,93;C0093;F;43;true;0;13;P055;shoe;137,2;0,2;114,33;22,87;0;137,2;137,2;Reebok;Training;Zoom;31;Gold;false
V001318;L0001623;2024-04-15;10:38;S05;Discount;Peripherie;271;9h/19h;open 6/7;64;E0033;2055;2019-07-02;Sales;0,11;0,89;C0020;F;35;true;0;9;P027;shoe;97,41;0,2;81,17;16,24;0;97,41;119,95;Jordans;Trail;Flex;40;Pink;true
V001319;L0001624;2024-10-09;13:39;S01;Premium;Centre-ville;81;9h/18h;open 5/7;11;E0005;2812;2014-07-24;Sales;0,07;0,93;C0338;F;37;true;0;24;P073;shoe;249,95;0,2;208,29;41,66;0;249,95;296,5;Reebok;Limited Edition;Elite;39;Deep Blue;true
V001320;L0001625;2024-06-14;10:49;S05;Discount;Peripherie;271;9h/19h;open 6/7;64;E0030;2758;2008-04-16;Support;0,29;0,71;C0009;M;59;false;0;0;P018;shoe;82,47;0,2;68,73;13,74;0;82,47;82,47;Nike;Casual;Air;42;Red Blood;true
V001320;L0001626;2024-06-14;10:49;S05;Discount;Peripherie;271;9h/19h;open 6/7;64;E0030;2758;2008-04-16;Support;0,29;0,71;C0009;M;59;false;0;0;P062;shoe;137,47;0,2;114,56;22,91;0;137,47;137,47;Nike;Limited Edition;Air;42;White;false
V001321;L0001627;2024-10-22;09:03;S06;Discount;Centre-ville;131;9h/18h;open 5/7;26;E0039;2587;2014-08-05;Sales;0,09;0,91;C0095;M;35;true;0;8;P060;shoe;82,77;0,2;68,97;13,8;0;82,77;82,77;Puma;Casual;Flex;44;Deep Blue;false
V001322;L0001628;2024-07-31;09:23;S03;Discount;Peripherie;222;9h/18h;open 5/7;51;E0019;1959;2021-03-27;Support;0,17;0,83;C0056;F;38;true;0;10;P088;shoe;105,62;0,2;88,02;17,6;0;105,62;105,62;Adidas;Running;Zoom;36;Black;true
V001323;L0001629;2024-04-18;14:59;S02;Discount;Peripherie;289;9h/20h;open 5/7;67;E0006;2836;2022-05-06;Sales;0,11;0,89;C0017;M;34;true;0;13;P041;shoe;131,78;0,2;109,82;21,96;0;131,78;131,78;Puma;Trail;Pro;39;Premium Black;false
V001324;L0001630;2024-05-20;16:42;S06;Discount;Centre-ville;131;9h/18h;open 5/7;26;E0037;2317;2019-10-08;Manager;0,17;0,83;C0393;F;47;false;0;0;P007;shoe;101,66;0,2;84,72;16,94;0;101,66;101,66;Adidas;Basketball;Max;33;Electric Blue;false
V001325;L0001631;2024-07-05;12:53;S05;Discount;Peripherie;271;9h/19h;open 6/7;64;E0031;2900;2015-02-28;Manager;0,06;0,94;C0016;F;52;true;0;21;P018;shoe;82,47;0,2;68,73;13,74;0;82,47;82,47;Nike;Casual;Air;42;Red Blood;true
V001325;L0001632;2024-07-05;12:53;S05;Discount;Peripherie;271;9h/19h;open 6/7;64;E0031;2900;2015-02-28;Manager;0,06;0,94;C0016;F;52;true;0;21;P062;shoe;137,47;0,2;114,56;22,91;0;137,47;137,47;Nike;Limited Edition;Air;42;White;false
V001326;L0001633;2024-03-19;15:16;S06;Discount;Centre-ville;131;9h/18h;open 5/7;26;E0039;2587;2014-08-05;Sales;0,09;0,91;C0008;M;36;true;0;15;P053;shoe;138,59;0,2;115,49;23,1;0;138,59;138,59;Nike;Limited Edition;Zoom;38;Deep Blue;false
V001326;L0001634;2024-03-19;15:16;S06;Discount;Centre-ville;131;9h/18h;open 5/7;26;E0039;2587;2014-08-05;Sales;0,09;0,91;C0008;M;36;true;0;15;A009;accessory;17,44;0,2;14,53;2,91;0;17,44;17,44;Accessoire;Lacets;Lacets;L;Classic Grey;false
V001327;L0001635;2024-10-08;16:44;S08;Discount;Peripherie;305;9h/19h;open 5/7;71;E0054;2726;2017-12-28;Sales;0,09;0,91;C0218;M;17;true;0;7;P079;shoe;70,06;0,2;58,38;11,68;0;70,06;70,06;New Balance;Basketball;Flex;32;Deep Blue;true
V001328;L0001636;2024-06-22;13:33;S04;Standard;Centre-ville;95;9h/20h;open 6/7;16;E0024;3374;2014-08-24;Sales;0,02;0,98;C0226;F;36;true;0;11;P088;shoe;112,69;0,2;93,91;18,78;0;112,69;116,42;Adidas;Running;Zoom;36;Black;true
V001329;L0001637;2024-03-01;14:07;S03;Discount;Peripherie;222;9h/18h;open 5/7;51;E0020;3242;2015-11-25;Sales;0,03;0,97;C0094;F;41;true;101;9;P088;shoe;95,52;0,2;79,6;15,92;10,1;105,62;105,62;Adidas;Running;Zoom;36;Black;true
V001330;L0001638;2024-11-01;14:59;S02;Discount;Peripherie;289;9h/20h;open 5/7;67;E0008;2145;2023-10-11;Sales;0,29;0,71;C0123;F;30;false;0;0;P009;shoe;101,8;0,2;84,83;16,97;0;101,8;101,8;Asics;Trail;Flex;40;Red Blood;false
V001331;L0001639;2024-01-23;11:58;S05;Discount;Peripherie;271;9h/19h;open 6/7;64;E0033;2055;2019-07-02;Sales;0,11;0,89;C0261;M;43;true;238;9;P027;shoe;96,15;0,2;80,13;16,02;23,8;119,95;119,95;Jordans;Trail;Flex;40;Pink;true
V001332;L0001640;2024-05-07;12:59;S03;Discount;Peripherie;222;9h/18h;open 5/7;51;E0020;3242;2015-11-25;Sales;0,03;0,97;C0122;F;16;true;0;10;P088;shoe;105,62;0,2;88,02;17,6;0;105,62;105,62;Adidas;Running;Zoom;36;Black;true
V001333;L0001641;2024-07-24;15:30;S08;Discount;Peripherie;305;9h/19h;open 5/7;71;E0050;2303;2014-09-25;Support;0,29;0,71;C0050;M;37;true;0;16;P047;shoe;129,73;0,2;108,11;21,62;0;129,73;129,73;Jordans;Trail;Air;37;Premium Black;true
V001333;L0001642;2024-07-24;15:30;S08;Discount;Peripherie;305;9h/19h;open 5/7;71;E0050;2303;2014-09-25;Support;0,29;0,71;C0050;M;37;true;0;16;A007;accessory;30,53;0,2;25,44;5,09;0;30,53;30,53;Accessoire;Casquette;Casquette;M;Deep Blue;false
V001334;L0001643;2024-01-29;17:14;S08;Discount;Peripherie;305;9h/19h;open 5/7;71;E0047;2787;2013-12-27;Manager;0,11;0,89;C0141;F;16;false;0;0;P001;shoe;117,8;0,2;98,17;19,63;0;117,8;117,8;New Balance;Training;Max;41;Electric Blue;true
V001334;L0001644;2024-01-29;17:14;S08;Discount;Peripherie;305;9h/19h;open 5/7;71;E0047;2787;2013-12-27;Manager;0,11;0,89;C0141;F;16;false;0;0;A007;accessory;30,53;0,2;25,44;5,09;0;30,53;30,53;Accessoire;Casquette;Casquette;M;Deep Blue;false
V001334;L0001645;2024-01-29;17:14;S08;Discount;Peripherie;305;9h/19h;open 5/7;71;E0047;2787;2013-12-27;Manager;0,11;0,89;C0141;F;16;false;0;0;A007;accessory;22,21;0,2;18,51;3,7;0;22,21;30,53;Accessoire;Casquette;Casquette;M;Deep Blue;false
V001335;L0001646;2024-11-26;14:10;S03;Discount;Peripherie;222;9h/18h;open 5/7;51;E0017;2560;2012-12-22;Support;0,1;0,9;C0288;F;29;true;0;14;P052;shoe;149,74;0,2;124,78;24,96;0;149,74;149,74;Nike;Limited Edition;Max;30;Deep Purple;true
V001336;L0001647;2024-01-31;15:58;S08;Discount;Peripherie;305;9h/19h;open 5/7;71;E0054;2726;2017-12-28;Sales;0,09;0,91;C0193;M;27;true;0;13;P003;shoe;139;0,2;115,83;23,17;0;139;139;New Balance;Limited Edition;Max;40;Electric Blue;false
V001337;L0001648;2024-10-08;09:06;S07;Standard;Centre-ville;95;9h/19h;open 5/7;18;E0042;2118;2019-04-24;Sales;0,1;0,9;C0284;F;27;true;0;20;P026;shoe;204,12;0,2;170,1;34,02;0;204,12;204,12;Asics;Running;Air;43;Gold;true
V001338;L0001649;2024-08-07;09:00;S08;Discount;Peripherie;305;9h/19h;open 5/7;71;E0047;2787;2013-12-27;Manager;0,11;0,89;C0043;F;36;true;0;16;P073;shoe;160,72;0,2;133,93;26,79;0;160,72;172,88;Reebok;Limited Edition;Elite;39;Deep Blue;true
V001339;L0001650;2024-07-22;12:59;S06;Discount;Centre-ville;131;9h/18h;open 5/7;26;E0036;755;2023-08-14;Apprentice;0,22;0,78;C0240;M;35;false;0;0;P063;shoe;93,64;0,2;78,03;15,61;0;93,64;93,64;Nike;Casual;Max;40;Pink;true
V001340;L0001651;2024-05-24;12:27;S07;Standard;Centre-ville;95;9h/19h;open 5/7;18;E0042;2118;2019-04-24;Sales;0,1;0,9;C0312;M;38;true;0;12;P083;shoe;129,6;0,2;108;21,6;0;129,6;129,6;New Balance;Trail;Flex;33;Brown Bear;true
V001341;L0001652;2024-11-21;12:30;S08;Discount;Peripherie;305;9h/19h;open 5/7;71;E0048;2463;2018-07-09;Sales;0,07;0,93;C0037;M;16;true;0;6;P066;shoe;68,88;0,2;57,4;11,48;0;68,88;68,88;Adidas;Casual;Air;34;Black;false
V001342;L0001653;2024-10-18;12:53;S02;Discount;Peripherie;289;9h/20h;open 5/7;67;E0006;2836;2022-05-06;Sales;0,11;0,89;C0226;F;36;true;0;23;P006;shoe;153,5;0,2;127,92;25,58;0;153,5;153,5;Asics;Limited Edition;Air;36;Pink;false
V001342;L0001654;2024-10-18;12:53;S02;Discount;Peripherie;289;9h/20h;open 5/7;67;E0006;2836;2022-05-06;Sales;0,11;0,89;C0226;F;36;true;0;23;P025;shoe;80,07;0,2;66,72;13,35;0;80,07;80,07;Asics;Trail;Flex;36;Sunny Yellow;false
V001343;L0001655;2024-03-27;13:24;S05;Discount;Peripherie;271;9h/19h;open 6/7;64;E0032;2701;2008-11-13;Sales;0,25;0,75;C0382;F;38;true;0;8;P029;shoe;88,7;0,2;73,92;14,78;0;88,7;88,7;Adidas;Basketball;Zoom;45;Brown Bear;false
V001344;L0001656;2024-09-16;09:22;S06;Discount;Centre-ville;131;9h/18h;open 5/7;26;E0039;2587;2014-08-05;Sales;0,09;0,91;C0126;M;35;true;0;8;P014;shoe;82,77;0,2;68,97;13,8;0;82,77;82,77;Adidas;Basketball;Flex;30;Brown Bear;false
V001345;L0001657;2024-06-19;09:20;S05;Discount;Peripherie;271;9h/19h;open 6/7;64;E0033;2055;2019-07-02;Sales;0,11;0,89;C0232;M;50;false;0;0;P005;shoe;100,13;0,2;83,44;16,69;0;100,13;100,13;Nike;Casual;Max;33;Premium Black;false
V001346;L0001658;2024-09-10;16:25;S04;Standard;Centre-ville;95;9h/20h;open 6/7;16;E0023;2557;2016-03-21;Sales;0,07;0,93;C0032;F;24;true;0;11;P088;shoe;116,42;0,2;97,02;19,4;0;116,42;116,42;Adidas;Running;Zoom;36;Black;true
V001347;L0001659;2024-10-29;14:26;S03;Discount;Peripherie;222;9h/18h;open 5/7;51;E0016;1986;2021-11-26;Manager;0,14;0,86;C0309;M;16;false;0;0;P014;shoe;80,07;0,2;66,72;13,35;0;80,07;80,07;Adidas;Basketball;Flex;30;Brown Bear;false
V001347;L0001660;2024-10-29;14:26;S03;Discount;Peripherie;222;9h/18h;open 5/7;51;E0016;1986;2021-11-26;Manager;0,14;0,86;C0309;M;16;false;0;0;P067;shoe;106,15;0,2;88,46;17,69;0;106,15;106,15;Adidas;Running;Pro;30;Light Green;false
V001348;L0001661;2024-01-17;13:16;S07;Standard;Centre-ville;95;9h/19h;open 5/7;18;E0043;2926;2014-01-15;Sales;0,03;0,97;C0199;M;16;true;0;12;P083;shoe;129,6;0,2;108;21,6;0;129,6;129,6;New Balance;Trail;Flex;33;Brown Bear;true
V001349;L0001662;2024-09-05;09:07;S05;Discount;Peripherie;271;9h/19h;open 6/7;64;E0031;2900;2015-02-28;Manager;0,06;0,94;C0190;F;22;true;0;10;P088;shoe;106,19;0,2;88,49;17,7;0;106,19;106,19;Adidas;Running;Zoom;36;Black;true
V001350;L0001663;2024-09-18;17:49;S03;Discount;Peripherie;222;9h/18h;open 5/7;51;E0020;3242;2015-11-25;Sales;0,03;0,97;C0291;M;37;true;0;23;P025;shoe;80,07;0,2;66,72;13,35;0;80,07;80,07;Asics;Trail;Flex;36;Sunny Yellow;false
V001350;L0001664;2024-09-18;17:49;S03;Discount;Peripherie;222;9h/18h;open 5/7;51;E0020;3242;2015-11-25;Sales;0,03;0,97;C0291;M;37;true;0;23;P006;shoe;153,5;0,2;127,92;25,58;0;153,5;153,5;Asics;Limited Edition;Air;36;Pink;false
V001351;L0001665;2024-12-03;19:48;S04;Standard;Centre-ville;95;9h/20h;open 6/7;16;E0024;3374;2014-08-24;Sales;0,02;0,98;C0369;M;48;true;121;27;P073;shoe;262,03;0,2;218,36;43,67;12,1;274,13;274,13;Reebok;Limited Edition;Elite;39;Deep Blue;true
V001351;L0001666;2024-12-03;19:48;S04;Standard;Centre-ville;95;9h/20h;open 6/7;16;E0024;3374;2014-08-24;Sales;0,02;0,98;C0369;M;48;true;121;27;A011;accessory;13,97;0,2;11,64;2,33;0;13,97;14,7;Accessoire;Casquette;Casquette;L;Classic Grey;false
V001352;L0001667;2024-07-11;12:14;S06;Discount;Centre-ville;131;9h/18h;open 5/7;26;E0040;2438;2015-03-10;Sales;0,09;0,91;C0286;M;25;true;119;9;P018;shoe;72,93;0,2;60,78;12,15;11,9;84,83;84,83;Nike;Casual;Air;42;Red Blood;true
V001352;L0001668;2024-07-11;12:14;S06;Discount;Centre-ville;131;9h/18h;open 5/7;26;E0040;2438;2015-03-10;Sales;0,09;0,91;C0286;M;25;true;119;9;A004;accessory;8,72;0,2;7,27;1,45;0;8,72;8,72;Accessoire;Bonnet;Bonnet;XS;Black;false
V001352;L0001669;2024-07-11;12:14;S06;Discount;Centre-ville;131;9h/18h;open 5/7;26;E0040;2438;2015-03-10;Sales;0,09;0,91;C0286;M;25;true;119;9;A011;accessory;9,81;0,2;8,18;1,63;0;9,81;13,08;Accessoire;Casquette;Casquette;L;Classic Grey;false
V001353;L0001670;2024-08-27;13:08;S04;Standard;Centre-ville;95;9h/20h;open 6/7;16;E0023;2557;2016-03-21;Sales;0,07;0,93;C0159;F;43;true;0;13;P021;shoe;138,86;0,2;115,72;23,14;0;138,86;160,72;Reebok;Casual;Air;32;Gold;false
V001354;L0001671;2024-07-11;14:20;S03;Discount;Peripherie;222;9h/18h;open 5/7;51;E0020;3242;2015-11-25;Sales;0,03;0,97;C0168;F;48;true;0;10;P006;shoe;107,45;0,2;89,54;17,91;0;107,45;153,5;Asics;Limited Edition;Air;36;Pink;false
V001355;L0001672;2024-06-12;17:01;S02;Discount;Peripherie;289;9h/20h;open 5/7;67;E0011;1917;2024-03-22;Sales;0,16;0,84;C0369;M;48;true;0;14;P052;shoe;149,74;0,2;124,78;24,96;0;149,74;149,74;Nike;Limited Edition;Max;30;Deep Purple;true
V001356;L0001673;2024-10-25;14:35;S08;Discount;Peripherie;305;9h/19h;open 5/7;71;E0049;2362;2018-06-15;Manager;0,11;0,89;C0192;M;47;true;0;12;P001;shoe;117,8;0,2;98,17;19,63;0;117,8;117,8;New Balance;Training;Max;41;Electric Blue;true
V001356;L0001674;2024-10-25;14:35;S08;Discount;Peripherie;305;9h/19h;open 5/7;71;E0049;2362;2018-06-15;Manager;0,11;0,89;C0192;M;47;true;0;12;A004;accessory;8,28;0,2;6,9;1,38;0;8,28;8,72;Accessoire;Bonnet;Bonnet;XS;Black;false
V001357;L0001675;2024-03-20;17:31;S08;Discount;Peripherie;305;9h/19h;open 5/7;71;E0048;2463;2018-07-09;Sales;0,07;0,93;C0016;F;52;true;0;10;P023;shoe;109,43;0,2;91,19;18,24;0;109,43;115,62;Adidas;Basketball;Zoom;38;Pink;false
V001358;L0001676;2024-04-01;14:32;S08;Discount;Peripherie;305;9h/19h;open 5/7;71;E0048;2463;2018-07-09;Sales;0,07;0,93;C0325;F;29;true;0;7;P033;shoe;76,95;0,2;64,13;12,82;0;76,95;76,95;Jordans;Running;Max;31;Red Blood;false
V001359;L0001677;2024-10-28;13:59;S02;Discount;Peripherie;289;9h/20h;open 5/7;67;E0006;2836;2022-05-06;Sales;0,11;0,89;C0379;M;30;true;0;18;P037;shoe;184,93;0,2;154,11;30,82;0;184,93;184,93;Puma;Limited Edition;Zoom;38;Gold;true
V001360;L0001678;2024-07-19;11:53;S03;Discount;Peripherie;222;9h/18h;open 5/7;51;E0018;2742;2004-10-20;Sales;0,2;0,8;C0363;M;27;true;0;9;P063;shoe;91,08;0,2;75,9;15,18;0;91,08;91,08;Nike;Casual;Max;40;Pink;true
V001361;L0001679;2024-09-11;10:34;S08;Discount;Peripherie;305;9h/19h;open 5/7;71;E0054;2726;2017-12-28;Sales;0,09;0,91;C0119;F;32;true;0;10;P083;shoe;109,08;0,2;90,9;18,18;0;109,08;109,08;New Balance;Trail;Flex;33;Brown Bear;true
V001362;L0001680;2024-09-05;13:38;S03;Discount;Peripherie;222;9h/18h;open 5/7;51;E0015;2776;2012-04-21;Support;0,11;0,89;C0321;F;33;true;0;6;P066;shoe;69,21;0,2;57,67;11,54;0;69,21;69,21;Adidas;Casual;Air;34;Black;false
V001363;L0001681;2024-01-13;09:26;S05;Discount;Peripherie;271;9h/19h;open 6/7;64;E0035;2349;2010-01-14;Sales;0,22;0,78;C0196;F;32;true;0;8;P018;shoe;82,47;0,2;68,73;13,74;0;82,47;82,47;Nike;Casual;Air;42;Red Blood;true
V001364;L0001682;2024-06-28;17:45;S08;Discount;Peripherie;305;9h/19h;open 5/7;71;E0054;2726;2017-12-28;Sales;0,09;0,91;C0150;F;58;true;0;10;P088;shoe;104,48;0,2;87,07;17,41;0;104,48;104,48;Adidas;Running;Zoom;36;Black;true
V001365;L0001683;2024-06-25;14:29;S03;Discount;Peripherie;222;9h/18h;open 5/7;51;E0017;2560;2012-12-22;Support;0,1;0,9;C0102;M;21;true;0;8;P025;shoe;80,07;0,2;66,72;13,35;0;80,07;80,07;Asics;Trail;Flex;36;Sunny Yellow;false
V001366;L0001684;2024-05-29;13:47;S06;Discount;Centre-ville;131;9h/18h;open 5/7;26;E0038;2382;2014-10-09;Support;0,22;0,78;C0182;F;40;false;0;0;P044;shoe;74,49;0,2;62,07;12,42;0;74,49;82,77;Nike;Basketball;Flex;32;Pink;false
V001367;L0001685;2024-12-24;12:06;S07;Standard;Centre-ville;95;9h/19h;open 5/7;18;E0043;2926;2014-01-15;Sales;0,03;0,97;C0199;M;16;true;0;8;P068;shoe;85,32;0,2;71,1;14,22;0;85,32;85,32;New Balance;Trail;Zoom;40;Light Green;true
V001368;L0001686;2024-07-05;11:27;S02;Discount;Peripherie;289;9h/20h;open 5/7;67;E0006;2836;2022-05-06;Sales;0,11;0,89;C0139;F;20;false;0;0;P076;shoe;120,92;0,2;100,77;20,15;0;120,92;120,92;Asics;Trail;Air;35;Premium Black;false
V001368;L0001687;2024-07-05;11:27;S02;Discount;Peripherie;289;9h/20h;open 5/7;67;E0006;2836;2022-05-06;Sales;0,11;0,89;C0139;F;20;false;0;0;A010;accessory;17,84;0,2;14,87;2,97;0;17,84;17,84;Accessoire;Tee-shirt;Tee-shirt;XL;Black;false
V001369;L0001688;2024-12-03;09:13;S08;Discount;Peripherie;305;9h/19h;open 5/7;71;E0051;2396;2019-11-14;Sales;0,14;0,86;C0273;M;47;true;0;7;P008;shoe;79,5;0,2;66,25;13,25;0;79,5;79,5;Reebok;Casual;Elite;35;Deep Blue;false
V001370;L0001689;2024-09-27;16:18;S05;Discount;Peripherie;271;9h/19h;open 6/7;64;E0031;2900;2015-02-28;Manager;0,06;0,94;C0118;F;40;true;0;15;P052;shoe;150,78;0,2;125,65;25,13;0;150,78;150,78;Nike;Limited Edition;Max;30;Deep Purple;true
V001371;L0001690;2024-03-04;16:36;S02;Discount;Peripherie;289;9h/20h;open 5/7;67;E0010;2189;2023-11-12;Sales;0,18;0,82;C0366;F;20;true;0;13;P053;shoe;136,56;0,2;113,8;22,76;0;136,56;136,56;Nike;Limited Edition;Zoom;38;Deep Blue;false
V001372;L0001691;2024-05-30;10:03;S04;Standard;Centre-ville;95;9h/20h;open 6/7;16;E0023;2557;2016-03-21;Sales;0,07;0,93;C0095;M;35;true;0;11;P088;shoe;116,42;0,2;97,02;19,4;0;116,42;116,42;Adidas;Running;Zoom;36;Black;true
V001373;L0001692;2024-12-19;18:15;S08;Discount;Peripherie;305;9h/19h;open 5/7;71;E0051;2396;2019-11-14;Sales;0,14;0,86;C0225;M;42;true;0;12;P086;shoe;124,12;0,2;103,43;20,69;0;124,12;124,12;Adidas;Casual;Zoom;44;Premium Black;false
V001374;L0001693;2024-07-01;12:20;S07;Standard;Centre-ville;95;9h/19h;open 5/7;18;E0044;1980;2020-02-22;Sales;0,11;0,89;C0010;F;53;true;0;22;P006;shoe;229;0,2;190,83;38,17;0;229;229;Asics;Limited Edition;Air;36;Pink;false
V001375;L0001694;2024-01-26;19:29;S04;Standard;Centre-ville;95;9h/20h;open 6/7;16;E0025;2018;2019-10-07;Sales;0,15;0,85;C0129;M;48;false;0;0;P014;shoe;58,8;0,2;49;9,8;0;58,8;58,8;Adidas;Basketball;Flex;30;Brown Bear;false
V001376;L0001695;2024-09-10;16:12;S06;Discount;Centre-ville;131;9h/18h;open 5/7;26;E0037;2317;2019-10-08;Manager;0,17;0,83;C0179;F;37;true;0;32;P020;shoe;157,49;0,2;131,24;26,25;0;157,49;157,49;Puma;Limited Edition;Zoom;33;Red Blood;false
V001376;L0001696;2024-09-10;16:12;S06;Discount;Centre-ville;131;9h/18h;open 5/7;26;E0037;2317;2019-10-08;Manager;0,17;0,83;C0179;F;37;true;0;32;P012;shoe;166,07;0,2;138,39;27,68;0;166,07;166,07;Puma;Limited Edition;Elite;33;Gold;false
V001377;L0001697;2024-01-18;09:08;S02;Discount;Peripherie;289;9h/20h;open 5/7;67;E0013;2207;2023-11-19;Sales;0,19;0,81;C0068;F;65;true;230;5;P018;shoe;59,16;0,2;49,3;9,86;23;82,16;82,16;Nike;Casual;Air;42;Red Blood;true
V001378;L0001698;2024-12-25;18:22;S02;Discount;Peripherie;289;9h/20h;open 5/7;67;E0009;2331;2024-04-14;Sales;0,08;0,92;C0386;F;26;true;0;11;P035;shoe;117;0,2;97,5;19,5;0;117;117;Puma;Training;Pro;39;Red Blood;false
V001379;L0001699;2024-03-27;17:38;S01;Premium;Centre-ville;81;9h/18h;open 5/7;11;E0002;2848;2013-08-07;Sales;0,09;0,91;C0051;M;27;true;0;17;P065;shoe;174,9;0,2;145,75;29,15;0;174,9;174,9;Reebok;Trail;Flex;41;Premium Black;false
V001380;L0001700;2024-07-05;11:58;S02;Discount;Peripherie;289;9h/20h;open 5/7;67;E0014;2449;2024-05-13;Support;0,07;0,93;C0286;M;25;true;0;10;P009;shoe;101,8;0,2;84,83;16,97;0;101,8;101,8;Asics;Trail;Flex;40;Red Blood;false
V001381;L0001701;2024-02-19;11:31;S04;Standard;Centre-ville;95;9h/20h;open 6/7;16;E0024;3374;2014-08-24;Sales;0,02;0,98;C0287;F;39;true;0;32;P073;shoe;274,13;0,2;228,44;45,69;0;274,13;274,13;Reebok;Limited Edition;Elite;39;Deep Blue;true
V001381;L0001702;2024-02-19;11:31;S04;Standard;Centre-ville;95;9h/20h;open 6/7;16;E0024;3374;2014-08-24;Sales;0,02;0,98;C0287;F;39;true;0;32;A006;accessory;39,2;0,2;32,67;6,53;0;39,2;39,2;Accessoire;Sac de sport;Sac de sport;XS;Black;false
V001381;L0001703;2024-02-19;11:31;S04;Standard;Centre-ville;95;9h/20h;open 6/7;16;E0024;3374;2014-08-24;Sales;0,02;0,98;C0287;F;39;true;0;32;A004;accessory;9,8;0,2;8,17;1,63;0;9,8;9,8;Accessoire;Bonnet;Bonnet;XS;Black;false
V001382;L0001704;2024-10-29;15:33;S05;Discount;Peripherie;271;9h/19h;open 6/7;64;E0030;2758;2008-04-16;Support;0,29;0,71;C0095;M;35;true;0;10;P088;shoe;106,19;0,2;88,49;17,7;0;106,19;106,19;Adidas;Running;Zoom;36;Black;true
V001383;L0001705;2024-05-23;12:43;S03;Discount;Peripherie;222;9h/18h;open 5/7;51;E0015;2776;2012-04-21;Support;0,11;0,89;C0021;F;56;false;0;0;P006;shoe;153,5;0,2;127,92;25,58;0;153,5;153,5;Asics;Limited Edition;Air;36;Pink;false
V001384;L0001706;2024-03-21;10:05;S01;Premium;Centre-ville;81;9h/18h;open 5/7;11;E0002;2848;2013-08-07;Sales;0,09;0,91;C0172;M;24;true;0;17;P065;shoe;174,9;0,2;145,75;29,15;0;174,9;174,9;Reebok;Trail;Flex;41;Premium Black;false
V001385;L0001707;2024-11-12;17:03;S08;Discount;Peripherie;305;9h/19h;open 5/7;71;E0048;2463;2018-07-09;Sales;0,07;0,93;C0413;M;21;true;0;15;P006;shoe;151,32;0,2;126,1;25,22;0;151,32;151,32;Asics;Limited Edition;Air;36;Pink;false
V001386;L0001708;2024-12-11;16:19;S05;Discount;Peripherie;271;9h/19h;open 6/7;64;E0035;2349;2010-01-14;Sales;0,22;0,78;C0343;F;26;true;0;13;P069;shoe;130,88;0,2;109,07;21,81;0;130,88;130,88;Jordans;Limited Edition;Zoom;33;Deep Blue;false
V001387;L0001709;2024-03-18;12:46;S05;Discount;Peripherie;271;9h/19h;open 6/7;64;E0033;2055;2019-07-02;Sales;0,11;0,89;C0084;M;43;false;0;0;P066;shoe;69,38;0,2;57,82;11,56;0;69,38;69,38;Adidas;Casual;Air;34;Black;false
V001388;L0001710;2024-09-11;15:36;S05;Discount;Peripherie;271;9h/19h;open 6/7;64;E0032;2701;2008-11-13;Sales;0,25;0,75;C0068;F;65;true;0;12;P048;shoe;122,8;0,2;102,33;20,47;0;122,8;122,8;Jordans;Casual;Air;45;Brown Bear;true
V001389;L0001711;2024-04-09;10:49;S04;Standard;Centre-ville;95;9h/20h;open 6/7;16;E0026;2442;2016-11-14;Sales;0,11;0,89;C0298;M;31;false;0;0;P065;shoe;161,7;0,2;134,75;26,95;0;161,7;161,7;Reebok;Trail;Flex;41;Premium Black;false
V001390;L0001712;2024-04-25;14:30;S07;Standard;Centre-ville;95;9h/19h;open 5/7;18;E0042;2118;2019-04-24;Sales;0,1;0,9;C0190;F;22;true;0;22;P006;shoe;229;0,2;190,83;38,17;0;229;229;Asics;Limited Edition;Air;36;Pink;false
V001391;L0001713;2024-11-26;11:06;S08;Discount;Peripherie;305;9h/19h;open 5/7;71;E0054;2726;2017-12-28;Sales;0,09;0,91;C0054;F;22;true;0;11;P081;shoe;110,94;0,2;92,45;18,49;0;110,94;110,94;Adidas;Basketball;Max;32;Black;false
V001392;L0001714;2024-01-31;09:46;S08;Discount;Peripherie;305;9h/19h;open 5/7;71;E0050;2303;2014-09-25;Support;0,29;0,71;C0088;F;16;true;0;7;P042;shoe;76,95;0,2;64,13;12,82;0;76,95;76,95;New Balance;Basketball;Air;30;Sunny Yellow;false
V001393;L0001715;2024-02-21;10:23;S02;Discount;Peripherie;289;9h/20h;open 5/7;67;E0008;2145;2023-10-11;Sales;0,29;0,71;C0398;F;40;true;0;11;P032;shoe;118,75;0,2;98,96;19,79;0;118,75;118,75;Puma;Training;Air;45;Premium Black;false
V001394;L0001716;2024-10-14;13:33;S03;Discount;Peripherie;222;9h/18h;open 5/7;51;E0018;2742;2004-10-20;Sales;0,2;0,8;C0094;F;41;true;0;13;P053;shoe;136,56;0,2;113,8;22,76;0;136,56;136,56;Nike;Limited Edition;Zoom;38;Deep Blue;false
V001395;L0001717;2024-08-07;15:40;S06;Discount;Centre-ville;131;9h/18h;open 5/7;26;E0039;2587;2014-08-05;Sales;0,09;0,91;C0047;M;32;true;0;16;P077;shoe;119,27;0,2;99,39;19,88;0;119,27;119,27;Puma;Basketball;Zoom;39;Brown Bear;false
V001395;L0001718;2024-08-07;15:40;S06;Discount;Centre-ville;131;9h/18h;open 5/7;26;E0039;2587;2014-08-05;Sales;0,09;0,91;C0047;M;32;true;0;16;A012;accessory;17,44;0,2;14,53;2,91;0;17,44;17,44;Accessoire;Lacets;Lacets;XL;White;false
V001395;L0001719;2024-08-07;15:40;S06;Discount;Centre-ville;131;9h/18h;open 5/7;26;E0039;2587;2014-08-05;Sales;0,09;0,91;C0047;M;32;true;0;16;A003;accessory;27,48;0,2;22,9;4,58;0;27,48;30,53;Accessoire;Tee-shirt;Tee-shirt;S;White;false
V001396;L0001720;2024-07-30;12:25;S01;Premium;Centre-ville;81;9h/18h;open 5/7;11;E0002;2848;2013-08-07;Sales;0,09;0,91;C0367;F;43;true;0;9;P071;shoe;90,1;0,2;75,08;15,02;0;90,1;90,1;Reebok;Casual;Elite;32;Brown Bear;false
V001397;L0001721;2024-12-27;19:29;S02;Discount;Peripherie;289;9h/20h;open 5/7;67;E0014;2449;2024-05-13;Support;0,07;0,93;C0105;F;39;true;0;15;P006;shoe;153,5;0,2;127,92;25,58;0;153,5;153,5;Asics;Limited Edition;Air;36;Pink;false
V001398;L0001722;2024-11-18;12:07;S08;Discount;Peripherie;305;9h/19h;open 5/7;71;E0051;2396;2019-11-14;Sales;0,14;0,86;C0233;M;20;true;0;10;P065;shoe;104,28;0,2;86,9;17,38;0;104,28;124,12;Reebok;Trail;Flex;41;Premium Black;false
V001399;L0001723;2024-05-17;16:58;S06;Discount;Centre-ville;131;9h/18h;open 5/7;26;E0040;2438;2015-03-10;Sales;0,09;0,91;C0171;M;36;true;0;6;P040;shoe;68,74;0,2;57,28;11,46;0;68,74;82,77;Nike;Trail;Zoom;44;Black;false
V001400;L0001724;2024-12-18;19:59;S02;Discount;Peripherie;289;9h/20h;open 5/7;67;E0011;1917;2024-03-22;Sales;0,16;0,84;C0188;M;38;true;0;18;P037;shoe;184,93;0,2;154,11;30,82;0;184,93;184,93;Puma;Limited Edition;Zoom;38;Gold;true
V001401;L0001725;2024-07-17;14:37;S03;Discount;Peripherie;222;9h/18h;open 5/7;51;E0015;2776;2012-04-21;Support;0,11;0,89;C0379;M;30;true;0;9;P063;shoe;91,08;0,2;75,9;15,18;0;91,08;91,08;Nike;Casual;Max;40;Pink;true
V001402;L0001726;2024-02-15;18:54;S02;Discount;Peripherie;289;9h/20h;open 5/7;67;E0006;2836;2022-05-06;Sales;0,11;0,89;C0179;F;37;true;0;15;P026;shoe;142,69;0,2;118,91;23,78;0;142,69;142,69;Asics;Running;Air;43;Gold;true
V001402;L0001727;2024-02-15;18:54;S02;Discount;Peripherie;289;9h/20h;open 5/7;67;E0006;2836;2022-05-06;Sales;0,11;0,89;C0179;F;37;true;0;15;A011;accessory;11,37;0,2;9,47;1,9;0;11,37;13,38;Accessoire;Casquette;Casquette;L;Classic Grey;false
V001403;L0001728;2024-09-17;12:38;S08;Discount;Peripherie;305;9h/19h;open 5/7;71;E0050;2303;2014-09-25;Support;0,29;0,71;C0088;F;16;true;0;11;P027;shoe;117,8;0,2;98,17;19,63;0;117,8;117,8;Jordans;Trail;Flex;40;Pink;true
V001404;L0001729;2024-09-25;09:47;S06;Discount;Centre-ville;131;9h/18h;open 5/7;26;E0037;2317;2019-10-08;Manager;0,17;0,83;C0335;F;27;true;0;11;P064;shoe;114,74;0,2;95,62;19,12;0;114,74;129,57;Puma;Training;Pro;41;Black;false
V001405;L0001730;2024-04-01;09:39;S02;Discount;Peripherie;289;9h/20h;open 5/7;67;E0006;2836;2022-05-06;Sales;0,11;0,89;C0172;M;24;true;0;14;P052;shoe;149,74;0,2;124,78;24,96;0;149,74;149,74;Nike;Limited Edition;Max;30;Deep Purple;true
V001406;L0001731;2024-12-18;18:33;S02;Discount;Peripherie;289;9h/20h;open 5/7;67;E0009;2331;2024-04-14;Sales;0,08;0,92;C0236;F;40;true;0;21;P085;shoe;101,8;0,2;84,83;16,97;0;101,8;101,8;Asics;Casual;Pro;39;White;false
V001406;L0001732;2024-12-18;18:33;S02;Discount;Peripherie;289;9h/20h;open 5/7;67;E0009;2331;2024-04-14;Sales;0,08;0,92;C0236;F;40;true;0;21;P087;shoe;117;0,2;97,5;19,5;0;117;117;Asics;Training;Elite;39;Black;false
V001407;L0001733;2024-12-12;12:03;S04;Standard;Centre-ville;95;9h/20h;open 6/7;16;E0026;2442;2016-11-14;Sales;0,11;0,89;C0168;F;48;true;0;14;P023;shoe;142,1;0,2;118,42;23,68;0;142,1;142,1;Adidas;Basketball;Zoom;38;Pink;false
V001408;L0001734;2024-08-20;18:32;S05;Discount;Peripherie;271;9h/19h;open 6/7;64;E0034;2989;2019-04-19;Sales;0,08;0,92;C0179;F;37;true;178;8;P088;shoe;88,39;0,2;73,66;14,73;17,8;106,19;106,19;Adidas;Running;Zoom;36;Black;true
V001409;L0001735;2024-07-01;16:08;S02;Discount;Peripherie;289;9h/20h;open 5/7;67;E0010;2189;2023-11-12;Sales;0,18;0,82;C0166;F;40;false;0;0;P004;shoe;79,34;0,2;66,12;13,22;0;79,34;79,34;Puma;Basketball;Max;34;White;true
V001410;L0001736;2024-03-04;17:40;S03;Discount;Peripherie;222;9h/18h;open 5/7;51;E0017;2560;2012-12-22;Support;0,1;0,9;C0288;F;29;true;0;9;P063;shoe;91,08;0,2;75,9;15,18;0;91,08;91,08;Nike;Casual;Max;40;Pink;true
V001411;L0001737;2024-09-07;16:38;S04;Standard;Centre-ville;95;9h/20h;open 6/7;16;E0023;2557;2016-03-21;Sales;0,07;0,93;C0038;M;16;true;0;27;P073;shoe;274,13;0,2;228,44;45,69;0;274,13;274,13;Reebok;Limited Edition;Elite;39;Deep Blue;true
V001412;L0001738;2024-02-14;15:43;S03;Discount;Peripherie;222;9h/18h;open 5/7;51;E0015;2776;2012-04-21;Support;0,11;0,89;C0031;M;30;true;0;9;P063;shoe;91,08;0,2;75,9;15,18;0;91,08;91,08;Nike;Casual;Max;40;Pink;true
V001413;L0001739;2024-12-20;18:53;S08;Discount;Peripherie;305;9h/19h;open 5/7;71;E0054;2726;2017-12-28;Sales;0,09;0,91;C0319;F;33;true;0;10;P061;shoe;100,75;0,2;83,96;16,79;0;100,75;100,75;Reebok;Casual;Pro;41;White;false
V001414;L0001740;2024-04-10;14:19;S03;Discount;Peripherie;222;9h/18h;open 5/7;51;E0020;3242;2015-11-25;Sales;0,03;0,97;C0266;F;21;false;0;0;P063;shoe;91,08;0,2;75,9;15,18;0;91,08;91,08;Nike;Casual;Max;40;Pink;true
V001415;L0001741;2024-03-13;16:20;S04;Standard;Centre-ville;95;9h/20h;open 6/7;16;E0024;3374;2014-08-24;Sales;0,02;0,98;C0352;F;45;false;0;0;P073;shoe;264,81;0,2;220,68;44,13;0;264,81;274,13;Reebok;Limited Edition;Elite;39;Deep Blue;true
V001416;L0001742;2024-12-03;13:09;S07;Standard;Centre-ville;95;9h/19h;open 5/7;18;E0045;2224;2018-01-08;Sales;0,15;0,85;C0271;F;30;true;0;7;P029;shoe;79;0,2;65,83;13,17;0;79;79;Adidas;Basketball;Zoom;45;Brown Bear;false
V001417;L0001743;2024-07-30;13:23;S05;Discount;Peripherie;271;9h/19h;open 6/7;64;E0031;2900;2015-02-28;Manager;0,06;0,94;C0335;F;27;true;0;15;P052;shoe;150,78;0,2;125,65;25,13;0;150,78;150,78;Nike;Limited Edition;Max;30;Deep Purple;true
V001418;L0001744;2024-02-20;11:28;S08;Discount;Peripherie;305;9h/19h;open 5/7;71;E0054;2726;2017-12-28;Sales;0,09;0,91;C0019;M;18;true;0;10;P088;shoe;104,48;0,2;87,07;17,41;0;104,48;104,48;Adidas;Running;Zoom;36;Black;true
V001419;L0001745;2024-02-09;09:16;S05;Discount;Peripherie;271;9h/19h;open 6/7;64;E0027;2218;2019-03-23;Sales;0,11;0,89;C0342;M;29;true;137;6;P044;shoe;66,66;0,2;55,55;11,11;13,7;80,36;80,36;Nike;Basketball;Flex;32;Pink;false
V001420;L0001746;2024-02-01;14:00;S03;Discount;Peripherie;222;9h/18h;open 5/7;51;E0020;3242;2015-11-25;Sales;0,03;0,97;C0174;M;28;true;273;6;P063;shoe;63,78;0,2;53,15;10,63;27,3;91,08;91,08;Nike;Casual;Max;40;Pink;true
V001421;L0001747;2024-12-11;18:00;S07;Standard;Centre-ville;95;9h/19h;open 5/7;18;E0043;2926;2014-01-15;Sales;0,03;0,97;C0213;M;51;true;0;30;P037;shoe;301,32;0,2;251,1;50,22;0;301,32;301,32;Puma;Limited Edition;Zoom;38;Gold;true
V001422;L0001748;2024-09-14;13:32;S04;Standard;Centre-ville;95;9h/20h;open 6/7;16;E0024;3374;2014-08-24;Sales;0,02;0,98;C0287;F;39;true;0;27;P073;shoe;274,13;0,2;228,44;45,69;0;274,13;274,13;Reebok;Limited Edition;Elite;39;Deep Blue;true
V001423;L0001749;2024-03-25;13:35;S03;Discount;Peripherie;222;9h/18h;open 5/7;51;E0016;1986;2021-11-26;Manager;0,14;0,86;C0019;M;18;true;157;7;P063;shoe;75,38;0,2;62,82;12,56;15,7;91,08;91,08;Nike;Casual;Max;40;Pink;true
V001424;L0001750;2024-11-29;10:21;S08;Discount;Peripherie;305;9h/19h;open 5/7;71;E0047;2787;2013-12-27;Manager;0,11;0,89;C0156;M;37;true;0;12;P065;shoe;124,12;0,2;103,43;20,69;0;124,12;124,12;Reebok;Trail;Flex;41;Premium Black;false
V001425;L0001751;2024-02-16;13:06;S03;Discount;Peripherie;222;9h/18h;open 5/7;51;E0017;2560;2012-12-22;Support;0,1;0,9;C0247;M;16;true;0;12;P019;shoe;123,09;0,2;102,58;20,51;0;123,09;123,09;Asics;Casual;Zoom;37;Deep Purple;false
V001426;L0001752;2024-12-21;16:43;S05;Discount;Peripherie;271;9h/19h;open 6/7;64;E0033;2055;2019-07-02;Sales;0,11;0,89;C0284;F;27;true;0;15;P052;shoe;150,78;0,2;125,65;25,13;0;150,78;150,78;Nike;Limited Edition;Max;30;Deep Purple;true
V001427;L0001753;2024-06-06;17:10;S08;Discount;Peripherie;305;9h/19h;open 5/7;71;E0049;2362;2018-06-15;Manager;0,11;0,89;C0330;M;38;true;0;10;P088;shoe;104,48;0,2;87,07;17,41;0;104,48;104,48;Adidas;Running;Zoom;36;Black;true
V001428;L0001754;2024-05-31;15:56;S02;Discount;Peripherie;289;9h/20h;open 5/7;67;E0010;2189;2023-11-12;Sales;0,18;0,82;C0275;M;16;true;0;9;P005;shoe;99,63;0,2;83,03;16,6;0;99,63;99,63;Nike;Casual;Max;33;Premium Black;false
V001429;L0001755;2024-05-28;17:06;S08;Discount;Peripherie;305;9h/19h;open 5/7;71;E0054;2726;2017-12-28;Sales;0,09;0,91;C0344;M;27;false;0;0;P006;shoe;126,15;0,2;105,13;21,02;0;126,15;151,32;Asics;Limited Edition;Air;36;Pink;false
V001429;L0001756;2024-05-28;17:06;S08;Discount;Peripherie;305;9h/19h;open 5/7;71;E0054;2726;2017-12-28;Sales;0,09;0,91;C0344;M;27;false;0;0;A010;accessory;14,52;0,2;12,1;2,42;0;14,52;17,44;Accessoire;Tee-shirt;Tee-shirt;XL;Black;false
V001430;L0001757;2024-02-08;18:55;S07;Standard;Centre-ville;95;9h/19h;open 5/7;18;E0043;2926;2014-01-15;Sales;0,03;0,97;C0369;M;48;true;0;5;P057;shoe;57,48;0,2;47,9;9,58;0;57,48;60;Asics;Trail;Zoom;33;Brown Bear;false
V001431;L0001758;2024-10-31;14:44;S04;Standard;Centre-ville;95;9h/20h;open 6/7;16;E0024;3374;2014-08-24;Sales;0,02;0,98;C0088;F;16;true;0;16;P088;shoe;116,42;0,2;97,02;19,4;0;116,42;116,42;Adidas;Running;Zoom;36;Black;true
V001431;L0001759;2024-10-31;14:44;S04;Standard;Centre-ville;95;9h/20h;open 6/7;16;E0024;3374;2014-08-24;Sales;0,02;0,98;C0088;F;16;true;0;16;A007;accessory;34,3;0,2;28,58;5,72;0;34,3;34,3;Accessoire;Casquette;Casquette;M;Deep Blue;false
V001431;L0001760;2024-10-31;14:44;S04;Standard;Centre-ville;95;9h/20h;open 6/7;16;E0024;3374;2014-08-24;Sales;0,02;0,98;C0088;F;16;true;0;16;A011;accessory;11,76;0,2;9,8;1,96;0;11,76;14,7;Accessoire;Casquette;Casquette;L;Classic Grey;false
V001432;L0001761;2024-10-05;17:25;S04;Standard;Centre-ville;95;9h/20h;open 6/7;16;E0024;3374;2014-08-24;Sales;0,02;0,98;C0307;M;44;true;0;27;P073;shoe;274,13;0,2;228,44;45,69;0;274,13;274,13;Reebok;Limited Edition;Elite;39;Deep Blue;true
V001433;L0001762;2024-03-23;17:50;S05;Discount;Peripherie;271;9h/19h;open 6/7;64;E0034;2989;2019-04-19;Sales;0,08;0,92;C0127;F;26;true;0;18;P047;shoe;132,28;0,2;110,23;22,05;0;132,28;132,28;Jordans;Trail;Air;37;Premium Black;true
V001433;L0001763;2024-03-23;17:50;S05;Discount;Peripherie;271;9h/19h;open 6/7;64;E0034;2989;2019-04-19;Sales;0,08;0,92;C0127;F;26;true;0;18;A007;accessory;31,56;0,2;26,3;5,26;0;31,56;31,56;Accessoire;Casquette;Casquette;M;Deep Blue;false
V001433;L0001764;2024-03-23;17:50;S05;Discount;Peripherie;271;9h/19h;open 6/7;64;E0034;2989;2019-04-19;Sales;0,08;0,92;C0127;F;26;true;0;18;A012;accessory;18,03;0,2;15,03;3;0;18,03;18,03;Accessoire;Lacets;Lacets;XL;White;false
V001434;L0001765;2024-09-10;14:21;S04;Standard;Centre-ville;95;9h/20h;open 6/7;16;E0026;2442;2016-11-14;Sales;0,11;0,89;C0064;F;16;true;0;27;P073;shoe;274,13;0,2;228,44;45,69;0;274,13;274,13;Reebok;Limited Edition;Elite;39;Deep Blue;true
V001435;L0001766;2024-08-28;09:11;S06;Discount;Centre-ville;131;9h/18h;open 5/7;26;E0040;2438;2015-03-10;Sales;0,09;0,91;C0172;M;24;true;0;8;P040;shoe;82,77;0,2;68,97;13,8;0;82,77;82,77;Nike;Trail;Zoom;44;Black;false
V001436;L0001767;2024-05-20;13:11;S06;Discount;Centre-ville;131;9h/18h;open 5/7;26;E0039;2587;2014-08-05;Sales;0,09;0,91;C0417;F;26;false;0;0;P014;shoe;76,51;0,2;63,76;12,75;0;76,51;82,77;Adidas;Basketball;Flex;30;Brown Bear;false
V001436;L0001768;2024-05-20;13:11;S06;Discount;Centre-ville;131;9h/18h;open 5/7;26;E0039;2587;2014-08-05;Sales;0,09;0,91;C0417;F;26;false;0;0;A011;accessory;13,08;0,2;10,9;2,18;0;13,08;13,08;Accessoire;Casquette;Casquette;L;Classic Grey;false
V001437;L0001769;2024-03-25;14:14;S05;Discount;Peripherie;271;9h/19h;open 6/7;64;E0033;2055;2019-07-02;Sales;0,11;0,89;C0119;F;32;true;0;21;P027;shoe;119,95;0,2;99,96;19,99;0;119,95;119,95;Jordans;Trail;Flex;40;Pink;true
V001437;L0001770;2024-03-25;14:14;S05;Discount;Peripherie;271;9h/19h;open 6/7;64;E0033;2055;2019-07-02;Sales;0,11;0,89;C0119;F;32;true;0;21;P075;shoe;91,34;0,2;76,12;15,22;0;91,34;91,34;Jordans;Casual;Air;40;Deep Blue;false
V001438;L0001771;2024-08-14;15:44;S05;Discount;Peripherie;271;9h/19h;open 6/7;64;E0032;2701;2008-11-13;Sales;0,25;0,75;C0172;M;24;true;0;9;P063;shoe;91,48;0,2;76,23;15,25;0;91,48;91,48;Nike;Casual;Max;40;Pink;true
V001439;L0001772;2024-10-29;18:03;S07;Standard;Centre-ville;95;9h/19h;open 5/7;18;E0043;2926;2014-01-15;Sales;0,03;0,97;C0302;M;22;true;292;7;P088;shoe;73,21;0,2;61,01;12,2;29,2;102,41;118,8;Adidas;Running;Zoom;36;Black;true
V001440;L0001773;2024-05-13;16:56;S06;Discount;Centre-ville;131;9h/18h;open 5/7;26;E0039;2587;2014-08-05;Sales;0,09;0,91;C0251;F;20;false;0;0;P043;shoe;118,84;0,2;99,03;19,81;0;118,84;118,84;Adidas;Running;Max;32;Pink;false
V001441;L0001774;2024-03-15;16:15;S07;Standard;Centre-ville;95;9h/19h;open 5/7;18;E0045;2224;2018-01-08;Sales;0,15;0,85;C0379;M;30;true;0;20;P031;shoe;175;0,2;145,83;29,17;0;175;175;Puma;Limited Edition;Elite;32;Black;false
V001441;L0001775;2024-03-15;16:15;S07;Standard;Centre-ville;95;9h/19h;open 5/7;18;E0045;2224;2018-01-08;Sales;0,15;0,85;C0379;M;30;true;0;20;A006;accessory;34;0,2;28,33;5,67;0;34;40;Accessoire;Sac de sport;Sac de sport;XS;Black;false
V001442;L0001776;2024-10-05;15:27;S05;Discount;Peripherie;271;9h/19h;open 6/7;64;E0035;2349;2010-01-14;Sales;0,22;0,78;C0281;F;24;true;0;8;P018;shoe;82,47;0,2;68,73;13,74;0;82,47;82,47;Nike;Casual;Air;42;Red Blood;true
V001443;L0001777;2024-10-19;16:46;S05;Discount;Peripherie;271;9h/19h;open 6/7;64;E0028;2394;2021-02-14;Sales;0,15;0,85;C0038;M;16;true;151;13;P052;shoe;135,68;0,2;113,07;22,61;15,1;150,78;150,78;Nike;Limited Edition;Max;30;Deep Purple;true
V001444;L0001778;2024-12-19;09:51;S07;Standard;Centre-ville;95;9h/19h;open 5/7;18;E0044;1980;2020-02-22;Sales;0,11;0,89;C0368;F;17;false;0;0;P078;shoe;54;0,2;45;9;0;54;54;Puma;Training;Elite;30;Light Green;false
V001445;L0001779;2024-12-06;13:04;S05;Discount;Peripherie;271;9h/19h;open 6/7;64;E0032;2701;2008-11-13;Sales;0,25;0,75;C0301;F;54;false;0;0;P053;shoe;137,47;0,2;114,56;22,91;0;137,47;137,47;Nike;Limited Edition;Zoom;38;Deep Blue;false
V001446;L0001780;2024-02-17;14:51;S04;Standard;Centre-ville;95;9h/20h;open 6/7;16;E0023;2557;2016-03-21;Sales;0,07;0,93;C0311;M;49;false;0;0;P007;shoe;101,92;0,2;84,93;16,99;0;101,92;101,92;Adidas;Basketball;Max;33;Electric Blue;false
V001447;L0001781;2024-12-24;09:37;S08;Discount;Peripherie;305;9h/19h;open 5/7;71;E0048;2463;2018-07-09;Sales;0,07;0,93;C0383;F;20;true;0;11;P027;shoe;117,8;0,2;98,17;19,63;0;117,8;117,8;Jordans;Trail;Flex;40;Pink;true
V001448;L0001782;2024-09-13;11:05;S08;Discount;Peripherie;305;9h/19h;open 5/7;71;E0047;2787;2013-12-27;Manager;0,11;0,89;C0190;F;22;true;148;12;P026;shoe;125,95;0,2;104,96;20,99;14,8;140,75;140,75;Asics;Running;Air;43;Gold;true
V001449;L0001783;2024-11-09;16:11;S05;Discount;Peripherie;271;9h/19h;open 6/7;64;E0028;2394;2021-02-14;Sales;0,15;0,85;C0342;M;29;true;0;8;P044;shoe;80,36;0,2;66,97;13,39;0;80,36;80,36;Nike;Basketball;Flex;32;Pink;false
V001450;L0001784;2024-12-13;12:18;S08;Discount;Peripherie;305;9h/19h;open 5/7;71;E0048;2463;2018-07-09;Sales;0,07;0,93;C0036;F;51;true;0;10;P069;shoe;109,11;0,2;90,92;18,19;0;109,11;128,37;Jordans;Limited Edition;Zoom;33;Deep Blue;false
V001451;L0001785;2024-11-11;11:11;S01;Premium;Centre-ville;81;9h/18h;open 5/7;11;E0001;2356;2009-12-04;Sales;0,23;0,77;C0050;M;37;true;0;27;P061;shoe;116,6;0,2;97,17;19,43;0;116,6;116,6;Reebok;Casual;Pro;41;White;false
V001451;L0001786;2024-11-11;11:11;S01;Premium;Centre-ville;81;9h/18h;open 5/7;11;E0001;2356;2009-12-04;Sales;0,23;0,77;C0050;M;37;true;0;27;P065;shoe;160,38;0,2;133,65;26,73;0;160,38;174,9;Reebok;Trail;Flex;41;Premium Black;false
V001452;L0001787;2024-07-17;11:30;S05;Discount;Peripherie;271;9h/19h;open 6/7;64;E0033;2055;2019-07-02;Sales;0,11;0,89;C0100;M;30;true;0;10;P088;shoe;100,17;0,2;83,48;16,69;0;100,17;106,19;Adidas;Running;Zoom;36;Black;true
V001453;L0001788;2024-04-10;11:59;S06;Discount;Centre-ville;131;9h/18h;open 5/7;26;E0039;2587;2014-08-05;Sales;0,09;0,91;C0291;M;37;true;0;13;P062;shoe;138,59;0,2;115,49;23,1;0;138,59;138,59;Nike;Limited Edition;Air;42;White;false
V001454;L0001789;2024-09-09;12:48;S06;Discount;Centre-ville;131;9h/18h;open 5/7;26;E0040;2438;2015-03-10;Sales;0,09;0,91;C0336;F;28;true;0;15;P052;shoe;151,61;0,2;126,34;25,27;0;151,61;151,61;Nike;Limited Edition;Max;30;Deep Purple;true
V001455;L0001790;2024-12-24;12:26;S03;Discount;Peripherie;222;9h/18h;open 5/7;51;E0018;2742;2004-10-20;Sales;0,2;0,8;C0041;M;46;true;0;14;P026;shoe;142,69;0,2;118,91;23,78;0;142,69;142,69;Asics;Running;Air;43;Gold;true
V001456;L0001791;2024-01-10;18:35;S08;Discount;Peripherie;305;9h/19h;open 5/7;71;E0054;2726;2017-12-28;Sales;0,09;0,91;C0411;M;42;true;0;14;P015;shoe;121,57;0,2;101,31;20,26;0;121,57;121,57;Asics;Training;Air;45;Deep Purple;false
V001456;L0001792;2024-01-10;18:35;S08;Discount;Peripherie;305;9h/19h;open 5/7;71;E0054;2726;2017-12-28;Sales;0,09;0,91;C0411;M;42;true;0;14;A002;accessory;21,8;0,2;18,17;3,63;0;21,8;21,8;Accessoire;Lacets;Lacets;M;White;false
V001457;L0001793;2024-04-22;10:06;S01;Premium;Centre-ville;81;9h/18h;open 5/7;11;E0005;2812;2014-07-24;Sales;0,07;0,93;C0015;F;30;true;0;28;P073;shoe;283,75;0,2;236,46;47,29;0;283,75;296,5;Reebok;Limited Edition;Elite;39;Deep Blue;true
V001458;L0001794;2024-03-29;17:49;S07;Standard;Centre-ville;95;9h/19h;open 5/7;18;E0043;2926;2014-01-15;Sales;0,03;0,97;C0026;F;16;false;0;0;P088;shoe;118,8;0,2;99;19,8;0;118,8;118,8;Adidas;Running;Zoom;36;Black;true
V001458;L0001795;2024-03-29;17:49;S07;Standard;Centre-ville;95;9h/19h;open 5/7;18;E0043;2926;2014-01-15;Sales;0,03;0,97;C0026;F;16;false;0;0;A010;accessory;20;0,2;16,67;3,33;0;20;20;Accessoire;Tee-shirt;Tee-shirt;XL;Black;false
V001459;L0001796;2024-01-04;15:59;S08;Discount;Peripherie;305;9h/19h;open 5/7;71;E0049;2362;2018-06-15;Manager;0,11;0,89;C0234;F;26;false;0;0;P036;shoe;104,08;0,2;86,73;17,35;0;104,08;125,82;New Balance;Training;Flex;44;Sunny Yellow;false
V001460;L0001797;2024-06-07;12:56;S05;Discount;Peripherie;271;9h/19h;open 6/7;64;E0032;2701;2008-11-13;Sales;0,25;0,75;C0040;F;16;true;0;13;P040;shoe;80,36;0,2;66,97;13,39;0;80,36;80,36;Nike;Trail;Zoom;44;Black;false
V001460;L0001798;2024-06-07;12:56;S05;Discount;Peripherie;271;9h/19h;open 6/7;64;E0032;2701;2008-11-13;Sales;0,25;0,75;C0040;F;16;true;0;13;A005;accessory;22,54;0,2;18,78;3,76;0;22,54;22,54;Accessoire;Bonnet;Bonnet;M;Deep Blue;false
V001460;L0001799;2024-06-07;12:56;S05;Discount;Peripherie;271;9h/19h;open 6/7;64;E0032;2701;2008-11-13;Sales;0,25;0,75;C0040;F;16;true;0;13;A006;accessory;36,06;0,2;30,05;6,01;0;36,06;36,06;Accessoire;Sac de sport;Sac de sport;XS;Black;false
V001461;L0001800;2024-06-21;15:48;S06;Discount;Centre-ville;131;9h/18h;open 5/7;26;E0039;2587;2014-08-05;Sales;0,09;0,91;C0355;M;35;false;0;0;P020;shoe;157,49;0,2;131,24;26,25;0;157,49;157,49;Puma;Limited Edition;Zoom;33;Red Blood;false
V001461;L0001801;2024-06-21;15:48;S06;Discount;Centre-ville;131;9h/18h;open 5/7;26;E0039;2587;2014-08-05;Sales;0,09;0,91;C0355;M;35;false;0;0;A001;accessory;8,72;0,2;7,27;1,45;0;8,72;8,72;Accessoire;Sac de sport;Sac de sport;XS;Deep Blue;false